Workbook

Sheet OVERALL
AD1: Notes: 1. The overall view of salinity-based exceedances is mostly concentrated in Suisun Marsh and the Central Delta. The North Delta and Southern Delta show 0% exceedances across all activities at the Total and Seasonal breakdowns, with brief threshold spikes in the South Delta under the Total window for Boating and Day use under COR (1%) and Tunnel (4%). Under BAU Total Run, Suisun exceeds 80% for Day use and boating, our lowest exceedance score (1,000 µS/cm), 68% for birding, 63% for waterfowl, and 28% for Angling, our highest exceedance score (9,130 µS/cm). In words, the lower thresholds are crossed most often, mostly happening in Suisun, and for day use and boating, happening in the Central Delta during the wet seasons. 2. Scenario rankings (-5 to 5 vs BAU) reflect that BAF is effectively the same as BAU, scoring at 0, except for one instance for Central Delta Day use (Total Run). Tunnel performs the worst, scoring -2 to -5 across both Suisun Marsh and the Central Delta, and is the only scenario that pushes Southern Delta boating and day uses over the threshold during wet seasons (84%) or greater than a -5 move on the charts. Calling on Reserves (COR) is the second worst scenario across Suisun and the Central Delta, but having one surprising movement of (+2) in the wet seasons. 3. Seasonally, it was surprising to see our wet season model runs exceed thresholds more often than during the dry seasons. Further impacts on the -5 to 5 scale show Tunnel as the worst-performing scenario during the wet season. A final takeaway shows that Suisun Marsh is the most sensitive region to salinity (EC) exceedances and is affected in every scenario at higher intensity across the salinity-threshold gradient. 3. Red-highlighted cells reflect 25% values for ease of assessment.
C2: TOTAL RUN SCORES | L2: WET SEASON SCORES | U2: DRY SEASON SCORES
C3: SP DAY USE & BOATING | D3: REGION | E3: BAU | F3: BAF | G3: COR | H3: Tunnel | I3: ECO | J3: NGW | L3: SP DAY USE & BOATING | M3: REGION | N3: BAU | O3: BAF | P3: COR | Q3: Tunnel | R3: ECO | S3: NGW | U3: SP DAY USE & BOATING | V3: REGION | W3: BAU | X3: BAF | Y3: COR | Z3: Tunnel | AA3: ECO | AB3: NGW
D4: Delta-Wide | E4: =-MAX(-5,MIN(5,ROUND((D$33-D$33)*100,0))) -> 0 | F4: =-MAX(-5,MIN(5,ROUND((D$41-D$33)*100,0))) -> 0 | G4: =-MAX(-5,MIN(5,ROUND((D$49-D$33)*100,0))) -> -2 | H4: =-MAX(-5,MIN(5,ROUND((D$57-D$33)*100,0))) -> -4 | I4: =-MAX(-5,MIN(5,ROUND((D$65-D$33)*100,0))) -> 0 | J4: =-MAX(-5,MIN(5,ROUND((D$73-D$33)*100,0))) -> 0 | M4: Delta-Wide | N4: =-MAX(-5,MIN(5,ROUND((I$33-I$33)*100,0))) -> 0 | O4: =-MAX(-5,MIN(5,ROUND((I$41-I$33)*100,0))) -> 0 | P4: =-MAX(-5,MIN(5,ROUND((I$49-I$33)*100,0))) -> -2 | Q4: =-MAX(-5,MIN(5,ROUND((I$57-I$33)*100,0))) -> -5 | R4: =-MAX(-5,MIN(5,ROUND((I$65-I$33)*100,0))) -> 0 | S4: =-MAX(-5,MIN(5,ROUND((I$73-I$33)*100,0))) -> 0 | V4: Delta-Wide | W4: =-MAX(-5,MIN(5,ROUND((N$33-N$33)*100,0))) -> 0 | X4: =-MAX(-5,MIN(5,ROUND((N$41-N$33)*100,0))) -> 0 | Y4: =-MAX(-5,MIN(5,ROUND((N$49-N$33)*100,0))) -> -1 | Z4: =-MAX(-5,MIN(5,ROUND((N$57-N$33)*100,0))) -> -2 | AA4: =-MAX(-5,MIN(5,ROUND((N$65-N$33)*100,0))) -> 0 | AB4: =-MAX(-5,MIN(5,ROUND((N$73-N$33)*100,0))) -> 0
D5: Suisun | E5: =-MAX(-5,MIN(5,ROUND((E$33-E$33)*100,0))) -> 0 | F5: =-MAX(-5,MIN(5,ROUND((E$41-E$33)*100,0))) -> 0 | G5: =-MAX(-5,MIN(5,ROUND((E$49-E$33)*100,0))) -> -1 | H5: =-MAX(-5,MIN(5,ROUND((E$57-E$33)*100,0))) -> -3 | I5: =-MAX(-5,MIN(5,ROUND((E$65-E$33)*100,0))) -> -2 | J5: =-MAX(-5,MIN(5,ROUND((E$73-E$33)*100,0))) -> -2 | M5: Suisun | N5: =-MAX(-5,MIN(5,ROUND((J$33-J$33)*100,0))) -> 0 | O5: =-MAX(-5,MIN(5,ROUND((J$41-J$33)*100,0))) -> 0 | P5: =-MAX(-5,MIN(5,ROUND((J$49-J$33)*100,0))) -> 2 | Q5: =-MAX(-5,MIN(5,ROUND((J$57-J$33)*100,0))) -> -1 | R5: =-MAX(-5,MIN(5,ROUND((J$65-J$33)*100,0))) -> -3 | S5: =-MAX(-5,MIN(5,ROUND((J$73-J$33)*100,0))) -> -3 | V5: Suisun | W5: =-MAX(-5,MIN(5,ROUND((O$33-O$33)*100,0))) -> 0 | X5: =-MAX(-5,MIN(5,ROUND((O$41-O$33)*100,0))) -> 0 | Y5: =-MAX(-5,MIN(5,ROUND((O$49-O$33)*100,0))) -> -4 | Z5: =-MAX(-5,MIN(5,ROUND((O$57-O$33)*100,0))) -> -5 | AA5: =-MAX(-5,MIN(5,ROUND((O$65-O$33)*100,0))) -> -2 | AB5: =-MAX(-5,MIN(5,ROUND((O$73-O$33)*100,0))) -> -2
D6: Central | E6: =-MAX(-5,MIN(5,ROUND((F$33-F$33)*100,0))) -> 0 | F6: =-MAX(-5,MIN(5,ROUND((F$41-F$33)*100,0))) -> -1 | G6: =-MAX(-5,MIN(5,ROUND((F$49-F$33)*100,0))) -> -4 | H6: =-MAX(-5,MIN(5,ROUND((F$57-F$33)*100,0))) -> -5 | I6: =-MAX(-5,MIN(5,ROUND((F$65-F$33)*100,0))) -> 2 | J6: =-MAX(-5,MIN(5,ROUND((F$73-F$33)*100,0))) -> 2 | M6: Central | N6: =-MAX(-5,MIN(5,ROUND((K$33-K$33)*100,0))) -> 0 | O6: =-MAX(-5,MIN(5,ROUND((K$41-K$33)*100,0))) -> 0 | P6: =-MAX(-5,MIN(5,ROUND((K$49-K$33)*100,0))) -> -5 | Q6: =-MAX(-5,MIN(5,ROUND((K$57-K$33)*100,0))) -> -5 | R6: =-MAX(-5,MIN(5,ROUND((K$65-K$33)*100,0))) -> 3 | S6: =-MAX(-5,MIN(5,ROUND((K$73-K$33)*100,0))) -> 3 | V6: Central | W6: =-MAX(-5,MIN(5,ROUND((P$33-P$33)*100,0))) -> 0 | X6: =-MAX(-5,MIN(5,ROUND((P$41-P$33)*100,0))) -> 0 | Y6: =-MAX(-5,MIN(5,ROUND((P$49-P$33)*100,0))) -> 0 | Z6: =-MAX(-5,MIN(5,ROUND((P$57-P$33)*100,0))) -> -1 | AA6: =-MAX(-5,MIN(5,ROUND((P$65-P$33)*100,0))) -> 2 | AB6: =-MAX(-5,MIN(5,ROUND((P$73-P$33)*100,0))) -> 2
D7: North | E7: =-MAX(-5,MIN(5,ROUND((G$33-G$33)*100,0))) -> 0 | F7: =-MAX(-5,MIN(5,ROUND((G$41-G$33)*100,0))) -> 0 | G7: =-MAX(-5,MIN(5,ROUND((G$49-G$33)*100,0))) -> 0 | H7: =-MAX(-5,MIN(5,ROUND((G$57-G$33)*100,0))) -> 0 | I7: =-MAX(-5,MIN(5,ROUND((G$65-G$33)*100,0))) -> 0 | J7: =-MAX(-5,MIN(5,ROUND((G$73-G$33)*100,0))) -> 0 | M7: North | N7: =-MAX(-5,MIN(5,ROUND((L$33-L$33)*100,0))) -> 0 | O7: =-MAX(-5,MIN(5,ROUND((L$41-L$33)*100,0))) -> 0 | P7: =-MAX(-5,MIN(5,ROUND((L$49-L$33)*100,0))) -> 0 | Q7: =-MAX(-5,MIN(5,ROUND((L$57-L$33)*100,0))) -> 0 | R7: =-MAX(-5,MIN(5,ROUND((L$65-L$33)*100,0))) -> 0 | S7: =-MAX(-5,MIN(5,ROUND((L$73-L$33)*100,0))) -> 0 | V7: North | W7: =-MAX(-5,MIN(5,ROUND((Q$33-Q$33)*100,0))) -> 0 | X7: =-MAX(-5,MIN(5,ROUND((Q$41-Q$33)*100,0))) -> 0 | Y7: =-MAX(-5,MIN(5,ROUND((Q$49-Q$33)*100,0))) -> 0 | Z7: =-MAX(-5,MIN(5,ROUND((Q$57-Q$33)*100,0))) -> 0 | AA7: =-MAX(-5,MIN(5,ROUND((Q$65-Q$33)*100,0))) -> 0 | AB7: =-MAX(-5,MIN(5,ROUND((Q$73-Q$33)*100,0))) -> 0
D8: South | E8: =-MAX(-5,MIN(5,ROUND((H$33-H$33)*100,0))) -> 0 | F8: =-MAX(-5,MIN(5,ROUND((H$41-H$33)*100,0))) -> 0 | G8: =-MAX(-5,MIN(5,ROUND((H$49-H$33)*100,0))) -> -1 | H8: =-MAX(-5,MIN(5,ROUND((H$57-H$33)*100,0))) -> -3 | I8: =-MAX(-5,MIN(5,ROUND((H$65-H$33)*100,0))) -> 0 | J8: =-MAX(-5,MIN(5,ROUND((H$73-H$33)*100,0))) -> 0 | M8: South | N8: =-MAX(-5,MIN(5,ROUND((M$33-M$33)*100,0))) -> 0 | O8: =-MAX(-5,MIN(5,ROUND((M$41-M$33)*100,0))) -> 0 | P8: =-MAX(-5,MIN(5,ROUND((M$49-M$33)*100,0))) -> -2 | Q8: =-MAX(-5,MIN(5,ROUND((M$57-M$33)*100,0))) -> -5 | R8: =-MAX(-5,MIN(5,ROUND((M$65-M$33)*100,0))) -> 0 | S8: =-MAX(-5,MIN(5,ROUND((M$73-M$33)*100,0))) -> 0 | V8: South | W8: =-MAX(-5,MIN(5,ROUND((R$33-R$33)*100,0))) -> 0 | X8: =-MAX(-5,MIN(5,ROUND((R$41-R$33)*100,0))) -> 0 | Y8: =-MAX(-5,MIN(5,ROUND((R$49-R$33)*100,0))) -> 0 | Z8: =-MAX(-5,MIN(5,ROUND((R$57-R$33)*100,0))) -> 0 | AA8: =-MAX(-5,MIN(5,ROUND((R$65-R$33)*100,0))) -> 0 | AB8: =-MAX(-5,MIN(5,ROUND((R$73-R$33)*100,0))) -> 0
C9: BIRDING | D9: REGION | E9: BAU | F9: BAF | G9: COR | H9: Tunnel | I9: ECO | J9: NGW | L9: BIRDING | M9: REGION | N9: BAU | O9: BAF | P9: COR | Q9: Tunnel | R9: ECO | S9: NGW | U9: BIRDING | V9: REGION | W9: BAU | X9: BAF | Y9: COR | Z9: Tunnel | AA9: ECO | AB9: NGW
D10: Delta-Wide | E10: =-MAX(-5,MIN(5,ROUND((D$34-D$34)*100,0))) -> 0 | F10: =-MAX(-5,MIN(5,ROUND((D$42-D$34)*100,0))) -> 0 | G10: =-MAX(-5,MIN(5,ROUND((D$50-D$34)*100,0))) -> -2 | H10: =-MAX(-5,MIN(5,ROUND((D$58-D$34)*100,0))) -> -4 | I10: =-MAX(-5,MIN(5,ROUND((D$66-D$34)*100,0))) -> -1 | J10: =-MAX(-5,MIN(5,ROUND((D$74-D$34)*100,0))) -> -1 | M10: Delta-Wide | N10: =-MAX(-5,MIN(5,ROUND((I$34-I$34)*100,0))) -> 0 | O10: =-MAX(-5,MIN(5,ROUND((I$42-I$34)*100,0))) -> 0 | P10: =-MAX(-5,MIN(5,ROUND((I$50-I$34)*100,0))) -> -2 | Q10: =-MAX(-5,MIN(5,ROUND((I$58-I$34)*100,0))) -> -5 | R10: =-MAX(-5,MIN(5,ROUND((I$66-I$34)*100,0))) -> -2 | S10: =-MAX(-5,MIN(5,ROUND((I$74-I$34)*100,0))) -> -1 | V10: Delta-Wide | W10: =-MAX(-5,MIN(5,ROUND((N$34-N$34)*100,0))) -> 0 | X10: =-MAX(-5,MIN(5,ROUND((N$42-N$34)*100,0))) -> 0 | Y10: =-MAX(-5,MIN(5,ROUND((N$50-N$34)*100,0))) -> -3 | Z10: =-MAX(-5,MIN(5,ROUND((N$58-N$34)*100,0))) -> -3 | AA10: =-MAX(-5,MIN(5,ROUND((N$66-N$34)*100,0))) -> -1 | AB10: =-MAX(-5,MIN(5,ROUND((N$74-N$34)*100,0))) -> -1
D11: Suisun | E11: =-MAX(-5,MIN(5,ROUND((E$34-E$34)*100,0))) -> 0 | F11: =-MAX(-5,MIN(5,ROUND((E$42-E$34)*100,0))) -> 0 | G11: =-MAX(-5,MIN(5,ROUND((E$50-E$34)*100,0))) -> -4 | H11: =-MAX(-5,MIN(5,ROUND((E$58-E$34)*100,0))) -> -5 | I11: =-MAX(-5,MIN(5,ROUND((E$66-E$34)*100,0))) -> -5 | J11: =-MAX(-5,MIN(5,ROUND((E$74-E$34)*100,0))) -> -5 | M11: Suisun | N11: =-MAX(-5,MIN(5,ROUND((J$34-J$34)*100,0))) -> 0 | O11: =-MAX(-5,MIN(5,ROUND((J$42-J$34)*100,0))) -> 0 | P11: =-MAX(-5,MIN(5,ROUND((J$50-J$34)*100,0))) -> -2 | Q11: =-MAX(-5,MIN(5,ROUND((J$58-J$34)*100,0))) -> -5 | R11: =-MAX(-5,MIN(5,ROUND((J$66-J$34)*100,0))) -> -5 | S11: =-MAX(-5,MIN(5,ROUND((J$74-J$34)*100,0))) -> -5 | V11: Suisun | W11: =-MAX(-5,MIN(5,ROUND((O$34-O$34)*100,0))) -> 0 | X11: =-MAX(-5,MIN(5,ROUND((O$42-O$34)*100,0))) -> 0 | Y11: =-MAX(-5,MIN(5,ROUND((O$50-O$34)*100,0))) -> -5 | Z11: =-MAX(-5,MIN(5,ROUND((O$58-O$34)*100,0))) -> -5 | AA11: =-MAX(-5,MIN(5,ROUND((O$66-O$34)*100,0))) -> -3 | AB11: =-MAX(-5,MIN(5,ROUND((O$74-O$34)*100,0))) -> -3
D12: Central | E12: =-MAX(-5,MIN(5,ROUND((F$34-F$34)*100,0))) -> 0 | F12: =-MAX(-5,MIN(5,ROUND((F$42-F$34)*100,0))) -> 0 | G12: =-MAX(-5,MIN(5,ROUND((F$50-F$34)*100,0))) -> -4 | H12: =-MAX(-5,MIN(5,ROUND((F$58-F$34)*100,0))) -> -5 | I12: =-MAX(-5,MIN(5,ROUND((F$66-F$34)*100,0))) -> 1 | J12: =-MAX(-5,MIN(5,ROUND((F$74-F$34)*100,0))) -> 1 | M12: Central | N12: =-MAX(-5,MIN(5,ROUND((K$34-K$34)*100,0))) -> 0 | O12: =-MAX(-5,MIN(5,ROUND((K$42-K$34)*100,0))) -> 0 | P12: =-MAX(-5,MIN(5,ROUND((K$50-K$34)*100,0))) -> -3 | Q12: =-MAX(-5,MIN(5,ROUND((K$58-K$34)*100,0))) -> -5 | R12: =-MAX(-5,MIN(5,ROUND((K$66-K$34)*100,0))) -> 1 | S12: =-MAX(-5,MIN(5,ROUND((K$74-K$34)*100,0))) -> 1 | V12: Central | W12: =-MAX(-5,MIN(5,ROUND((P$34-P$34)*100,0))) -> 0 | X12: =-MAX(-5,MIN(5,ROUND((P$42-P$34)*100,0))) -> 0 | Y12: =-MAX(-5,MIN(5,ROUND((P$50-P$34)*100,0))) -> -4 | Z12: =-MAX(-5,MIN(5,ROUND((P$58-P$34)*100,0))) -> -3 | AA12: =-MAX(-5,MIN(5,ROUND((P$66-P$34)*100,0))) -> 1 | AB12: =-MAX(-5,MIN(5,ROUND((P$74-P$34)*100,0))) -> 1
D13: North | E13: =-MAX(-5,MIN(5,ROUND((G$34-G$34)*100,0))) -> 0 | F13: =-MAX(-5,MIN(5,ROUND((G$42-G$34)*100,0))) -> 0 | G13: =-MAX(-5,MIN(5,ROUND((G$50-G$34)*100,0))) -> 0 | H13: =-MAX(-5,MIN(5,ROUND((G$58-G$34)*100,0))) -> 0 | I13: =-MAX(-5,MIN(5,ROUND((G$66-G$34)*100,0))) -> 0 | J13: =-MAX(-5,MIN(5,ROUND((G$74-G$34)*100,0))) -> 0 | M13: North | N13: =-MAX(-5,MIN(5,ROUND((L$34-L$34)*100,0))) -> 0 | O13: =-MAX(-5,MIN(5,ROUND((L$42-L$34)*100,0))) -> 0 | P13: =-MAX(-5,MIN(5,ROUND((L$50-L$34)*100,0))) -> 0 | Q13: =-MAX(-5,MIN(5,ROUND((L$58-L$34)*100,0))) -> 0 | R13: =-MAX(-5,MIN(5,ROUND((L$66-L$34)*100,0))) -> 0 | S13: =-MAX(-5,MIN(5,ROUND((L$74-L$34)*100,0))) -> 0 | V13: North | W13: =-MAX(-5,MIN(5,ROUND((Q$34-Q$34)*100,0))) -> 0 | X13: =-MAX(-5,MIN(5,ROUND((Q$42-Q$34)*100,0))) -> 0 | Y13: =-MAX(-5,MIN(5,ROUND((Q$50-Q$34)*100,0))) -> 0 | Z13: =-MAX(-5,MIN(5,ROUND((Q$58-Q$34)*100,0))) -> 0 | AA13: =-MAX(-5,MIN(5,ROUND((Q$66-Q$34)*100,0))) -> 0 | AB13: =-MAX(-5,MIN(5,ROUND((Q$74-Q$34)*100,0))) -> 0
D14: South | E14: =-MAX(-5,MIN(5,ROUND((H$34-H$34)*100,0))) -> 0 | F14: =-MAX(-5,MIN(5,ROUND((H$42-H$34)*100,0))) -> 0 | G14: =-MAX(-5,MIN(5,ROUND((H$50-H$34)*100,0))) -> 0 | H14: =-MAX(-5,MIN(5,ROUND((H$58-H$34)*100,0))) -> 0 | I14: =-MAX(-5,MIN(5,ROUND((H$66-H$34)*100,0))) -> 0 | J14: =-MAX(-5,MIN(5,ROUND((H$74-H$34)*100,0))) -> 0 | M14: South | N14: =-MAX(-5,MIN(5,ROUND((M$34-M$34)*100,0))) -> 0 | O14: =-MAX(-5,MIN(5,ROUND((M$42-M$34)*100,0))) -> 0 | P14: =-MAX(-5,MIN(5,ROUND((M$50-M$34)*100,0))) -> 0 | Q14: =-MAX(-5,MIN(5,ROUND((M$58-M$34)*100,0))) -> 0 | R14: =-MAX(-5,MIN(5,ROUND((M$66-M$34)*100,0))) -> 0 | S14: =-MAX(-5,MIN(5,ROUND((M$74-M$34)*100,0))) -> 0 | V14: South | W14: =-MAX(-5,MIN(5,ROUND((R$34-R$34)*100,0))) -> 0 | X14: =-MAX(-5,MIN(5,ROUND((R$42-R$34)*100,0))) -> 0 | Y14: =-MAX(-5,MIN(5,ROUND((R$50-R$34)*100,0))) -> 0 | Z14: =-MAX(-5,MIN(5,ROUND((R$58-R$34)*100,0))) -> 0 | AA14: =-MAX(-5,MIN(5,ROUND((R$66-R$34)*100,0))) -> 0 | AB14: =-MAX(-5,MIN(5,ROUND((R$74-R$34)*100,0))) -> 0
C15: WATERFOWL | D15: REGION | E15: BAU | F15: BAF | G15: COR | H15: Tunnel | I15: ECO | J15: NGW | L15: WATERFOWL | M15: REGION | N15: BAU | O15: BAF | P15: COR | Q15: Tunnel | R15: ECO | S15: NGW | U15: WATERFOWL | V15: REGION | W15: BAU | X15: BAF | Y15: COR | Z15: Tunnel | AA15: ECO | AB15: NGW
D16: Delta-Wide | E16: =-MAX(-5,MIN(5,ROUND((D$35-D$35)*100,0))) -> 0 | F16: =-MAX(-5,MIN(5,ROUND((D$43-D$35)*100,0))) -> 0 | G16: =-MAX(-5,MIN(5,ROUND((D$51-D$35)*100,0))) -> -2 | H16: =-MAX(-5,MIN(5,ROUND((D$59-D$35)*100,0))) -> -3 | I16: =-MAX(-5,MIN(5,ROUND((D$67-D$35)*100,0))) -> -1 | J16: =-MAX(-5,MIN(5,ROUND((D$75-D$35)*100,0))) -> -1 | M16: Delta-Wide | N16: =-MAX(-5,MIN(5,ROUND((I$35-I$35)*100,0))) -> 0 | O16: =-MAX(-5,MIN(5,ROUND((I$43-I$35)*100,0))) -> 0 | P16: =-MAX(-5,MIN(5,ROUND((I$51-I$35)*100,0))) -> -2 | Q16: =-MAX(-5,MIN(5,ROUND((I$59-I$35)*100,0))) -> -4 | R16: =-MAX(-5,MIN(5,ROUND((I$67-I$35)*100,0))) -> -2 | S16: =-MAX(-5,MIN(5,ROUND((I$75-I$35)*100,0))) -> -2 | V16: Delta-Wide | W16: =-MAX(-5,MIN(5,ROUND((N$35-N$35)*100,0))) -> 0 | X16: =-MAX(-5,MIN(5,ROUND((N$43-N$35)*100,0))) -> 0 | Y16: =-MAX(-5,MIN(5,ROUND((N$51-N$35)*100,0))) -> -3 | Z16: =-MAX(-5,MIN(5,ROUND((N$59-N$35)*100,0))) -> -3 | AA16: =-MAX(-5,MIN(5,ROUND((N$67-N$35)*100,0))) -> 0 | AB16: =-MAX(-5,MIN(5,ROUND((N$75-N$35)*100,0))) -> 0
D17: Suisun | E17: =-MAX(-5,MIN(5,ROUND((E$35-E$35)*100,0))) -> 0 | F17: =-MAX(-5,MIN(5,ROUND((E$43-E$35)*100,0))) -> 0 | G17: =-MAX(-5,MIN(5,ROUND((E$51-E$35)*100,0))) -> -5 | H17: =-MAX(-5,MIN(5,ROUND((E$59-E$35)*100,0))) -> -5 | I17: =-MAX(-5,MIN(5,ROUND((E$67-E$35)*100,0))) -> -4 | J17: =-MAX(-5,MIN(5,ROUND((E$75-E$35)*100,0))) -> -4 | M17: Suisun | N17: =-MAX(-5,MIN(5,ROUND((J$35-J$35)*100,0))) -> 0 | O17: =-MAX(-5,MIN(5,ROUND((J$43-J$35)*100,0))) -> 0 | P17: =-MAX(-5,MIN(5,ROUND((J$51-J$35)*100,0))) -> -5 | Q17: =-MAX(-5,MIN(5,ROUND((J$59-J$35)*100,0))) -> -5 | R17: =-MAX(-5,MIN(5,ROUND((J$67-J$35)*100,0))) -> -5 | S17: =-MAX(-5,MIN(5,ROUND((J$75-J$35)*100,0))) -> -5 | V17: Suisun | W17: =-MAX(-5,MIN(5,ROUND((O$35-O$35)*100,0))) -> 0 | X17: =-MAX(-5,MIN(5,ROUND((O$43-O$35)*100,0))) -> 0 | Y17: =-MAX(-5,MIN(5,ROUND((O$51-O$35)*100,0))) -> -5 | Z17: =-MAX(-5,MIN(5,ROUND((O$59-O$35)*100,0))) -> -5 | AA17: =-MAX(-5,MIN(5,ROUND((O$67-O$35)*100,0))) -> -3 | AB17: =-MAX(-5,MIN(5,ROUND((O$75-O$35)*100,0))) -> -3
D18: Central | E18: =-MAX(-5,MIN(5,ROUND((F$35-F$35)*100,0))) -> 0 | F18: =-MAX(-5,MIN(5,ROUND((F$43-F$35)*100,0))) -> 0 | G18: =-MAX(-5,MIN(5,ROUND((F$51-F$35)*100,0))) -> -3 | H18: =-MAX(-5,MIN(5,ROUND((F$59-F$35)*100,0))) -> -4 | I18: =-MAX(-5,MIN(5,ROUND((F$67-F$35)*100,0))) -> 1 | J18: =-MAX(-5,MIN(5,ROUND((F$75-F$35)*100,0))) -> 1 | M18: Central | N18: =-MAX(-5,MIN(5,ROUND((K$35-K$35)*100,0))) -> 0 | O18: =-MAX(-5,MIN(5,ROUND((K$43-K$35)*100,0))) -> 0 | P18: =-MAX(-5,MIN(5,ROUND((K$51-K$35)*100,0))) -> -3 | Q18: =-MAX(-5,MIN(5,ROUND((K$59-K$35)*100,0))) -> -5 | R18: =-MAX(-5,MIN(5,ROUND((K$67-K$35)*100,0))) -> 0 | S18: =-MAX(-5,MIN(5,ROUND((K$75-K$35)*100,0))) -> 0 | V18: Central | W18: =-MAX(-5,MIN(5,ROUND((P$35-P$35)*100,0))) -> 0 | X18: =-MAX(-5,MIN(5,ROUND((P$43-P$35)*100,0))) -> 0 | Y18: =-MAX(-5,MIN(5,ROUND((P$51-P$35)*100,0))) -> -3 | Z18: =-MAX(-5,MIN(5,ROUND((P$59-P$35)*100,0))) -> -2 | AA18: =-MAX(-5,MIN(5,ROUND((P$67-P$35)*100,0))) -> 1 | AB18: =-MAX(-5,MIN(5,ROUND((P$75-P$35)*100,0))) -> 1
D19: North | E19: =-MAX(-5,MIN(5,ROUND((G$35-G$35)*100,0))) -> 0 | F19: =-MAX(-5,MIN(5,ROUND((G$43-G$35)*100,0))) -> 0 | G19: =-MAX(-5,MIN(5,ROUND((G$51-G$35)*100,0))) -> 0 | H19: =-MAX(-5,MIN(5,ROUND((G$59-G$35)*100,0))) -> 0 | I19: =-MAX(-5,MIN(5,ROUND((G$67-G$35)*100,0))) -> 0 | J19: =-MAX(-5,MIN(5,ROUND((G$75-G$35)*100,0))) -> 0 | M19: North | N19: =-MAX(-5,MIN(5,ROUND((L$35-L$35)*100,0))) -> 0 | O19: =-MAX(-5,MIN(5,ROUND((L$43-L$35)*100,0))) -> 0 | P19: =-MAX(-5,MIN(5,ROUND((L$51-L$35)*100,0))) -> 0 | Q19: =-MAX(-5,MIN(5,ROUND((L$59-L$35)*100,0))) -> 0 | R19: =-MAX(-5,MIN(5,ROUND((L$67-L$35)*100,0))) -> 0 | S19: =-MAX(-5,MIN(5,ROUND((L$75-L$35)*100,0))) -> 0 | V19: North | W19: =-MAX(-5,MIN(5,ROUND((Q$35-Q$35)*100,0))) -> 0 | X19: =-MAX(-5,MIN(5,ROUND((Q$43-Q$35)*100,0))) -> 0 | Y19: =-MAX(-5,MIN(5,ROUND((Q$51-Q$35)*100,0))) -> 0 | Z19: =-MAX(-5,MIN(5,ROUND((Q$59-Q$35)*100,0))) -> 0 | AA19: =-MAX(-5,MIN(5,ROUND((Q$67-Q$35)*100,0))) -> 0 | AB19: =-MAX(-5,MIN(5,ROUND((Q$75-Q$35)*100,0))) -> 0
D20: South | E20: =-MAX(-5,MIN(5,ROUND((H$35-H$35)*100,0))) -> 0 | F20: =-MAX(-5,MIN(5,ROUND((H$43-H$35)*100,0))) -> 0 | G20: =-MAX(-5,MIN(5,ROUND((H$51-H$35)*100,0))) -> 0 | H20: =-MAX(-5,MIN(5,ROUND((H$59-H$35)*100,0))) -> 0 | I20: =-MAX(-5,MIN(5,ROUND((H$67-H$35)*100,0))) -> 0 | J20: =-MAX(-5,MIN(5,ROUND((H$75-H$35)*100,0))) -> 0 | M20: South | N20: =-MAX(-5,MIN(5,ROUND((M$35-M$35)*100,0))) -> 0 | O20: =-MAX(-5,MIN(5,ROUND((M$43-M$35)*100,0))) -> 0 | P20: =-MAX(-5,MIN(5,ROUND((M$51-M$35)*100,0))) -> 0 | Q20: =-MAX(-5,MIN(5,ROUND((M$59-M$35)*100,0))) -> 0 | R20: =-MAX(-5,MIN(5,ROUND((M$67-M$35)*100,0))) -> 0 | S20: =-MAX(-5,MIN(5,ROUND((M$75-M$35)*100,0))) -> 0 | V20: South | W20: =-MAX(-5,MIN(5,ROUND((R$35-R$35)*100,0))) -> 0 | X20: =-MAX(-5,MIN(5,ROUND((R$43-R$35)*100,0))) -> 0 | Y20: =-MAX(-5,MIN(5,ROUND((R$51-R$35)*100,0))) -> 0 | Z20: =-MAX(-5,MIN(5,ROUND((R$59-R$35)*100,0))) -> 0 | AA20: =-MAX(-5,MIN(5,ROUND((R$67-R$35)*100,0))) -> 0 | AB20: =-MAX(-5,MIN(5,ROUND((R$75-R$35)*100,0))) -> 0
C21: ANGLING | D21: REGION | E21: BAU | F21: BAF | G21: COR | H21: Tunnel | I21: ECO | J21: NGW | L21: ANGLING | M21: REGION | N21: BAU | O21: BAF | P21: COR | Q21: Tunnel | R21: ECO | S21: NGW | U21: ANGLING | V21: REGION | W21: BAU | X21: BAF | Y21: COR | Z21: Tunnel | AA21: ECO | AB21: NGW
D22: Delta-Wide | E22: =-MAX(-5,MIN(5,ROUND((D$36-D$36)*100,0))) -> 0 | F22: =-MAX(-5,MIN(5,ROUND((D$44-D$36)*100,0))) -> 0 | G22: =-MAX(-5,MIN(5,ROUND((D$52-D$36)*100,0))) -> -4 | H22: =-MAX(-5,MIN(5,ROUND((D$60-D$36)*100,0))) -> -5 | I22: =-MAX(-5,MIN(5,ROUND((D$68-D$36)*100,0))) -> -2 | J22: =-MAX(-5,MIN(5,ROUND((D$76-D$36)*100,0))) -> -2 | M22: Delta-Wide | N22: =-MAX(-5,MIN(5,ROUND((I$36-I$36)*100,0))) -> 0 | O22: =-MAX(-5,MIN(5,ROUND((I$44-I$36)*100,0))) -> 0 | P22: =-MAX(-5,MIN(5,ROUND((I$52-I$36)*100,0))) -> -5 | Q22: =-MAX(-5,MIN(5,ROUND((I$60-I$36)*100,0))) -> -5 | R22: =-MAX(-5,MIN(5,ROUND((I$68-I$36)*100,0))) -> -3 | S22: =-MAX(-5,MIN(5,ROUND((I$76-I$36)*100,0))) -> -3 | V22: Delta-Wide | W22: =-MAX(-5,MIN(5,ROUND((N$36-N$36)*100,0))) -> 0 | X22: =-MAX(-5,MIN(5,ROUND((N$44-N$36)*100,0))) -> 0 | Y22: =-MAX(-5,MIN(5,ROUND((N$52-N$36)*100,0))) -> -3 | Z22: =-MAX(-5,MIN(5,ROUND((N$60-N$36)*100,0))) -> -3 | AA22: =-MAX(-5,MIN(5,ROUND((N$68-N$36)*100,0))) -> -1 | AB22: =-MAX(-5,MIN(5,ROUND((N$76-N$36)*100,0))) -> -1
D23: Suisun | E23: =-MAX(-5,MIN(5,ROUND((E$36-E$36)*100,0))) -> 0 | F23: =-MAX(-5,MIN(5,ROUND((E$44-E$36)*100,0))) -> 0 | G23: =-MAX(-5,MIN(5,ROUND((E$52-E$36)*100,0))) -> -5 | H23: =-MAX(-5,MIN(5,ROUND((E$60-E$36)*100,0))) -> -5 | I23: =-MAX(-5,MIN(5,ROUND((E$68-E$36)*100,0))) -> -5 | J23: =-MAX(-5,MIN(5,ROUND((E$76-E$36)*100,0))) -> -5 | M23: Suisun | N23: =-MAX(-5,MIN(5,ROUND((J$36-J$36)*100,0))) -> 0 | O23: =-MAX(-5,MIN(5,ROUND((J$44-J$36)*100,0))) -> 0 | P23: =-MAX(-5,MIN(5,ROUND((J$52-J$36)*100,0))) -> -5 | Q23: =-MAX(-5,MIN(5,ROUND((J$60-J$36)*100,0))) -> -5 | R23: =-MAX(-5,MIN(5,ROUND((J$68-J$36)*100,0))) -> -5 | S23: =-MAX(-5,MIN(5,ROUND((J$76-J$36)*100,0))) -> -5 | V23: Suisun | W23: =-MAX(-5,MIN(5,ROUND((O$36-O$36)*100,0))) -> 0 | X23: =-MAX(-5,MIN(5,ROUND((O$44-O$36)*100,0))) -> 0 | Y23: =-MAX(-5,MIN(5,ROUND((O$52-O$36)*100,0))) -> -5 | Z23: =-MAX(-5,MIN(5,ROUND((O$60-O$36)*100,0))) -> -5 | AA23: =-MAX(-5,MIN(5,ROUND((O$68-O$36)*100,0))) -> -5 | AB23: =-MAX(-5,MIN(5,ROUND((O$76-O$36)*100,0))) -> -5
D24: Central | E24: =-MAX(-5,MIN(5,ROUND((F$36-F$36)*100,0))) -> 0 | F24: =-MAX(-5,MIN(5,ROUND((F$44-F$36)*100,0))) -> 0 | G24: =-MAX(-5,MIN(5,ROUND((F$52-F$36)*100,0))) -> -2 | H24: =-MAX(-5,MIN(5,ROUND((F$60-F$36)*100,0))) -> -2 | I24: =-MAX(-5,MIN(5,ROUND((F$68-F$36)*100,0))) -> 0 | J24: =-MAX(-5,MIN(5,ROUND((F$76-F$36)*100,0))) -> 0 | M24: Central | N24: =-MAX(-5,MIN(5,ROUND((K$36-K$36)*100,0))) -> 0 | O24: =-MAX(-5,MIN(5,ROUND((K$44-K$36)*100,0))) -> 0 | P24: =-MAX(-5,MIN(5,ROUND((K$52-K$36)*100,0))) -> -3 | Q24: =-MAX(-5,MIN(5,ROUND((K$60-K$36)*100,0))) -> -4 | R24: =-MAX(-5,MIN(5,ROUND((K$68-K$36)*100,0))) -> 1 | S24: =-MAX(-5,MIN(5,ROUND((K$76-K$36)*100,0))) -> 1 | V24: Central | W24: =-MAX(-5,MIN(5,ROUND((P$36-P$36)*100,0))) -> 0 | X24: =-MAX(-5,MIN(5,ROUND((P$44-P$36)*100,0))) -> 0 | Y24: =-MAX(-5,MIN(5,ROUND((P$52-P$36)*100,0))) -> 0 | Z24: =-MAX(-5,MIN(5,ROUND((P$60-P$36)*100,0))) -> -1 | AA24: =-MAX(-5,MIN(5,ROUND((P$68-P$36)*100,0))) -> 0 | AB24: =-MAX(-5,MIN(5,ROUND((P$76-P$36)*100,0))) -> 0
D25: North | E25: =-MAX(-5,MIN(5,ROUND((G$36-G$36)*100,0))) -> 0 | F25: =-MAX(-5,MIN(5,ROUND((G$44-G$36)*100,0))) -> 0 | G25: =-MAX(-5,MIN(5,ROUND((G$52-G$36)*100,0))) -> 0 | H25: =-MAX(-5,MIN(5,ROUND((G$60-G$36)*100,0))) -> 0 | I25: =-MAX(-5,MIN(5,ROUND((G$68-G$36)*100,0))) -> 0 | J25: =-MAX(-5,MIN(5,ROUND((G$76-G$36)*100,0))) -> 0 | M25: North | N25: =-MAX(-5,MIN(5,ROUND((L$36-L$36)*100,0))) -> 0 | O25: =-MAX(-5,MIN(5,ROUND((L$44-L$36)*100,0))) -> 0 | P25: =-MAX(-5,MIN(5,ROUND((L$52-L$36)*100,0))) -> 0 | Q25: =-MAX(-5,MIN(5,ROUND((L$60-L$36)*100,0))) -> 0 | R25: =-MAX(-5,MIN(5,ROUND((L$68-L$36)*100,0))) -> 0 | S25: =-MAX(-5,MIN(5,ROUND((L$76-L$36)*100,0))) -> 0 | V25: North | W25: =-MAX(-5,MIN(5,ROUND((Q$36-Q$36)*100,0))) -> 0 | X25: =-MAX(-5,MIN(5,ROUND((Q$44-Q$36)*100,0))) -> 0 | Y25: =-MAX(-5,MIN(5,ROUND((Q$52-Q$36)*100,0))) -> 0 | Z25: =-MAX(-5,MIN(5,ROUND((Q$60-Q$36)*100,0))) -> 0 | AA25: =-MAX(-5,MIN(5,ROUND((Q$68-Q$36)*100,0))) -> 0 | AB25: =-MAX(-5,MIN(5,ROUND((Q$76-Q$36)*100,0))) -> 0
D26: South | E26: =-MAX(-5,MIN(5,ROUND((H$36-H$36)*100,0))) -> 0 | F26: =-MAX(-5,MIN(5,ROUND((H$44-H$36)*100,0))) -> 0 | G26: =-MAX(-5,MIN(5,ROUND((H$52-H$36)*100,0))) -> 0 | H26: =-MAX(-5,MIN(5,ROUND((H$60-H$36)*100,0))) -> 0 | I26: =-MAX(-5,MIN(5,ROUND((H$68-H$36)*100,0))) -> 0 | J26: =-MAX(-5,MIN(5,ROUND((H$76-H$36)*100,0))) -> 0 | M26: South | N26: =-MAX(-5,MIN(5,ROUND((M$36-M$36)*100,0))) -> 0 | O26: =-MAX(-5,MIN(5,ROUND((M$44-M$36)*100,0))) -> 0 | P26: =-MAX(-5,MIN(5,ROUND((M$52-M$36)*100,0))) -> 0 | Q26: =-MAX(-5,MIN(5,ROUND((M$60-M$36)*100,0))) -> 0 | R26: =-MAX(-5,MIN(5,ROUND((M$68-M$36)*100,0))) -> 0 | S26: =-MAX(-5,MIN(5,ROUND((M$76-M$36)*100,0))) -> 0 | V26: South | W26: =-MAX(-5,MIN(5,ROUND((R$36-R$36)*100,0))) -> 0 | X26: =-MAX(-5,MIN(5,ROUND((R$44-R$36)*100,0))) -> 0 | Y26: =-MAX(-5,MIN(5,ROUND((R$52-R$36)*100,0))) -> 0 | Z26: =-MAX(-5,MIN(5,ROUND((R$60-R$36)*100,0))) -> 0 | AA26: =-MAX(-5,MIN(5,ROUND((R$68-R$36)*100,0))) -> 0 | AB26: =-MAX(-5,MIN(5,ROUND((R$76-R$36)*100,0))) -> 0
C30: BAU % EXCEEDANCES
D31: Total Run | I31: Wet Seasons | N31: Dry Seasons
D32: Delta-Wide | E32: Suisun | F32: Central Delta | G32: North Delta | H32: South Delta | I32: Delta-Wide | J32: Suisun | K32: Central Delta | L32: North Delta | M32: South Delta | N32: Delta-Wide | O32: Suisun | P32: Central Delta | Q32: North Delta | R32: South Delta
C33: Day Use & Boating | D33: =BAU!AK811 -> 0.27687579 | E33: =BAU!AL811 -> 0.80107188 | F33: =BAU!AM811 -> 0.27224324 | G33: =BAU!AN811 -> 0 | H33: =BAU!AO811 -> 0.00014011489 | I33: =BAU!AS811 -> 0.27919521 | J33: =BAU!AT811 -> 0.82636986 | K33: =BAU!AU811 -> 0.25783866 | L33: =BAU!AV811 -> 0 | M33: =BAU!AW811 -> 0.000304414 | N33: =BAU!BA811 -> 0.24743852 | O33: =BAU!BB811 -> 0.74214481 | P33: =BAU!BC811 -> 0.22009715 | Q33: =BAU!BD811 -> 0 | R33: =BAU!BE811 -> 0
C34: Birding | D34: =BAU!AK827 -> 0.20058323 | E34: =BAU!AL827 -> 0.68474149 | F34: =BAU!AM827 -> 0.10452571 | G34: =BAU!AN827 -> 0 | H34: =BAU!AO827 -> 0 | I34: =BAU!AS827 -> 0.19743151 | J34: =BAU!AT827 -> 0.68082192 | K34: =BAU!AU827 -> 0.096803653 | L34: =BAU!AV827 -> 0 | M34: =BAU!AW827 -> 0 | N34: =BAU!BA827 -> 0.18391393 | O34: =BAU!BB827 -> 0.6352459 | P34: =BAU!BC827 -> 0.089253188 | Q34: =BAU!BD827 -> 0 | R34: =BAU!BE827 -> 0
C35: Waterfowl | D35: =BAU!AK843 -> 0.18080076 | E35: =BAU!AL843 -> 0.62736444 | F35: =BAU!AM843 -> 0.085189856 | G35: =BAU!AN843 -> 0 | H35: =BAU!AO843 -> 0 | I35: =BAU!AS843 -> 0.1739726 | J35: =BAU!AT843 -> 0.61369863 | K35: =BAU!AU843 -> 0.073059361 | L35: =BAU!AV843 -> 0 | M35: =BAU!AW843 -> 0 | N35: =BAU!BA843 -> 0.16530055 | O35: =BAU!BB843 -> 0.57786885 | P35: =BAU!BC843 -> 0.074074074 | Q35: =BAU!BD843 -> 0 | R35: =BAU!BE843 -> 0
C36: Angling | D36: =BAU!AK859 -> 0.077395965 | E36: =BAU!AL859 -> 0.28452081 | F36: =BAU!AM859 -> 0.022278268 | G36: =BAU!AN859 -> 0 | H36: =BAU!AO859 -> 0 | I36: =BAU!AS859 -> 0.058304795 | J36: =BAU!AT859 -> 0.21472603 | K36: =BAU!AU859 -> 0.016438356 | L36: =BAU!AV859 -> 0 | M36: =BAU!AW859 -> 0 | N36: =BAU!BA859 -> 0.068562158 | O36: =BAU!BB859 -> 0.26195355 | P36: =BAU!BC859 -> 0.010928962 | Q36: =BAU!BD859 -> 0 | R36: =BAU!BE859 -> 0
C38: BAF % EXCEEDANCES
D39: Total Run | I39: Wet Seasons | N39: Dry Seasons
D40: Delta-Wide | E40: Suisun | F40: Central Delta | G40: North Delta | H40: South Delta | I40: Delta-Wide | J40: Suisun | K40: Central Delta | L40: North Delta | M40: South Delta | N40: Delta-Wide | O40: Suisun | P40: Central Delta | Q40: North Delta | R40: South Delta
C41: Day Use & Boating | D41: ='Bolster Fortify'!AK811 -> 0.27888556 | E41: ='Bolster Fortify'!AL811 -> 0.80122951 | F41: ='Bolster Fortify'!AM811 -> 0.27924898 | G41: ='Bolster Fortify'!AN811 -> 0 | H41: ='Bolster Fortify'!AO811 -> 0.00014011489 | I41: ='Bolster Fortify'!AS811 -> 0.2802226 | J41: ='Bolster Fortify'!AT811 -> 0.82671233 | K41: ='Bolster Fortify'!AU811 -> 0.26118721 | L41: ='Bolster Fortify'!AV811 -> 0 | M41: ='Bolster Fortify'!AW811 -> 0.000304414 | N41: ='Bolster Fortify'!BA811 -> 0.24837773 | O41: ='Bolster Fortify'!BB811 -> 0.74214481 | P41: ='Bolster Fortify'!BC811 -> 0.22343655 | Q41: ='Bolster Fortify'!BD811 -> 0 | R41: ='Bolster Fortify'!BE811 -> 0
C42: Birding | D42: ='Bolster Fortify'!AK827 -> 0.20081967 | E42: ='Bolster Fortify'!AL827 -> 0.68474149 | F42: ='Bolster Fortify'!AM827 -> 0.1053664 | G42: ='Bolster Fortify'!AN827 -> 0 | H42: ='Bolster Fortify'!AO827 -> 0 | I42: ='Bolster Fortify'!AS827 -> 0.19760274 | J42: ='Bolster Fortify'!AT827 -> 0.68082192 | K42: ='Bolster Fortify'!AU827 -> 0.097412481 | L42: ='Bolster Fortify'!AV827 -> 0 | M42: ='Bolster Fortify'!AW827 -> 0 | N42: ='Bolster Fortify'!BA827 -> 0.18391393 | O42: ='Bolster Fortify'!BB827 -> 0.6352459 | P42: ='Bolster Fortify'!BC827 -> 0.089253188 | Q42: ='Bolster Fortify'!BD827 -> 0 | R42: ='Bolster Fortify'!BE827 -> 0
C43: Waterfowl | D43: ='Bolster Fortify'!AK843 -> 0.18087957 | E43: ='Bolster Fortify'!AL843 -> 0.62736444 | F43: ='Bolster Fortify'!AM843 -> 0.085470085 | G43: ='Bolster Fortify'!AN843 -> 0 | H43: ='Bolster Fortify'!AO843 -> 0 | I43: ='Bolster Fortify'!AS843 -> 0.17405822 | J43: ='Bolster Fortify'!AT843 -> 0.6140411 | K43: ='Bolster Fortify'!AU843 -> 0.073059361 | L43: ='Bolster Fortify'!AV843 -> 0 | M43: ='Bolster Fortify'!AW843 -> 0 | N43: ='Bolster Fortify'!BA843 -> 0.16521516 | O43: ='Bolster Fortify'!BB843 -> 0.57752732 | P43: ='Bolster Fortify'!BC843 -> 0.074074074 | Q43: ='Bolster Fortify'!BD843 -> 0 | R43: ='Bolster Fortify'!BE843 -> 0
C44: Angling | D44: ='Bolster Fortify'!AK859 -> 0.077711223 | E44: ='Bolster Fortify'!AL859 -> 0.2860971 | F44: ='Bolster Fortify'!AM859 -> 0.021998038 | G44: ='Bolster Fortify'!AN859 -> 0 | H44: ='Bolster Fortify'!AO859 -> 0 | I44: ='Bolster Fortify'!AS859 -> 0.058989726 | J44: ='Bolster Fortify'!AT859 -> 0.21746575 | K44: ='Bolster Fortify'!AU859 -> 0.016438356 | L44: ='Bolster Fortify'!AV859 -> 0 | M44: ='Bolster Fortify'!AW859 -> 0 | N44: ='Bolster Fortify'!BA859 -> 0.068220628 | O44: ='Bolster Fortify'!BB859 -> 0.26127049 | P44: ='Bolster Fortify'!BC859 -> 0.010321797 | Q44: ='Bolster Fortify'!BD859 -> 0 | R44: ='Bolster Fortify'!BE859 -> 0
C46: COR % EXCEEDANCES
D47: Total Run | I47: Wet Seasons | N47: Dry Seasons
D48: Delta-Wide | E48: Suisun | F48: Central Delta | G48: North Delta | H48: South Delta | I48: Delta-Wide | J48: Suisun | K48: Central Delta | L48: North Delta | M48: South Delta | N48: Delta-Wide | O48: Suisun | P48: Central Delta | Q48: North Delta | R48: South Delta
C49: Day Use & Boating | D49: ='Calling On Reserves'!AK811 -> 0.29397856 | E49: ='Calling On Reserves'!AL811 -> 0.80989912 | F49: ='Calling On Reserves'!AM811 -> 0.31441782 | G49: ='Calling On Reserves'!AN811 -> 0 | H49: ='Calling On Reserves'!AO811 -> 0.010928962 | I49: ='Calling On Reserves'!AS811 -> 0.29863014 | J49: ='Calling On Reserves'!AT811 -> 0.80410959 | K49: ='Calling On Reserves'!AU811 -> 0.33120244 | L49: ='Calling On Reserves'!AV811 -> 0 | M49: ='Calling On Reserves'!AW811 -> 0.015829528 | N49: ='Calling On Reserves'!BA811 -> 0.2587944 | O49: ='Calling On Reserves'!BB811 -> 0.78346995 | P49: ='Calling On Reserves'!BC811 -> 0.22374013 | Q49: ='Calling On Reserves'!BD811 -> 0 | R49: ='Calling On Reserves'!BE811 -> 0
C50: Birding | D50: ='Calling On Reserves'!AK827 -> 0.22087799 | E50: ='Calling On Reserves'!AL827 -> 0.7230454 | F50: ='Calling On Reserves'!AM827 -> 0.14263696 | G50: ='Calling On Reserves'!AN827 -> 0 | H50: ='Calling On Reserves'!AO827 -> 0 | I50: ='Calling On Reserves'!AS827 -> 0.21335616 | J50: ='Calling On Reserves'!AT827 -> 0.70582192 | K50: ='Calling On Reserves'!AU827 -> 0.13120244 | L50: ='Calling On Reserves'!AV827 -> 0 | M50: ='Calling On Reserves'!AW827 -> 0 | N50: ='Calling On Reserves'!BA827 -> 0.20910178 | O50: ='Calling On Reserves'!BB827 -> 0.69330601 | P50: ='Calling On Reserves'!BC827 -> 0.12720097 | Q50: ='Calling On Reserves'!BD827 -> 0 | R50: ='Calling On Reserves'!BE827 -> 0
C51: Waterfowl | D51: ='Calling On Reserves'!AK843 -> 0.20507566 | E51: ='Calling On Reserves'!AL843 -> 0.6907314 | F51: ='Calling On Reserves'!AM843 -> 0.11517444 | G51: ='Calling On Reserves'!AN843 -> 0 | H51: ='Calling On Reserves'!AO843 -> 0 | I51: ='Calling On Reserves'!AS843 -> 0.19631849 | J51: ='Calling On Reserves'!AT843 -> 0.67123288 | K51: ='Calling On Reserves'!AU843 -> 0.10136986 | L51: ='Calling On Reserves'!AV843 -> 0 | M51: ='Calling On Reserves'!AW843 -> 0 | N51: ='Calling On Reserves'!BA843 -> 0.19501366 | O51: ='Calling On Reserves'!BB843 -> 0.65778689 | P51: ='Calling On Reserves'!BC843 -> 0.10868245 | Q51: ='Calling On Reserves'!BD843 -> 0 | R51: ='Calling On Reserves'!BE843 -> 0
C52: Angling | D52: ='Calling On Reserves'!AK859 -> 0.12137453 | E52: ='Calling On Reserves'!AL859 -> 0.4418348 | F52: ='Calling On Reserves'!AM859 -> 0.038811826 | G52: ='Calling On Reserves'!AN859 -> 0 | H52: ='Calling On Reserves'!AO859 -> 0 | I52: ='Calling On Reserves'!AS859 -> 0.11446918 | J52: ='Calling On Reserves'!AT859 -> 0.41027397 | K52: ='Calling On Reserves'!AU859 -> 0.042313546 | L52: ='Calling On Reserves'!AV859 -> 0 | M52: ='Calling On Reserves'!AW859 -> 0 | N52: ='Calling On Reserves'!BA859 -> 0.1005806 | O52: ='Calling On Reserves'!BB859 -> 0.38831967 | P52: ='Calling On Reserves'!BC859 -> 0.012446873 | Q52: ='Calling On Reserves'!BD859 -> 0 | R52: ='Calling On Reserves'!BE859 -> 0
C54: Tunnel % EXCEEDANCES
D55: Total Run | I55: Wet Seasons | N55: Dry Seasons
D56: Delta-Wide | E56: Suisun | F56: Central Delta | G56: North Delta | H56: South Delta | I56: Delta-Wide | J56: Suisun | K56: Central Delta | L56: North Delta | M56: South Delta | N56: Delta-Wide | O56: Suisun | P56: Central Delta | Q56: North Delta | R56: South Delta
C57: Day Use & Boating | D57: =Tunnel!AK811 -> 0.31785939 | E57: =Tunnel!AL811 -> 0.83527743 | F57: =Tunnel!AM811 -> 0.35266919 | G57: =Tunnel!AN811 -> 0 | H57: =Tunnel!AO811 -> 0.035028724 | I57: =Tunnel!AS811 -> 0.34280822 | J57: =Tunnel!AT811 -> 0.84075342 | K57: =Tunnel!AU811 -> 0.4042618 | L57: =Tunnel!AV811 -> 0 | M57: =Tunnel!AW811 -> 0.067275495 | N57: =Tunnel!BA811 -> 0.26630806 | O57: =Tunnel!BB811 -> 0.80191257 | P57: =Tunnel!BC811 -> 0.23406193 | Q57: =Tunnel!BD811 -> 0 | R57: =Tunnel!BE811 -> 0
C58: Birding | D58: =Tunnel!AK827 -> 0.23845366 | E58: =Tunnel!AL827 -> 0.7591425 | F58: =Tunnel!AM827 -> 0.17304189 | G58: =Tunnel!AN827 -> 0 | H58: =Tunnel!AO827 -> 0 | I58: =Tunnel!AS827 -> 0.24674658 | J58: =Tunnel!AT827 -> 0.75993151 | K58: =Tunnel!AU827 -> 0.20182648 | L58: =Tunnel!AV827 -> 0 | M58: =Tunnel!AW827 -> 0 | N58: =Tunnel!BA827 -> 0.21396858 | O58: =Tunnel!BB827 -> 0.71755464 | P58: =Tunnel!BC827 -> 0.12295082 | Q58: =Tunnel!BD827 -> 0 | R58: =Tunnel!BE827 -> 0
C59: Waterfowl | D59: =Tunnel!AK843 -> 0.21287831 | E59: =Tunnel!AL843 -> 0.71311475 | F59: =Tunnel!AM843 -> 0.12302088 | G59: =Tunnel!AN843 -> 0 | H59: =Tunnel!AO843 -> 0 | I59: =Tunnel!AS843 -> 0.21472603 | J59: =Tunnel!AT843 -> 0.71472603 | K59: =Tunnel!AU843 -> 0.1281583 | L59: =Tunnel!AV843 -> 0 | M59: =Tunnel!AW843 -> 0 | N59: =Tunnel!BA843 -> 0.19347678 | O59: =Tunnel!BB843 -> 0.66290984 | P59: =Tunnel!BC843 -> 0.098664238 | Q59: =Tunnel!BD843 -> 0 | R59: =Tunnel!BE843 -> 0
C60: Angling | D60: =Tunnel!AK859 -> 0.13055643 | E60: =Tunnel!AL859 -> 0.46941992 | F60: =Tunnel!AM859 -> 0.04693849 | G60: =Tunnel!AN859 -> 0 | H60: =Tunnel!AO859 -> 0 | I60: =Tunnel!AS859 -> 0.13758562 | J60: =Tunnel!AT859 -> 0.48869863 | K60: =Tunnel!AU859 -> 0.054794521 | L60: =Tunnel!AV859 -> 0 | M60: =Tunnel!AW859 -> 0 | N60: =Tunnel!BA859 -> 0.096909153 | O60: =Tunnel!BB859 -> 0.36851093 | P60: =Tunnel!BC859 -> 0.017000607 | Q60: =Tunnel!BD859 -> 0 | R60: =Tunnel!BE859 -> 0
C62: ECO % EXCEEDANCES
D63: Total Run | I63: Wet Seasons | N63: Dry Seasons
D64: Delta-Wide | E64: Suisun | F64: Central Delta | G64: North Delta | H64: South Delta | I64: Delta-Wide | J64: Suisun | K64: Central Delta | L64: North Delta | M64: South Delta | N64: Delta-Wide | O64: Suisun | P64: Central Delta | Q64: North Delta | R64: South Delta
C65: Day Use & Boating | D65: ='Eco Machine'!AK811 -> 0.27620586 | E65: ='Eco Machine'!AL811 -> 0.8232976 | F65: ='Eco Machine'!AM811 -> 0.25010509 | G65: ='Eco Machine'!AN811 -> 0 | H65: ='Eco Machine'!AO811 -> 0.00014011489 | I65: ='Eco Machine'!AS811 -> 0.28005137 | J65: ='Eco Machine'!AT811 -> 0.85890411 | K65: ='Eco Machine'!AU811 -> 0.23196347 | L65: ='Eco Machine'!AV811 -> 0 | M65: ='Eco Machine'!AW811 -> 0.000304414 | N65: ='Eco Machine'!BA811 -> 0.24547473 | O65: ='Eco Machine'!BB811 -> 0.75785519 | P65: ='Eco Machine'!BC811 -> 0.19914997 | Q65: ='Eco Machine'!BD811 -> 0 | R65: ='Eco Machine'!BE811 -> 0
C66: Birding | D66: ='Eco Machine'!AK827 -> 0.21004098 | E66: ='Eco Machine'!AL827 -> 0.73203026 | F66: ='Eco Machine'!AM827 -> 0.096118817 | G66: ='Eco Machine'!AN827 -> 0 | H66: ='Eco Machine'!AO827 -> 0 | I66: ='Eco Machine'!AS827 -> 0.21267123 | J66: ='Eco Machine'!AT827 -> 0.75445205 | K66: ='Eco Machine'!AU827 -> 0.085540335 | L66: ='Eco Machine'!AV827 -> 0 | M66: ='Eco Machine'!AW827 -> 0 | N66: ='Eco Machine'!BA827 -> 0.18954918 | O66: ='Eco Machine'!BB827 -> 0.66427596 | P66: ='Eco Machine'!BC827 -> 0.083485124 | Q66: ='Eco Machine'!BD827 -> 0 | R66: ='Eco Machine'!BE827 -> 0
C67: Waterfowl | D67: ='Eco Machine'!AK843 -> 0.19049496 | E67: ='Eco Machine'!AL843 -> 0.67213115 | F67: ='Eco Machine'!AM843 -> 0.07986549 | G67: ='Eco Machine'!AN843 -> 0 | H67: ='Eco Machine'!AO843 -> 0 | I67: ='Eco Machine'!AS843 -> 0.19075342 | J67: ='Eco Machine'!AT843 -> 0.68493151 | K67: ='Eco Machine'!AU843 -> 0.069406393 | L67: ='Eco Machine'!AV843 -> 0 | M67: ='Eco Machine'!AW843 -> 0 | N67: ='Eco Machine'!BA843 -> 0.16965505 | O67: ='Eco Machine'!BB843 -> 0.60382514 | P67: ='Eco Machine'!BC843 -> 0.066484517 | Q67: ='Eco Machine'!BD843 -> 0 | R67: ='Eco Machine'!BE843 -> 0
C68: Angling | D68: ='Eco Machine'!AK859 -> 0.097139029 | E68: ='Eco Machine'!AL859 -> 0.36837957 | F68: ='Eco Machine'!AM859 -> 0.017934706 | G68: ='Eco Machine'!AN859 -> 0 | H68: ='Eco Machine'!AO859 -> 0 | I68: ='Eco Machine'!AS859 -> 0.085017123 | J68: ='Eco Machine'!AT859 -> 0.32773973 | K68: ='Eco Machine'!AU859 -> 0.010958904 | L68: ='Eco Machine'!AV859 -> 0 | M68: ='Eco Machine'!AW859 -> 0 | N68: ='Eco Machine'!BA859 -> 0.080771858 | O68: ='Eco Machine'!BB859 -> 0.3125 | P68: ='Eco Machine'!BC859 -> 0.0094110504 | Q68: ='Eco Machine'!BD859 -> 0 | R68: ='Eco Machine'!BE859 -> 0
C70: NGW % EXCEEDANCES
D71: Total Run | I71: Wet Seasons | N71: Dry Seasons
D72: Delta-Wide | E72: Suisun | F72: Central Delta | G72: North Delta | H72: South Delta | I72: Delta-Wide | J72: Suisun | K72: Central Delta | L72: North Delta | M72: South Delta | N72: Delta-Wide | O72: Suisun | P72: Central Delta | Q72: North Delta | R72: South Delta
C73: Day Use & Boating | D73: ='New Green Watershed'!AK811 -> 0.27644231 | E73: ='New Green Watershed'!AL811 -> 0.82313997 | F73: ='New Green Watershed'!AM811 -> 0.25108589 | G73: ='New Green Watershed'!AN811 -> 0 | H73: ='New Green Watershed'!AO811 -> 0.00014011489 | I73: ='New Green Watershed'!AS811 -> 0.28005137 | J73: ='New Green Watershed'!AT811 -> 0.85821918 | K73: ='New Green Watershed'!AU811 -> 0.2325723 | L73: ='New Green Watershed'!AV811 -> 0 | M73: ='New Green Watershed'!AW811 -> 0.000304414 | N73: ='New Green Watershed'!BA811 -> 0.2460724 | O73: ='New Green Watershed'!BB811 -> 0.75819672 | P73: ='New Green Watershed'!BC811 -> 0.20097146 | Q73: ='New Green Watershed'!BD811 -> 0 | R73: ='New Green Watershed'!BE811 -> 0
C74: Birding | D74: ='New Green Watershed'!AK827 -> 0.20992276 | E74: ='New Green Watershed'!AL827 -> 0.73139975 | F74: ='New Green Watershed'!AM827 -> 0.096258932 | G74: ='New Green Watershed'!AN827 -> 0 | H74: ='New Green Watershed'!AO827 -> 0 | I74: ='New Green Watershed'!AS827 -> 0.21190068 | J74: ='New Green Watershed'!AT827 -> 0.75205479 | K74: ='New Green Watershed'!AU827 -> 0.084931507 | L74: ='New Green Watershed'!AV827 -> 0 | M74: ='New Green Watershed'!AW827 -> 0 | N74: ='New Green Watershed'!BA827 -> 0.18980533 | O74: ='New Green Watershed'!BB827 -> 0.66530055 | P74: ='New Green Watershed'!BC827 -> 0.083485124 | Q74: ='New Green Watershed'!BD827 -> 0 | R74: ='New Green Watershed'!BE827 -> 0
C75: Waterfowl | D75: ='New Green Watershed'!AK843 -> 0.19061318 | E75: ='New Green Watershed'!AL843 -> 0.67228878 | F75: ='New Green Watershed'!AM843 -> 0.080145719 | G75: ='New Green Watershed'!AN843 -> 0 | H75: ='New Green Watershed'!AO843 -> 0 | I75: ='New Green Watershed'!AS843 -> 0.19041096 | J75: ='New Green Watershed'!AT843 -> 0.68424658 | K75: ='New Green Watershed'!AU843 -> 0.068797565 | L75: ='New Green Watershed'!AV843 -> 0 | M75: ='New Green Watershed'!AW843 -> 0 | N75: ='New Green Watershed'!BA843 -> 0.17025273 | O75: ='New Green Watershed'!BB843 -> 0.60484973 | P75: ='New Green Watershed'!BC843 -> 0.067698846 | Q75: ='New Green Watershed'!BD843 -> 0 | R75: ='New Green Watershed'!BE843 -> 0
C76: Angling | D76: ='New Green Watershed'!AK859 -> 0.09741488 | E76: ='New Green Watershed'!AL859 -> 0.36901009 | F76: ='New Green Watershed'!AM859 -> 0.018355051 | G76: ='New Green Watershed'!AN859 -> 0 | H76: ='New Green Watershed'!AO859 -> 0 | I76: ='New Green Watershed'!AS859 -> 0.084503425 | J76: ='New Green Watershed'!AT859 -> 0.32568493 | K76: ='New Green Watershed'!AU859 -> 0.010958904 | L76: ='New Green Watershed'!AV859 -> 0 | M76: ='New Green Watershed'!AW859 -> 0 | N76: ='New Green Watershed'!BA859 -> 0.081796448 | O76: ='New Green Watershed'!BB859 -> 0.3159153 | P76: ='New Green Watershed'!BC859 -> 0.010018215 | Q76: ='New Green Watershed'!BD859 -> 0 | R76: ='New Green Watershed'!BE859 -> 0
C81: Day Use & Boating
C82: Total Run
C83: Delta-Wide | G83: Suisun | K83: Central Delta | O83: North Delta | S83: South Delta
C84: Results | D84: Ranking | E84: Scale | G84: Results | H84: Ranking | I84: Scale | K84: Results | L84: Ranking | M84: Scale | O84: Results | P84: Ranking | Q84: Scale | S84: Results | T84: Ranking | U84: Scale
C85: =_xlfn.TEXTJOIN(", ",TRUE,IF($E$4=$D85,$E$3&" ("&TEXT($D$33,"0%")&")",""),IF($F$4=$D85,$F$3,""),IF($G$4=$D85,$G$3,""),IF($H$4=$D85,$H$3,""),IF($I$4=$D85,$I$3,""),IF($J$4=$D85,$J$3,"")) | D85: 5 | E85: greater than or equal to 5% less | G85: =_xlfn.TEXTJOIN(", ",TRUE,IF($E$5=$H85,$E$3&" ("&TEXT($E$33,"0%")&")",""),IF($F$5=$H85,$F$3,""),IF($G$5=$H85,$G$3,""),IF($H$5=$H85,$H$3,""),IF($I$5=$H85,$I$3,""),IF($J$5=$H85,$J$3,"")) | H85: 5 | I85: greater than or equal to 5% less | K85: =_xlfn.TEXTJOIN(", ",TRUE,IF($E$6=$L85,$E$3&" ("&TEXT($F$33,"0%")&")",""),IF($F$6=$L85,$F$3,""),IF($G$6=$L85,$G$3,""),IF($H$6=$L85,$H$3,""),IF($I$6=$L85,$I$3,""),IF($J$6=$L85,$J$3,"")) | L85: 5 | M85: greater than or equal to 5% less | O85: =_xlfn.TEXTJOIN(", ",TRUE,IF($E$7=$P85,$E$3&" ("&TEXT($G$33,"0%")&")",""),IF($F$7=$P85,$F$3,""),IF($G$7=$P85,$G$3,""),IF($H$7=$P85,$H$3,""),IF($I$7=$P85,$I$3,""),IF($J$7=$P85,$J$3,"")) | P85: 5 | Q85: greater than or equal to 5% less | S85: =_xlfn.TEXTJOIN(", ",TRUE,IF($E$8=$T85,$E$3&" ("&TEXT($H$33,"0%")&")",""),IF($F$8=$T85,$F$3,""),IF($G$8=$T85,$G$3,""),IF($H$8=$T85,$H$3,""),IF($I$8=$T85,$I$3,""),IF($J$8=$T85,$J$3,"")) | T85: 5 | U85: greater than or equal to 5% less
C86: =_xlfn.TEXTJOIN(", ",TRUE,IF($E$4=$D86,$E$3&" ("&TEXT($D$33,"0%")&")",""),IF($F$4=$D86,$F$3,""),IF($G$4=$D86,$G$3,""),IF($H$4=$D86,$H$3,""),IF($I$4=$D86,$I$3,""),IF($J$4=$D86,$J$3,"")) | D86: 4 | E86: 4% less | G86: =_xlfn.TEXTJOIN(", ",TRUE,IF($E$5=$H86,$E$3&" ("&TEXT($E$33,"0%")&")",""),IF($F$5=$H86,$F$3,""),IF($G$5=$H86,$G$3,""),IF($H$5=$H86,$H$3,""),IF($I$5=$H86,$I$3,""),IF($J$5=$H86,$J$3,"")) | H86: 4 | I86: 4% less | K86: =_xlfn.TEXTJOIN(", ",TRUE,IF($E$6=$L86,$E$3&" ("&TEXT($F$33,"0%")&")",""),IF($F$6=$L86,$F$3,""),IF($G$6=$L86,$G$3,""),IF($H$6=$L86,$H$3,""),IF($I$6=$L86,$I$3,""),IF($J$6=$L86,$J$3,"")) | L86: 4 | M86: 4% less | O86: =_xlfn.TEXTJOIN(", ",TRUE,IF($E$7=$P86,$E$3&" ("&TEXT($G$33,"0%")&")",""),IF($F$7=$P86,$F$3,""),IF($G$7=$P86,$G$3,""),IF($H$7=$P86,$H$3,""),IF($I$7=$P86,$I$3,""),IF($J$7=$P86,$J$3,"")) | P86: 4 | Q86: 4% less | S86: =_xlfn.TEXTJOIN(", ",TRUE,IF($E$8=$T86,$E$3&" ("&TEXT($H$33,"0%")&")",""),IF($F$8=$T86,$F$3,""),IF($G$8=$T86,$G$3,""),IF($H$8=$T86,$H$3,""),IF($I$8=$T86,$I$3,""),IF($J$8=$T86,$J$3,"")) | T86: 4 | U86: 4% less
C87: =_xlfn.TEXTJOIN(", ",TRUE,IF($E$4=$D87,$E$3&" ("&TEXT($D$33,"0%")&")",""),IF($F$4=$D87,$F$3,""),IF($G$4=$D87,$G$3,""),IF($H$4=$D87,$H$3,""),IF($I$4=$D87,$I$3,""),IF($J$4=$D87,$J$3,"")) | D87: 3 | E87: 3% less | G87: =_xlfn.TEXTJOIN(", ",TRUE,IF($E$5=$H87,$E$3&" ("&TEXT($E$33,"0%")&")",""),IF($F$5=$H87,$F$3,""),IF($G$5=$H87,$G$3,""),IF($H$5=$H87,$H$3,""),IF($I$5=$H87,$I$3,""),IF($J$5=$H87,$J$3,"")) | H87: 3 | I87: 3% less | K87: =_xlfn.TEXTJOIN(", ",TRUE,IF($E$6=$L87,$E$3&" ("&TEXT($F$33,"0%")&")",""),IF($F$6=$L87,$F$3,""),IF($G$6=$L87,$G$3,""),IF($H$6=$L87,$H$3,""),IF($I$6=$L87,$I$3,""),IF($J$6=$L87,$J$3,"")) | L87: 3 | M87: 3% less | O87: =_xlfn.TEXTJOIN(", ",TRUE,IF($E$7=$P87,$E$3&" ("&TEXT($G$33,"0%")&")",""),IF($F$7=$P87,$F$3,""),IF($G$7=$P87,$G$3,""),IF($H$7=$P87,$H$3,""),IF($I$7=$P87,$I$3,""),IF($J$7=$P87,$J$3,"")) | P87: 3 | Q87: 3% less | S87: =_xlfn.TEXTJOIN(", ",TRUE,IF($E$8=$T87,$E$3&" ("&TEXT($H$33,"0%")&")",""),IF($F$8=$T87,$F$3,""),IF($G$8=$T87,$G$3,""),IF($H$8=$T87,$H$3,""),IF($I$8=$T87,$I$3,""),IF($J$8=$T87,$J$3,"")) | T87: 3 | U87: 3% less
C88: =_xlfn.TEXTJOIN(", ",TRUE,IF($E$4=$D88,$E$3&" ("&TEXT($D$33,"0%")&")",""),IF($F$4=$D88,$F$3,""),IF($G$4=$D88,$G$3,""),IF($H$4=$D88,$H$3,""),IF($I$4=$D88,$I$3,""),IF($J$4=$D88,$J$3,"")) | D88: 2 | E88: 2% less | G88: =_xlfn.TEXTJOIN(", ",TRUE,IF($E$5=$H88,$E$3&" ("&TEXT($E$33,"0%")&")",""),IF($F$5=$H88,$F$3,""),IF($G$5=$H88,$G$3,""),IF($H$5=$H88,$H$3,""),IF($I$5=$H88,$I$3,""),IF($J$5=$H88,$J$3,"")) | H88: 2 | I88: 2% less | K88: =_xlfn.TEXTJOIN(", ",TRUE,IF($E$6=$L88,$E$3&" ("&TEXT($F$33,"0%")&")",""),IF($F$6=$L88,$F$3,""),IF($G$6=$L88,$G$3,""),IF($H$6=$L88,$H$3,""),IF($I$6=$L88,$I$3,""),IF($J$6=$L88,$J$3,"")) -> ECO, NGW | L88: 2 | M88: 2% less | O88: =_xlfn.TEXTJOIN(", ",TRUE,IF($E$7=$P88,$E$3&" ("&TEXT($G$33,"0%")&")",""),IF($F$7=$P88,$F$3,""),IF($G$7=$P88,$G$3,""),IF($H$7=$P88,$H$3,""),IF($I$7=$P88,$I$3,""),IF($J$7=$P88,$J$3,"")) | P88: 2 | Q88: 2% less | S88: =_xlfn.TEXTJOIN(", ",TRUE,IF($E$8=$T88,$E$3&" ("&TEXT($H$33,"0%")&")",""),IF($F$8=$T88,$F$3,""),IF($G$8=$T88,$G$3,""),IF($H$8=$T88,$H$3,""),IF($I$8=$T88,$I$3,""),IF($J$8=$T88,$J$3,"")) | T88: 2 | U88: 2% less
C89: =_xlfn.TEXTJOIN(", ",TRUE,IF($E$4=$D89,$E$3&" ("&TEXT($D$33,"0%")&")",""),IF($F$4=$D89,$F$3,""),IF($G$4=$D89,$G$3,""),IF($H$4=$D89,$H$3,""),IF($I$4=$D89,$I$3,""),IF($J$4=$D89,$J$3,"")) | D89: 1 | E89: 1% less | G89: =_xlfn.TEXTJOIN(", ",TRUE,IF($E$5=$H89,$E$3&" ("&TEXT($E$33,"0%")&")",""),IF($F$5=$H89,$F$3,""),IF($G$5=$H89,$G$3,""),IF($H$5=$H89,$H$3,""),IF($I$5=$H89,$I$3,""),IF($J$5=$H89,$J$3,"")) | H89: 1 | I89: 1% less | K89: =_xlfn.TEXTJOIN(", ",TRUE,IF($E$6=$L89,$E$3&" ("&TEXT($F$33,"0%")&")",""),IF($F$6=$L89,$F$3,""),IF($G$6=$L89,$G$3,""),IF($H$6=$L89,$H$3,""),IF($I$6=$L89,$I$3,""),IF($J$6=$L89,$J$3,"")) | L89: 1 | M89: 1% less | O89: =_xlfn.TEXTJOIN(", ",TRUE,IF($E$7=$P89,$E$3&" ("&TEXT($G$33,"0%")&")",""),IF($F$7=$P89,$F$3,""),IF($G$7=$P89,$G$3,""),IF($H$7=$P89,$H$3,""),IF($I$7=$P89,$I$3,""),IF($J$7=$P89,$J$3,"")) | P89: 1 | Q89: 1% less | S89: =_xlfn.TEXTJOIN(", ",TRUE,IF($E$8=$T89,$E$3&" ("&TEXT($H$33,"0%")&")",""),IF($F$8=$T89,$F$3,""),IF($G$8=$T89,$G$3,""),IF($H$8=$T89,$H$3,""),IF($I$8=$T89,$I$3,""),IF($J$8=$T89,$J$3,"")) | T89: 1 | U89: 1% less
C90: =_xlfn.TEXTJOIN(", ",TRUE,IF($E$4=$D90,$E$3&" ("&TEXT($D$33,"0%")&")",""),IF($F$4=$D90,$F$3,""),IF($G$4=$D90,$G$3,""),IF($H$4=$D90,$H$3,""),IF($I$4=$D90,$I$3,""),IF($J$4=$D90,$J$3,"")) -> BAU (28%), BAF, ECO, NGW | D90: 0 | E90: No change from baseline | G90: =_xlfn.TEXTJOIN(", ",TRUE,IF($E$5=$H90,$E$3&" ("&TEXT($E$33,"0%")&")",""),IF($F$5=$H90,$F$3,""),IF($G$5=$H90,$G$3,""),IF($H$5=$H90,$H$3,""),IF($I$5=$H90,$I$3,""),IF($J$5=$H90,$J$3,"")) -> BAU (80%), BAF | H90: 0 | I90: No change from baseline | K90: =_xlfn.TEXTJOIN(", ",TRUE,IF($E$6=$L90,$E$3&" ("&TEXT($F$33,"0%")&")",""),IF($F$6=$L90,$F$3,""),IF($G$6=$L90,$G$3,""),IF($H$6=$L90,$H$3,""),IF($I$6=$L90,$I$3,""),IF($J$6=$L90,$J$3,"")) -> BAU (27%) | L90: 0 | M90: No change from baseline | O90: =_xlfn.TEXTJOIN(", ",TRUE,IF($E$7=$P90,$E$3&" ("&TEXT($G$33,"0%")&")",""),IF($F$7=$P90,$F$3,""),IF($G$7=$P90,$G$3,""),IF($H$7=$P90,$H$3,""),IF($I$7=$P90,$I$3,""),IF($J$7=$P90,$J$3,"")) -> BAU (0%), BAF, COR, Tunnel, ECO, NGW | P90: 0 | Q90: No change from baseline | S90: =_xlfn.TEXTJOIN(", ",TRUE,IF($E$8=$T90,$E$3&" ("&TEXT($H$33,"0%")&")",""),IF($F$8=$T90,$F$3,""),IF($G$8=$T90,$G$3,""),IF($H$8=$T90,$H$3,""),IF($I$8=$T90,$I$3,""),IF($J$8=$T90,$J$3,"")) -> BAU (0%), BAF, ECO, NGW | T90: 0 | U90: No change from baseline
C91: =_xlfn.TEXTJOIN(", ",TRUE,IF($E$4=$D91,$E$3&" ("&TEXT($D$33,"0%")&")",""),IF($F$4=$D91,$F$3,""),IF($G$4=$D91,$G$3,""),IF($H$4=$D91,$H$3,""),IF($I$4=$D91,$I$3,""),IF($J$4=$D91,$J$3,"")) | D91: -1 | E91: 1% more than baseline | G91: =_xlfn.TEXTJOIN(", ",TRUE,IF($E$5=$H91,$E$3&" ("&TEXT($E$33,"0%")&")",""),IF($F$5=$H91,$F$3,""),IF($G$5=$H91,$G$3,""),IF($H$5=$H91,$H$3,""),IF($I$5=$H91,$I$3,""),IF($J$5=$H91,$J$3,"")) -> COR | H91: -1 | I91: 1% more than baseline | K91: =_xlfn.TEXTJOIN(", ",TRUE,IF($E$6=$L91,$E$3&" ("&TEXT($F$33,"0%")&")",""),IF($F$6=$L91,$F$3,""),IF($G$6=$L91,$G$3,""),IF($H$6=$L91,$H$3,""),IF($I$6=$L91,$I$3,""),IF($J$6=$L91,$J$3,"")) -> BAF | L91: -1 | M91: 1% more than baseline | O91: =_xlfn.TEXTJOIN(", ",TRUE,IF($E$7=$P91,$E$3&" ("&TEXT($G$33,"0%")&")",""),IF($F$7=$P91,$F$3,""),IF($G$7=$P91,$G$3,""),IF($H$7=$P91,$H$3,""),IF($I$7=$P91,$I$3,""),IF($J$7=$P91,$J$3,"")) | P91: -1 | Q91: 1% more than baseline | S91: =_xlfn.TEXTJOIN(", ",TRUE,IF($E$8=$T91,$E$3&" ("&TEXT($H$33,"0%")&")",""),IF($F$8=$T91,$F$3,""),IF($G$8=$T91,$G$3,""),IF($H$8=$T91,$H$3,""),IF($I$8=$T91,$I$3,""),IF($J$8=$T91,$J$3,"")) -> COR | T91: -1 | U91: 1% more than baseline
C92: =_xlfn.TEXTJOIN(", ",TRUE,IF($E$4=$D92,$E$3&" ("&TEXT($D$33,"0%")&")",""),IF($F$4=$D92,$F$3,""),IF($G$4=$D92,$G$3,""),IF($H$4=$D92,$H$3,""),IF($I$4=$D92,$I$3,""),IF($J$4=$D92,$J$3,"")) -> COR | D92: -2 | E92: 2% more | G92: =_xlfn.TEXTJOIN(", ",TRUE,IF($E$5=$H92,$E$3&" ("&TEXT($E$33,"0%")&")",""),IF($F$5=$H92,$F$3,""),IF($G$5=$H92,$G$3,""),IF($H$5=$H92,$H$3,""),IF($I$5=$H92,$I$3,""),IF($J$5=$H92,$J$3,"")) -> ECO, NGW | H92: -2 | I92: 2% more | K92: =_xlfn.TEXTJOIN(", ",TRUE,IF($E$6=$L92,$E$3&" ("&TEXT($F$33,"0%")&")",""),IF($F$6=$L92,$F$3,""),IF($G$6=$L92,$G$3,""),IF($H$6=$L92,$H$3,""),IF($I$6=$L92,$I$3,""),IF($J$6=$L92,$J$3,"")) | L92: -2 | M92: 2% more | O92: =_xlfn.TEXTJOIN(", ",TRUE,IF($E$7=$P92,$E$3&" ("&TEXT($G$33,"0%")&")",""),IF($F$7=$P92,$F$3,""),IF($G$7=$P92,$G$3,""),IF($H$7=$P92,$H$3,""),IF($I$7=$P92,$I$3,""),IF($J$7=$P92,$J$3,"")) | P92: -2 | Q92: 2% more | S92: =_xlfn.TEXTJOIN(", ",TRUE,IF($E$8=$T92,$E$3&" ("&TEXT($H$33,"0%")&")",""),IF($F$8=$T92,$F$3,""),IF($G$8=$T92,$G$3,""),IF($H$8=$T92,$H$3,""),IF($I$8=$T92,$I$3,""),IF($J$8=$T92,$J$3,"")) | T92: -2 | U92: 2% more
C93: =_xlfn.TEXTJOIN(", ",TRUE,IF($E$4=$D93,$E$3&" ("&TEXT($D$33,"0%")&")",""),IF($F$4=$D93,$F$3,""),IF($G$4=$D93,$G$3,""),IF($H$4=$D93,$H$3,""),IF($I$4=$D93,$I$3,""),IF($J$4=$D93,$J$3,"")) | D93: -3 | E93: 3% more | G93: =_xlfn.TEXTJOIN(", ",TRUE,IF($E$5=$H93,$E$3&" ("&TEXT($E$33,"0%")&")",""),IF($F$5=$H93,$F$3,""),IF($G$5=$H93,$G$3,""),IF($H$5=$H93,$H$3,""),IF($I$5=$H93,$I$3,""),IF($J$5=$H93,$J$3,"")) -> Tunnel | H93: -3 | I93: 3% more | K93: =_xlfn.TEXTJOIN(", ",TRUE,IF($E$6=$L93,$E$3&" ("&TEXT($F$33,"0%")&")",""),IF($F$6=$L93,$F$3,""),IF($G$6=$L93,$G$3,""),IF($H$6=$L93,$H$3,""),IF($I$6=$L93,$I$3,""),IF($J$6=$L93,$J$3,"")) | L93: -3 | M93: 3% more | O93: =_xlfn.TEXTJOIN(", ",TRUE,IF($E$7=$P93,$E$3&" ("&TEXT($G$33,"0%")&")",""),IF($F$7=$P93,$F$3,""),IF($G$7=$P93,$G$3,""),IF($H$7=$P93,$H$3,""),IF($I$7=$P93,$I$3,""),IF($J$7=$P93,$J$3,"")) | P93: -3 | Q93: 3% more | S93: =_xlfn.TEXTJOIN(", ",TRUE,IF($E$8=$T93,$E$3&" ("&TEXT($H$33,"0%")&")",""),IF($F$8=$T93,$F$3,""),IF($G$8=$T93,$G$3,""),IF($H$8=$T93,$H$3,""),IF($I$8=$T93,$I$3,""),IF($J$8=$T93,$J$3,"")) -> Tunnel | T93: -3 | U93: 3% more
C94: =_xlfn.TEXTJOIN(", ",TRUE,IF($E$4=$D94,$E$3&" ("&TEXT($D$33,"0%")&")",""),IF($F$4=$D94,$F$3,""),IF($G$4=$D94,$G$3,""),IF($H$4=$D94,$H$3,""),IF($I$4=$D94,$I$3,""),IF($J$4=$D94,$J$3,"")) -> Tunnel | D94: -4 | E94: 4% more | G94: =_xlfn.TEXTJOIN(", ",TRUE,IF($E$5=$H94,$E$3&" ("&TEXT($E$33,"0%")&")",""),IF($F$5=$H94,$F$3,""),IF($G$5=$H94,$G$3,""),IF($H$5=$H94,$H$3,""),IF($I$5=$H94,$I$3,""),IF($J$5=$H94,$J$3,"")) | H94: -4 | I94: 4% more | K94: =_xlfn.TEXTJOIN(", ",TRUE,IF($E$6=$L94,$E$3&" ("&TEXT($F$33,"0%")&")",""),IF($F$6=$L94,$F$3,""),IF($G$6=$L94,$G$3,""),IF($H$6=$L94,$H$3,""),IF($I$6=$L94,$I$3,""),IF($J$6=$L94,$J$3,"")) -> COR | L94: -4 | M94: 4% more | O94: =_xlfn.TEXTJOIN(", ",TRUE,IF($E$7=$P94,$E$3&" ("&TEXT($G$33,"0%")&")",""),IF($F$7=$P94,$F$3,""),IF($G$7=$P94,$G$3,""),IF($H$7=$P94,$H$3,""),IF($I$7=$P94,$I$3,""),IF($J$7=$P94,$J$3,"")) | P94: -4 | Q94: 4% more | S94: =_xlfn.TEXTJOIN(", ",TRUE,IF($E$8=$T94,$E$3&" ("&TEXT($H$33,"0%")&")",""),IF($F$8=$T94,$F$3,""),IF($G$8=$T94,$G$3,""),IF($H$8=$T94,$H$3,""),IF($I$8=$T94,$I$3,""),IF($J$8=$T94,$J$3,"")) | T94: -4 | U94: 4% more
C95: =_xlfn.TEXTJOIN(", ",TRUE,IF($E$4=$D95,$E$3&" ("&TEXT($D$33,"0%")&")",""),IF($F$4=$D95,$F$3,""),IF($G$4=$D95,$G$3,""),IF($H$4=$D95,$H$3,""),IF($I$4=$D95,$I$3,""),IF($J$4=$D95,$J$3,"")) | D95: -5 | E95: greater than or equal to 5% more | G95: =_xlfn.TEXTJOIN(", ",TRUE,IF($E$5=$H95,$E$3&" ("&TEXT($E$33,"0%")&")",""),IF($F$5=$H95,$F$3,""),IF($G$5=$H95,$G$3,""),IF($H$5=$H95,$H$3,""),IF($I$5=$H95,$I$3,""),IF($J$5=$H95,$J$3,"")) | H95: -5 | I95: greater than or equal to 5% more | K95: =_xlfn.TEXTJOIN(", ",TRUE,IF($E$6=$L95,$E$3&" ("&TEXT($F$33,"0%")&")",""),IF($F$6=$L95,$F$3,""),IF($G$6=$L95,$G$3,""),IF($H$6=$L95,$H$3,""),IF($I$6=$L95,$I$3,""),IF($J$6=$L95,$J$3,"")) -> Tunnel | L95: -5 | M95: greater than or equal to 5% more | O95: =_xlfn.TEXTJOIN(", ",TRUE,IF($E$7=$P95,$E$3&" ("&TEXT($G$33,"0%")&")",""),IF($F$7=$P95,$F$3,""),IF($G$7=$P95,$G$3,""),IF($H$7=$P95,$H$3,""),IF($I$7=$P95,$I$3,""),IF($J$7=$P95,$J$3,"")) | P95: -5 | Q95: greater than or equal to 5% more | S95: =_xlfn.TEXTJOIN(", ",TRUE,IF($E$8=$T95,$E$3&" ("&TEXT($H$33,"0%")&")",""),IF($F$8=$T95,$F$3,""),IF($G$8=$T95,$G$3,""),IF($H$8=$T95,$H$3,""),IF($I$8=$T95,$I$3,""),IF($J$8=$T95,$J$3,"")) | T95: -5 | U95: greater than or equal to 5% more
C97: Day Use & Boating
C98: Wet Seasons
C99: Delta-Wide | G99: Suisun | K99: Central Delta | O99: North Delta | S99: South Delta
C100: Results | D100: Ranking | E100: Scale | G100: Results | H100: Ranking | I100: Scale | K100: Results | L100: Ranking | M100: Scale | O100: Results | P100: Ranking | Q100: Scale | S100: Results | T100: Ranking | U100: Scale
C101: =_xlfn.TEXTJOIN(", ",TRUE,IF($N$4=$D101,$N$3&" ("&TEXT($I$33,"0%")&")",""),IF($O$4=$D101,$O$3,""),IF($P$4=$D101,$P$3,""),IF($Q$4=$D101,$Q$3,""),IF($R$4=$D101,$R$3,""),IF($S$4=$D101,$S$3,"")) | D101: 5 | E101: greater than or equal to 5% less | G101: =_xlfn.TEXTJOIN(", ",TRUE,IF($N$5=$H101,$N$3&" ("&TEXT($J$33,"0%")&")",""),IF($O$5=$H101,$O$3,""),IF($P$5=$H101,$P$3,""),IF($Q$5=$H101,$Q$3,""),IF($R$5=$H101,$R$3,""),IF($S$5=$H101,$S$3,"")) | H101: 5 | I101: greater than or equal to 5% less | K101: =_xlfn.TEXTJOIN(", ",TRUE,IF($N$6=$L101,$N$3&" ("&TEXT($K$33,"0%")&")",""),IF($O$6=$L101,$O$3,""),IF($P$6=$L101,$P$3,""),IF($Q$6=$L101,$Q$3,""),IF($R$6=$L101,$R$3,""),IF($S$6=$L101,$S$3,"")) | L101: 5 | M101: greater than or equal to 5% less | O101: =_xlfn.TEXTJOIN(", ",TRUE,IF($N$7=$P101,$N$3&" ("&TEXT($L$33,"0%")&")",""),IF($O$7=$P101,$O$3,""),IF($P$7=$P101,$P$3,""),IF($Q$7=$P101,$Q$3,""),IF($R$7=$P101,$R$3,""),IF($S$7=$P101,$S$3,"")) | P101: 5 | Q101: greater than or equal to 5% less | S101: =_xlfn.TEXTJOIN(", ",TRUE,IF($N$8=$T101,$N$3&" ("&TEXT($M$33,"0%")&")",""),IF($O$8=$T101,$O$3,""),IF($P$8=$T101,$P$3,""),IF($Q$8=$T101,$Q$3,""),IF($R$8=$T101,$R$3,""),IF($S$8=$T101,$S$3,"")) | T101: 5 | U101: greater than or equal to 5% less
C102: =_xlfn.TEXTJOIN(", ",TRUE,IF($N$4=$D102,$N$3&" ("&TEXT($I$33,"0%")&")",""),IF($O$4=$D102,$O$3,""),IF($P$4=$D102,$P$3,""),IF($Q$4=$D102,$Q$3,""),IF($R$4=$D102,$R$3,""),IF($S$4=$D102,$S$3,"")) | D102: 4 | E102: 4% less | G102: =_xlfn.TEXTJOIN(", ",TRUE,IF($N$5=$H102,$N$3&" ("&TEXT($J$33,"0%")&")",""),IF($O$5=$H102,$O$3,""),IF($P$5=$H102,$P$3,""),IF($Q$5=$H102,$Q$3,""),IF($R$5=$H102,$R$3,""),IF($S$5=$H102,$S$3,"")) | H102: 4 | I102: 4% less | K102: =_xlfn.TEXTJOIN(", ",TRUE,IF($N$6=$L102,$N$3&" ("&TEXT($K$33,"0%")&")",""),IF($O$6=$L102,$O$3,""),IF($P$6=$L102,$P$3,""),IF($Q$6=$L102,$Q$3,""),IF($R$6=$L102,$R$3,""),IF($S$6=$L102,$S$3,"")) | L102: 4 | M102: 4% less | O102: =_xlfn.TEXTJOIN(", ",TRUE,IF($N$7=$P102,$N$3&" ("&TEXT($L$33,"0%")&")",""),IF($O$7=$P102,$O$3,""),IF($P$7=$P102,$P$3,""),IF($Q$7=$P102,$Q$3,""),IF($R$7=$P102,$R$3,""),IF($S$7=$P102,$S$3,"")) | P102: 4 | Q102: 4% less | S102: =_xlfn.TEXTJOIN(", ",TRUE,IF($N$8=$T102,$N$3&" ("&TEXT($M$33,"0%")&")",""),IF($O$8=$T102,$O$3,""),IF($P$8=$T102,$P$3,""),IF($Q$8=$T102,$Q$3,""),IF($R$8=$T102,$R$3,""),IF($S$8=$T102,$S$3,"")) | T102: 4 | U102: 4% less
C103: =_xlfn.TEXTJOIN(", ",TRUE,IF($N$4=$D103,$N$3&" ("&TEXT($I$33,"0%")&")",""),IF($O$4=$D103,$O$3,""),IF($P$4=$D103,$P$3,""),IF($Q$4=$D103,$Q$3,""),IF($R$4=$D103,$R$3,""),IF($S$4=$D103,$S$3,"")) | D103: 3 | E103: 3% less | G103: =_xlfn.TEXTJOIN(", ",TRUE,IF($N$5=$H103,$N$3&" ("&TEXT($J$33,"0%")&")",""),IF($O$5=$H103,$O$3,""),IF($P$5=$H103,$P$3,""),IF($Q$5=$H103,$Q$3,""),IF($R$5=$H103,$R$3,""),IF($S$5=$H103,$S$3,"")) | H103: 3 | I103: 3% less | K103: =_xlfn.TEXTJOIN(", ",TRUE,IF($N$6=$L103,$N$3&" ("&TEXT($K$33,"0%")&")",""),IF($O$6=$L103,$O$3,""),IF($P$6=$L103,$P$3,""),IF($Q$6=$L103,$Q$3,""),IF($R$6=$L103,$R$3,""),IF($S$6=$L103,$S$3,"")) -> ECO, NGW | L103: 3 | M103: 3% less | O103: =_xlfn.TEXTJOIN(", ",TRUE,IF($N$7=$P103,$N$3&" ("&TEXT($L$33,"0%")&")",""),IF($O$7=$P103,$O$3,""),IF($P$7=$P103,$P$3,""),IF($Q$7=$P103,$Q$3,""),IF($R$7=$P103,$R$3,""),IF($S$7=$P103,$S$3,"")) | P103: 3 | Q103: 3% less | S103: =_xlfn.TEXTJOIN(", ",TRUE,IF($N$8=$T103,$N$3&" ("&TEXT($M$33,"0%")&")",""),IF($O$8=$T103,$O$3,""),IF($P$8=$T103,$P$3,""),IF($Q$8=$T103,$Q$3,""),IF($R$8=$T103,$R$3,""),IF($S$8=$T103,$S$3,"")) | T103: 3 | U103: 3% less
C104: =_xlfn.TEXTJOIN(", ",TRUE,IF($N$4=$D104,$N$3&" ("&TEXT($I$33,"0%")&")",""),IF($O$4=$D104,$O$3,""),IF($P$4=$D104,$P$3,""),IF($Q$4=$D104,$Q$3,""),IF($R$4=$D104,$R$3,""),IF($S$4=$D104,$S$3,"")) | D104: 2 | E104: 2% less | G104: =_xlfn.TEXTJOIN(", ",TRUE,IF($N$5=$H104,$N$3&" ("&TEXT($J$33,"0%")&")",""),IF($O$5=$H104,$O$3,""),IF($P$5=$H104,$P$3,""),IF($Q$5=$H104,$Q$3,""),IF($R$5=$H104,$R$3,""),IF($S$5=$H104,$S$3,"")) -> COR | H104: 2 | I104: 2% less | K104: =_xlfn.TEXTJOIN(", ",TRUE,IF($N$6=$L104,$N$3&" ("&TEXT($K$33,"0%")&")",""),IF($O$6=$L104,$O$3,""),IF($P$6=$L104,$P$3,""),IF($Q$6=$L104,$Q$3,""),IF($R$6=$L104,$R$3,""),IF($S$6=$L104,$S$3,"")) | L104: 2 | M104: 2% less | O104: =_xlfn.TEXTJOIN(", ",TRUE,IF($N$7=$P104,$N$3&" ("&TEXT($L$33,"0%")&")",""),IF($O$7=$P104,$O$3,""),IF($P$7=$P104,$P$3,""),IF($Q$7=$P104,$Q$3,""),IF($R$7=$P104,$R$3,""),IF($S$7=$P104,$S$3,"")) | P104: 2 | Q104: 2% less | S104: =_xlfn.TEXTJOIN(", ",TRUE,IF($N$8=$T104,$N$3&" ("&TEXT($M$33,"0%")&")",""),IF($O$8=$T104,$O$3,""),IF($P$8=$T104,$P$3,""),IF($Q$8=$T104,$Q$3,""),IF($R$8=$T104,$R$3,""),IF($S$8=$T104,$S$3,"")) | T104: 2 | U104: 2% less
C105: =_xlfn.TEXTJOIN(", ",TRUE,IF($N$4=$D105,$N$3&" ("&TEXT($I$33,"0%")&")",""),IF($O$4=$D105,$O$3,""),IF($P$4=$D105,$P$3,""),IF($Q$4=$D105,$Q$3,""),IF($R$4=$D105,$R$3,""),IF($S$4=$D105,$S$3,"")) | D105: 1 | E105: 1% less | G105: =_xlfn.TEXTJOIN(", ",TRUE,IF($N$5=$H105,$N$3&" ("&TEXT($J$33,"0%")&")",""),IF($O$5=$H105,$O$3,""),IF($P$5=$H105,$P$3,""),IF($Q$5=$H105,$Q$3,""),IF($R$5=$H105,$R$3,""),IF($S$5=$H105,$S$3,"")) | H105: 1 | I105: 1% less | K105: =_xlfn.TEXTJOIN(", ",TRUE,IF($N$6=$L105,$N$3&" ("&TEXT($K$33,"0%")&")",""),IF($O$6=$L105,$O$3,""),IF($P$6=$L105,$P$3,""),IF($Q$6=$L105,$Q$3,""),IF($R$6=$L105,$R$3,""),IF($S$6=$L105,$S$3,"")) | L105: 1 | M105: 1% less | O105: =_xlfn.TEXTJOIN(", ",TRUE,IF($N$7=$P105,$N$3&" ("&TEXT($L$33,"0%")&")",""),IF($O$7=$P105,$O$3,""),IF($P$7=$P105,$P$3,""),IF($Q$7=$P105,$Q$3,""),IF($R$7=$P105,$R$3,""),IF($S$7=$P105,$S$3,"")) | P105: 1 | Q105: 1% less | S105: =_xlfn.TEXTJOIN(", ",TRUE,IF($N$8=$T105,$N$3&" ("&TEXT($M$33,"0%")&")",""),IF($O$8=$T105,$O$3,""),IF($P$8=$T105,$P$3,""),IF($Q$8=$T105,$Q$3,""),IF($R$8=$T105,$R$3,""),IF($S$8=$T105,$S$3,"")) | T105: 1 | U105: 1% less
C106: =_xlfn.TEXTJOIN(", ",TRUE,IF($N$4=$D106,$N$3&" ("&TEXT($I$33,"0%")&")",""),IF($O$4=$D106,$O$3,""),IF($P$4=$D106,$P$3,""),IF($Q$4=$D106,$Q$3,""),IF($R$4=$D106,$R$3,""),IF($S$4=$D106,$S$3,"")) -> BAU (28%), BAF, ECO, NGW | D106: 0 | E106: No change from baseline | G106: =_xlfn.TEXTJOIN(", ",TRUE,IF($N$5=$H106,$N$3&" ("&TEXT($J$33,"0%")&")",""),IF($O$5=$H106,$O$3,""),IF($P$5=$H106,$P$3,""),IF($Q$5=$H106,$Q$3,""),IF($R$5=$H106,$R$3,""),IF($S$5=$H106,$S$3,"")) -> BAU (83%), BAF | H106: 0 | I106: No change from baseline | K106: =_xlfn.TEXTJOIN(", ",TRUE,IF($N$6=$L106,$N$3&" ("&TEXT($K$33,"0%")&")",""),IF($O$6=$L106,$O$3,""),IF($P$6=$L106,$P$3,""),IF($Q$6=$L106,$Q$3,""),IF($R$6=$L106,$R$3,""),IF($S$6=$L106,$S$3,"")) -> BAU (26%), BAF | L106: 0 | M106: No change from baseline | O106: =_xlfn.TEXTJOIN(", ",TRUE,IF($N$7=$P106,$N$3&" ("&TEXT($L$33,"0%")&")",""),IF($O$7=$P106,$O$3,""),IF($P$7=$P106,$P$3,""),IF($Q$7=$P106,$Q$3,""),IF($R$7=$P106,$R$3,""),IF($S$7=$P106,$S$3,"")) -> BAU (0%), BAF, COR, Tunnel, ECO, NGW | P106: 0 | Q106: No change from baseline | S106: =_xlfn.TEXTJOIN(", ",TRUE,IF($N$8=$T106,$N$3&" ("&TEXT($M$33,"0%")&")",""),IF($O$8=$T106,$O$3,""),IF($P$8=$T106,$P$3,""),IF($Q$8=$T106,$Q$3,""),IF($R$8=$T106,$R$3,""),IF($S$8=$T106,$S$3,"")) -> BAU (0%), BAF, ECO, NGW | T106: 0 | U106: No change from baseline
C107: =_xlfn.TEXTJOIN(", ",TRUE,IF($N$4=$D107,$N$3&" ("&TEXT($I$33,"0%")&")",""),IF($O$4=$D107,$O$3,""),IF($P$4=$D107,$P$3,""),IF($Q$4=$D107,$Q$3,""),IF($R$4=$D107,$R$3,""),IF($S$4=$D107,$S$3,"")) | D107: -1 | E107: 1% more than baseline | G107: =_xlfn.TEXTJOIN(", ",TRUE,IF($N$5=$H107,$N$3&" ("&TEXT($J$33,"0%")&")",""),IF($O$5=$H107,$O$3,""),IF($P$5=$H107,$P$3,""),IF($Q$5=$H107,$Q$3,""),IF($R$5=$H107,$R$3,""),IF($S$5=$H107,$S$3,"")) -> Tunnel | H107: -1 | I107: 1% more than baseline | K107: =_xlfn.TEXTJOIN(", ",TRUE,IF($N$6=$L107,$N$3&" ("&TEXT($K$33,"0%")&")",""),IF($O$6=$L107,$O$3,""),IF($P$6=$L107,$P$3,""),IF($Q$6=$L107,$Q$3,""),IF($R$6=$L107,$R$3,""),IF($S$6=$L107,$S$3,"")) | L107: -1 | M107: 1% more than baseline | O107: =_xlfn.TEXTJOIN(", ",TRUE,IF($N$7=$P107,$N$3&" ("&TEXT($L$33,"0%")&")",""),IF($O$7=$P107,$O$3,""),IF($P$7=$P107,$P$3,""),IF($Q$7=$P107,$Q$3,""),IF($R$7=$P107,$R$3,""),IF($S$7=$P107,$S$3,"")) | P107: -1 | Q107: 1% more than baseline | S107: =_xlfn.TEXTJOIN(", ",TRUE,IF($N$8=$T107,$N$3&" ("&TEXT($M$33,"0%")&")",""),IF($O$8=$T107,$O$3,""),IF($P$8=$T107,$P$3,""),IF($Q$8=$T107,$Q$3,""),IF($R$8=$T107,$R$3,""),IF($S$8=$T107,$S$3,"")) | T107: -1 | U107: 1% more than baseline
C108: =_xlfn.TEXTJOIN(", ",TRUE,IF($N$4=$D108,$N$3&" ("&TEXT($I$33,"0%")&")",""),IF($O$4=$D108,$O$3,""),IF($P$4=$D108,$P$3,""),IF($Q$4=$D108,$Q$3,""),IF($R$4=$D108,$R$3,""),IF($S$4=$D108,$S$3,"")) -> COR | D108: -2 | E108: 2% more | G108: =_xlfn.TEXTJOIN(", ",TRUE,IF($N$5=$H108,$N$3&" ("&TEXT($J$33,"0%")&")",""),IF($O$5=$H108,$O$3,""),IF($P$5=$H108,$P$3,""),IF($Q$5=$H108,$Q$3,""),IF($R$5=$H108,$R$3,""),IF($S$5=$H108,$S$3,"")) | H108: -2 | I108: 2% more | K108: =_xlfn.TEXTJOIN(", ",TRUE,IF($N$6=$L108,$N$3&" ("&TEXT($K$33,"0%")&")",""),IF($O$6=$L108,$O$3,""),IF($P$6=$L108,$P$3,""),IF($Q$6=$L108,$Q$3,""),IF($R$6=$L108,$R$3,""),IF($S$6=$L108,$S$3,"")) | L108: -2 | M108: 2% more | O108: =_xlfn.TEXTJOIN(", ",TRUE,IF($N$7=$P108,$N$3&" ("&TEXT($L$33,"0%")&")",""),IF($O$7=$P108,$O$3,""),IF($P$7=$P108,$P$3,""),IF($Q$7=$P108,$Q$3,""),IF($R$7=$P108,$R$3,""),IF($S$7=$P108,$S$3,"")) | P108: -2 | Q108: 2% more | S108: =_xlfn.TEXTJOIN(", ",TRUE,IF($N$8=$T108,$N$3&" ("&TEXT($M$33,"0%")&")",""),IF($O$8=$T108,$O$3,""),IF($P$8=$T108,$P$3,""),IF($Q$8=$T108,$Q$3,""),IF($R$8=$T108,$R$3,""),IF($S$8=$T108,$S$3,"")) -> COR | T108: -2 | U108: 2% more
C109: =_xlfn.TEXTJOIN(", ",TRUE,IF($N$4=$D109,$N$3&" ("&TEXT($I$33,"0%")&")",""),IF($O$4=$D109,$O$3,""),IF($P$4=$D109,$P$3,""),IF($Q$4=$D109,$Q$3,""),IF($R$4=$D109,$R$3,""),IF($S$4=$D109,$S$3,"")) | D109: -3 | E109: 3% more | G109: =_xlfn.TEXTJOIN(", ",TRUE,IF($N$5=$H109,$N$3&" ("&TEXT($J$33,"0%")&")",""),IF($O$5=$H109,$O$3,""),IF($P$5=$H109,$P$3,""),IF($Q$5=$H109,$Q$3,""),IF($R$5=$H109,$R$3,""),IF($S$5=$H109,$S$3,"")) -> ECO, NGW | H109: -3 | I109: 3% more | K109: =_xlfn.TEXTJOIN(", ",TRUE,IF($N$6=$L109,$N$3&" ("&TEXT($K$33,"0%")&")",""),IF($O$6=$L109,$O$3,""),IF($P$6=$L109,$P$3,""),IF($Q$6=$L109,$Q$3,""),IF($R$6=$L109,$R$3,""),IF($S$6=$L109,$S$3,"")) | L109: -3 | M109: 3% more | O109: =_xlfn.TEXTJOIN(", ",TRUE,IF($N$7=$P109,$N$3&" ("&TEXT($L$33,"0%")&")",""),IF($O$7=$P109,$O$3,""),IF($P$7=$P109,$P$3,""),IF($Q$7=$P109,$Q$3,""),IF($R$7=$P109,$R$3,""),IF($S$7=$P109,$S$3,"")) | P109: -3 | Q109: 3% more | S109: =_xlfn.TEXTJOIN(", ",TRUE,IF($N$8=$T109,$N$3&" ("&TEXT($M$33,"0%")&")",""),IF($O$8=$T109,$O$3,""),IF($P$8=$T109,$P$3,""),IF($Q$8=$T109,$Q$3,""),IF($R$8=$T109,$R$3,""),IF($S$8=$T109,$S$3,"")) | T109: -3 | U109: 3% more
C110: =_xlfn.TEXTJOIN(", ",TRUE,IF($N$4=$D110,$N$3&" ("&TEXT($I$33,"0%")&")",""),IF($O$4=$D110,$O$3,""),IF($P$4=$D110,$P$3,""),IF($Q$4=$D110,$Q$3,""),IF($R$4=$D110,$R$3,""),IF($S$4=$D110,$S$3,"")) | D110: -4 | E110: 4% more | G110: =_xlfn.TEXTJOIN(", ",TRUE,IF($N$5=$H110,$N$3&" ("&TEXT($J$33,"0%")&")",""),IF($O$5=$H110,$O$3,""),IF($P$5=$H110,$P$3,""),IF($Q$5=$H110,$Q$3,""),IF($R$5=$H110,$R$3,""),IF($S$5=$H110,$S$3,"")) | H110: -4 | I110: 4% more | K110: =_xlfn.TEXTJOIN(", ",TRUE,IF($N$6=$L110,$N$3&" ("&TEXT($K$33,"0%")&")",""),IF($O$6=$L110,$O$3,""),IF($P$6=$L110,$P$3,""),IF($Q$6=$L110,$Q$3,""),IF($R$6=$L110,$R$3,""),IF($S$6=$L110,$S$3,"")) | L110: -4 | M110: 4% more | O110: =_xlfn.TEXTJOIN(", ",TRUE,IF($N$7=$P110,$N$3&" ("&TEXT($L$33,"0%")&")",""),IF($O$7=$P110,$O$3,""),IF($P$7=$P110,$P$3,""),IF($Q$7=$P110,$Q$3,""),IF($R$7=$P110,$R$3,""),IF($S$7=$P110,$S$3,"")) | P110: -4 | Q110: 4% more | S110: =_xlfn.TEXTJOIN(", ",TRUE,IF($N$8=$T110,$N$3&" ("&TEXT($M$33,"0%")&")",""),IF($O$8=$T110,$O$3,""),IF($P$8=$T110,$P$3,""),IF($Q$8=$T110,$Q$3,""),IF($R$8=$T110,$R$3,""),IF($S$8=$T110,$S$3,"")) | T110: -4 | U110: 4% more
C111: =_xlfn.TEXTJOIN(", ",TRUE,IF($N$4=$D111,$N$3&" ("&TEXT($I$33,"0%")&")",""),IF($O$4=$D111,$O$3,""),IF($P$4=$D111,$P$3,""),IF($Q$4=$D111,$Q$3,""),IF($R$4=$D111,$R$3,""),IF($S$4=$D111,$S$3,"")) -> Tunnel | D111: -5 | E111: greater than or equal to 5% more | G111: =_xlfn.TEXTJOIN(", ",TRUE,IF($N$5=$H111,$N$3&" ("&TEXT($J$33,"0%")&")",""),IF($O$5=$H111,$O$3,""),IF($P$5=$H111,$P$3,""),IF($Q$5=$H111,$Q$3,""),IF($R$5=$H111,$R$3,""),IF($S$5=$H111,$S$3,"")) | H111: -5 | I111: greater than or equal to 5% more | K111: =_xlfn.TEXTJOIN(", ",TRUE,IF($N$6=$L111,$N$3&" ("&TEXT($K$33,"0%")&")",""),IF($O$6=$L111,$O$3,""),IF($P$6=$L111,$P$3,""),IF($Q$6=$L111,$Q$3,""),IF($R$6=$L111,$R$3,""),IF($S$6=$L111,$S$3,"")) -> COR, Tunnel | L111: -5 | M111: greater than or equal to 5% more | O111: =_xlfn.TEXTJOIN(", ",TRUE,IF($N$7=$P111,$N$3&" ("&TEXT($L$33,"0%")&")",""),IF($O$7=$P111,$O$3,""),IF($P$7=$P111,$P$3,""),IF($Q$7=$P111,$Q$3,""),IF($R$7=$P111,$R$3,""),IF($S$7=$P111,$S$3,"")) | P111: -5 | Q111: greater than or equal to 5% more | S111: =_xlfn.TEXTJOIN(", ",TRUE,IF($N$8=$T111,$N$3&" ("&TEXT($M$33,"0%")&")",""),IF($O$8=$T111,$O$3,""),IF($P$8=$T111,$P$3,""),IF($Q$8=$T111,$Q$3,""),IF($R$8=$T111,$R$3,""),IF($S$8=$T111,$S$3,"")) -> Tunnel | T111: -5 | U111: greater than or equal to 5% more
C113: Day Use & Boating
C114: Dry Seasons
...

Sheet BAU
B1: Suisun | J1: Central Delta | S1: North Delta | Y1: South Delta
A2: Date | B2: CHADBOURNE SLOUGH AT SUNRISE DUCK CLUB | C2: MONTEZUMA SLOUGH AT NATIONAL STEEL | D2: MONTEZUMA SLOUGH NEAR BELDENS LANDING | E2: SUISUN SLOUGH 300' SOUTH OF VOLANTI SLOUGH | F2: HONKER BAY | G2: SUISUN BAY AT VAN SICKLE ISLAND | H2: SUISUN BAY WEST REACH | I2: GRIZZLY BAY BUOY | J2: DUTCH SL BELOW JERSEY ISLAND | K2: FALSE RIVER NEAR OAKLEY | L2: OLD RIVER AT FRANKS TRACT | M2: PITTSBURG | N2: SACRAMENTO RIVER AT EMMATON | O2: SAN ANDREAS LANDING | P2: SAN JOAQUIN RIVER AT JERSEY POINT | Q2: SUISUN BAY AT CHANNEL MARKER 5 AT COLLINSVILLE | R2: BRANNAN MARINAS AT SAN JOAQUIN RIVER | S2: LIBERTY CUT AT FIVE POINTS | T2: CACHE SLOUGH ABOVE RYER ISLAND FERRY | U2: DELTA CROSS CHANNEL NEAR WALNUT GROVE | V2: SACRAMENTO RIVER DOWNSTREAM OF ISLETON | W2: COURTLAND AT SACRAMENTO RIVER | X2: VIERAS RESORT AT SACRAMENTO RIVER | Y2: GRANT LINE CANAL NEAR CLIFTON COURT FORE | Z2: LITTLE POTATO SLOUGH AT TERMINOUS | AA2: MIDDLE RIVER AT MILDRED ISLAND | AB2: OLD RIVER AT CLIFTON COURT | AC2: SAN JOAQUIN RIVER AT BRANDT BRIDGE | AD2: SAN JOAQUIN RIVER AT PRISONERS POINT | AE2: SAN JOAQUIN RIVER NEAR VERNALIS | AF2: SAN JOAQUIN RIVER AT ROUGH AND READY ISLAND | AG2: VICTORIA CANAL BEFORE CLIFTON COURT FORE
A3: 43374 | B3: 14187.383 | C3: 5698.8164 | D3: 12355.245 | E3: 14046.185 | F3: 10633.861 | G3: 8007.693 | H3: 15622.194 | I3: 15095.698 | J3: 1219.0382 | K3: 1161.465 | L3: 435.27225 | M3: 7799.5005 | N3: 770.9231 | O3: 456.03146 | P3: 1317.1952 | Q3: 4931.7085 | R3: 635.5381 | S3: 275.34708 | T3: 138.55081 | U3: 109.65274 | V3: 120.88114 | W3: 110.69525 | X3: 112.63609 | Y3: 418.25137 | Z3: 130.39493 | AA3: 356.73343 | AB3: 599.4254 | AC3: 363.5233 | AD3: 361.20343 | AE3: 448.86038 | AF3: 439.94876 | AG3: 377.09177
A4: 43375 | B4: 14312.37 | C4: 5757.194 | D4: 12513.481 | E4: 14166.19 | F4: 10820.237 | G4: 8235.589 | H4: 15852.543 | I4: 15122.071 | J4: 1214.0515 | K4: 1186.4553 | L4: 452.53064 | M4: 8009.733 | N4: 829.1106 | O4: 473.36716 | P4: 1350.6161 | Q4: 5086.025 | R4: 656.3133 | S4: 264.6232 | T4: 137.65321 | U4: 110.01963 | V4: 120.66956 | W4: 109.07987 | X4: 112.15948 | Y4: 426.77908 | Z4: 130.83943 | AA4: 354.6108 | AB4: 591.02905 | AC4: 388.14706 | AD4: 366.8185 | AE4: 480.7754 | AF4: 440.8119 | AG4: 368.50876
A5: 43376 | B5: 14450.278 | C5: 5845.321 | D5: 12600.597 | E5: 14245.867 | F5: 10854.677 | G5: 8089.8257 | H5: 15619.519 | I5: 15159.218 | J5: 1212.2634 | K5: 1169.2101 | L5: 462.56424 | M5: 7739.151 | N5: 777.2413 | O5: 457.60263 | P5: 1330.2776 | Q5: 4966.151 | R5: 655.1888 | S5: 258.52426 | T5: 136.17984 | U5: 109.27357 | V5: 120.45316 | W5: 109.16311 | X5: 113.37368 | Y5: 444.67325 | Z5: 131.48375 | AA5: 351.58084 | AB5: 581.34564 | AC5: 415.26416 | AD5: 367.47043 | AE5: 498.2621 | AF5: 439.05997 | AG5: 363.36145
A6: 43377 | B6: 14584.979 | C6: 5970.309 | D6: 12674.753 | E6: 14316.688 | F6: 10776.868 | G6: 7870.0605 | H6: 15407.769 | I6: 15241.491 | J6: 1211.474 | K6: 1149.9884 | L6: 457.89023 | M6: 7483.197 | N6: 725.3548 | O6: 439.37784 | P6: 1309.7123 | Q6: 4796.3726 | R6: 640.49225 | S6: 250.99828 | T6: 134.4734 | U6: 109.47665 | V6: 118.64306 | W6: 108.9845 | X6: 112.14017 | Y6: 463.1201 | Z6: 131.2286 | AA6: 347.92276 | AB6: 575.9542 | AC6: 450.60254 | AD6: 366.58176 | AE6: 445.90475 | AF6: 435.94003 | AG6: 360.2229
A7: 43378 | B7: 14684.136 | C7: 6032.5684 | D7: 12725.691 | E7: 14369.622 | F7: 10466.176 | G7: 7468.6094 | H7: 14984.667 | I7: 15296.032 | J7: 1205.6431 | K7: 1128.1835 | L7: 446.7924 | M7: 7092.797 | N7: 688.4665 | O7: 409.95316 | P7: 1277.1769 | Q7: 4498.8755 | R7: 604.28326 | S7: 243.71443 | T7: 134.14763 | U7: 104.71906 | V7: 119.05249 | W7: 104.58044 | X7: 112.54816 | Y7: 469.92664 | Z7: 130.77672 | AA7: 343.9622 | AB7: 567.9567 | AC7: 467.0072 | AD7: 359.6229 | AE7: 449.29773 | AF7: 437.10605 | AG7: 357.11496
A8: 43379 | B8: 14794.378 | C8: 6084.4546 | D8: 12944.927 | E8: 14526.547 | F8: 10488.189 | G8: 7787.9194 | H8: 15453.487 | I8: 15304.161 | J8: 1199.1674 | K8: 1143.672 | L8: 427.0299 | M8: 7391.4824 | N8: 777.7011 | O8: 426.28085 | P8: 1294.358 | Q8: 4760.63 | R8: 618.24896 | S8: 230.4969 | T8: 134.05022 | U8: 111.13791 | V8: 119.55851 | W8: 121.00964 | X8: 111.82087 | Y8: 478.2972 | Z8: 130.84283 | AA8: 340.34744 | AB8: 568.89514 | AC8: 450.6768 | AD8: 347.91202 | AE8: 465.14456 | AF8: 455.70364 | AG8: 353.5863
A9: 43380 | B9: 14878.117 | C9: 6276.2104 | D9: 13093.491 | E9: 14610.055 | F9: 10416.193 | G9: 7678.1465 | H9: 15186.117 | I9: 15346.734 | J9: 1186.5724 | K9: 1092.2133 | L9: 441.5967 | M9: 7132.1914 | N9: 734.4672 | O9: 429.96704 | P9: 1254.3558 | Q9: 4656.2417 | R9: 622.46356 | S9: 219.70349 | T9: 133.20244 | U9: 119.84649 | V9: 120.23069 | W9: 114.60101 | X9: 113.6182 | Y9: 488.58127 | Z9: 130.53159 | AA9: 337.319 | AB9: 584.13184 | AC9: 458.01086 | AD9: 333.92673 | AE9: 457.11743 | AF9: 461.68588 | AG9: 353.3546
A10: 43381 | B10: 15019.18 | C10: 6403.57 | D10: 13400.945 | E10: 14827.288 | F10: 10478.157 | G10: 8099.153 | H10: 15966.746 | I10: 15277.366 | J10: 1174.0088 | K10: 1124.8434 | L10: 404.36276 | M10: 7708.595 | N10: 842.4233 | O10: 442.0245 | P10: 1275.3693 | Q10: 4974.5366 | R10: 628.6731 | S10: 210.98564 | T10: 134.98347 | U10: 112.64117 | V10: 129.73003 | W10: 114.09754 | X10: 123.51954 | Y10: 502.5359 | Z10: 131.50117 | AA10: 335.24402 | AB10: 577.7066 | AC10: 463.1936 | AD10: 335.71854 | AE10: 433.6356 | AF10: 463.27975 | AG10: 355.20346
A11: 43382 | B11: 15218.124 | C11: 6634.595 | D11: 13793.761 | E11: 15101.648 | F11: 11538.761 | G11: 9509.97 | H11: 17543.213 | I11: 15400.868 | J11: 1174.2898 | K11: 1213.3485 | L11: 428.3662 | M11: 9039.882 | N11: 1255.3463 | O11: 508.6411 | P11: 1382.3029 | Q11: 6114.599 | R11: 689.55615 | S11: 202.83699 | T11: 139.91754 | U11: 115.0918 | V11: 135.17451 | W11: 117.67828 | X11: 123.31998 | Y11: 495.16895 | Z11: 132.7838 | AA11: 333.4232 | AB11: 551.95703 | AC11: 436.99435 | AD11: 358.251 | AE11: 425.36978 | AF11: 468.7676 | AG11: 353.0652
A12: 43383 | B12: 15439.983 | C12: 6966.775 | D12: 14124.935 | E12: 15392.586 | F12: 12960.223 | G12: 10695.536 | H12: 18631.53 | I12: 15753.007 | J12: 1194.4717 | K12: 1306.524 | L12: 473.77 | M12: 10209.936 | N12: 1693.201 | O12: 558.14606 | P12: 1513.4535 | Q12: 7199.436 | R12: 741.116 | S12: 197.28282 | T12: 145.06657 | U12: 128.53471 | V12: 140.00359 | W12: 124.38033 | X12: 124.11303 | Y12: 490.9098 | Z12: 135.20982 | AA12: 330.94846 | AB12: 543.14276 | AC12: 429.94888 | AD12: 389.73865 | AE12: 448.22903 | AF12: 465.99252 | AG12: 350.3453
A13: 43384 | B13: 15624.944 | C13: 7132.1074 | D13: 14255.854 | E13: 15587.438 | F13: 13389.091 | G13: 10706.545 | H13: 18563.125 | I13: 16131.722 | J13: 1214.172 | K13: 1304.3502 | L13: 493.47598 | M13: 10212.286 | N13: 1699.2719 | O13: 523.18695 | P13: 1517.8322 | Q13: 7297.4785 | R13: 717.5357 | S13: 193.93675 | T13: 145.10295 | U13: 120.59975 | V13: 139.71547 | W13: 119.65432 | X13: 125.52331 | Y13: 495.6581 | Z13: 136.31464 | AA13: 328.3578 | AB13: 539.86206 | AC13: 430.9399 | AD13: 394.6786 | AE13: 473.5988 | AF13: 458.73843 | AG13: 346.90256
A14: 43385 | B14: 15787.129 | C14: 7280.0396 | D14: 14342.988 | E14: 15730.602 | F14: 13170.633 | G14: 10238.89 | H14: 18040.254 | I14: 16536.375 | J14: 1221.2947 | K14: 1275.7789 | L14: 475.20178 | M14: 9791.062 | N14: 1498.5835 | O14: 479.68552 | P14: 1475.8828 | Q14: 6894.8047 | R14: 674.33575 | S14: 189.54889 | T14: 143.5006 | U14: 121.00289 | V14: 140.07732 | W14: 115.94214 | X14: 129.66745 | Y14: 492.83707 | Z14: 136.24867 | AA14: 326.6619 | AB14: 543.6301 | AC14: 467.5012 | AD14: 383.33908 | AE14: 482.0358 | AF14: 451.40652 | AG14: 346.5051
... A795: 44166 | B795: 13931.319 | C795: 7101.8716 | D795: 7028.721 | E795: 12877.281 | F795: 15030.647 | G795: 6349.2354 | H795: 12537.686 | I795: 18525.531 | J795: 1418.6486 | K795: 1282.1018 | L795: 824.3591 | M795: 5749.4688 | N795: 1197.3696 | O795: 283.23718 | P795: 1326.0695 | Q795: 2914.284 | R795: 535.70404 | S795: 152.76317 | T795: 156.05252 | U795: 134.59422 | V795: 145.04791 | W795: 145.08557 | X795: 144.67583 | Y795: 736.3665 | Z795: 172.32137 | AA795: 540.0816 | AB795: 764.4203 | AC795: 700.45135 | AD795: 490.31287 | AE795: 799.69885 | AF795: 492.08087 | AG795: 539.761
A796: TOTAL EXCEEDANCES | B796: =COUNTIF(B$3:B$795,">=1000") -> 664 | C796: =COUNTIF(C$3:C$795,">=1000") -> 558 | D796: =COUNTIF(D$3:D$795,">=1000") -> 633 | E796: =COUNTIF(E$3:E$795,">=1000") -> 663 | F796: =COUNTIF(F$3:F$795,">=1000") -> 630 | G796: =COUNTIF(G$3:G$795,">=1000") -> 623 | H796: =COUNTIF(H$3:H$795,">=1000") -> 656 | I796: =COUNTIF(I$3:I$795,">=1000") -> 655 | ... AG796: =COUNTIF(AG$3:AG$795,">=1000") -> 0
A797: WET 1 | B797: =COUNTIF(B$3:B$184,">=1000") -> 144 | C797: =COUNTIF(C$3:C$184,">=1000") -> 103 | D797: =COUNTIF(D$3:D$184,">=1000") -> 115 | E797: =COUNTIF(E$3:E$184,">=1000") -> 142 | F797: =COUNTIF(F$3:F$184,">=1000") -> 112 | G797: =COUNTIF(G$3:G$184,">=1000") -> 107 | H797: =COUNTIF(H$3:H$184,">=1000") -> 122 | I797: =COUNTIF(I$3:I$184,">=1000") -> 131 | ... AG797: =COUNTIF(AG$3:AG$184,">=1000") -> 0 | AH797: OCT 2018 - MARCH 2019
A798: WET 2 | B798: =COUNTIF(B$368:B$550,">=1000") -> 183 | C798: =COUNTIF(C$368:C$550,">=1000") -> 157 | D798: =COUNTIF(D$368:D$550,">=1000") -> 183 | E798: =COUNTIF(E$368:E$550,">=1000") -> 183 | F798: =COUNTIF(F$368:F$550,">=1000") -> 183 | G798: =COUNTIF(G$368:G$550,">=1000") -> 182 | H798: =COUNTIF(H$368:H$550,">=1000") -> 183 | I798: =COUNTIF(I$368:I$550,">=1000") -> 183 | ... AG798: =COUNTIF(AG$368:AG$550,">=1000") -> 0 | AH798: OCT 2019 - MARCH 2020
A799: DRY 1 | B799: =COUNTIF(B$185:B$367,">=1000") -> 92 | C799: =COUNTIF(C$185:C$367,">=1000") -> 72 | D799: =COUNTIF(D$185:D$367,">=1000") -> 90 | E799: =COUNTIF(E$185:E$367,">=1000") -> 93 | F799: =COUNTIF(F$185:F$367,">=1000") -> 90 | G799: =COUNTIF(G$185:G$367,">=1000") -> 89 | H799: =COUNTIF(H$185:H$367,">=1000") -> 106 | I799: =COUNTIF(I$185:I$367,">=1000") -> 96 | ... AG799: =COUNTIF(AG$185:AG$367,">=1000") -> 0 | AH799: APRIL 2019 - SEPTEMBER 2019
A800: DRY 2 | B800: =COUNTIF(B$551:B$733,">=1000") -> 183 | C800: =COUNTIF(C$551:C$733,">=1000") -> 164 | D800: =COUNTIF(D$551:D$733,">=1000") -> 183 | E800: =COUNTIF(E$551:E$733,">=1000") -> 183 | F800: =COUNTIF(F$551:F$733,">=1000") -> 183 | G800: =COUNTIF(G$551:G$733,">=1000") -> 183 | H800: =COUNTIF(H$551:H$733,">=1000") -> 183 | I800: =COUNTIF(I$551:I$733,">=1000") -> 183 | ... AG800: =COUNTIF(AG$551:AG$733,">=1000") -> 0 | AH800: APRIL 2020 - SEPTEMBER 2020
A801: ALL WET | B801: =SUM(B$797,B$798) -> 327 | C801: =SUM(C$797,C$798) -> 260 | D801: =SUM(D$797,D$798) -> 298 | E801: =SUM(E$797,E$798) -> 325 | F801: =SUM(F$797,F$798) -> 295 | G801: =SUM(G$797,G$798) -> 289 | H801: =SUM(H$797,H$798) -> 305 | I801: =SUM(I$797,I$798) -> 314 | ... AG801: =SUM(AG$797,AG$798) -> 0
A802: ALL DRY | B802: =SUM(B$799,B$800) -> 275 | C802: =SUM(C$799,C$800) -> 236 | D802: =SUM(D$799,D$800) -> 273 | E802: =SUM(E$799,E$800) -> 276 | F802: =SUM(F$799,F$800) -> 273 | G802: =SUM(G$799,G$800) -> 272 | H802: =SUM(H$799,H$800) -> 289 | I802: =SUM(I$799,I$800) -> 279 | ... AG802: =SUM(AG$799,AG$800) -> 0
D805: Day Use & Boating | F805: THRESHOLD: 1,000 MICROSIEMENS/CM (EC) | S805: SP DAY USE & BOATING | AA805: SP DAY USE & BOATING | AE805: SP DAY USE & BOATING | AI805: SP DAY USE & BOATING | AQ805: SP DAY USE & BOATING | AY805: SP DAY USE & BOATING
F806: WET SEASON | S806: TOTAL RUN | AA806: WET SEASONS | AE806: DRY SEASONS | AI806: TOTAL RUN | AK806: Delta-Wide | AL806: Suisun | AM806: Central Delta | AN806: North Delta | AO806: South Delta | AQ806: WET SEASONS | AS806: Delta-Wide | AT806: Suisun | AU806: Central Delta | AV806: North Delta | AW806: South Delta | AY806: DRY SEASONS | BA806: Delta-Wide | BB806: Suisun | BC806: Central Delta | BD806: North Delta | BE806: South Delta
F807: OCTOBER 1 - MARCH 31 | M807: DRY SEASON | S807: Total points | U807: =COUNTIF(B3:AG3,"<>") -> 32 | AA807: Total points | AC807: =$U$807 -> 32 | AE807: Total points | AG807: =$U$807 -> 32 | AI807: Total points | AK807: =COUNTIF(B2:AG2,"<>") -> 32 | AL807: =COUNTIF(B2:I2,"<>") -> 8 | AM807: =COUNTIF(J2:R2,"<>") -> 9 | AN807: =COUNTIF(S2:X2,"<>") -> 6 | AO807: =COUNTIF(Y2:AG2,"<>") -> 9 | AQ807: Total points | AS807: =$U$807 -> 32 | AT807: 8 | AU807: 9 | AV807: 6 | AW807: 9 | AY807: Total points | BA807: =$U$807 -> 32 | BB807: 8 | BC807: 9 | BD807: 6 | BE807: 9
F808: WET SEASON 1 | H808: 10/1/18 - 3/31/19 | J808: =COUNTIF($A$3:$A$184,"<>") -> 182 | M808: APRIL 1 - SEPTEMBER 30 | S808: Days in run | U808: =COUNTIF($A$3:$A$795,"<>") -> 793 | AA808: Days in run | AC808: =SUM($J$808:$J$809) -> 365 | AE808: Days in run | AG808: =SUM($Q$809:$Q$810) -> 366 | AI808: Days in run | AK808: =COUNTIF($A$3:$A$795,"<>") -> 793 | AL808: =COUNTIF($A$3:$A$795,"<>") -> 793 | AM808: =COUNTIF($A$3:$A$795,"<>") -> 793 | AN808: =COUNTIF($A$3:$A$795,"<>") -> 793 | AO808: =COUNTIF($A$3:$A$795,"<>") -> 793 | AQ808: Days in run | AS808: =SUM($J$808:$J$809) -> 365 | AT808: =SUM($J$808:$J$809) -> 365 | AU808: =SUM($J$808:$J$809) -> 365 | AV808: =SUM($J$808:$J$809) -> 365 | AW808: =SUM($J$808:$J$809) -> 365 | AY808: Days in run | BA808: =SUM($Q$809:$Q$810) -> 366 | BB808: =SUM($Q$809:$Q$810) -> 366 | BC808: =SUM($Q$809:$Q$810) -> 366 | BD808: =SUM($Q$809:$Q$810) -> 366 | BE808: =SUM($Q$809:$Q$810) -> 366
F809: WET SEASON 2 | H809: 10/1/19 - 3/31/20 | J809: =COUNTIF($A$368:$A$550,"<>") -> 183 | M809: DRY SEASON 2 | O809: 4/1/19 - 9/30/19 | Q809: =COUNTIF($A$185:$A$367,"<>") -> 183 | S809: Total measurements | U809: =U808*U807 -> 25376 | V809: DENOMINATOR FOR EXCEEDANCE % | AA809: Total measurements | AC809: =AC808*AC807 -> 11680 | AE809: Total measurements | AG809: =$AG$808*$AG$807 -> 11712 | AI809: Total measurements | AK809: =AK808*AK807 -> 25376 | AL809: =AL808*AL807 -> 6344 | AM809: =AM808*AM807 -> 7137 | AN809: =AN808*AN807 -> 4758 | AO809: =AO808*AO807 -> 7137 | AQ809: Total measurements | AS809: =AS808*AS807 -> 11680 | AT809: =AT808*AT807 -> 2920 | AU809: =AU808*AU807 -> 3285 | AV809: =AV808*AV807 -> 2190 | AW809: =AW808*AW807 -> 3285 | AY809: Total measurements | BA809: =BA808*BA807 -> 11712 | BB809: =BB808*BB807 -> 2928 | BC809: =BC808*BC807 -> 3294 | BD809: =BD808*BD807 -> 2196 | BE809: =BE808*BE807 -> 3294
F810: WET SEASON 3 | H810: 10/1/20 - 12/1/20 | J810: =COUNTIF($A$734:$A$795,"<>") -> 62 | M810: DRY SEASON 3 | O810: 4/1/20 - 9/30/20 | Q810: =COUNTIF($A$551:$A$733,"<>") -> 183 | S810: Measurements >= 1000 | U810: =SUM(B796:AG796) -> 7026 | V810: NUMERATOR FOR EXCEEDANCE % | AA810: Measurements >= 1000 | AC810: =SUM($B$801:$AG$801) -> 3261 | AE810: Measurements >= 1000 | AG810: =SUM($B$802:$AG$802) -> 2898 | AI810: Measurements >= 1000 | AK810: =SUM(B796:AG796) -> 7026 | AL810: =SUM(B796:I796) -> 5082 | AM810: =SUM(J796:R796) -> 1943 | AN810: =SUM(S796:X796) -> 0 | AO810: =SUM(Y796:AG796) -> 1 | AQ810: Measurements >= 1000 | AS810: =SUM($B$801:$AG$801) -> 3261 | AT810: =SUM(B801:I801) -> 2413 | AU810: =SUM(J801:R801) -> 847 | AV810: =SUM(S801:X801) -> 0 | AW810: =SUM(Y801:AG801) -> 1 | AY810: Measurements >= 1000 | BA810: =SUM($B$802:$AG$802) -> 2898 | BB810: =SUM(B802:I802) -> 2173 | BC810: =SUM(J802:R802) -> 725 | BD810: =SUM(S802:X802) -> 0 | BE810: =SUM(Y802:AG802) -> 0
S811: % Total Run Exceedances | U811: =$U810/$U809 -> 0.27687579 | AA811: % WET Exceedances | AC811: =AC810/AC809 -> 0.27919521 | AE811: % DRY Exceedances | AG811: =AG810/AG809 -> 0.24743852 | AI811: % Total Run Exceedances | AK811: =AK810/AK809 -> 0.27687579 | AL811: =AL810/AL809 -> 0.80107188 | AM811: =AM810/AM809 -> 0.27224324 | AN811: =AN810/AN809 -> 0 | AO811: =AO810/AO809 -> 0.00014011489 | AQ811: % WET Exceedances | AS811: =AS810/AS809 -> 0.27919521 | AT811: =AT810/AT809 -> 0.82636986 | AU811: =AU810/AU809 -> 0.25783866 | AV811: =AV810/AV809 -> 0 | AW811: =AW810/AW809 -> 0.000304414 | AY811: % DRY Exceedances | BA811: =BA810/BA809 -> 0.24743852 | BB811: =BB810/BB809 -> 0.74214481 | BC811: =BC810/BC809 -> 0.22009715 | BD811: =BD810/BD809 -> 0 | BE811: =BE810/BE809 -> 0
A813: TOTAL EXCEEDANCES | B813: =COUNTIF(B$3:B$795,">=2640") -> 624 | C813: =COUNTIF(C$3:C$795,">=2640") -> 287 | D813: =COUNTIF(D$3:D$795,">=2640") -> 506 | E813: =COUNTIF(E$3:E$795,">=2640") -> 624 | F813: =COUNTIF(F$3:F$795,">=2640") -> 584 | G813: =COUNTIF(G$3:G$795,">=2640") -> 458 | H813: =COUNTIF(H$3:H$795,">=2640") -> 632 | I813: =COUNTIF(I$3:I$795,">=2640") -> 629 | ... AG813: =COUNTIF(AG$3:AG$795,">=2640") -> 0
A814: WET 1 | B814: =COUNTIF(B$3:B$184,">=2640") -> 115 | C814: =COUNTIF(C$3:C$184,">=2640") -> 89 | D814: =COUNTIF(D$3:D$184,">=2640") -> 104 | E814: =COUNTIF(E$3:E$184,">=2640") -> 115 | F814: =COUNTIF(F$3:F$184,">=2640") -> 106 | G814: =COUNTIF(G$3:G$184,">=2640") -> 102 | H814: =COUNTIF(H$3:H$184,">=2640") -> 112 | I814: =COUNTIF(I$3:I$184,">=2640") -> 115 | ... AG814: =COUNTIF(AG$3:AG$184,">=2640") -> 0 | AH814: OCT 2018 - MARCH 2019
A815: WET 2 | B815: =COUNTIF(B$368:B$550,">=2640") -> 183 | C815: =COUNTIF(C$368:C$550,">=2640") -> 21 | D815: =COUNTIF(D$368:D$550,">=2640") -> 108 | E815: =COUNTIF(E$368:E$550,">=2640") -> 183 | F815: =COUNTIF(F$368:F$550,">=2640") -> 162 | G815: =COUNTIF(G$368:G$550,">=2640") -> 107 | H815: =COUNTIF(H$368:H$550,">=2640") -> 183 | I815: =COUNTIF(I$368:I$550,">=2640") -> 183 | ... AG815: =COUNTIF(AG$368:AG$550,">=2640") -> 0 | AH815: OCT 2019 - MARCH 2020
A816: DRY 1 | B816: =COUNTIF(B$185:B$367,">=2640") -> 81 | C816: =COUNTIF(C$185:C$367,">=2640") -> 0 | D816: =COUNTIF(D$185:D$367,">=2640") -> 77 | E816: =COUNTIF(E$185:E$367,">=2640") -> 81 | F816: =COUNTIF(F$185:F$367,">=2640") -> 71 | G816: =COUNTIF(G$185:G$367,">=2640") -> 19 | H816: =COUNTIF(H$185:H$367,">=2640") -> 92 | I816: =COUNTIF(I$185:I$367,">=2640") -> 86 | ... AG816: =COUNTIF(AG$185:AG$367,">=2640") -> 0 | AH816: APRIL 2019 - SEPTEMBER 2019
A817: DRY 2 | B817: =COUNTIF(B$551:B$733,">=2640") -> 183 | C817: =COUNTIF(C$551:C$733,">=2640") -> 115 | D817: =COUNTIF(D$551:D$733,">=2640") -> 155 | E817: =COUNTIF(E$551:E$733,">=2640") -> 183 | F817: =COUNTIF(F$551:F$733,">=2640") -> 183 | G817: =COUNTIF(G$551:G$733,">=2640") -> 168 | H817: =COUNTIF(H$551:H$733,">=2640") -> 183 | I817: =COUNTIF(I$551:I$733,">=2640") -> 183 | ... AG817: =COUNTIF(AG$551:AG$733,">=2640") -> 0 | AH817: APRIL 2020 - SEPTEMBER 2020
A818: ALL WET | B818: =SUM(B814,B815) -> 298 | C818: =SUM(C814,C815) -> 110 | D818: =SUM(D814,D815) -> 212 | E818: =SUM(E814,E815) -> 298 | F818: =SUM(F814,F815) -> 268 | G818: =SUM(G814,G815) -> 209 | H818: =SUM(H814,H815) -> 295 | I818: =SUM(I814,I815) -> 298 | ... AG818: =SUM(AG814,AG815) -> 0
A819: ALL DRY | B819: =SUM(B816,B817) -> 264 | C819: =SUM(C816,C817) -> 115 | D819: =SUM(D816,D817) -> 232 | E819: =SUM(E816,E817) -> 264 | F819: =SUM(F816,F817) -> 254 | G819: =SUM(G816,G817) -> 187 | H819: =SUM(H816,H817) -> 275 | I819: =SUM(I816,I817) -> 269 | ... AG819: =SUM(AG816,AG817) -> 0
D821: Birding | F821: THRESHOLD: 2,640 MICROSIEMENS/CM (EC) | S821: BIRDING | AA821: BIRDING | AE821: BIRDING | AI821: BIRDING | AQ821: BIRDING | AY821: BIRDING
F822: WET SEASON | S822: TOTAL RUN | AA822: WET SEASONS | AE822: DRY SEASONS | AI822: TOTAL RUN | AK822: Delta-Wide | AL822: Suisun | AM822: Central Delta | AN822: North Delta | AO822: South Delta | AQ822: WET SEASONS | AS822: Delta-Wide | AT822: Suisun | AU822: Central Delta | AV822: North Delta | AW822: South Delta | AY822: DRY SEASONS | BA822: Delta-Wide | BB822: Suisun | BC822: Central Delta | BD822: North Delta | BE822: South Delta
F823: OCTOBER 1 - MARCH 31 | M823: DRY SEASON | S823: Total points | U823: =COUNTIF(B3:AG3,"<>") -> 32 | AA823: Total points | AC823: =$U$807 -> 32 | AE823: Total points | AG823: =$U$807 -> 32 | AI823: Total points | AK823: =COUNTIF(B18:AG18,"<>") -> 32 | AL823: =COUNTIF(B18:I18,"<>") -> 8 | AM823: =COUNTIF(J18:R18,"<>") -> 9 | AN823: =COUNTIF(S18:X18,"<>") -> 6 | AO823: =COUNTIF(Y18:AG18,"<>") -> 9 | AQ823: Total points | AS823: =$U$807 -> 32 | AT823: 8 | AU823: 9 | AV823: 6 | AW823: 9 | AY823: Total points | BA823: =$U$807 -> 32 | BB823: 8 | BC823: 9 | BD823: 6 | BE823: 9
F824: WET SEASON 1 | H824: 10/1/18 - 3/31/19 | J824: =COUNTIF($A$3:$A$184,"<>") -> 182 | M824: APRIL 1 - SEPTEMBER 30 | S824: Days in run | U824: =COUNTIF($A$3:$A$795,"<>") -> 793 | AA824: Days in run | AC824: =SUM($J$808:$J$809) -> 365 | AE824: Days in run | AG824: =SUM($Q$809:$Q$810) -> 366 | AI824: Days in run | AK824: =COUNTIF($A$3:$A$795,"<>") -> 793 | AL824: =COUNTIF($A$3:$A$795,"<>") -> 793 | AM824: =COUNTIF($A$3:$A$795,"<>") -> 793 | AN824: =COUNTIF($A$3:$A$795,"<>") -> 793 | AO824: =COUNTIF($A$3:$A$795,"<>") -> 793 | AQ824: Days in run | AS824: =SUM($J$808:$J$809) -> 365 | AT824: =SUM($J$808:$J$809) -> 365 | AU824: =SUM($J$808:$J$809) -> 365 | AV824: =SUM($J$808:$J$809) -> 365 | AW824: =SUM($J$808:$J$809) -> 365 | AY824: Days in run | BA824: =SUM($Q$809:$Q$810) -> 366 | BB824: =SUM($Q$809:$Q$810) -> 366 | BC824: =SUM($Q$809:$Q$810) -> 366 | BD824: =SUM($Q$809:$Q$810) -> 366 | BE824: =SUM($Q$809:$Q$810) -> 366
F825: WET SEASON 2 | H825: 10/1/19 - 3/31/20 | J825: =COUNTIF($A$368:$A$550,"<>") -> 183 | M825: DRY SEASON 2 | O825: 4/1/19 - 9/30/19 | Q825: =COUNTIF($A$185:$A$367,"<>") -> 183 | S825: Total measurements | U825: =$U$808*$U$807 -> 25376 | V825: DENOMINATOR FOR EXCEEDANCE % | AA825: Total measurements | AC825: =AC824*AC823 -> 11680 | AE825: Total measurements | AG825: =$AG$808*$AG$807 -> 11712 | AI825: Total measurements | AK825: =AK824*AK823 -> 25376 | AL825: =AL824*AL823 -> 6344 | AM825: =AM824*AM823 -> 7137 | AN825: =AN824*AN823 -> 4758 | AO825: =AO824*AO823 -> 7137 | AQ825: Total measurements | AS825: =AS824*AS823 -> 11680 | AT825: =AT824*AT823 -> 2920 | AU825: =AU824*AU823 -> 3285 | AV825: =AV824*AV823 -> 2190 | AW825: =AW824*AW823 -> 3285 | AY825: Total measurements | BA825: =BA824*BA823 -> 11712 | BB825: =BB824*BB823 -> 2928 | BC825: =BC824*BC823 -> 3294 | BD825: =BD824*BD823 -> 2196 | BE825: =BE824*BE823 -> 3294
F826: WET SEASON 3 | H826: 10/1/20 - 12/1/20 | J826: =COUNTIF($A$734:$A$795,"<>") -> 62 | M826: DRY SEASON 3 | O826: 4/1/20 - 9/30/20 | Q826: =COUNTIF($A$551:$A$733,"<>") -> 183 | S826: Measurements >= 2640 | U826: =SUM(B813:AG813) -> 5090 | V826: NUMERATOR FOR EXCEEDANCE % | AA826: Measurements >= 2640 | AC826: =SUM(B818:AG818) -> 2306 | AE826: Measurements >= 2640 | AG826: =SUM(B819:AG819) -> 2154 | AI826: Measurements >= 2640 | AK826: =SUM(B813:AG813) -> 5090 | AL826: =SUM(B813:I813) -> 4344 | AM826: =SUM(J813:R813) -> 746 | AN826: =SUM(S813:X813) -> 0 | AO826: =SUM(Y813:AG813) -> 0 | AQ826: Measurements >= 2640 | AS826: =SUM(B818:AG818) -> 2306 | AT826: =SUM(B818:I818) -> 1988 | AU826: =SUM(J818:R818) -> 318 | AV826: =SUM(S818:X818) -> 0 | AW826: =SUM(Y818:AG818) -> 0 | AY826: Measurements >= 2640 | BA826: =SUM(B819:AG819) -> 2154 | BB826: =SUM(B819:I819) -> 1860 | BC826: =SUM(J819:R819) -> 294 | BD826: =SUM(S819:X819) -> 0 | BE826: =SUM(Y819:AG819) -> 0
S827: % Total Run Exceedances | U827: =$U826/$U825 -> 0.20058323 | AA827: % WET Exceedances | AC827: =AC826/AC825 -> 0.19743151 | AE827: % DRY Exceedances | AG827: =AG826/AG825 -> 0.18391393 | AI827: % Total Run Exceedances | AK827: =AK826/AK825 -> 0.20058323 | AL827: =AL826/AL825 -> 0.68474149 | AM827: =AM826/AM825 -> 0.10452571 | AN827: =AN826/AN825 -> 0 | AO827: =AO826/AO825 -> 0 | AQ827: % WET Exceedances | AS827: =AS826/AS825 -> 0.19743151 | AT827: =AT826/AT825 -> 0.68082192 | AU827: =AU826/AU825 -> 0.096803653 | AV827: =AV826/AV825 -> 0 | AW827: =AW826/AW825 -> 0 | AY827: % DRY Exceedances | BA827: =BA826/BA825 -> 0.18391393 | BB827: =BB826/BB825 -> 0.6352459 | BC827: =BC826/BC825 -> 0.089253188 | BD827: =BD826/BD825 -> 0 | BE827: =BE826/BE825 -> 0
A829: TOTAL EXCEEDANCES | B829: =COUNTIF(B$3:B$795,">=3600") -> 571 | C829: =COUNTIF(C$3:C$795,">=3600") -> 252 | D829: =COUNTIF(D$3:D$795,">=3600") -> 471 | E829: =COUNTIF(E$3:E$795,">=3600") -> 565 | F829: =COUNTIF(F$3:F$795,">=3600") -> 501 | G829: =COUNTIF(G$3:G$795,">=3600") -> 368 | H829: =COUNTIF(H$3:H$795,">=3600") -> 628 | I829: =COUNTIF(I$3:I$795,">=3600") -> 624 | ... AG829: =COUNTIF(AG$3:AG$795,">=3600") -> 0
A830: WET 1 | B830: =COUNTIF(B$3:B$184,">=3600") -> 109 | C830: =COUNTIF(C$3:C$184,">=3600") -> 78 | D830: =COUNTIF(D$3:D$184,">=3600") -> 92 | E830: =COUNTIF(E$3:E$184,">=3600") -> 111 | F830: =COUNTIF(F$3:F$184,">=3600") -> 104 | G830: =COUNTIF(G$3:G$184,">=3600") -> 97 | H830: =COUNTIF(H$3:H$184,">=3600") -> 110 | I830: =COUNTIF(I$3:I$184,">=3600") -> 114 | ... AG830: =COUNTIF(AG$3:AG$184,">=3600") -> 0 | AH830: OCT 2018 - MARCH 2019
A831: WET 2 | B831: =COUNTIF(B$368:B$550,">=3600") -> 163 | C831: =COUNTIF(C$368:C$550,">=3600") -> 10 | D831: =COUNTIF(D$368:D$550,">=3600") -> 106 | E831: =COUNTIF(E$368:E$550,">=3600") -> 151 | F831: =COUNTIF(F$368:F$550,">=3600") -> 128 | G831: =COUNTIF(G$368:G$550,">=3600") -> 53 | H831: =COUNTIF(H$368:H$550,">=3600") -> 183 | I831: =COUNTIF(I$368:I$550,">=3600") -> 183 | ... AG831: =COUNTIF(AG$368:AG$550,">=3600") -> 0 | AH831: OCT 2019 - MARCH 2020
A832: DRY 1 | B832: =COUNTIF(B$185:B$367,">=3600") -> 76 | C832: =COUNTIF(C$185:C$367,">=3600") -> 0 | D832: =COUNTIF(D$185:D$367,">=3600") -> 70 | E832: =COUNTIF(E$185:E$367,">=3600") -> 77 | F832: =COUNTIF(F$185:F$367,">=3600") -> 32 | G832: =COUNTIF(G$185:G$367,">=3600") -> 7 | H832: =COUNTIF(H$185:H$367,">=3600") -> 90 | I832: =COUNTIF(I$185:I$367,">=3600") -> 82 | ... AG832: =COUNTIF(AG$185:AG$367,">=3600") -> 0 | AH832: APRIL 2019 - SEPTEMBER 2019
A833: DRY 2 | B833: =COUNTIF(B$551:B$733,">=3600") -> 161 | C833: =COUNTIF(C$551:C$733,">=3600") -> 102 | D833: =COUNTIF(D$551:D$733,">=3600") -> 141 | E833: =COUNTIF(E$551:E$733,">=3600") -> 164 | F833: =COUNTIF(F$551:F$733,">=3600") -> 175 | G833: =COUNTIF(G$551:G$733,">=3600") -> 149 | H833: =COUNTIF(H$551:H$733,">=3600") -> 183 | I833: =COUNTIF(I$551:I$733,">=3600") -> 183 | ... AG833: =COUNTIF(AG$551:AG$733,">=3600") -> 0 | AH833: APRIL 2020 - SEPTEMBER 2020
A834: ALL WET | B834: =SUM(B830,B831) -> 272 | C834: =SUM(C830,C831) -> 88 | D834: =SUM(D830,D831) -> 198 | E834: =SUM(E830,E831) -> 262 | F834: =SUM(F830,F831) -> 232 | G834: =SUM(G830,G831) -> 150 | H834: =SUM(H830,H831) -> 293 | I834: =SUM(I830,I831) -> 297 | ... AG834: =SUM(AG830,AG831) -> 0
A835: ALL DRY | B835: =SUM(B832,B833) -> 237 | C835: =SUM(C832,C833) -> 102 | D835: =SUM(D832,D833) -> 211 | E835: =SUM(E832,E833) -> 241 | F835: =SUM(F832,F833) -> 207 | G835: =SUM(G832,G833) -> 156 | H835: =SUM(H832,H833) -> 273 | I835: =SUM(I832,I833) -> 265 | ... AG835: =SUM(AG832,AG833) -> 0
D837: Waterfowl | F837: THRESHOLD: 3,600 MICROSIEMENS/CM (EC) | S837: WATERFOWL | AA837: WATERFOWL | AE837: WATERFOWL | AI837: WATERFOWL | AQ837: WATERFOWL | AY837: WATERFOWL
F838: WET SEASON | S838: TOTAL RUN | AA838: WET SEASONS | AE838: DRY SEASONS | AI838: TOTAL RUN | AK838: Delta-Wide | AL838: Suisun | AM838: Central Delta | AN838: North Delta | AO838: South Delta | AQ838: WET SEASONS | AS838: Delta-Wide | AT838: Suisun | AU838: Central Delta | AV838: North Delta | AW838: South Delta | AY838: DRY SEASONS | BA838: Delta-Wide | BB838: Suisun | BC838: Central Delta | BD838: North Delta | BE838: South Delta
F839: OCTOBER 1 - MARCH 31 | M839: DRY SEASON | S839: Total points | U839: =COUNTIF(B3:AG3,"<>") -> 32 | AA839: Total points | AC839: =$U$807 -> 32 | AE839: Total points | AG839: =$U$807 -> 32 | AI839: Total points | AK839: =COUNTIF(B34:AG34,"<>") -> 32 | AL839: =COUNTIF(B34:I34,"<>") -> 8 | AM839: =COUNTIF(J34:R34,"<>") -> 9 | AN839: =COUNTIF(S34:X34,"<>") -> 6 | AO839: =COUNTIF(Y34:AG34,"<>") -> 9 | AQ839: Total points | AS839: =$U$807 -> 32 | AT839: 8 | AU839: 9 | AV839: 6 | AW839: 9 | AY839: Total points | BA839: =$U$807 -> 32 | BB839: 8 | BC839: 9 | BD839: 6 | BE839: 9
F840: WET SEASON 1 | H840: 10/1/18 - 3/31/19 | J840: =COUNTIF($A$3:$A$184,"<>") -> 182 | M840: APRIL 1 - SEPTEMBER 30 | S840: Days in run | U840: =COUNTIF($A$3:$A$795,"<>") -> 793 | AA840: Days in run | AC840: =SUM($J$808:$J$809) -> 365 | AE840: Days in run | AG840: =SUM($Q$809:$Q$810) -> 366 | AI840: Days in run | AK840: =COUNTIF($A$3:$A$795,"<>") -> 793 | AL840: =COUNTIF($A$3:$A$795,"<>") -> 793 | AM840: =COUNTIF($A$3:$A$795,"<>") -> 793 | AN840: =COUNTIF($A$3:$A$795,"<>") -> 793 | AO840: =COUNTIF($A$3:$A$795,"<>") -> 793 | AQ840: Days in run | AS840: =SUM($J$808:$J$809) -> 365 | AT840: =SUM($J$808:$J$809) -> 365 | AU840: =SUM($J$808:$J$809) -> 365 | AV840: =SUM($J$808:$J$809) -> 365 | AW840: =SUM($J$808:$J$809) -> 365 | AY840: Days in run | BA840: =SUM($Q$809:$Q$810) -> 366 | BB840: =SUM($Q$809:$Q$810) -> 366 | BC840: =SUM($Q$809:$Q$810) -> 366 | BD840: =SUM($Q$809:$Q$810) -> 366 | BE840: =SUM($Q$809:$Q$810) -> 366
F841: WET SEASON 2 | H841: 10/1/19 - 3/31/20 | J841: =COUNTIF($A$368:$A$550,"<>") -> 183 | M841: DRY SEASON 2 | O841: 4/1/19 - 9/30/19 | Q841: =COUNTIF($A$185:$A$367,"<>") -> 183 | S841: Total measurements | U841: =$U$808*$U$807 -> 25376 | V841: DENOMINATOR FOR EXCEEDANCE % | AA841: Total measurements | AC841: =AC840*AC839 -> 11680 | AE841: Total measurements | AG841: =$AG$808*$AG$807 -> 11712 | AI841: Total measurements | AK841: =AK840*AK839 -> 25376 | AL841: =AL840*AL839 -> 6344 | AM841: =AM840*AM839 -> 7137 | AN841: =AN840*AN839 -> 4758 | AO841: =AO840*AO839 -> 7137 | AQ841: Total measurements | AS841: =AS840*AS839 -> 11680 | AT841: =AT840*AT839 -> 2920 | AU841: =AU840*AU839 -> 3285 | AV841: =AV840*AV839 -> 2190 | AW841: =AW840*AW839 -> 3285 | AY841: Total measurements | BA841: =BA840*BA839 -> 11712 | BB841: =BB840*BB839 -> 2928 | BC841: =BC840*BC839 -> 3294 | BD841: =BD840*BD839 -> 2196 | BE841: =BE840*BE839 -> 3294
F842: WET SEASON 3 | H842: 10/1/20 - 12/1/20 | J842: =COUNTIF($A$734:$A$795,"<>") -> 62 | M842: DRY SEASON 3 | O842: 4/1/20 - 9/30/20 | Q842: =COUNTIF($A$551:$A$733,"<>") -> 183 | S842: Measurements >= 3,600 | U842: =SUM(B829:AG829) -> 4588 | V842: NUMERATOR FOR EXCEEDANCE % | AA842: Measurements >= 3,600 | AC842: =SUM(B834:AG834) -> 2032 | AE842: Measurements >= 3,600 | AG842: =SUM(B835:AG835) -> 1936 | AI842: Measurements >= 3,600 | AK842: =SUM(B829:AG829) -> 4588 | AL842: =SUM(B829:I829) -> 3980 | AM842: =SUM(J829:R829) -> 608 | AN842: =SUM(S829:X829) -> 0 | AO842: =SUM(Y829:AG829) -> 0 | AQ842: Measurements >= 3,600 | AS842: =SUM(B834:AG834) -> 2032 | AT842: =SUM(B834:I834) -> 1792 | AU842: =SUM(J834:R834) -> 240 | AV842: =SUM(S834:X834) -> 0 | AW842: =SUM(Y834:AG834) -> 0 | AY842: Measurements >= 3,600 | BA842: =SUM(B835:AG835) -> 1936 | BB842: =SUM(B835:I835) -> 1692 | BC842: =SUM(J835:R835) -> 244 | BD842: =SUM(S835:X835) -> 0 | BE842: =SUM(Y835:AG835) -> 0
S843: % Total Run Exceedances | U843: =$U842/$U841 -> 0.18080076 | AA843: % WET Exceedances | AC843: =AC842/AC841 -> 0.1739726 | AE843: % DRY Exceedances | AG843: =AG842/AG841 -> 0.16530055 | AI843: % Total Run Exceedances | AK843: =AK842/AK841 -> 0.18080076 | AL843: =AL842/AL841 -> 0.62736444 | AM843: =AM842/AM841 -> 0.085189856 | AN843: =AN842/AN841 -> 0 | AO843: =AO842/AO841 -> 0 | AQ843: % WET Exceedances | AS843: =AS842/AS841 -> 0.1739726 | AT843: =AT842/AT841 -> 0.61369863 | AU843: =AU842/AU841 -> 0.073059361 | AV843: =AV842/AV841 -> 0 | AW843: =AW842/AW841 -> 0 | AY843: % DRY Exceedances | BA843: =BA842/BA841 -> 0.16530055 | BB843: =BB842/BB841 -> 0.57786885 | BC843: =BC842/BC841 -> 0.074074074 | BD843: =BD842/BD841 -> 0 | BE843: =BE842/BE841 -> 0
A845: TOTAL EXCEEDANCES | B845: =COUNTIF(B$3:B$795,">=9130") -> 238 | C845: =COUNTIF(C$3:C$795,">=9130") -> 32 | D845: =COUNTIF(D$3:D$795,">=9130") -> 149 | E845: =COUNTIF(E$3:E$795,">=9130") -> 238 | F845: =COUNTIF(F$3:F$795,">=9130") -> 248 | G845: =COUNTIF(G$3:G$795,">=9130") -> 164 | H845: =COUNTIF(H$3:H$795,">=9130") -> 382 | I845: =COUNTIF(I$3:I$795,">=9130") -> 354 | ... AG845: =COUNTIF(AG$3:AG$795,">=9130") -> 0
A846: WET 1 | B846: =COUNTIF(B$3:B$184,">=9130") -> 63 | C846: =COUNTIF(C$3:C$184,">=9130") -> 2 | D846: =COUNTIF(D$3:D$184,">=9130") -> 27 | E846: =COUNTIF(E$3:E$184,">=9130") -> 69 | F846: =COUNTIF(F$3:F$184,">=9130") -> 89 | G846: =COUNTIF(G$3:G$184,">=9130") -> 49 | H846: =COUNTIF(H$3:H$184,">=9130") -> 102 | I846: =COUNTIF(I$3:I$184,">=9130") -> 106 | ... AG846: =COUNTIF(AG$3:AG$184,">=9130") -> 0 | AH846: OCT 2018 - MARCH 2019
A847: WET 2 | B847: =COUNTIF(B$368:B$550,">=9130") -> 4 | C847: =COUNTIF(C$368:C$550,">=9130") -> 0 | D847: =COUNTIF(D$368:D$550,">=9130") -> 0 | E847: =COUNTIF(E$368:E$550,">=9130") -> 0 | F847: =COUNTIF(F$368:F$550,">=9130") -> 8 | G847: =COUNTIF(G$368:G$550,">=9130") -> 5 | H847: =COUNTIF(H$368:H$550,">=9130") -> 62 | I847: =COUNTIF(I$368:I$550,">=9130") -> 41 | ... AG847: =COUNTIF(AG$368:AG$550,">=9130") -> 0 | AH847: OCT 2019 - MARCH 2020
A848: DRY 1 | B848: =COUNTIF(B$185:B$367,">=9130") -> 0 | C848: =COUNTIF(C$185:C$367,">=9130") -> 0 | D848: =COUNTIF(D$185:D$367,">=9130") -> 0 | E848: =COUNTIF(E$185:E$367,">=9130") -> 0 | F848: =COUNTIF(F$185:F$367,">=9130") -> 0 | G848: =COUNTIF(G$185:G$367,">=9130") -> 0 | H848: =COUNTIF(H$185:H$367,">=9130") -> 5 | I848: =COUNTIF(I$185:I$367,">=9130") -> 0 | ... AG848: =COUNTIF(AG$185:AG$367,">=9130") -> 0 | AH848: APRIL 2019 - SEPTEMBER 2019
A849: DRY 2 | B849: =COUNTIF(B$551:B$733,">=9130") -> 109 | C849: =COUNTIF(C$551:C$733,">=9130") -> 24 | D849: =COUNTIF(D$551:D$733,">=9130") -> 88 | E849: =COUNTIF(E$551:E$733,">=9130") -> 107 | F849: =COUNTIF(F$551:F$733,">=9130") -> 89 | G849: =COUNTIF(G$551:G$733,">=9130") -> 49 | H849: =COUNTIF(H$551:H$733,">=9130") -> 151 | I849: =COUNTIF(I$551:I$733,">=9130") -> 145 | ... AG849: =COUNTIF(AG$551:AG$733,">=9130") -> 0 | AH849: APRIL 2020 - SEPTEMBER 2020
A850: ALL WET | B850: =SUM(B846,B847) -> 67 | C850: =SUM(C846,C847) -> 2 | D850: =SUM(D846,D847) -> 27 | E850: =SUM(E846,E847) -> 69 | F850: =SUM(F846,F847) -> 97 | G850: =SUM(G846,G847) -> 54 | H850: =SUM(H846,H847) -> 164 | I850: =SUM(I846,I847) -> 147 | ... AG850: =SUM(AG846,AG847) -> 0
A851: ALL DRY | B851: =SUM(B848,B849) -> 109 | C851: =SUM(C848,C849) -> 24 | D851: =SUM(D848,D849) -> 88 | E851: =SUM(E848,E849) -> 107 | F851: =SUM(F848,F849) -> 89 | G851: =SUM(G848,G849) -> 49 | H851: =SUM(H848,H849) -> 156 | I851: =SUM(I848,I849) -> 145 | ... AG851: =SUM(AG848,AG849) -> 0
D853: Angling | F853: THRESHOLD: 9,130 MICROSIEMENS/CM (EC) | S853: ANGLING | AA853: ANGLING | AE853: SP DAY USE | AI853: ANGLING | AQ853: ANGLING | AY853: ANGLING
F854: WET SEASON | S854: TOTAL RUN | AA854: WET SEASONS | AE854: DRY SEASONS | AI854: TOTAL RUN | AK854: Delta-Wide | AL854: Suisun | AM854: Central Delta | AN854: North Delta | AO854: South Delta | AQ854: WET SEASONS | AS854: Delta-Wide | AT854: Suisun | AU854: Central Delta | AV854: North Delta | AW854: South Delta | AY854: DRY SEASONS | BA854: Delta-Wide | BB854: Suisun | BC854: Central Delta | BD854: North Delta | BE854: South Delta
F855: OCTOBER 1 - MARCH 31 | M855: DRY SEASON | S855: Total points | U855: =COUNTIF(B3:AG3,"<>") -> 32 | AA855: Total points | AC855: =$U$807 -> 32 | AE855: Total points | AG855: =$U$807 -> 32 | AI855: Total points | AK855: =COUNTIF(B50:AG50,"<>") -> 32 | AL855: =COUNTIF(B50:I50,"<>") -> 8 | AM855: =COUNTIF(J50:R50,"<>") -> 9 | AN855: =COUNTIF(S50:X50,"<>") -> 6 | AO855: =COUNTIF(Y50:AG50,"<>") -> 9 | AQ855: Total points | AS855: =$U$807 -> 32 | AT855: 8 | AU855: 9 | AV855: 6 | AW855: 9 | AY855: Total points | BA855: =$U$807 -> 32 | BB855: 8 | BC855: 9 | BD855: 6 | BE855: 9
F856: WET SEASON 1 | H856: 10/1/18 - 3/31/19 | J856: =COUNTIF($A$3:$A$184,"<>") -> 182 | M856: APRIL 1 - SEPTEMBER 30 | S856: Days in run | U856: =COUNTIF($A$3:$A$795,"<>") -> 793 | AA856: Days in run | AC856: =SUM($J$808:$J$809) -> 365 | AE856: Days in run | AG856: =SUM($Q$809:$Q$810) -> 366 | AI856: Days in run | AK856: =COUNTIF($A$3:$A$795,"<>") -> 793 | AL856: =COUNTIF($A$3:$A$795,"<>") -> 793 | AM856: =COUNTIF($A$3:$A$795,"<>") -> 793 | AN856: =COUNTIF($A$3:$A$795,"<>") -> 793 | AO856: =COUNTIF($A$3:$A$795,"<>") -> 793 | AQ856: Days in run | AS856: =SUM($J$808:$J$809) -> 365 | AT856: =SUM($J$808:$J$809) -> 365 | AU856: =SUM($J$808:$J$809) -> 365 | AV856: =SUM($J$808:$J$809) -> 365 | AW856: =SUM($J$808:$J$809) -> 365 | AY856: Days in run | BA856: =SUM($Q$809:$Q$810) -> 366 | BB856: =SUM($Q$809:$Q$810) -> 366 | BC856: =SUM($Q$809:$Q$810) -> 366 | BD856: =SUM($Q$809:$Q$810) -> 366 | BE856: =SUM($Q$809:$Q$810) -> 366
F857: WET SEASON 2 | H857: 10/1/19 - 3/31/20 | J857: =COUNTIF($A$368:$A$550,"<>") -> 183 | M857: DRY SEASON 2 | O857: 4/1/19 - 9/30/19 | Q857: =COUNTIF($A$185:$A$367,"<>") -> 183 | S857: Total measurements | U857: =$U$808*$U$807 -> 25376 | V857: DENOMINATOR FOR EXCEEDANCE % | AA857: Total measurements | AC857: =AC856*AC855 -> 11680 | AE857: Total measurements | AG857: =$AG$808*$AG$807 -> 11712 | AI857: Total measurements | AK857: =AK856*AK855 -> 25376 | AL857: =AL856*AL855 -> 6344 | AM857: =AM856*AM855 -> 7137 | AN857: =AN856*AN855 -> 4758 | AO857: =AO856*AO855 -> 7137 | AQ857: Total measurements | AS857: =AS856*AS855 -> 11680 | AT857: =AT856*AT855 -> 2920 | AU857: =AU856*AU855 -> 3285 | AV857: =AV856*AV855 -> 2190 | AW857: =AW856*AW855 -> 3285 | AY857: Total measurements | BA857: =BA856*BA855 -> 11712 | BB857: =BB856*BB855 -> 2928 | BC857: =BC856*BC855 -> 3294 | BD857: =BD856*BD855 -> 2196 | BE857: =BE856*BE855 -> 3294
F858: WET SEASON 3 | H858: 10/1/20 - 12/1/20 | J858: =COUNTIF($A$734:$A$795,"<>") -> 62 | M858: DRY SEASON 3 | O858: 4/1/20 - 9/30/20 | Q858: =COUNTIF($A$551:$A$733,"<>") -> 183 | S858: Measurements >= 9,130 | U858: =SUM(B845:AG845) -> 1964 | V858: NUMERATOR FOR EXCEEDANCE % | AA858: Measurements >= 9,130 | AC858: =SUM(B850:AG850) -> 681 | AE858: Measurements >= 9,130 | AG858: =SUM(B851:AG851) -> 803 | AI858: Measurements >= 9,130 | AK858: =SUM(B845:AG845) -> 1964 | AL858: =SUM(B845:I845) -> 1805 | AM858: =SUM(J845:R845) -> 159 | AN858: =SUM(S845:X845) -> 0 | AO858: =SUM(Y845:AG845) -> 0 | AQ858: Measurements >= 9,130 | AS858: =SUM(B850:AG850) -> 681 | AT858: =SUM(B850:I850) -> 627 | AU858: =SUM(J850:R850) -> 54 | AV858: =SUM(S850:X850) -> 0 | AW858: =SUM(Y850:AG850) -> 0 | AY858: Measurements >= 9,130 | BA858: =SUM(B851:AG851) -> 803 | BB858: =SUM(B851:I851) -> 767 | BC858: =SUM(J851:R851) -> 36 | BD858: =SUM(S851:X851) -> 0 | BE858: =SUM(Y851:AG851) -> 0
S859: % Total Run Exceedances | U859: =$U858/$U857 -> 0.077395965 | AA859: % WET Exceedances | AC859: =AC858/AC857 -> 0.058304795 | AE859: % DRY Exceedances | AG859: =AG858/AG857 -> 0.068562158 | AI859: % Total Run Exceedances | AK859: =AK858/AK857 -> 0.077395965 | AL859: =AL858/AL857 -> 0.28452081 | AM859: =AM858/AM857 -> 0.022278268 | AN859: =AN858/AN857 -> 0 | AO859: =AO858/AO857 -> 0 | AQ859: % WET Exceedances | AS859: =AS858/AS857 -> 0.058304795 | AT859: =AT858/AT857 -> 0.21472603 | AU859: =AU858/AU857 -> 0.016438356 | AV859: =AV858/AV857 -> 0 | AW859: =AW858/AW857 -> 0 | AY859: % DRY Exceedances | BA859: =BA858/BA857 -> 0.068562158 | BB859: =BB858/BB857 -> 0.26195355 | BC859: =BC858/BC857 -> 0.010928962 | BD859: =BD858/BD857 -> 0 | BE859: =BE858/BE857 -> 0

Sheet Bolster Fortify
B1: Suisun | J1: Central Delta | S1: North Delta | Y1: South Delta
A2: Date | B2: CHADBOURNE SLOUGH AT SUNRISE DUCK CLUB | C2: MONTEZUMA SLOUGH AT NATIONAL STEEL | D2: MONTEZUMA SLOUGH NEAR BELDENS LANDING | E2: SUISUN SLOUGH 300' SOUTH OF VOLANTI SLOUGH | F2: GRIZZLY BAY BUOY | G2: HONKER BAY | H2: SUISUN BAY AT VAN SICKLE ISLAND | I2: SUISUN BAY WEST REACH | J2: DUTCH SL BELOW JERSEY ISLAND | K2: FALSE RIVER NEAR OAKLEY | L2: OLD RIVER AT FRANKS TRACT | M2: PITTSBURG | N2: SACRAMENTO RIVER AT EMMATON | O2: SAN ANDREAS LANDING | P2: SAN JOAQUIN RIVER AT JERSEY POINT | Q2: SUISUN BAY AT CHANNEL MARKER 5 AT COLLINSVILLE | R2: BRANNAN MARINAS AT SAN JOAQUIN RIVER | S2: LIBERTY CUT AT FIVE POINTS | T2: CACHE SLOUGH ABOVE RYER ISLAND FERRY | U2: DELTA CROSS CHANNEL NEAR WALNUT GROVE | V2: SACRAMENTO RIVER DOWNSTREAM OF ISLETON | W2: VIERAS RESORT AT SACRAMENTO RIVER | X2: COURTLAND AT SACRAMENTO RIVER | Y2: GRANT LINE CANAL NEAR CLIFTON COURT FORE | Z2: LITTLE POTATO SLOUGH AT TERMINOUS | AA2: MIDDLE RIVER AT MILDRED ISLAND | AB2: OLD RIVER AT CLIFTON COURT | AC2: SAN JOAQUIN RIVER AT BRANDT BRIDGE | AD2: SAN JOAQUIN RIVER AT PRISONERS POINT | AE2: SAN JOAQUIN RIVER NEAR VERNALIS | AF2: SAN JOAQUIN RIVER AT ROUGH AND READY ISLAND | AG2: VICTORIA CANAL BEFORE CLIFTON COURT FORE
A3: 43374 | B3: 14321.553 | C3: 5706.8403 | D3: 12520.614 | E3: 14187.232 | F3: 15148.203 | G3: 10655.466 | H3: 8013.963 | I3: 15694.54 | J3: 1133.366 | K3: 1069.204 | L3: 542.13715 | M3: 7760.5713 | N3: 821.77405 | O3: 552.9224 | P3: 1221.1774 | Q3: 4965.1626 | R3: 723.77155 | S3: 273.36807 | T3: 139.59776 | U3: 109.6813 | V3: 123.10805 | W3: 113.64913 | X3: 110.69087 | Y3: 391.21814 | Z3: 128.44174 | AA3: 425.56857 | AB3: 478.7061 | AC3: 362.3325 | AD3: 475.60983 | AE3: 448.86038 | AF3: 443.2505 | AG3: 428.43448
A4: 43375 | B4: 14447.8 | C4: 5749.6714 | D4: 12672.714 | E4: 14305.218 | F4: 15172.559 | G4: 10838.541 | H4: 8246.828 | I4: 15926.844 | J4: 1132.2997 | K4: 1083.7064 | L4: 559.5728 | M4: 7978.367 | N4: 879.42523 | O4: 568.4035 | P4: 1254.1282 | Q4: 5121.2544 | R4: 744.8874 | S4: 262.62088 | T4: 138.9172 | U4: 110.0315 | V4: 123.01475 | W4: 113.12945 | X4: 109.07975 | Y4: 398.87387 | Z4: 129.71867 | AA4: 417.9481 | AB4: 471.68457 | AC4: 386.03848 | AD4: 485.7715 | AE4: 480.7754 | AF4: 444.6111 | AG4: 422.25525
A5: 43376 | B5: 14584.004 | C5: 5822.2163 | D5: 12756.046 | E5: 14382.883 | F5: 15210.8 | G5: 10880.132 | H5: 8109.7617 | I5: 15704.55 | J5: 1132.4152 | K5: 1081.869 | L5: 565.191 | M5: 7716.567 | N5: 826.6885 | O5: 553.16113 | P5: 1237.3528 | Q5: 5004.457 | R5: 744.73224 | S5: 256.49304 | T5: 137.44916 | U5: 109.26992 | V5: 122.4476 | W5: 114.23953 | X5: 109.16321 | Y5: 411.67163 | Z5: 130.02048 | AA5: 411.80283 | AB5: 464.58505 | AC5: 412.5964 | AD5: 488.00827 | AE5: 498.2621 | AF5: 442.95874 | AG5: 418.08817
A6: 43377 | B6: 14716.187 | C6: 5935.53 | D6: 12828.438 | E6: 14452.984 | F6: 15296.933 | G6: 10808.062 | H6: 7892.2793 | I6: 15493.226 | J6: 1133.2463 | K6: 1073.3359 | L6: 559.75446 | M6: 7456.397 | N6: 769.0629 | O6: 534.4545 | P6: 1226.9983 | Q6: 4840.263 | R6: 732.21136 | S6: 249.00732 | T6: 135.61397 | U6: 109.47053 | V6: 120.6894 | W6: 113.00086 | X6: 108.98261 | Y6: 429.5515 | Z6: 129.30083 | AA6: 408.61734 | AB6: 460.44983 | AC6: 447.2164 | AD6: 486.449 | AE6: 445.90475 | AF6: 439.53336 | AG6: 414.21353
A7: 43378 | B7: 14813.95 | C7: 5997.367 | D7: 12882.569 | E7: 14507.31 | F7: 15352.849 | G7: 10500.546 | H7: 7488.7383 | I7: 15064.548 | J7: 1130.3114 | K7: 1068.2096 | L7: 543.7625 | M7: 7052.3516 | N7: 728.34235 | O7: 502.16397 | P7: 1211.6647 | Q7: 4548.3706 | R7: 697.8899 | S7: 241.65997 | T7: 135.30429 | U7: 104.75945 | V7: 121.06879 | W7: 113.37565 | X7: 104.56965 | Y7: 440.397 | Z7: 128.82367 | AA7: 408.80563 | AB7: 455.1006 | AC7: 465.88632 | AD7: 473.5299 | AE7: 449.29773 | AF7: 437.8901 | AG7: 409.22818
A8: 43379 | B8: 14924.171 | C8: 6057.348 | D8: 13103.528 | E8: 14664.567 | F8: 15360.089 | G8: 10522.382 | H8: 7799.2925 | I8: 15526.831 | J8: 1130.6499 | K8: 1082.5385 | L8: 529.511 | M8: 7342.43 | N8: 823.6604 | O8: 516.66156 | P8: 1229.3287 | Q8: 4808.9087 | R8: 710.6018 | S8: 228.56189 | T8: 135.48085 | U8: 111.06251 | V8: 122.06235 | W8: 113.04601 | X8: 121.00797 | Y8: 444.84024 | Z8: 129.14021 | AA8: 409.98734 | AB8: 455.4486 | AC8: 450.12918 | AD8: 462.1263 | AE8: 465.14456 | AF8: 456.28793 | AG8: 405.99536
A9: 43380 | B9: 15009.376 | C9: 6270.3574 | D9: 13256.673 | E9: 14749.617 | F9: 15407.97 | G9: 10455.975 | H9: 7690.828 | I9: 15262.069 | J9: 1132.08 | K9: 1074.2217 | L9: 511.00247 | M9: 7072.5425 | N9: 780.14105 | O9: 501.73376 | P9: 1218.378 | Q9: 4711.309 | R9: 692.4318 | S9: 217.91402 | T9: 134.44897 | U9: 119.87954 | V9: 122.18496 | W9: 114.38364 | X9: 114.59048 | Y9: 452.57468 | Z9: 129.19 | AA9: 408.02017 | AB9: 458.94974 | AC9: 458.14807 | AD9: 440.67664 | AE9: 457.11743 | AF9: 462.58508 | AG9: 405.89725
A10: 43381 | B10: 15152.077 | C10: 6416.93 | D10: 13566.253 | E10: 14967.312 | F10: 15337.647 | G10: 10511.155 | H10: 8099.974 | I10: 16036.718 | J10: 1130.1022 | K10: 1085.3802 | L10: 492.83688 | M10: 7644.7407 | N10: 897.25055 | O10: 519.1922 | P10: 1225.5656 | Q10: 5021.7505 | R10: 708.19507 | S10: 209.27632 | T10: 136.43048 | U10: 112.63412 | V10: 132.15895 | W10: 124.35653 | X10: 114.10156 | Y10: 457.11874 | Z10: 129.74695 | AA10: 399.8577 | AB10: 457.05103 | AC10: 463.0204 | AD10: 437.09155 | AE10: 433.6356 | AF10: 463.7913 | AG10: 407.12537
A11: 43382 | B11: 15351.218 | C11: 6673.926 | D11: 13959.965 | E11: 15240.999 | F11: 15462.321 | G11: 11566.485 | H11: 9506.806 | I11: 17609.967 | J11: 1134.5845 | K11: 1122.7163 | L11: 534.4342 | M11: 8972.762 | N11: 1346.9327 | O11: 603.41046 | P11: 1295.1288 | Q11: 6161.969 | R11: 788.55646 | S11: 201.23657 | T11: 141.81543 | U11: 115.09921 | V11: 138.87051 | W11: 125.3753 | X11: 117.74416 | Y11: 452.30124 | Z11: 131.06346 | AA11: 389.88977 | AB11: 450.9298 | AC11: 436.88394 | AD11: 471.28723 | AE11: 425.36978 | AF11: 469.72916 | AG11: 402.5233
A12: 43383 | B12: 15572.89 | C12: 7026.8384 | D12: 14292.938 | E12: 15532.243 | F12: 15815.68 | G12: 12996.66 | H12: 10702.308 | I12: 18709.627 | J12: 1146.3744 | K12: 1176.6838 | L12: 592.5179 | M12: 10148.761 | N12: 1833.9243 | O12: 665.0274 | P12: 1399.4478 | Q12: 7259.8276 | R12: 851.12775 | S12: 195.73566 | T12: 147.96268 | U12: 128.61362 | V12: 145.17946 | W12: 126.75653 | X12: 124.35388 | Y12: 444.69016 | Z12: 133.92113 | AA12: 386.32288 | AB12: 444.68076 | AC12: 429.70618 | AD12: 519.5756 | AE12: 448.22903 | AF12: 466.66837 | AG12: 395.81458
A13: 43384 | B13: 15758.543 | C13: 7186.567 | D13: 14428.089 | E13: 15729.433 | F13: 16193.802 | G13: 13434.071 | H13: 10724.368 | I13: 18656.816 | J13: 1159.0104 | K13: 1204.3263 | L13: 592.3052 | M13: 10162.686 | N13: 1860.4088 | O13: 631.3143 | P13: 1426.6221 | Q13: 7374.9556 | R13: 830.8083 | S13: 192.45857 | T13: 148.73178 | U13: 120.75497 | V13: 145.31227 | W13: 127.6458 | X13: 119.66 | Y13: 442.63623 | Z13: 134.78221 | AA13: 388.21115 | AB13: 439.4093 | AC13: 431.04428 | AD13: 519.7243 | AE13: 473.5988 | AF13: 458.9111 | AG13: 392.9971
A14: 43385 | B14: 15922.48 | C14: 7320.3745 | D14: 14516.339 | E14: 15874.848 | F14: 16599.084 | G14: 13213.339 | H14: 10257.622 | I14: 18133.736 | J14: 1167.5221 | K14: 1205.9133 | L14: 565.0921 | M14: 9743.588 | N14: 1646.5953 | O14: 585.16376 | P14: 1412.4796 | Q14: 6973.109 | R14: 786.5942 | S14: 188.22899 | T14: 146.96144 | U14: 120.97439 | V14: 144.90501 | W14: 131.33633 | X14: 115.96235 | Y14: 441.58423 | Z14: 134.32726 | AA14: 393.9751 | AB14: 435.41043 | AC14: 468.0076 | AD14: 497.6357 | AE14: 482.0358 | AF14: 451.13635 | AG14: 392.24466
... A795: 44166 | B795: 14118.241 | C795: 7194.5513 | D795: 7159.5547 | E795: 13055.374 | F795: 18572.334 | G795: 15013.439 | H795: 6447.386 | I795: 12601.139 | J795: 1432.2358 | K795: 1489.52 | L795: 679.0698 | M795: 5696.6978 | N795: 1277.2974 | O795: 338.37527 | P795: 1507.0571 | Q795: 3074.9346 | R795: 649.0083 | S795: 157.88863 | T795: 160.8029 | U795: 135.05478 | V795: 145.3979 | W795: 144.70383 | X795: 145.09996 | Y795: 663.8597 | Z795: 169.67973 | AA795: 536.2163 | AB795: 546.05615 | AC795: 691.14417 | AD795: 615.1121 | AE795: 799.69885 | AF795: 489.24573 | AG795: 514.9853
A796: TOTAL EXCEEDANCES | B796: =COUNTIF(B$3:B$795,">=1000") -> 664 | C796: =COUNTIF(C$3:C$795,">=1000") -> 558 | D796: =COUNTIF(D$3:D$795,">=1000") -> 633 | E796: =COUNTIF(E$3:E$795,">=1000") -> 663 | F796: =COUNTIF(F$3:F$795,">=1000") -> 656 | G796: =COUNTIF(G$3:G$795,">=1000") -> 630 | H796: =COUNTIF(H$3:H$795,">=1000") -> 623 | I796: =COUNTIF(I$3:I$795,">=1000") -> 656 | ... AG796: =COUNTIF(AG$3:AG$795,">=1000") -> 0
A797: WET 1 | B797: =COUNTIF(B$3:B$184,">=1000") -> 144 | C797: =COUNTIF(C$3:C$184,">=1000") -> 103 | D797: =COUNTIF(D$3:D$184,">=1000") -> 115 | E797: =COUNTIF(E$3:E$184,">=1000") -> 142 | F797: =COUNTIF(F$3:F$184,">=1000") -> 132 | G797: =COUNTIF(G$3:G$184,">=1000") -> 112 | H797: =COUNTIF(H$3:H$184,">=1000") -> 107 | I797: =COUNTIF(I$3:I$184,">=1000") -> 122 | ... AG797: =COUNTIF(AG$3:AG$184,">=1000") -> 0 | AH797: OCT 2018 - MARCH 2019
A798: WET 2 | B798: =COUNTIF(B$368:B$550,">=1000") -> 183 | C798: =COUNTIF(C$368:C$550,">=1000") -> 157 | D798: =COUNTIF(D$368:D$550,">=1000") -> 183 | E798: =COUNTIF(E$368:E$550,">=1000") -> 183 | F798: =COUNTIF(F$368:F$550,">=1000") -> 183 | G798: =COUNTIF(G$368:G$550,">=1000") -> 183 | H798: =COUNTIF(H$368:H$550,">=1000") -> 182 | I798: =COUNTIF(I$368:I$550,">=1000") -> 183 | ... AG798: =COUNTIF(AG$368:AG$550,">=1000") -> 0 | AH798: OCT 2019 - MARCH 2020
A799: DRY 1 | B799: =COUNTIF(B$185:B$367,">=1000") -> 92 | C799: =COUNTIF(C$185:C$367,">=1000") -> 72 | D799: =COUNTIF(D$185:D$367,">=1000") -> 90 | E799: =COUNTIF(E$185:E$367,">=1000") -> 93 | F799: =COUNTIF(F$185:F$367,">=1000") -> 96 | G799: =COUNTIF(G$185:G$367,">=1000") -> 90 | H799: =COUNTIF(H$185:H$367,">=1000") -> 89 | I799: =COUNTIF(I$185:I$367,">=1000") -> 106 | ... AG799: =COUNTIF(AG$185:AG$367,">=1000") -> 0 | AH799: APRIL 2019 - SEPTEMBER 2019
A800: DRY 2 | B800: =COUNTIF(B$551:B$733,">=1000") -> 183 | C800: =COUNTIF(C$551:C$733,">=1000") -> 164 | D800: =COUNTIF(D$551:D$733,">=1000") -> 183 | E800: =COUNTIF(E$551:E$733,">=1000") -> 183 | F800: =COUNTIF(F$551:F$733,">=1000") -> 183 | G800: =COUNTIF(G$551:G$733,">=1000") -> 183 | H800: =COUNTIF(H$551:H$733,">=1000") -> 183 | I800: =COUNTIF(I$551:I$733,">=1000") -> 183 | ... AG800: =COUNTIF(AG$551:AG$733,">=1000") -> 0 | AH800: APRIL 2020 - SEPTEMBER 2020
A801: ALL WET | B801: =SUM(B$797,B$798) -> 327 | C801: =SUM(C$797,C$798) -> 260 | D801: =SUM(D$797,D$798) -> 298 | E801: =SUM(E$797,E$798) -> 325 | F801: =SUM(F$797,F$798) -> 315 | G801: =SUM(G$797,G$798) -> 295 | H801: =SUM(H$797,H$798) -> 289 | I801: =SUM(I$797,I$798) -> 305 | ... AG801: =SUM(AG$797,AG$798) -> 0
A802: ALL DRY | B802: =SUM(B$799,B$800) -> 275 | C802: =SUM(C$799,C$800) -> 236 | D802: =SUM(D$799,D$800) -> 273 | E802: =SUM(E$799,E$800) -> 276 | F802: =SUM(F$799,F$800) -> 279 | G802: =SUM(G$799,G$800) -> 273 | H802: =SUM(H$799,H$800) -> 272 | I802: =SUM(I$799,I$800) -> 289 | ... AG802: =SUM(AG$799,AG$800) -> 0
D805: Day Use & Boating | F805: THRESHOLD: 1,000 MICROSIEMENS/CM (EC) | S805: SP DAY USE & BOATING | AA805: SP DAY USE & BOATING | AE805: SP DAY USE & BOATING | AI805: SP DAY USE & BOATING | AQ805: SP DAY USE & BOATING | AY805: SP DAY USE & BOATING
F806: WET SEASON | S806: TOTAL RUN | AA806: WET SEASONS | AE806: DRY SEASONS | AI806: TOTAL RUN | AK806: Delta-Wide | AL806: Suisun | AM806: Central Delta | AN806: North Delta | AO806: South Delta | AQ806: WET SEASONS | AS806: Delta-Wide | AT806: Suisun | AU806: Central Delta | AV806: North Delta | AW806: South Delta | AY806: DRY SEASONS | BA806: Delta-Wide | BB806: Suisun | BC806: Central Delta | BD806: North Delta | BE806: South Delta
F807: OCTOBER 1 - MARCH 31 | M807: DRY SEASON | S807: Total points | U807: =COUNTIF(B3:AG3,"<>") -> 32 | AA807: Total points | AC807: =$U$807 -> 32 | AE807: Total points | AG807: =$U$807 -> 32 | AI807: Total points | AK807: =COUNTIF(B2:AG2,"<>") -> 32 | AL807: =COUNTIF(B2:I2,"<>") -> 8 | AM807: =COUNTIF(J2:R2,"<>") -> 9 | AN807: =COUNTIF(S2:X2,"<>") -> 6 | AO807: =COUNTIF(Y2:AG2,"<>") -> 9 | AQ807: Total points | AS807: =$U$807 -> 32 | AT807: 8 | AU807: 9 | AV807: 6 | AW807: 9 | AY807: Total points | BA807: =$U$807 -> 32 | BB807: 8 | BC807: 9 | BD807: 6 | BE807: 9
F808: WET SEASON 1 | H808: 10/1/18 - 3/31/19 | J808: =COUNTIF($A$3:$A$184,"<>") -> 182 | M808: APRIL 1 - SEPTEMBER 30 | S808: Days in run | U808: =COUNTIF($A$3:$A$795,"<>") -> 793 | AA808: Days in run | AC808: =SUM($J$808:$J$809) -> 365 | AE808: Days in run | AG808: =SUM($Q$809:$Q$810) -> 366 | AI808: Days in run | AK808: =COUNTIF($A$3:$A$795,"<>") -> 793 | AL808: =COUNTIF($A$3:$A$795,"<>") -> 793 | AM808: =COUNTIF($A$3:$A$795,"<>") -> 793 | AN808: =COUNTIF($A$3:$A$795,"<>") -> 793 | AO808: =COUNTIF($A$3:$A$795,"<>") -> 793 | AQ808: Days in run | AS808: =SUM($J$808:$J$809) -> 365 | AT808: =SUM($J$808:$J$809) -> 365 | AU808: =SUM($J$808:$J$809) -> 365 | AV808: =SUM($J$808:$J$809) -> 365 | AW808: =SUM($J$808:$J$809) -> 365 | AY808: Days in run | BA808: =SUM($Q$809:$Q$810) -> 366 | BB808: =SUM($Q$809:$Q$810) -> 366 | BC808: =SUM($Q$809:$Q$810) -> 366 | BD808: =SUM($Q$809:$Q$810) -> 366 | BE808: =SUM($Q$809:$Q$810) -> 366
F809: WET SEASON 2 | H809: 10/1/19 - 3/31/20 | J809: =COUNTIF($A$368:$A$550,"<>") -> 183 | M809: DRY SEASON 2 | O809: 4/1/19 - 9/30/19 | Q809: =COUNTIF($A$185:$A$367,"<>") -> 183 | S809: Total measurements | U809: =U808*U807 -> 25376 | V809: DENOMINATOR FOR EXCEEDANCE % | AA809: Total measurements | AC809: =AC808*AC807 -> 11680 | AE809: Total measurements | AG809: =$AG$808*$AG$807 -> 11712 | AI809: Total measurements | AK809: =AK808*AK807 -> 25376 | AL809: =AL808*AL807 -> 6344 | AM809: =AM808*AM807 -> 7137 | AN809: =AN808*AN807 -> 4758 | AO809: =AO808*AO807 -> 7137 | AQ809: Total measurements | AS809: =AS808*AS807 -> 11680 | AT809: =AT808*AT807 -> 2920 | AU809: =AU808*AU807 -> 3285 | AV809: =AV808*AV807 -> 2190 | AW809: =AW808*AW807 -> 3285 | AY809: Total measurements | BA809: =BA808*BA807 -> 11712 | BB809: =BB808*BB807 -> 2928 | BC809: =BC808*BC807 -> 3294 | BD809: =BD808*BD807 -> 2196 | BE809: =BE808*BE807 -> 3294
F810: WET SEASON 3 | H810: 10/1/20 - 12/1/20 | J810: =COUNTIF($A$734:$A$795,"<>") -> 62 | M810: DRY SEASON 3 | O810: 4/1/20 - 9/30/20 | Q810: =COUNTIF($A$551:$A$733,"<>") -> 183 | S810: Measurements >= 1000 | U810: =SUM(B796:AG796) -> 7077 | V810: NUMERATOR FOR EXCEEDANCE % | AA810: Measurements >= 1000 | AC810: =SUM($B$801:$AG$801) -> 3273 | AE810: Measurements >= 1000 | AG810: =SUM($B$802:$AG$802) -> 2909 | AI810: Measurements >= 1000 | AK810: =SUM(B796:AG796) -> 7077 | AL810: =SUM(B796:I796) -> 5083 | AM810: =SUM(J796:R796) -> 1993 | AN810: =SUM(S796:X796) -> 0 | AO810: =SUM(Y796:AG796) -> 1 | AQ810: Measurements >= 1000 | AS810: =SUM($B$801:$AG$801) -> 3273 | AT810: =SUM(B801:I801) -> 2414 | AU810: =SUM(J801:R801) -> 858 | AV810: =SUM(S801:X801) -> 0 | AW810: =SUM(Y801:AG801) -> 1 | AY810: Measurements >= 1000 | BA810: =SUM($B$802:$AG$802) -> 2909 | BB810: =SUM(B802:I802) -> 2173 | BC810: =SUM(J802:R802) -> 736 | BD810: =SUM(S802:X802) -> 0 | BE810: =SUM(Y802:AG802) -> 0
S811: % Total Run Exceedances | U811: =$U810/$U809 -> 0.27888556 | AA811: % WET Exceedances | AC811: =AC810/AC809 -> 0.2802226 | AE811: % DRY Exceedances | AG811: =AG810/AG809 -> 0.24837773 | AI811: % Total Run Exceedances | AK811: =AK810/AK809 -> 0.27888556 | AL811: =AL810/AL809 -> 0.80122951 | AM811: =AM810/AM809 -> 0.27924898 | AN811: =AN810/AN809 -> 0 | AO811: =AO810/AO809 -> 0.00014011489 | AQ811: % WET Exceedances | AS811: =AS810/AS809 -> 0.2802226 | AT811: =AT810/AT809 -> 0.82671233 | AU811: =AU810/AU809 -> 0.26118721 | AV811: =AV810/AV809 -> 0 | AW811: =AW810/AW809 -> 0.000304414 | AY811: % DRY Exceedances | BA811: =BA810/BA809 -> 0.24837773 | BB811: =BB810/BB809 -> 0.74214481 | BC811: =BC810/BC809 -> 0.22343655 | BD811: =BD810/BD809 -> 0 | BE811: =BE810/BE809 -> 0
A813: TOTAL EXCEEDANCES | B813: =COUNTIF(B$3:B$795,">=2640") -> 625 | C813: =COUNTIF(C$3:C$795,">=2640") -> 288 | D813: =COUNTIF(D$3:D$795,">=2640") -> 506 | E813: =COUNTIF(E$3:E$795,">=2640") -> 624 | F813: =COUNTIF(F$3:F$795,">=2640") -> 629 | G813: =COUNTIF(G$3:G$795,">=2640") -> 584 | H813: =COUNTIF(H$3:H$795,">=2640") -> 456 | I813: =COUNTIF(I$3:I$795,">=2640") -> 632 | ... AG813: =COUNTIF(AG$3:AG$795,">=2640") -> 0
A814: WET 1 | B814: =COUNTIF(B$3:B$184,">=2640") -> 116 | C814: =COUNTIF(C$3:C$184,">=2640") -> 90 | D814: =COUNTIF(D$3:D$184,">=2640") -> 104 | E814: =COUNTIF(E$3:E$184,">=2640") -> 115 | F814: =COUNTIF(F$3:F$184,">=2640") -> 115 | G814: =COUNTIF(G$3:G$184,">=2640") -> 106 | H814: =COUNTIF(H$3:H$184,">=2640") -> 102 | I814: =COUNTIF(I$3:I$184,">=2640") -> 112 | ... AG814: =COUNTIF(AG$3:AG$184,">=2640") -> 0 | AH814: OCT 2018 - MARCH 2019
A815: WET 2 | B815: =COUNTIF(B$368:B$550,">=2640") -> 183 | C815: =COUNTIF(C$368:C$550,">=2640") -> 21 | D815: =COUNTIF(D$368:D$550,">=2640") -> 108 | E815: =COUNTIF(E$368:E$550,">=2640") -> 183 | F815: =COUNTIF(F$368:F$550,">=2640") -> 183 | G815: =COUNTIF(G$368:G$550,">=2640") -> 162 | H815: =COUNTIF(H$368:H$550,">=2640") -> 105 | I815: =COUNTIF(I$368:I$550,">=2640") -> 183 | ... AG815: =COUNTIF(AG$368:AG$550,">=2640") -> 0 | AH815: OCT 2019 - MARCH 2020
A816: DRY 1 | B816: =COUNTIF(B$185:B$367,">=2640") -> 81 | C816: =COUNTIF(C$185:C$367,">=2640") -> 0 | D816: =COUNTIF(D$185:D$367,">=2640") -> 77 | E816: =COUNTIF(E$185:E$367,">=2640") -> 81 | F816: =COUNTIF(F$185:F$367,">=2640") -> 86 | G816: =COUNTIF(G$185:G$367,">=2640") -> 71 | H816: =COUNTIF(H$185:H$367,">=2640") -> 19 | I816: =COUNTIF(I$185:I$367,">=2640") -> 92 | ... AG816: =COUNTIF(AG$185:AG$367,">=2640") -> 0 | AH816: APRIL 2019 - SEPTEMBER 2019
A817: DRY 2 | B817: =COUNTIF(B$551:B$733,">=2640") -> 183 | C817: =COUNTIF(C$551:C$733,">=2640") -> 115 | D817: =COUNTIF(D$551:D$733,">=2640") -> 155 | E817: =COUNTIF(E$551:E$733,">=2640") -> 183 | F817: =COUNTIF(F$551:F$733,">=2640") -> 183 | G817: =COUNTIF(G$551:G$733,">=2640") -> 183 | H817: =COUNTIF(H$551:H$733,">=2640") -> 168 | I817: =COUNTIF(I$551:I$733,">=2640") -> 183 | ... AG817: =COUNTIF(AG$551:AG$733,">=2640") -> 0 | AH817: APRIL 2020 - SEPTEMBER 2020
A818: ALL WET | B818: =SUM(B814,B815) -> 299 | C818: =SUM(C814,C815) -> 111 | D818: =SUM(D814,D815) -> 212 | E818: =SUM(E814,E815) -> 298 | F818: =SUM(F814,F815) -> 298 | G818: =SUM(G814,G815) -> 268 | H818: =SUM(H814,H815) -> 207 | I818: =SUM(I814,I815) -> 295 | ... AG818: =SUM(AG814,AG815) -> 0
A819: ALL DRY | B819: =SUM(B816,B817) -> 264 | C819: =SUM(C816,C817) -> 115 | D819: =SUM(D816,D817) -> 232 | E819: =SUM(E816,E817) -> 264 | F819: =SUM(F816,F817) -> 269 | G819: =SUM(G816,G817) -> 254 | H819: =SUM(H816,H817) -> 187 | I819: =SUM(I816,I817) -> 275 | ... AG819: =SUM(AG816,AG817) -> 0
D821: Birding | F821: THRESHOLD: 2,640 MICROSIEMENS/CM (EC) | S821: BIRDING | AA821: BIRDING | AE821: BIRDING | AI821: BIRDING | AQ821: BIRDING | AY821: BIRDING
F822: WET SEASON | S822: TOTAL RUN | AA822: WET SEASONS | AE822: DRY SEASONS | AI822: TOTAL RUN | AK822: Delta-Wide | AL822: Suisun | AM822: Central Delta | AN822: North Delta | AO822: South Delta | AQ822: WET SEASONS | AS822: Delta-Wide | AT822: Suisun | AU822: Central Delta | AV822: North Delta | AW822: South Delta | AY822: DRY SEASONS | BA822: Delta-Wide | BB822: Suisun | BC822: Central Delta | BD822: North Delta | BE822: South Delta
F823: OCTOBER 1 - MARCH 31 | M823: DRY SEASON | S823: Total points | U823: =COUNTIF(B3:AG3,"<>") -> 32 | AA823: Total points | AC823: =$U$807 -> 32 | AE823: Total points | AG823: =$U$807 -> 32 | AI823: Total points | AK823: =COUNTIF(B18:AG18,"<>") -> 32 | AL823: =COUNTIF(B18:I18,"<>") -> 8 | AM823: =COUNTIF(J18:R18,"<>") -> 9 | AN823: =COUNTIF(S18:X18,"<>") -> 6 | AO823: =COUNTIF(Y18:AG18,"<>") -> 9 | AQ823: Total points | AS823: =$U$807 -> 32 | AT823: 8 | AU823: 9 | AV823: 6 | AW823: 9 | AY823: Total points | BA823: =$U$807 -> 32 | BB823: 8 | BC823: 9 | BD823: 6 | BE823: 9
F824: WET SEASON 1 | H824: 10/1/18 - 3/31/19 | J824: =COUNTIF($A$3:$A$184,"<>") -> 182 | M824: APRIL 1 - SEPTEMBER 30 | S824: Days in run | U824: =COUNTIF($A$3:$A$795,"<>") -> 793 | AA824: Days in run | AC824: =SUM($J$808:$J$809) -> 365 | AE824: Days in run | AG824: =SUM($Q$809:$Q$810) -> 366 | AI824: Days in run | AK824: =COUNTIF($A$3:$A$795,"<>") -> 793 | AL824: =COUNTIF($A$3:$A$795,"<>") -> 793 | AM824: =COUNTIF($A$3:$A$795,"<>") -> 793 | AN824: =COUNTIF($A$3:$A$795,"<>") -> 793 | AO824: =COUNTIF($A$3:$A$795,"<>") -> 793 | AQ824: Days in run | AS824: =SUM($J$808:$J$809) -> 365 | AT824: =SUM($J$808:$J$809) -> 365 | AU824: =SUM($J$808:$J$809) -> 365 | AV824: =SUM($J$808:$J$809) -> 365 | AW824: =SUM($J$808:$J$809) -> 365 | AY824: Days in run | BA824: =SUM($Q$809:$Q$810) -> 366 | BB824: =SUM($Q$809:$Q$810) -> 366 | BC824: =SUM($Q$809:$Q$810) -> 366 | BD824: =SUM($Q$809:$Q$810) -> 366 | BE824: =SUM($Q$809:$Q$810) -> 366
F825: WET SEASON 2 | H825: 10/1/19 - 3/31/20 | J825: =COUNTIF($A$368:$A$550,"<>") -> 183 | M825: DRY SEASON 2 | O825: 4/1/19 - 9/30/19 | Q825: =COUNTIF($A$185:$A$367,"<>") -> 183 | S825: Total measurements | U825: =$U$808*$U$807 -> 25376 | V825: DENOMINATOR FOR EXCEEDANCE % | AA825: Total measurements | AC825: =AC824*AC823 -> 11680 | AE825: Total measurements | AG825: =$AG$808*$AG$807 -> 11712 | AI825: Total measurements | AK825: =AK824*AK823 -> 25376 | AL825: =AL824*AL823 -> 6344 | AM825: =AM824*AM823 -> 7137 | AN825: =AN824*AN823 -> 4758 | AO825: =AO824*AO823 -> 7137 | AQ825: Total measurements | AS825: =AS824*AS823 -> 11680 | AT825: =AT824*AT823 -> 2920 | AU825: =AU824*AU823 -> 3285 | AV825: =AV824*AV823 -> 2190 | AW825: =AW824*AW823 -> 3285 | AY825: Total measurements | BA825: =BA824*BA823 -> 11712 | BB825: =BB824*BB823 -> 2928 | BC825: =BC824*BC823 -> 3294 | BD825: =BD824*BD823 -> 2196 | BE825: =BE824*BE823 -> 3294
F826: WET SEASON 3 | H826: 10/1/20 - 12/1/20 | J826: =COUNTIF($A$734:$A$795,"<>") -> 62 | M826: DRY SEASON 3 | O826: 4/1/20 - 9/30/20 | Q826: =COUNTIF($A$551:$A$733,"<>") -> 183 | S826: Measurements >= 2640 | U826: =SUM(B813:AG813) -> 5096 | V826: NUMERATOR FOR EXCEEDANCE % | AA826: Measurements >= 2640 | AC826: =SUM(B818:AG818) -> 2308 | AE826: Measurements >= 2640 | AG826: =SUM(B819:AG819) -> 2154 | AI826: Measurements >= 2640 | AK826: =SUM(B813:AG813) -> 5096 | AL826: =SUM(B813:I813) -> 4344 | AM826: =SUM(J813:R813) -> 752 | AN826: =SUM(S813:X813) -> 0 | AO826: =SUM(Y813:AG813) -> 0 | AQ826: Measurements >= 2640 | AS826: =SUM(B818:AG818) -> 2308 | AT826: =SUM(B818:I818) -> 1988 | AU826: =SUM(J818:R818) -> 320 | AV826: =SUM(S818:X818) -> 0 | AW826: =SUM(Y818:AG818) -> 0 | AY826: Measurements >= 2640 | BA826: =SUM(B819:AG819) -> 2154 | BB826: =SUM(B819:I819) -> 1860 | BC826: =SUM(J819:R819) -> 294 | BD826: =SUM(S819:X819) -> 0 | BE826: =SUM(Y819:AG819) -> 0
S827: % Total Run Exceedances | U827: =$U826/$U825 -> 0.20081967 | AA827: % WET Exceedances | AC827: =AC826/AC825 -> 0.19760274 | AE827: % DRY Exceedances | AG827: =AG826/AG825 -> 0.18391393 | AI827: % Total Run Exceedances | AK827: =AK826/AK825 -> 0.20081967 | AL827: =AL826/AL825 -> 0.68474149 | AM827: =AM826/AM825 -> 0.1053664 | AN827: =AN826/AN825 -> 0 | AO827: =AO826/AO825 -> 0 | AQ827: % WET Exceedances | AS827: =AS826/AS825 -> 0.19760274 | AT827: =AT826/AT825 -> 0.68082192 | AU827: =AU826/AU825 -> 0.097412481 | AV827: =AV826/AV825 -> 0 | AW827: =AW826/AW825 -> 0 | AY827: % DRY Exceedances | BA827: =BA826/BA825 -> 0.18391393 | BB827: =BB826/BB825 -> 0.6352459 | BC827: =BC826/BC825 -> 0.089253188 | BD827: =BD826/BD825 -> 0 | BE827: =BE826/BE825 -> 0
A829: TOTAL EXCEEDANCES | B829: =COUNTIF(B$3:B$795,">=3600") -> 572 | C829: =COUNTIF(C$3:C$795,">=3600") -> 252 | D829: =COUNTIF(D$3:D$795,">=3600") -> 472 | E829: =COUNTIF(E$3:E$795,">=3600") -> 566 | F829: =COUNTIF(F$3:F$795,">=3600") -> 624 | G829: =COUNTIF(G$3:G$795,">=3600") -> 500 | H829: =COUNTIF(H$3:H$795,">=3600") -> 366 | I829: =COUNTIF(I$3:I$795,">=3600") -> 628 | ... AG829: =COUNTIF(AG$3:AG$795,">=3600") -> 0
A830: WET 1 | B830: =COUNTIF(B$3:B$184,">=3600") -> 110 | C830: =COUNTIF(C$3:C$184,">=3600") -> 78 | D830: =COUNTIF(D$3:D$184,">=3600") -> 93 | E830: =COUNTIF(E$3:E$184,">=3600") -> 112 | F830: =COUNTIF(F$3:F$184,">=3600") -> 114 | G830: =COUNTIF(G$3:G$184,">=3600") -> 104 | H830: =COUNTIF(H$3:H$184,">=3600") -> 97 | I830: =COUNTIF(I$3:I$184,">=3600") -> 110 | ... AG830: =COUNTIF(AG$3:AG$184,">=3600") -> 0 | AH830: OCT 2018 - MARCH 2019
A831: WET 2 | B831: =COUNTIF(B$368:B$550,">=3600") -> 163 | C831: =COUNTIF(C$368:C$550,">=3600") -> 10 | D831: =COUNTIF(D$368:D$550,">=3600") -> 106 | E831: =COUNTIF(E$368:E$550,">=3600") -> 151 | F831: =COUNTIF(F$368:F$550,">=3600") -> 183 | G831: =COUNTIF(G$368:G$550,">=3600") -> 127 | H831: =COUNTIF(H$368:H$550,">=3600") -> 52 | I831: =COUNTIF(I$368:I$550,">=3600") -> 183 | ... AG831: =COUNTIF(AG$368:AG$550,">=3600") -> 0 | AH831: OCT 2019 - MARCH 2020
A832: DRY 1 | B832: =COUNTIF(B$185:B$367,">=3600") -> 76 | C832: =COUNTIF(C$185:C$367,">=3600") -> 0 | D832: =COUNTIF(D$185:D$367,">=3600") -> 70 | E832: =COUNTIF(E$185:E$367,">=3600") -> 77 | F832: =COUNTIF(F$185:F$367,">=3600") -> 82 | G832: =COUNTIF(G$185:G$367,">=3600") -> 32 | H832: =COUNTIF(H$185:H$367,">=3600") -> 7 | I832: =COUNTIF(I$185:I$367,">=3600") -> 90 | ... AG832: =COUNTIF(AG$185:AG$367,">=3600") -> 0 | AH832: APRIL 2019 - SEPTEMBER 2019
A833: DRY 2 | B833: =COUNTIF(B$551:B$733,">=3600") -> 161 | C833: =COUNTIF(C$551:C$733,">=3600") -> 102 | D833: =COUNTIF(D$551:D$733,">=3600") -> 141 | E833: =COUNTIF(E$551:E$733,">=3600") -> 164 | F833: =COUNTIF(F$551:F$733,">=3600") -> 183 | G833: =COUNTIF(G$551:G$733,">=3600") -> 175 | H833: =COUNTIF(H$551:H$733,">=3600") -> 148 | I833: =COUNTIF(I$551:I$733,">=3600") -> 183 | ... AG833: =COUNTIF(AG$551:AG$733,">=3600") -> 0 | AH833: APRIL 2020 - SEPTEMBER 2020
A834: ALL WET | B834: =SUM(B830,B831) -> 273 | C834: =SUM(C830,C831) -> 88 | D834: =SUM(D830,D831) -> 199 | E834: =SUM(E830,E831) -> 263 | F834: =SUM(F830,F831) -> 297 | G834: =SUM(G830,G831) -> 231 | H834: =SUM(H830,H831) -> 149 | I834: =SUM(I830,I831) -> 293 | ... AG834: =SUM(AG830,AG831) -> 0
A835: ALL DRY | B835: =SUM(B832,B833) -> 237 | C835: =SUM(C832,C833) -> 102 | D835: =SUM(D832,D833) -> 211 | E835: =SUM(E832,E833) -> 241 | F835: =SUM(F832,F833) -> 265 | G835: =SUM(G832,G833) -> 207 | H835: =SUM(H832,H833) -> 155 | I835: =SUM(I832,I833) -> 273 | ... AG835: =SUM(AG832,AG833) -> 0
D837: Waterfowl | F837: THRESHOLD: 3,600 MICROSIEMENS/CM (EC) | S837: WATERFOWL | AA837: WATERFOWL | AE837: WATERFOWL | AI837: WATERFOWL | AQ837: WATERFOWL | AY837: WATERFOWL
F838: WET SEASON | S838: TOTAL RUN | AA838: WET SEASONS | AE838: DRY SEASONS | AI838: TOTAL RUN | AK838: Delta-Wide | AL838: Suisun | AM838: Central Delta | AN838: North Delta | AO838: South Delta | AQ838: WET SEASONS | AS838: Delta-Wide | AT838: Suisun | AU838: Central Delta | AV838: North Delta | AW838: South Delta | AY838: DRY SEASONS | BA838: Delta-Wide | BB838: Suisun | BC838: Central Delta | BD838: North Delta | BE838: South Delta
F839: OCTOBER 1 - MARCH 31 | M839: DRY SEASON | S839: Total points | U839: =COUNTIF(B3:AG3,"<>") -> 32 | AA839: Total points | AC839: =$U$807 -> 32 | AE839: Total points | AG839: =$U$807 -> 32 | AI839: Total points | AK839: =COUNTIF(B34:AG34,"<>") -> 32 | AL839: =COUNTIF(B34:I34,"<>") -> 8 | AM839: =COUNTIF(J34:R34,"<>") -> 9 | AN839: =COUNTIF(S34:X34,"<>") -> 6 | AO839: =COUNTIF(Y34:AG34,"<>") -> 9 | AQ839: Total points | AS839: =$U$807 -> 32 | AT839: 8 | AU839: 9 | AV839: 6 | AW839: 9 | AY839: Total points | BA839: =$U$807 -> 32 | BB839: 8 | BC839: 9 | BD839: 6 | BE839: 9
F840: WET SEASON 1 | H840: 10/1/18 - 3/31/19 | J840: =COUNTIF($A$3:$A$184,"<>") -> 182 | M840: APRIL 1 - SEPTEMBER 30 | S840: Days in run | U840: =COUNTIF($A$3:$A$795,"<>") -> 793 | AA840: Days in run | AC840: =SUM($J$808:$J$809) -> 365 | AE840: Days in run | AG840: =SUM($Q$809:$Q$810) -> 366 | AI840: Days in run | AK840: =COUNTIF($A$3:$A$795,"<>") -> 793 | AL840: =COUNTIF($A$3:$A$795,"<>") -> 793 | AM840: =COUNTIF($A$3:$A$795,"<>") -> 793 | AN840: =COUNTIF($A$3:$A$795,"<>") -> 793 | AO840: =COUNTIF($A$3:$A$795,"<>") -> 793 | AQ840: Days in run | AS840: =SUM($J$808:$J$809) -> 365 | AT840: =SUM($J$808:$J$809) -> 365 | AU840: =SUM($J$808:$J$809) -> 365 | AV840: =SUM($J$808:$J$809) -> 365 | AW840: =SUM($J$808:$J$809) -> 365 | AY840: Days in run | BA840: =SUM($Q$809:$Q$810) -> 366 | BB840: =SUM($Q$809:$Q$810) -> 366 | BC840: =SUM($Q$809:$Q$810) -> 366 | BD840: =SUM($Q$809:$Q$810) -> 366 | BE840: =SUM($Q$809:$Q$810) -> 366
F841: WET SEASON 2 | H841: 10/1/19 - 3/31/20 | J841: =COUNTIF($A$368:$A$550,"<>") -> 183 | M841: DRY SEASON 2 | O841: 4/1/19 - 9/30/19 | Q841: =COUNTIF($A$185:$A$367,"<>") -> 183 | S841: Total measurements | U841: =$U$808*$U$807 -> 25376 | V841: DENOMINATOR FOR EXCEEDANCE % | AA841: Total measurements | AC841: =AC840*AC839 -> 11680 | AE841: Total measurements | AG841: =$AG$808*$AG$807 -> 11712 | AI841: Total measurements | AK841: =AK840*AK839 -> 25376 | AL841: =AL840*AL839 -> 6344 | AM841: =AM840*AM839 -> 7137 | AN841: =AN840*AN839 -> 4758 | AO841: =AO840*AO839 -> 7137 | AQ841: Total measurements | AS841: =AS840*AS839 -> 11680 | AT841: =AT840*AT839 -> 2920 | AU841: =AU840*AU839 -> 3285 | AV841: =AV840*AV839 -> 2190 | AW841: =AW840*AW839 -> 3285 | AY841: Total measurements | BA841: =BA840*BA839 -> 11712 | BB841: =BB840*BB839 -> 2928 | BC841: =BC840*BC839 -> 3294 | BD841: =BD840*BD839 -> 2196 | BE841: =BE840*BE839 -> 3294
F842: WET SEASON 3 | H842: 10/1/20 - 12/1/20 | J842: =COUNTIF($A$734:$A$795,"<>") -> 62 | M842: DRY SEASON 3 | O842: 4/1/20 - 9/30/20 | Q842: =COUNTIF($A$551:$A$733,"<>") -> 183 | S842: Measurements >= 3,600 | U842: =SUM(B829:AG829) -> 4590 | V842: NUMERATOR FOR EXCEEDANCE % | AA842: Measurements >= 3,600 | AC842: =SUM(B834:AG834) -> 2033 | AE842: Measurements >= 3,600 | AG842: =SUM(B835:AG835) -> 1935 | AI842: Measurements >= 3,600 | AK842: =SUM(B829:AG829) -> 4590 | AL842: =SUM(B829:I829) -> 3980 | AM842: =SUM(J829:R829) -> 610 | AN842: =SUM(S829:X829) -> 0 | AO842: =SUM(Y829:AG829) -> 0 | AQ842: Measurements >= 3600 | AS842: =SUM(B834:AG834) -> 2033 | AT842: =SUM(B834:I834) -> 1793 | AU842: =SUM(J834:R834) -> 240 | AV842: =SUM(S834:X834) -> 0 | AW842: =SUM(Y834:AG834) -> 0 | AY842: Measurements >= 3600 | BA842: =SUM(B835:AG835) -> 1935 | BB842: =SUM(B835:I835) -> 1691 | BC842: =SUM(J835:R835) -> 244 | BD842: =SUM(S835:X835) -> 0 | BE842: =SUM(Y835:AG835) -> 0
S843: % Total Run Exceedances | U843: =$U842/$U841 -> 0.18087957 | AA843: % WET Exceedances | AC843: =AC842/AC841 -> 0.17405822 | AE843: % DRY Exceedances | AG843: =AG842/AG841 -> 0.16521516 | AI843: % Total Run Exceedances | AK843: =AK842/AK841 -> 0.18087957 | AL843: =AL842/AL841 -> 0.62736444 | AM843: =AM842/AM841 -> 0.085470085 | AN843: =AN842/AN841 -> 0 | AO843: =AO842/AO841 -> 0 | AQ843: % WET Exceedances | AS843: =AS842/AS841 -> 0.17405822 | AT843: =AT842/AT841 -> 0.6140411 | AU843: =AU842/AU841 -> 0.073059361 | AV843: =AV842/AV841 -> 0 | AW843: =AW842/AW841 -> 0 | AY843: % DRY Exceedances | BA843: =BA842/BA841 -> 0.16521516 | BB843: =BB842/BB841 -> 0.57752732 | BC843: =BC842/BC841 -> 0.074074074 | BD843: =BD842/BD841 -> 0 | BE843: =BE842/BE841 -> 0
A845: TOTAL EXCEEDANCES | B845: =COUNTIF(B$3:B$795,">=9130") -> 241 | C845: =COUNTIF(C$3:C$795,">=9130") -> 32 | D845: =COUNTIF(D$3:D$795,">=9130") -> 154 | E845: =COUNTIF(E$3:E$795,">=9130") -> 240 | F845: =COUNTIF(F$3:F$795,">=9130") -> 354 | G845: =COUNTIF(G$3:G$795,">=9130") -> 248 | H845: =COUNTIF(H$3:H$795,">=9130") -> 163 | I845: =COUNTIF(I$3:I$795,">=9130") -> 383 | ... AG845: =COUNTIF(AG$3:AG$795,">=9130") -> 0
A846: WET 1 | B846: =COUNTIF(B$3:B$184,">=9130") -> 65 | C846: =COUNTIF(C$3:C$184,">=9130") -> 3 | D846: =COUNTIF(D$3:D$184,">=9130") -> 29 | E846: =COUNTIF(E$3:E$184,">=9130") -> 70 | F846: =COUNTIF(F$3:F$184,">=9130") -> 106 | G846: =COUNTIF(G$3:G$184,">=9130") -> 89 | H846: =COUNTIF(H$3:H$184,">=9130") -> 49 | I846: =COUNTIF(I$3:I$184,">=9130") -> 102 | ... AG846: =COUNTIF(AG$3:AG$184,">=9130") -> 0 | AH846: OCT 2018 - MARCH 2019
A847: WET 2 | B847: =COUNTIF(B$368:B$550,">=9130") -> 5 | C847: =COUNTIF(C$368:C$550,">=9130") -> 0 | D847: =COUNTIF(D$368:D$550,">=9130") -> 0 | E847: =COUNTIF(E$368:E$550,">=9130") -> 0 | F847: =COUNTIF(F$368:F$550,">=9130") -> 41 | G847: =COUNTIF(G$368:G$550,">=9130") -> 8 | H847: =COUNTIF(H$368:H$550,">=9130") -> 5 | I847: =COUNTIF(I$368:I$550,">=9130") -> 63 | ... AG847: =COUNTIF(AG$368:AG$550,">=9130") -> 0 | AH847: OCT 2019 - MARCH 2020
A848: DRY 1 | B848: =COUNTIF(B$185:B$367,">=9130") -> 0 | C848: =COUNTIF(C$185:C$367,">=9130") -> 0 | D848: =COUNTIF(D$185:D$367,">=9130") -> 0 | E848: =COUNTIF(E$185:E$367,">=9130") -> 0 | F848: =COUNTIF(F$185:F$367,">=9130") -> 0 | G848: =COUNTIF(G$185:G$367,">=9130") -> 0 | H848: =COUNTIF(H$185:H$367,">=9130") -> 0 | I848: =COUNTIF(I$185:I$367,">=9130") -> 5 | ... AG848: =COUNTIF(AG$185:AG$367,">=9130") -> 0 | AH848: APRIL 2019 - SEPTEMBER 2019
A849: DRY 2 | B849: =COUNTIF(B$551:B$733,">=9130") -> 109 | C849: =COUNTIF(C$551:C$733,">=9130") -> 22 | D849: =COUNTIF(D$551:D$733,">=9130") -> 88 | E849: =COUNTIF(E$551:E$733,">=9130") -> 108 | F849: =COUNTIF(F$551:F$733,">=9130") -> 145 | G849: =COUNTIF(G$551:G$733,">=9130") -> 89 | H849: =COUNTIF(H$551:H$733,">=9130") -> 48 | I849: =COUNTIF(I$551:I$733,">=9130") -> 151 | ... AG849: =COUNTIF(AG$551:AG$733,">=9130") -> 0 | AH849: APRIL 2020 - SEPTEMBER 2020
A850: ALL WET | B850: =SUM(B846,B847) -> 70 | C850: =SUM(C846,C847) -> 3 | D850: =SUM(D846,D847) -> 29 | E850: =SUM(E846,E847) -> 70 | F850: =SUM(F846,F847) -> 147 | G850: =SUM(G846,G847) -> 97 | H850: =SUM(H846,H847) -> 54 | I850: =SUM(I846,I847) -> 165 | ... AG850: =SUM(AG846,AG847) -> 0
A851: ALL DRY | B851: =SUM(B848,B849) -> 109 | C851: =SUM(C848,C849) -> 22 | D851: =SUM(D848,D849) -> 88 | E851: =SUM(E848,E849) -> 108 | F851: =SUM(F848,F849) -> 145 | G851: =SUM(G848,G849) -> 89 | H851: =SUM(H848,H849) -> 48 | I851: =SUM(I848,I849) -> 156 | ... AG851: =SUM(AG848,AG849) -> 0
D853: Angling | F853: THRESHOLD: 9,130 MICROSIEMENS/CM (EC) | S853: ANGLING | AA853: ANGLING | AE853: ANGLING | AI853: ANGLING | AQ853: ANGLING | AY853: ANGLING
F854: WET SEASON | S854: TOTAL RUN | AA854: WET SEASONS | AE854: DRY SEASONS | AI854: TOTAL RUN | AK854: Delta-Wide | AL854: Suisun | AM854: Central Delta | AN854: North Delta | AO854: South Delta | AQ854: WET SEASONS | AS854: Delta-Wide | AT854: Suisun | AU854: Central Delta | AV854: North Delta | AW854: South Delta | AY854: DRY SEASONS | BA854: Delta-Wide | BB854: Suisun | BC854: Central Delta | BD854: North Delta | BE854: South Delta
F855: OCTOBER 1 - MARCH 31 | M855: DRY SEASON | S855: Total points | U855: =COUNTIF(B3:AG3,"<>") -> 32 | AA855: Total points | AC855: =$U$807 -> 32 | AE855: Total points | AG855: =$U$807 -> 32 | AI855: Total points | AK855: =COUNTIF(B50:AG50,"<>") -> 32 | AL855: =COUNTIF(B50:I50,"<>") -> 8 | AM855: =COUNTIF(J50:R50,"<>") -> 9 | AN855: =COUNTIF(S50:X50,"<>") -> 6 | AO855: =COUNTIF(Y50:AG50,"<>") -> 9 | AQ855: Total points | AS855: =$U$807 -> 32 | AT855: 8 | AU855: 9 | AV855: 6 | AW855: 9 | AY855: Total points | BA855: =$U$807 -> 32 | BB855: 8 | BC855: 9 | BD855: 6 | BE855: 9
F856: WET SEASON 1 | H856: 10/1/18 - 3/31/19 | J856: =COUNTIF($A$3:$A$184,"<>") -> 182 | M856: APRIL 1 - SEPTEMBER 30 | S856: Days in run | U856: =COUNTIF($A$3:$A$795,"<>") -> 793 | AA856: Days in run | AC856: =SUM($J$808:$J$809) -> 365 | AE856: Days in run | AG856: =SUM($Q$809:$Q$810) -> 366 | AI856: Days in run | AK856: =COUNTIF($A$3:$A$795,"<>") -> 793 | AL856: =COUNTIF($A$3:$A$795,"<>") -> 793 | AM856: =COUNTIF($A$3:$A$795,"<>") -> 793 | AN856: =COUNTIF($A$3:$A$795,"<>") -> 793 | AO856: =COUNTIF($A$3:$A$795,"<>") -> 793 | AQ856: Days in run | AS856: =SUM($J$808:$J$809) -> 365 | AT856: =SUM($J$808:$J$809) -> 365 | AU856: =SUM($J$808:$J$809) -> 365 | AV856: =SUM($J$808:$J$809) -> 365 | AW856: =SUM($J$808:$J$809) -> 365 | AY856: Days in run | BA856: =SUM($Q$809:$Q$810) -> 366 | BB856: =SUM($Q$809:$Q$810) -> 366 | BC856: =SUM($Q$809:$Q$810) -> 366 | BD856: =SUM($Q$809:$Q$810) -> 366 | BE856: =SUM($Q$809:$Q$810) -> 366
F857: WET SEASON 2 | H857: 10/1/19 - 3/31/20 | J857: =COUNTIF($A$368:$A$550,"<>") -> 183 | M857: DRY SEASON 2 | O857: 4/1/19 - 9/30/19 | Q857: =COUNTIF($A$185:$A$367,"<>") -> 183 | S857: Total measurements | U857: =$U$808*$U$807 -> 25376 | V857: DENOMINATOR FOR EXCEEDANCE % | AA857: Total measurements | AC857: =AC856*AC855 -> 11680 | AE857: Total measurements | AG857: =$AG$808*$AG$807 -> 11712 | AI857: Total measurements | AK857: =AK856*AK855 -> 25376 | AL857: =AL856*AL855 -> 6344 | AM857: =AM856*AM855 -> 7137 | AN857: =AN856*AN855 -> 4758 | AO857: =AO856*AO855 -> 7137 | AQ857: Total measurements | AS857: =AS856*AS855 -> 11680 | AT857: =AT856*AT855 -> 2920 | AU857: =AU856*AU855 -> 3285 | AV857: =AV856*AV855 -> 2190 | AW857: =AW856*AW855 -> 3285 | AY857: Total measurements | BA857: =BA856*BA855 -> 11712 | BB857: =BB856*BB855 -> 2928 | BC857: =BC856*BC855 -> 3294 | BD857: =BD856*BD855 -> 2196 | BE857: =BE856*BE855 -> 3294
F858: WET SEASON 3 | H858: 10/1/20 - 12/1/20 | J858: =COUNTIF($A$734:$A$795,"<>") -> 62 | M858: DRY SEASON 3 | O858: 4/1/20 - 9/30/20 | Q858: =COUNTIF($A$551:$A$733,"<>") -> 183 | S858: Measurements >= 9,130 | U858: =SUM(B845:AG845) -> 1972 | V858: NUMERATOR FOR EXCEEDANCE % | AA858: Measurements >= 9,130 | AC858: =SUM(B850:AG850) -> 689 | AE858: Measurements >= 9,130 | AG858: =SUM(B851:AG851) -> 799 | AI858: Measurements >= 9130 | AK858: =SUM(B845:AG845) -> 1972 | AL858: =SUM(B845:I845) -> 1815 | AM858: =SUM(J845:R845) -> 157 | AN858: =SUM(S845:X845) -> 0 | AO858: =SUM(Y845:AG845) -> 0 | AQ858: Measurements >= 9130 | AS858: =SUM(B850:AG850) -> 689 | AT858: =SUM(B850:I850) -> 635 | AU858: =SUM(J850:R850) -> 54 | AV858: =SUM(S850:X850) -> 0 | AW858: =SUM(Y850:AG850) -> 0 | AY858: Measurements >= 9130 | BA858: =SUM(B851:AG851) -> 799 | BB858: =SUM(B851:I851) -> 765 | BC858: =SUM(J851:R851) -> 34 | BD858: =SUM(S851:X851) -> 0 | BE858: =SUM(Y851:AG851) -> 0
S859: % Total Run Exceedances | U859: =$U858/$U857 -> 0.077711223 | AA859: % WET Exceedances | AC859: =AC858/AC857 -> 0.058989726 | AE859: % DRY Exceedances | AG859: =AG858/AG857 -> 0.068220628 | AI859: % Total Run Exceedances | AK859: =AK858/AK857 -> 0.077711223 | AL859: =AL858/AL857 -> 0.2860971 | AM859: =AM858/AM857 -> 0.021998038 | AN859: =AN858/AN857 -> 0 | AO859: =AO858/AO857 -> 0 | AQ859: % WET Exceedances | AS859: =AS858/AS857 -> 0.058989726 | AT859: =AT858/AT857 -> 0.21746575 | AU859: =AU858/AU857 -> 0.016438356 | AV859: =AV858/AV857 -> 0 | AW859: =AW858/AW857 -> 0 | AY859: % DRY Exceedances | BA859: =BA858/BA857 -> 0.068220628 | BB859: =BB858/BB857 -> 0.26127049 | BC859: =BC858/BC857 -> 0.010321797 | BD859: =BD858/BD857 -> 0 | BE859: =BE858/BE857 -> 0

Sheet Calling On Reserves
B1: Suisun | J1: Central Delta | S1: North Delta | Y1: South Delta
A2: Date | B2: CHADBOURNE SLOUGH AT SUNRISE DUCK CLUB | C2: MONTEZUMA SLOUGH AT NATIONAL STEEL | D2: MONTEZUMA SLOUGH NEAR BELDENS LANDING | E2: SUISUN SLOUGH 300' SOUTH OF VOLANTI SLOUGH | F2: GRIZZLY BAY BUOY | G2: HONKER BAY | H2: SUISUN BAY AT VAN SICKLE ISLAND | I2: SUISUN BAY WEST REACH | J2: DUTCH SL BELOW JERSEY ISLAND | K2: FALSE RIVER NEAR OAKLEY | L2: OLD RIVER AT FRANKS TRACT | M2: PITTSBURG | N2: SACRAMENTO RIVER AT EMMATON | O2: SAN ANDREAS LANDING | P2: SAN JOAQUIN RIVER AT JERSEY POINT | Q2: SUISUN BAY AT CHANNEL MARKER 5 AT COLLINSVILLE | R2: BRANNAN MARINAS AT SAN JOAQUIN RIVER | S2: CACHE SLOUGH ABOVE RYER ISLAND FERRY | T2: DELTA CROSS CHANNEL NEAR WALNUT GROVE | U2: VIERAS RESORT AT SACRAMENTO RIVER | V2: SACRAMENTO RIVER DOWNSTREAM OF ISLETON | W2: LIBERTY CUT AT FIVE POINTS | X2: COURTLAND AT SACRAMENTO RIVER | Y2: GRANT LINE CANAL NEAR CLIFTON COURT FORE | Z2: LITTLE POTATO SLOUGH AT TERMINOUS | AA2: MIDDLE RIVER AT MILDRED ISLAND | AB2: OLD RIVER AT CLIFTON COURT | AC2: SAN JOAQUIN RIVER AT BRANDT BRIDGE | AD2: SAN JOAQUIN RIVER AT PRISONERS POINT | AE2: SAN JOAQUIN RIVER NEAR VERNALIS | AF2: SAN JOAQUIN RIVER AT ROUGH AND READY ISLAND | AG2: VICTORIA CANAL BEFORE CLIFTON COURT FORE
A3: 43374 | B3: 18243.867 | C3: 9844.151 | D3: 16246.559 | E3: 18108.531 | F3: 20538.59 | G3: 16497.57 | H3: 13496.857 | I3: 21512.633 | J3: 2053.9688 | K3: 2221.8293 | L3: 706.6351 | M3: 13137.187 | N3: 2666.6294 | O3: 785.75934 | P3: 2582.3284 | Q3: 9693.13 | R3: 1101.1288 | S3: 170.62479 | T3: 109.86886 | U3: 132.16489 | V3: 167.4094 | W3: 154.389 | X3: 109.2206 | Y3: 656.092 | Z3: 147.87962 | AA3: 541.31085 | AB3: 850.81934 | AC3: 380.23877 | AD3: 555.2995 | AE3: 448.86038 | AF3: 433.36453 | AG3: 481.61066
A4: 43375 | B4: 18479.688 | C4: 9981.069 | D4: 16484.014 | E4: 18324.998 | F4: 20651.025 | G4: 16653.967 | H4: 13686.403 | I4: 21663.168 | J4: 2068.3528 | K4: 2256.0798 | L4: 726.5796 | M4: 13295.954 | N4: 2776.4004 | O4: 811.1744 | P4: 2621.8674 | Q4: 9824.6455 | R4: 1130.5651 | S4: 175.09789 | T4: 110.4511 | U4: 132.97621 | V4: 172.72314 | W4: 153.58559 | X4: 110.52564 | Y4: 667.6517 | Z4: 146.48734 | AA4: 539.21454 | AB4: 863.67267 | AC4: 418.98337 | AD4: 562.9641 | AE4: 480.7754 | AF4: 428.16248 | AG4: 489.9739
A5: 43376 | B5: 18721.076 | C5: 10136.592 | D5: 16626.24 | E5: 18463.855 | F5: 20727.105 | G5: 16610.322 | H5: 13415.434 | I5: 21347.963 | J5: 2080.0322 | K5: 2195.4685 | L5: 737.94183 | M5: 12869.911 | N5: 2628.1433 | O5: 777.50287 | P5: 2542.014 | Q5: 9575.476 | R5: 1111.049 | S5: 170.0463 | T5: 110.32251 | U5: 127.50721 | V5: 161.5966 | W5: 153.40106 | X5: 109.40939 | Y5: 658.4235 | Z5: 145.17143 | AA5: 540.27765 | AB5: 867.99097 | AC5: 451.8468 | AD5: 559.5672 | AE5: 498.2621 | AF5: 426.2705 | AG5: 492.90384
A6: 43377 | B6: 18953.549 | C6: 10306.605 | D6: 16747.787 | E6: 18581.846 | F6: 20829.83 | G6: 16417.088 | H6: 13022.796 | I6: 21022.256 | J6: 2088.7507 | K6: 2134.9502 | L6: 730.9213 | M6: 12432.312 | N6: 2440.9521 | O6: 739.7551 | P6: 2470.0186 | Q6: 9217.413 | R6: 1069.0311 | S6: 162.98946 | T6: 109.89155 | U6: 128.01192 | V6: 159.21649 | W6: 153.14543 | X6: 109.60798 | Y6: 658.4329 | Z6: 145.68623 | AA6: 545.51556 | AB6: 874.90405 | AC6: 480.86707 | AD6: 555.80133 | AE6: 445.90475 | AF6: 436.1782 | AG6: 496.56213
A7: 43378 | B7: 19131.578 | C7: 10409.412 | D7: 16843.627 | E7: 18669.902 | F7: 20906.271 | G7: 15968.323 | H7: 12405.72 | I7: 20489.707 | J7: 2078.8752 | K7: 2073.6912 | L7: 721.14087 | M7: 11823.942 | N7: 2234.9958 | O7: 690.909 | P7: 2379.6208 | Q7: 8666.204 | R7: 1003.6145 | S7: 161.00368 | T7: 110.01525 | U7: 128.08965 | V7: 158.42482 | W7: 152.48413 | X7: 106.50358 | Y7: 683.4661 | Z7: 146.02524 | AA7: 551.94196 | AB7: 875.3623 | AC7: 470.73404 | AD7: 544.1248 | AE7: 449.29773 | AF7: 456.65652 | AG7: 502.08682
A8: 43379 | B8: 19324.014 | C8: 10466.223 | D8: 17158.564 | E8: 18921.174 | F8: 20915.787 | G8: 15875.419 | H8: 12628.087 | I8: 20842.574 | J8: 2075.861 | K8: 2087.5095 | L8: 658.1334 | M8: 12049.508 | N8: 2374.9214 | O8: 719.6697 | P8: 2395.2263 | Q8: 8888.648 | R8: 1025.2777 | S8: 166.19 | T8: 106.25839 | U8: 132.45497 | V8: 166.91692 | W8: 150.91312 | X8: 109.44406 | Y8: 728.32697 | Z8: 146.14189 | AA8: 560.68097 | AB8: 892.84784 | AC8: 449.32703 | AD8: 527.7585 | AE8: 465.14456 | AF8: 473.1925 | AG8: 507.9457
A9: 43380 | B9: 19465.623 | C9: 10653.973 | D9: 17377.541 | E9: 19042.549 | F9: 20940.006 | G9: 15695.28 | H9: 12395.195 | I9: 20499.037 | J9: 2050.9258 | K9: 1980.9603 | L9: 687.22784 | M9: 11608.879 | N9: 2257.9626 | O9: 727.9143 | P9: 2308.0042 | Q9: 8657.508 | R9: 1037.3871 | S9: 162.86736 | T9: 114.03248 | U9: 130.52931 | V9: 163.26524 | W9: 149.56906 | X9: 120.68893 | Y9: 736.30634 | Z9: 142.08046 | AA9: 572.43976 | AB9: 917.3382 | AC9: 460.7257 | AD9: 508.95425 | AE9: 457.11743 | AF9: 468.88 | AG9: 514.6418
A10: 43381 | B10: 19679.332 | C10: 10767.336 | D10: 17789.197 | E10: 19363.701 | F10: 20825.262 | G10: 15663.849 | H10: 12750.645 | I10: 21164.768 | J10: 2035.6466 | K10: 2031.909 | L10: 650.28864 | M10: 12192.522 | N10: 2440.741 | O10: 739.10693 | P10: 2337.1433 | Q10: 8957.307 | R10: 1037.9696 | S10: 171.2107 | T10: 120.1316 | U10: 135.93694 | V10: 176.7367 | W10: 148.51265 | X10: 112.71436 | Y10: 767.18524 | Z10: 147.35825 | AA10: 587.9805 | AB10: 941.47217 | AC10: 461.64084 | AD10: 512.14417 | AE10: 433.6356 | AF10: 468.57626 | AG10: 533.2109
A11: 43382 | B11: 19954.996 | C11: 10936.86 | D11: 18288.3 | E11: 19739.518 | F11: 20880.8 | G11: 16592.49 | H11: 14086.164 | I11: 22494.236 | J11: 2045.8749 | K11: 2174.9795 | L11: 673.79285 | M11: 13483.245 | N11: 3127.3406 | O11: 823.0886 | P11: 2507.7112 | Q11: 10140.922 | R11: 1120.3633 | S11: 196.16722 | T11: 113.14606 | U11: 155.41838 | V11: 212.56169 | W11: 147.67154 | X11: 114.2879 | Y11: 795.90875 | Z11: 150.81749 | AA11: 586.74054 | AB11: 939.6707 | AC11: 436.1586 | AD11: 538.924 | AE11: 425.36978 | AF11: 473.67456 | AG11: 542.3114
A12: 43383 | B12: 20227.064 | C12: 11191.097 | D12: 18678.057 | E12: 20072.639 | F12: 21157.027 | G12: 17811.654 | H12: 15104.474 | I12: 23301.305 | J12: 2080.388 | K12: 2310.6316 | L12: 729.8169 | M12: 14501.356 | N12: 3753.7275 | O12: 886.24506 | P12: 2689.2627 | Q12: 11167.613 | R12: 1192.6779 | S12: 222.39006 | T12: 114.99935 | U12: 169.7282 | V12: 241.33614 | W12: 147.49553 | X12: 129.23634 | Y12: 791.66864 | Z12: 151.95418 | AA12: 575.44135 | AB12: 930.98486 | AC12: 427.60876 | AD12: 574.09576 | AE12: 448.22903 | AF12: 466.31128 | AG12: 539.497
A13: 43384 | B13: 20410.486 | C13: 11359.737 | D13: 18805.943 | E13: 20236.508 | F13: 21437.396 | G13: 18080.06 | H13: 15043.614 | I13: 23165.39 | J13: 2109.304 | K13: 2319.4114 | L13: 760.39105 | M13: 14435.804 | N13: 3712.5105 | O13: 852.09 | P13: 2698.5828 | Q13: 11201.997 | R13: 1169.871 | S13: 219.7108 | T13: 127.67743 | U13: 162.88936 | V13: 231.30904 | W13: 147.90648 | X13: 120.35605 | Y13: 770.6968 | Z13: 150.18379 | AA13: 571.7244 | AB13: 913.33887 | AC13: 438.71475 | AD13: 583.88654 | AE13: 473.5988 | AF13: 454.56067 | AG13: 542.1902
A14: 43385 | B14: 20550.701 | C14: 11513.493 | D14: 18890.033 | E14: 20350.053 | F14: 21721.645 | G14: 17850.314 | H14: 14589.366 | I14: 22715.314 | J14: 2119.7473 | K14: 2277.621 | L14: 744.52814 | M14: 14024.419 | N14: 3393.4307 | O14: 802.54663 | P14: 2635.0522 | Q14: 10769.836 | R14: 1121.4104 | S14: 207.62135 | T14: 120.64416 | U14: 155.1262 | V14: 211.72302 | W14: 148.2392 | X14: 119.85802 | Y14: 754.46173 | Z14: 149.6602 | AA14: 570.92084 | AB14: 904.0894 | AC14: 473.5133 | AD14: 575.6398 | AE14: 482.0358 | AF14: 448.58533 | AG14: 543.4857
... A795: 44166 | B795: 15783.681 | C795: 8009.892 | D795: 8210.153 | E795: 14759.063 | F795: 20188.574 | G795: 16316.472 | H795: 7075.942 | I795: 13561.343 | J795: 1905.931 | K795: 1648.4183 | L795: 1146.5359 | M795: 6376.62 | N795: 1488.6371 | O795: 339.85184 | P795: 1677.2671 | Q795: 3392.255 | R795: 666.9371 | S795: 162.5257 | T795: 136.23767 | U795: 145.82178 | V795: 146.49948 | W795: 156.98427 | X795: 145.80179 | Y795: 868.55115 | Z795: 176.70107 | AA795: 755.156 | AB795: 1090.5825 | AC795: 760.8576 | AD795: 664.45013 | AE795: 799.69885 | AF795: 600.06024 | AG795: 769.0027
A796: TOTAL EXCEEDANCES | B796: =COUNTIF(B$3:B$795,">=1000") -> 684 | C796: =COUNTIF(C$3:C$795,">=1000") -> 575 | D796: =COUNTIF(D$3:D$795,">=1000") -> 640 | E796: =COUNTIF(E$3:E$795,">=1000") -> 677 | F796: =COUNTIF(F$3:F$795,">=1000") -> 663 | G796: =COUNTIF(G$3:G$795,">=1000") -> 626 | H796: =COUNTIF(H$3:H$795,">=1000") -> 604 | I796: =COUNTIF(I$3:I$795,">=1000") -> 669 | ... AG796: =COUNTIF(AG$3:AG$795,">=1000") -> 0
A797: WET 1 | B797: =COUNTIF(B$3:B$184,">=1000") -> 142 | C797: =COUNTIF(C$3:C$184,">=1000") -> 97 | D797: =COUNTIF(D$3:D$184,">=1000") -> 104 | E797: =COUNTIF(E$3:E$184,">=1000") -> 135 | F797: =COUNTIF(F$3:F$184,">=1000") -> 118 | G797: =COUNTIF(G$3:G$184,">=1000") -> 103 | H797: =COUNTIF(H$3:H$184,">=1000") -> 100 | I797: =COUNTIF(I$3:I$184,">=1000") -> 117 | ... AG797: =COUNTIF(AG$3:AG$184,">=1000") -> 0 | AH797: OCT 2018 - MARCH 2019
A798: WET 2 | B798: =COUNTIF(B$368:B$550,">=1000") -> 183 | C798: =COUNTIF(C$368:C$550,">=1000") -> 160 | D798: =COUNTIF(D$368:D$550,">=1000") -> 183 | E798: =COUNTIF(E$368:E$550,">=1000") -> 183 | F798: =COUNTIF(F$368:F$550,">=1000") -> 183 | G798: =COUNTIF(G$368:G$550,">=1000") -> 183 | H798: =COUNTIF(H$368:H$550,">=1000") -> 174 | I798: =COUNTIF(I$368:I$550,">=1000") -> 183 | ... AG798: =COUNTIF(AG$368:AG$550,">=1000") -> 0 | AH798: OCT 2019 - MARCH 2020
A799: DRY 1 | B799: =COUNTIF(B$185:B$367,">=1000") -> 114 | C799: =COUNTIF(C$185:C$367,">=1000") -> 73 | D799: =COUNTIF(D$185:D$367,">=1000") -> 108 | E799: =COUNTIF(E$185:E$367,">=1000") -> 114 | F799: =COUNTIF(F$185:F$367,">=1000") -> 117 | G799: =COUNTIF(G$185:G$367,">=1000") -> 95 | H799: =COUNTIF(H$185:H$367,">=1000") -> 85 | I799: =COUNTIF(I$185:I$367,">=1000") -> 124 | ... AG799: =COUNTIF(AG$185:AG$367,">=1000") -> 0 | AH799: APRIL 2019 - SEPTEMBER 2019
A800: DRY 2 | B800: =COUNTIF(B$551:B$733,">=1000") -> 183 | C800: =COUNTIF(C$551:C$733,">=1000") -> 183 | D800: =COUNTIF(D$551:D$733,">=1000") -> 183 | E800: =COUNTIF(E$551:E$733,">=1000") -> 183 | F800: =COUNTIF(F$551:F$733,">=1000") -> 183 | G800: =COUNTIF(G$551:G$733,">=1000") -> 183 | H800: =COUNTIF(H$551:H$733,">=1000") -> 183 | I800: =COUNTIF(I$551:I$733,">=1000") -> 183 | ... AG800: =COUNTIF(AG$551:AG$733,">=1000") -> 0 | AH800: APRIL 2020 - SEPTEMBER 2020
A801: ALL WET | B801: =SUM(B$797,B$798) -> 325 | C801: =SUM(C$797,C$798) -> 257 | D801: =SUM(D$797,D$798) -> 287 | E801: =SUM(E$797,E$798) -> 318 | F801: =SUM(F$797,F$798) -> 301 | G801: =SUM(G$797,G$798) -> 286 | H801: =SUM(H$797,H$798) -> 274 | I801: =SUM(I$797,I$798) -> 300 | ... AG801: =SUM(AG$797,AG$798) -> 0
A802: ALL DRY | B802: =SUM(B$799,B$800) -> 297 | C802: =SUM(C$799,C$800) -> 256 | D802: =SUM(D$799,D$800) -> 291 | E802: =SUM(E$799,E$800) -> 297 | F802: =SUM(F$799,F$800) -> 300 | G802: =SUM(G$799,G$800) -> 278 | H802: =SUM(H$799,H$800) -> 268 | I802: =SUM(I$799,I$800) -> 307 | ... AG802: =SUM(AG$799,AG$800) -> 0
D805: Day Use & Boating | F805: THRESHOLD: 1,000 MICROSIEMENS/CM (EC) | S805: SP DAY USE & BOATING | AA805: SP DAY USE & BOATING | AE805: SP DAY USE & BOATING | AI805: SP DAY USE & BOATING | AQ805: SP DAY USE & BOATING | AY805: SP DAY USE & BOATING
F806: WET SEASON | S806: TOTAL RUN | AA806: WET SEASONS | AE806: DRY SEASONS | AI806: TOTAL RUN | AK806: Delta-Wide | AL806: Suisun | AM806: Central Delta | AN806: North Delta | AO806: South Delta | AQ806: WET SEASONS | AS806: Delta-Wide | AT806: Suisun | AU806: Central Delta | AV806: North Delta | AW806: South Delta | AY806: DRY SEASONS | BA806: Delta-Wide | BB806: Suisun | BC806: Central Delta | BD806: North Delta | BE806: South Delta
F807: OCTOBER 1 - MARCH 31 | M807: DRY SEASON | S807: Total points | U807: =COUNTIF(B3:AG3,"<>") -> 32 | AA807: Total points | AC807: =$U$807 -> 32 | AE807: Total points | AG807: =$U$807 -> 32 | AI807: Total points | AK807: =COUNTIF(B2:AG2,"<>") -> 32 | AL807: =COUNTIF(B2:I2,"<>") -> 8 | AM807: =COUNTIF(J2:R2,"<>") -> 9 | AN807: =COUNTIF(S2:X2,"<>") -> 6 | AO807: =COUNTIF(Y2:AG2,"<>") -> 9 | AQ807: Total points | AS807: =$U$807 -> 32 | AT807: 8 | AU807: 9 | AV807: 6 | AW807: 9 | AY807: Total points | BA807: =$U$807 -> 32 | BB807: 8 | BC807: 9 | BD807: 6 | BE807: 9
F808: WET SEASON 1 | H808: 10/1/18 - 3/31/19 | J808: =COUNTIF($A$3:$A$184,"<>") -> 182 | M808: APRIL 1 - SEPTEMBER 30 | S808: Days in run | U808: =COUNTIF($A$3:$A$795,"<>") -> 793 | AA808: Days in run | AC808: =SUM($J$808:$J$809) -> 365 | AE808: Days in run | AG808: =SUM($Q$809:$Q$810) -> 366 | AI808: Days in run | AK808: =COUNTIF($A$3:$A$795,"<>") -> 793 | AL808: =COUNTIF($A$3:$A$795,"<>") -> 793 | AM808: =COUNTIF($A$3:$A$795,"<>") -> 793 | AN808: =COUNTIF($A$3:$A$795,"<>") -> 793 | AO808: =COUNTIF($A$3:$A$795,"<>") -> 793 | AQ808: Days in run | AS808: =SUM($J$808:$J$809) -> 365 | AT808: =SUM($J$808:$J$809) -> 365 | AU808: =SUM($J$808:$J$809) -> 365 | AV808: =SUM($J$808:$J$809) -> 365 | AW808: =SUM($J$808:$J$809) -> 365 | AY808: Days in run | BA808: =SUM($Q$809:$Q$810) -> 366 | BB808: =SUM($Q$809:$Q$810) -> 366 | BC808: =SUM($Q$809:$Q$810) -> 366 | BD808: =SUM($Q$809:$Q$810) -> 366 | BE808: =SUM($Q$809:$Q$810) -> 366
F809: WET SEASON 2 | H809: 10/1/19 - 3/31/20 | J809: =COUNTIF($A$368:$A$550,"<>") -> 183 | M809: DRY SEASON 2 | O809: 4/1/19 - 9/30/19 | Q809: =COUNTIF($A$185:$A$367,"<>") -> 183 | S809: Total measurements | U809: =U808*U807 -> 25376 | V809: DENOMINATOR FOR EXCEEDANCE % | AA809: Total measurements | AC809: =AC808*AC807 -> 11680 | AE809: Total measurements | AG809: =$AG$808*$AG$807 -> 11712 | AI809: Total measurements | AK809: =AK808*AK807 -> 25376 | AL809: =AL808*AL807 -> 6344 | AM809: =AM808*AM807 -> 7137 | AN809: =AN808*AN807 -> 4758 | AO809: =AO808*AO807 -> 7137 | AQ809: Total measurements | AS809: =AS808*AS807 -> 11680 | AT809: =AT808*AT807 -> 2920 | AU809: =AU808*AU807 -> 3285 | AV809: =AV808*AV807 -> 2190 | AW809: =AW808*AW807 -> 3285 | AY809: Total measurements | BA809: =BA808*BA807 -> 11712 | BB809: =BB808*BB807 -> 2928 | BC809: =BC808*BC807 -> 3294 | BD809: =BD808*BD807 -> 2196 | BE809: =BE808*BE807 -> 3294
F810: WET SEASON 3 | H810: 10/1/20 - 12/1/20 | J810: =COUNTIF($A$734:$A$795,"<>") -> 62 | M810: DRY SEASON 3 | O810: 4/1/20 - 9/30/20 | Q810: =COUNTIF($A$551:$A$733,"<>") -> 183 | S810: Measurements >= 1000 | U810: =SUM(B796:AG796) -> 7460 | V810: NUMERATOR FOR EXCEEDANCE % | AA810: Measurements >= 1000 | AC810: =SUM($B$801:$AG$801) -> 3488 | AE810: Measurements >= 1000 | AG810: =SUM($B$802:$AG$802) -> 3031 | AI810: Measurements >= 1000 | AK810: =SUM(B796:AG796) -> 7460 | AL810: =SUM(B796:I796) -> 5138 | AM810: =SUM(J796:R796) -> 2244 | AN810: =SUM(S796:X796) -> 0 | AO810: =SUM(Y796:AG796) -> 78 | AQ810: Measurements >= 1000 | AS810: =SUM($B$801:$AG$801) -> 3488 | AT810: =SUM(B801:I801) -> 2348 | AU810: =SUM(J801:R801) -> 1088 | AV810: =SUM(S801:X801) -> 0 | AW810: =SUM(Y801:AG801) -> 52 | AY810: Measurements >= 1000 | BA810: =SUM($B$802:$AG$802) -> 3031 | BB810: =SUM(B802:I802) -> 2294 | BC810: =SUM(J802:R802) -> 737 | BD810: =SUM(S802:X802) -> 0 | BE810: =SUM(Y802:AG802) -> 0
S811: % Total Run Exceedances | U811: =$U810/$U809 -> 0.29397856 | AA811: % WET Exceedances | AC811: =AC810/AC809 -> 0.29863014 | AE811: % DRY Exceedances | AG811: =AG810/AG809 -> 0.2587944 | AI811: % Total Run Exceedances | AK811: =AK810/AK809 -> 0.29397856 | AL811: =AL810/AL809 -> 0.80989912 | AM811: =AM810/AM809 -> 0.31441782 | AN811: =AN810/AN809 -> 0 | AO811: =AO810/AO809 -> 0.010928962 | AQ811: % WET Exceedances | AS811: =AS810/AS809 -> 0.29863014 | AT811: =AT810/AT809 -> 0.80410959 | AU811: =AU810/AU809 -> 0.33120244 | AV811: =AV810/AV809 -> 0 | AW811: =AW810/AW809 -> 0.015829528 | AY811: % DRY Exceedances | BA811: =BA810/BA809 -> 0.2587944 | BB811: =BB810/BB809 -> 0.78346995 | BC811: =BC810/BC809 -> 0.22374013 | BD811: =BD810/BD809 -> 0 | BE811: =BE810/BE809 -> 0
A813: TOTAL EXCEEDANCES | B813: =COUNTIF(B$3:B$795,">=2640") -> 623 | C813: =COUNTIF(C$3:C$795,">=2640") -> 404 | D813: =COUNTIF(D$3:D$795,">=2640") -> 529 | E813: =COUNTIF(E$3:E$795,">=2640") -> 625 | F813: =COUNTIF(F$3:F$795,">=2640") -> 631 | G813: =COUNTIF(G$3:G$795,">=2640") -> 583 | H813: =COUNTIF(H$3:H$795,">=2640") -> 561 | I813: =COUNTIF(I$3:I$795,">=2640") -> 631 | ... AG813: =COUNTIF(AG$3:AG$795,">=2640") -> 0
A814: WET 1 | B814: =COUNTIF(B$3:B$184,">=2640") -> 110 | C814: =COUNTIF(C$3:C$184,">=2640") -> 88 | D814: =COUNTIF(D$3:D$184,">=2640") -> 97 | E814: =COUNTIF(E$3:E$184,">=2640") -> 111 | F814: =COUNTIF(F$3:F$184,">=2640") -> 110 | G814: =COUNTIF(G$3:G$184,">=2640") -> 99 | H814: =COUNTIF(H$3:H$184,">=2640") -> 98 | I814: =COUNTIF(I$3:I$184,">=2640") -> 101 | ... AG814: =COUNTIF(AG$3:AG$184,">=2640") -> 0 | AH814: OCT 2018 - MARCH 2019
A815: WET 2 | B815: =COUNTIF(B$368:B$550,">=2640") -> 183 | C815: =COUNTIF(C$368:C$550,">=2640") -> 78 | D815: =COUNTIF(D$368:D$550,">=2640") -> 128 | E815: =COUNTIF(E$368:E$550,">=2640") -> 183 | F815: =COUNTIF(F$368:F$550,">=2640") -> 183 | G815: =COUNTIF(G$368:G$550,">=2640") -> 160 | H815: =COUNTIF(H$368:H$550,">=2640") -> 150 | I815: =COUNTIF(I$368:I$550,">=2640") -> 182 | ... AG815: =COUNTIF(AG$368:AG$550,">=2640") -> 0 | AH815: OCT 2019 - MARCH 2020
A816: DRY 1 | B816: =COUNTIF(B$185:B$367,">=2640") -> 85 | C816: =COUNTIF(C$185:C$367,">=2640") -> 54 | D816: =COUNTIF(D$185:D$367,">=2640") -> 79 | E816: =COUNTIF(E$185:E$367,">=2640") -> 86 | F816: =COUNTIF(F$185:F$367,">=2640") -> 93 | G816: =COUNTIF(G$185:G$367,">=2640") -> 79 | H816: =COUNTIF(H$185:H$367,">=2640") -> 68 | I816: =COUNTIF(I$185:I$367,">=2640") -> 103 | ... AG816: =COUNTIF(AG$185:AG$367,">=2640") -> 0 | AH816: APRIL 2019 - SEPTEMBER 2019
A817: DRY 2 | B817: =COUNTIF(B$551:B$733,">=2640") -> 183 | C817: =COUNTIF(C$551:C$733,">=2640") -> 122 | D817: =COUNTIF(D$551:D$733,">=2640") -> 163 | E817: =COUNTIF(E$551:E$733,">=2640") -> 183 | F817: =COUNTIF(F$551:F$733,">=2640") -> 183 | G817: =COUNTIF(G$551:G$733,">=2640") -> 183 | H817: =COUNTIF(H$551:H$733,">=2640") -> 183 | I817: =COUNTIF(I$551:I$733,">=2640") -> 183 | ... AG817: =COUNTIF(AG$551:AG$733,">=2640") -> 0 | AH817: APRIL 2020 - SEPTEMBER 2020
A818: ALL WET | B818: =SUM(B814,B815) -> 293 | C818: =SUM(C814,C815) -> 166 | D818: =SUM(D814,D815) -> 225 | E818: =SUM(E814,E815) -> 294 | F818: =SUM(F814,F815) -> 293 | G818: =SUM(G814,G815) -> 259 | H818: =SUM(H814,H815) -> 248 | I818: =SUM(I814,I815) -> 283 | ... AG818: =SUM(AG814,AG815) -> 0
A819: ALL DRY | B819: =SUM(B816,B817) -> 268 | C819: =SUM(C816,C817) -> 176 | D819: =SUM(D816,D817) -> 242 | E819: =SUM(E816,E817) -> 269 | F819: =SUM(F816,F817) -> 276 | G819: =SUM(G816,G817) -> 262 | H819: =SUM(H816,H817) -> 251 | I819: =SUM(I816,I817) -> 286 | ... AG819: =SUM(AG816,AG817) -> 0
D821: Birding | F821: THRESHOLD: 2,640 MICROSIEMENS/CM (EC) | S821: BIRDING | AA821: BIRDING | AE821: BIRDING | AI821: BIRDING | AQ821: BIRDING | AY821: BIRDING
F822: WET SEASON | S822: TOTAL RUN | AA822: WET SEASONS | AE822: DRY SEASONS | AI822: TOTAL RUN | AK822: Delta-Wide | AL822: Suisun | AM822: Central Delta | AN822: North Delta | AO822: South Delta | AQ822: WET SEASONS | AS822: Delta-Wide | AT822: Suisun | AU822: Central Delta | AV822: North Delta | AW822: South Delta | AY822: DRY SEASONS | BA822: Delta-Wide | BB822: Suisun | BC822: Central Delta | BD822: North Delta | BE822: South Delta
F823: OCTOBER 1 - MARCH 31 | M823: DRY SEASON | S823: Total points | U823: =COUNTIF(B3:AG3,"<>") -> 32 | AA823: Total points | AC823: =$U$807 -> 32 | AE823: Total points | AG823: =$U$807 -> 32 | AI823: Total points | AK823: =COUNTIF(B18:AG18,"<>") -> 32 | AL823: =COUNTIF(B18:I18,"<>") -> 8 | AM823: =COUNTIF(J18:R18,"<>") -> 9 | AN823: =COUNTIF(S18:X18,"<>") -> 6 | AO823: =COUNTIF(Y18:AG18,"<>") -> 9 | AQ823: Total points | AS823: =$U$807 -> 32 | AT823: 8 | AU823: 9 | AV823: 6 | AW823: 9 | AY823: Total points | BA823: =$U$807 -> 32 | BB823: 8 | BC823: 9 | BD823: 6 | BE823: 9
F824: WET SEASON 1 | H824: 10/1/18 - 3/31/19 | J824: =COUNTIF($A$3:$A$184,"<>") -> 182 | M824: APRIL 1 - SEPTEMBER 30 | S824: Days in run | U824: =COUNTIF($A$3:$A$795,"<>") -> 793 | AA824: Days in run | AC824: =SUM($J$808:$J$809) -> 365 | AE824: Days in run | AG824: =SUM($Q$809:$Q$810) -> 366 | AI824: Days in run | AK824: =COUNTIF($A$3:$A$795,"<>") -> 793 | AL824: =COUNTIF($A$3:$A$795,"<>") -> 793 | AM824: =COUNTIF($A$3:$A$795,"<>") -> 793 | AN824: =COUNTIF($A$3:$A$795,"<>") -> 793 | AO824: =COUNTIF($A$3:$A$795,"<>") -> 793 | AQ824: Days in run | AS824: =SUM($J$808:$J$809) -> 365 | AT824: =SUM($J$808:$J$809) -> 365 | AU824: =SUM($J$808:$J$809) -> 365 | AV824: =SUM($J$808:$J$809) -> 365 | AW824: =SUM($J$808:$J$809) -> 365 | AY824: Days in run | BA824: =SUM($Q$809:$Q$810) -> 366 | BB824: =SUM($Q$809:$Q$810) -> 366 | BC824: =SUM($Q$809:$Q$810) -> 366 | BD824: =SUM($Q$809:$Q$810) -> 366 | BE824: =SUM($Q$809:$Q$810) -> 366
F825: WET SEASON 2 | H825: 10/1/19 - 3/31/20 | J825: =COUNTIF($A$368:$A$550,"<>") -> 183 | M825: DRY SEASON 2 | O825: 4/1/19 - 9/30/19 | Q825: =COUNTIF($A$185:$A$367,"<>") -> 183 | S825: Total measurements | U825: =$U$808*$U$807 -> 25376 | V825: DENOMINATOR FOR EXCEEDANCE % | AA825: Total measurements | AC825: =AC824*AC823 -> 11680 | AE825: Total measurements | AG825: =$AG$808*$AG$807 -> 11712 | AI825: Total measurements | AK825: =AK824*AK823 -> 25376 | AL825: =AL824*AL823 -> 6344 | AM825: =AM824*AM823 -> 7137 | AN825: =AN824*AN823 -> 4758 | AO825: =AO824*AO823 -> 7137 | AQ825: Total measurements | AS825: =AS824*AS823 -> 11680 | AT825: =AT824*AT823 -> 2920 | AU825: =AU824*AU823 -> 3285 | AV825: =AV824*AV823 -> 2190 | AW825: =AW824*AW823 -> 3285 | AY825: Total measurements | BA825: =BA824*BA823 -> 11712 | BB825: =BB824*BB823 -> 2928 | BC825: =BC824*BC823 -> 3294 | BD825: =BD824*BD823 -> 2196 | BE825: =BE824*BE823 -> 3294
F826: WET SEASON 3 | H826: 10/1/20 - 12/1/20 | J826: =COUNTIF($A$734:$A$795,"<>") -> 62 | M826: DRY SEASON 3 | O826: 4/1/20 - 9/30/20 | Q826: =COUNTIF($A$551:$A$733,"<>") -> 183 | S826: Measurements >= 2640 | U826: =SUM(B813:AG813) -> 5605 | V826: NUMERATOR FOR EXCEEDANCE % | AA826: Measurements >= 2640 | AC826: =SUM(B818:AG818) -> 2492 | AE826: Measurements >= 2640 | AG826: =SUM(B819:AG819) -> 2449 | AI826: Measurements >= 2640 | AK826: =SUM(B813:AG813) -> 5605 | AL826: =SUM(B813:I813) -> 4587 | AM826: =SUM(J813:R813) -> 1018 | AN826: =SUM(S813:X813) -> 0 | AO826: =SUM(Y813:AG813) -> 0 | AQ826: Measurements >= 2640 | AS826: =SUM(B818:AG818) -> 2492 | AT826: =SUM(B818:I818) -> 2061 | AU826: =SUM(J818:R818) -> 431 | AV826: =SUM(S818:X818) -> 0 | AW826: =SUM(Y818:AG818) -> 0 | AY826: Measurements >= 2640 | BA826: =SUM(B819:AG819) -> 2449 | BB826: =SUM(B819:I819) -> 2030 | BC826: =SUM(J819:R819) -> 419 | BD826: =SUM(S819:X819) -> 0 | BE826: =SUM(Y819:AG819) -> 0
S827: % Total Run Exceedances | U827: =$U826/$U825 -> 0.22087799 | AA827: % WET Exceedances | AC827: =AC826/AC825 -> 0.21335616 | AE827: % DRY Exceedances | AG827: =AG826/AG825 -> 0.20910178 | AI827: % Total Run Exceedances | AK827: =AK826/AK825 -> 0.22087799 | AL827: =AL826/AL825 -> 0.7230454 | AM827: =AM826/AM825 -> 0.14263696 | AN827: =AN826/AN825 -> 0 | AO827: =AO826/AO825 -> 0 | AQ827: % WET Exceedances | AS827: =AS826/AS825 -> 0.21335616 | AT827: =AT826/AT825 -> 0.70582192 | AU827: =AU826/AU825 -> 0.13120244 | AV827: =AV826/AV825 -> 0 | AW827: =AW826/AW825 -> 0 | AY827: % DRY Exceedances | BA827: =BA826/BA825 -> 0.20910178 | BB827: =BB826/BB825 -> 0.69330601 | BC827: =BC826/BC825 -> 0.12720097 | BD827: =BD826/BD825 -> 0 | BE827: =BE826/BE825 -> 0
A829: TOTAL EXCEEDANCES | B829: =COUNTIF(B$3:B$795,">=3600") -> 612 | C829: =COUNTIF(C$3:C$795,">=3600") -> 358 | D829: =COUNTIF(D$3:D$795,">=3600") -> 484 | E829: =COUNTIF(E$3:E$795,">=3600") -> 613 | F829: =COUNTIF(F$3:F$795,">=3600") -> 612 | G829: =COUNTIF(G$3:G$795,">=3600") -> 571 | H829: =COUNTIF(H$3:H$795,">=3600") -> 517 | I829: =COUNTIF(I$3:I$795,">=3600") -> 615 | ... AG829: =COUNTIF(AG$3:AG$795,">=3600") -> 0
A830: WET 1 | B830: =COUNTIF(B$3:B$184,">=3600") -> 107 | C830: =COUNTIF(C$3:C$184,">=3600") -> 87 | D830: =COUNTIF(D$3:D$184,">=3600") -> 94 | E830: =COUNTIF(E$3:E$184,">=3600") -> 107 | F830: =COUNTIF(F$3:F$184,">=3600") -> 106 | G830: =COUNTIF(G$3:G$184,">=3600") -> 99 | H830: =COUNTIF(H$3:H$184,">=3600") -> 94 | I830: =COUNTIF(I$3:I$184,">=3600") -> 101 | ... AG830: =COUNTIF(AG$3:AG$184,">=3600") -> 0 | AH830: OCT 2018 - MARCH 2019
A831: WET 2 | B831: =COUNTIF(B$368:B$550,">=3600") -> 183 | C831: =COUNTIF(C$368:C$550,">=3600") -> 60 | D831: =COUNTIF(D$368:D$550,">=3600") -> 104 | E831: =COUNTIF(E$368:E$550,">=3600") -> 183 | F831: =COUNTIF(F$368:F$550,">=3600") -> 180 | G831: =COUNTIF(G$368:G$550,">=3600") -> 154 | H831: =COUNTIF(H$368:H$550,">=3600") -> 125 | I831: =COUNTIF(I$368:I$550,">=3600") -> 176 | ... AG831: =COUNTIF(AG$368:AG$550,">=3600") -> 0 | AH831: OCT 2019 - MARCH 2020
A832: DRY 1 | B832: =COUNTIF(B$185:B$367,">=3600") -> 77 | C832: =COUNTIF(C$185:C$367,">=3600") -> 44 | D832: =COUNTIF(D$185:D$367,">=3600") -> 74 | E832: =COUNTIF(E$185:E$367,">=3600") -> 78 | F832: =COUNTIF(F$185:F$367,">=3600") -> 81 | G832: =COUNTIF(G$185:G$367,">=3600") -> 73 | H832: =COUNTIF(H$185:H$367,">=3600") -> 61 | I832: =COUNTIF(I$185:I$367,">=3600") -> 93 | ... AG832: =COUNTIF(AG$185:AG$367,">=3600") -> 0 | AH832: APRIL 2019 - SEPTEMBER 2019
A833: DRY 2 | B833: =COUNTIF(B$551:B$733,">=3600") -> 183 | C833: =COUNTIF(C$551:C$733,">=3600") -> 105 | D833: =COUNTIF(D$551:D$733,">=3600") -> 150 | E833: =COUNTIF(E$551:E$733,">=3600") -> 183 | F833: =COUNTIF(F$551:F$733,">=3600") -> 183 | G833: =COUNTIF(G$551:G$733,">=3600") -> 183 | H833: =COUNTIF(H$551:H$733,">=3600") -> 175 | I833: =COUNTIF(I$551:I$733,">=3600") -> 183 | ... AG833: =COUNTIF(AG$551:AG$733,">=3600") -> 0 | AH833: APRIL 2020 - SEPTEMBER 2020
A834: ALL WET | B834: =SUM(B830,B831) -> 290 | C834: =SUM(C830,C831) -> 147 | D834: =SUM(D830,D831) -> 198 | E834: =SUM(E830,E831) -> 290 | F834: =SUM(F830,F831) -> 286 | G834: =SUM(G830,G831) -> 253 | H834: =SUM(H830,H831) -> 219 | I834: =SUM(I830,I831) -> 277 | ... AG834: =SUM(AG830,AG831) -> 0
A835: ALL DRY | B835: =SUM(B832,B833) -> 260 | C835: =SUM(C832,C833) -> 149 | D835: =SUM(D832,D833) -> 224 | E835: =SUM(E832,E833) -> 261 | F835: =SUM(F832,F833) -> 264 | G835: =SUM(G832,G833) -> 256 | H835: =SUM(H832,H833) -> 236 | I835: =SUM(I832,I833) -> 276 | ... AG835: =SUM(AG832,AG833) -> 0
D837: Waterfowl | F837: THRESHOLD: 3,600 MICROSIEMENS/CM (EC) | S837: WATERFOWL | AA837: WATERFOWL | AE837: WATERFOWL | AI837: WATERFOWL | AQ837: WATERFOWL | AY837: WATERFOWL
F838: WET SEASON | S838: TOTAL RUN | AA838: WET SEASONS | AE838: DRY SEASONS | AI838: TOTAL RUN | AK838: Delta-Wide | AL838: Suisun | AM838: Central Delta | AN838: North Delta | AO838: South Delta | AQ838: WET SEASONS | AS838: Delta-Wide | AT838: Suisun | AU838: Central Delta | AV838: North Delta | AW838: South Delta | AY838: DRY SEASONS | BA838: Delta-Wide | BB838: Suisun | BC838: Central Delta | BD838: North Delta | BE838: South Delta
F839: OCTOBER 1 - MARCH 31 | M839: DRY SEASON | S839: Total points | U839: =COUNTIF(B3:AG3,"<>") -> 32 | AA839: Total points | AC839: =$U$807 -> 32 | AE839: Total points | AG839: =$U$807 -> 32 | AI839: Total points | AK839: =COUNTIF(B34:AG34,"<>") -> 32 | AL839: =COUNTIF(B34:I34,"<>") -> 8 | AM839: =COUNTIF(J34:R34,"<>") -> 9 | AN839: =COUNTIF(S34:X34,"<>") -> 6 | AO839: =COUNTIF(Y34:AG34,"<>") -> 9 | AQ839: Total points | AS839: =$U$807 -> 32 | AT839: 8 | AU839: 9 | AV839: 6 | AW839: 9 | AY839: Total points | BA839: =$U$807 -> 32 | BB839: 8 | BC839: 9 | BD839: 6 | BE839: 9
F840: WET SEASON 1 | H840: 10/1/18 - 3/31/19 | J840: =COUNTIF($A$3:$A$184,"<>") -> 182 | M840: APRIL 1 - SEPTEMBER 30 | S840: Days in run | U840: =COUNTIF($A$3:$A$795,"<>") -> 793 | AA840: Days in run | AC840: =SUM($J$808:$J$809) -> 365 | AE840: Days in run | AG840: =SUM($Q$809:$Q$810) -> 366 | AI840: Days in run | AK840: =COUNTIF($A$3:$A$795,"<>") -> 793 | AL840: =COUNTIF($A$3:$A$795,"<>") -> 793 | AM840: =COUNTIF($A$3:$A$795,"<>") -> 793 | AN840: =COUNTIF($A$3:$A$795,"<>") -> 793 | AO840: =COUNTIF($A$3:$A$795,"<>") -> 793 | AQ840: Days in run | AS840: =SUM($J$808:$J$809) -> 365 | AT840: =SUM($J$808:$J$809) -> 365 | AU840: =SUM($J$808:$J$809) -> 365 | AV840: =SUM($J$808:$J$809) -> 365 | AW840: =SUM($J$808:$J$809) -> 365 | AY840: Days in run | BA840: =SUM($Q$809:$Q$810) -> 366 | BB840: =SUM($Q$809:$Q$810) -> 366 | BC840: =SUM($Q$809:$Q$810) -> 366 | BD840: =SUM($Q$809:$Q$810) -> 366 | BE840: =SUM($Q$809:$Q$810) -> 366
F841: WET SEASON 2 | H841: 10/1/19 - 3/31/20 | J841: =COUNTIF($A$368:$A$550,"<>") -> 183 | M841: DRY SEASON 2 | O841: 4/1/19 - 9/30/19 | Q841: =COUNTIF($A$185:$A$367,"<>") -> 183 | S841: Total measurements | U841: =$U$808*$U$807 -> 25376 | V841: DENOMINATOR FOR EXCEEDANCE % | AA841: Total measurements | AC841: =AC840*AC839 -> 11680 | AE841: Total measurements | AG841: =$AG$808*$AG$807 -> 11712 | AI841: Total measurements | AK841: =AK840*AK839 -> 25376 | AL841: =AL840*AL839 -> 6344 | AM841: =AM840*AM839 -> 7137 | AN841: =AN840*AN839 -> 4758 | AO841: =AO840*AO839 -> 7137 | AQ841: Total measurements | AS841: =AS840*AS839 -> 11680 | AT841: =AT840*AT839 -> 2920 | AU841: =AU840*AU839 -> 3285 | AV841: =AV840*AV839 -> 2190 | AW841: =AW840*AW839 -> 3285 | AY841: Total measurements | BA841: =BA840*BA839 -> 11712 | BB841: =BB840*BB839 -> 2928 | BC841: =BC840*BC839 -> 3294 | BD841: =BD840*BD839 -> 2196 | BE841: =BE840*BE839 -> 3294
F842: WET SEASON 3 | H842: 10/1/20 - 12/1/20 | J842: =COUNTIF($A$734:$A$795,"<>") -> 62 | M842: DRY SEASON 3 | O842: 4/1/20 - 9/30/20 | Q842: =COUNTIF($A$551:$A$733,"<>") -> 183 | S842: Measurements >= 3,600 | U842: =SUM(B829:AG829) -> 5204 | V842: NUMERATOR FOR EXCEEDANCE % | AA842: Measurements >= 3,600 | AC842: =SUM(B834:AG834) -> 2293 | AE842: Measurements >= 3,600 | AG842: =SUM(B835:AG835) -> 2284 | AI842: Measurements >= 3,600 | AK842: =SUM(B829:AG829) -> 5204 | AL842: =SUM(B829:I829) -> 4382 | AM842: =SUM(J829:R829) -> 822 | AN842: =SUM(S829:X829) -> 0 | AO842: =SUM(Y829:AG829) -> 0 | AQ842: Measurements >= 3600 | AS842: =SUM(B834:AG834) -> 2293 | AT842: =SUM(B834:I834) -> 1960 | AU842: =SUM(J834:R834) -> 333 | AV842: =SUM(S834:X834) -> 0 | AW842: =SUM(Y834:AG834) -> 0 | AY842: Measurements >= 3600 | BA842: =SUM(B835:AG835) -> 2284 | BB842: =SUM(B835:I835) -> 1926 | BC842: =SUM(J835:R835) -> 358 | BD842: =SUM(S835:X835) -> 0 | BE842: =SUM(Y835:AG835) -> 0
S843: % Total Run Exceedances | U843: =$U842/$U841 -> 0.20507566 | AA843: % WET Exceedances | AC843: =AC842/AC841 -> 0.19631849 | AE843: % DRY Exceedances | AG843: =AG842/AG841 -> 0.19501366 | AI843: % Total Run Exceedances | AK843: =AK842/AK841 -> 0.20507566 | AL843: =AL842/AL841 -> 0.6907314 | AM843: =AM842/AM841 -> 0.11517444 | AN843: =AN842/AN841 -> 0 | AO843: =AO842/AO841 -> 0 | AQ843: % WET Exceedances | AS843: =AS842/AS841 -> 0.19631849 | AT843: =AT842/AT841 -> 0.67123288 | AU843: =AU842/AU841 -> 0.10136986 | AV843: =AV842/AV841 -> 0 | AW843: =AW842/AW841 -> 0 | AY843: % DRY Exceedances | BA843: =BA842/BA841 -> 0.19501366 | BB843: =BB842/BB841 -> 0.65778689 | BC843: =BC842/BC841 -> 0.10868245 | BD843: =BD842/BD841 -> 0 | BE843: =BE842/BE841 -> 0
A845: TOTAL EXCEEDANCES | B845: =COUNTIF(B$3:B$795,">=9130") -> 403 | C845: =COUNTIF(C$3:C$795,">=9130") -> 72 | D845: =COUNTIF(D$3:D$795,">=9130") -> 320 | E845: =COUNTIF(E$3:E$795,">=9130") -> 406 | F845: =COUNTIF(F$3:F$795,">=9130") -> 546 | G845: =COUNTIF(G$3:G$795,">=9130") -> 303 | H845: =COUNTIF(H$3:H$795,">=9130") -> 211 | I845: =COUNTIF(I$3:I$795,">=9130") -> 542 | ... AG845: =COUNTIF(AG$3:AG$795,">=9130") -> 0
A846: WET 1 | B846: =COUNTIF(B$3:B$184,">=9130") -> 89 | C846: =COUNTIF(C$3:C$184,">=9130") -> 30 | D846: =COUNTIF(D$3:D$184,">=9130") -> 60 | E846: =COUNTIF(E$3:E$184,">=9130") -> 91 | F846: =COUNTIF(F$3:F$184,">=9130") -> 99 | G846: =COUNTIF(G$3:G$184,">=9130") -> 88 | H846: =COUNTIF(H$3:H$184,">=9130") -> 84 | I846: =COUNTIF(I$3:I$184,">=9130") -> 97 | ... AG846: =COUNTIF(AG$3:AG$184,">=9130") -> 0 | AH846: OCT 2018 - MARCH 2019
A847: WET 2 | B847: =COUNTIF(B$368:B$550,">=9130") -> 82 | C847: =COUNTIF(C$368:C$550,">=9130") -> 0 | D847: =COUNTIF(D$368:D$550,">=9130") -> 58 | E847: =COUNTIF(E$368:E$550,">=9130") -> 81 | F847: =COUNTIF(F$368:F$550,">=9130") -> 145 | G847: =COUNTIF(G$368:G$550,">=9130") -> 34 | H847: =COUNTIF(H$368:H$550,">=9130") -> 21 | I847: =COUNTIF(I$368:I$550,">=9130") -> 139 | ... AG847: =COUNTIF(AG$368:AG$550,">=9130") -> 0 | AH847: OCT 2019 - MARCH 2020
A848: DRY 1 | B848: =COUNTIF(B$185:B$367,">=9130") -> 48 | C848: =COUNTIF(C$185:C$367,">=9130") -> 0 | D848: =COUNTIF(D$185:D$367,">=9130") -> 44 | E848: =COUNTIF(E$185:E$367,">=9130") -> 49 | F848: =COUNTIF(F$185:F$367,">=9130") -> 57 | G848: =COUNTIF(G$185:G$367,">=9130") -> 24 | H848: =COUNTIF(H$185:H$367,">=9130") -> 0 | I848: =COUNTIF(I$185:I$367,">=9130") -> 63 | ... AG848: =COUNTIF(AG$185:AG$367,">=9130") -> 0 | AH848: APRIL 2019 - SEPTEMBER 2019
A849: DRY 2 | B849: =COUNTIF(B$551:B$733,">=9130") -> 122 | C849: =COUNTIF(C$551:C$733,">=9130") -> 6 | D849: =COUNTIF(D$551:D$733,">=9130") -> 97 | E849: =COUNTIF(E$551:E$733,">=9130") -> 123 | F849: =COUNTIF(F$551:F$733,">=9130") -> 183 | G849: =COUNTIF(G$551:G$733,">=9130") -> 95 | H849: =COUNTIF(H$551:H$733,">=9130") -> 45 | I849: =COUNTIF(I$551:I$733,">=9130") -> 181 | ... AG849: =COUNTIF(AG$551:AG$733,">=9130") -> 0 | AH849: APRIL 2020 - SEPTEMBER 2020
A850: ALL WET | B850: =SUM(B846,B847) -> 171 | C850: =SUM(C846,C847) -> 30 | D850: =SUM(D846,D847) -> 118 | E850: =SUM(E846,E847) -> 172 | F850: =SUM(F846,F847) -> 244 | G850: =SUM(G846,G847) -> 122 | H850: =SUM(H846,H847) -> 105 | I850: =SUM(I846,I847) -> 236 | ... AG850: =SUM(AG846,AG847) -> 0
A851: ALL DRY | B851: =SUM(B848,B849) -> 170 | C851: =SUM(C848,C849) -> 6 | D851: =SUM(D848,D849) -> 141 | E851: =SUM(E848,E849) -> 172 | F851: =SUM(F848,F849) -> 240 | G851: =SUM(G848,G849) -> 119 | H851: =SUM(H848,H849) -> 45 | I851: =SUM(I848,I849) -> 244 | ... AG851: =SUM(AG848,AG849) -> 0
D853: Angling | F853: THRESHOLD: 9,130 MICROSIEMENS/CM (EC) | S853: ANGLING | AA853: ANGLING | AE853: ANGLING | AI853: ANGLING | AQ853: ANGLING | AY853: ANGLING
F854: WET SEASON | S854: TOTAL RUN | AA854: WET SEASONS | AE854: DRY SEASONS | AI854: TOTAL RUN | AK854: Delta-Wide | AL854: Suisun | AM854: Central Delta | AN854: North Delta | AO854: South Delta | AQ854: WET SEASONS | AS854: Delta-Wide | AT854: Suisun | AU854: Central Delta | AV854: North Delta | AW854: South Delta | AY854: DRY SEASONS | BA854: Delta-Wide | BB854: Suisun | BC854: Central Delta | BD854: North Delta | BE854: South Delta
F855: OCTOBER 1 - MARCH 31 | M855: DRY SEASON | S855: Total points | U855: =COUNTIF(B3:AG3,"<>") -> 32 | AA855: Total points | AC855: =$U$807 -> 32 | AE855: Total points | AG855: =$U$807 -> 32 | AI855: Total points | AK855: =COUNTIF(B50:AG50,"<>") -> 32 | AL855: =COUNTIF(B50:I50,"<>") -> 8 | AM855: =COUNTIF(J50:R50,"<>") -> 9 | AN855: =COUNTIF(S50:X50,"<>") -> 6 | AO855: =COUNTIF(Y50:AG50,"<>") -> 9 | AQ855: Total points | AS855: =$U$807 -> 32 | AT855: 8 | AU855: 9 | AV855: 6 | AW855: 9 | AY855: Total points | BA855: =$U$807 -> 32 | BB855: 8 | BC855: 9 | BD855: 6 | BE855: 9
F856: WET SEASON 1 | H856: 10/1/18 - 3/31/19 | J856: =COUNTIF($A$3:$A$184,"<>") -> 182 | M856: APRIL 1 - SEPTEMBER 30 | S856: Days in run | U856: =COUNTIF($A$3:$A$795,"<>") -> 793 | AA856: Days in run | AC856: =SUM($J$808:$J$809) -> 365 | AE856: Days in run | AG856: =SUM($Q$809:$Q$810) -> 366 | AI856: Days in run | AK856: =COUNTIF($A$3:$A$795,"<>") -> 793 | AL856: =COUNTIF($A$3:$A$795,"<>") -> 793 | AM856: =COUNTIF($A$3:$A$795,"<>") -> 793 | AN856: =COUNTIF($A$3:$A$795,"<>") -> 793 | AO856: =COUNTIF($A$3:$A$795,"<>") -> 793 | AQ856: Days in run | AS856: =SUM($J$808:$J$809) -> 365 | AT856: =SUM($J$808:$J$809) -> 365 | AU856: =SUM($J$808:$J$809) -> 365 | AV856: =SUM($J$808:$J$809) -> 365 | AW856: =SUM($J$808:$J$809) -> 365 | AY856: Days in run | BA856: =SUM($Q$809:$Q$810) -> 366 | BB856: =SUM($Q$809:$Q$810) -> 366 | BC856: =SUM($Q$809:$Q$810) -> 366 | BD856: =SUM($Q$809:$Q$810) -> 366 | BE856: =SUM($Q$809:$Q$810) -> 366
F857: WET SEASON 2 | H857: 10/1/19 - 3/31/20 | J857: =COUNTIF($A$368:$A$550,"<>") -> 183 | M857: DRY SEASON 2 | O857: 4/1/19 - 9/30/19 | Q857: =COUNTIF($A$185:$A$367,"<>") -> 183 | S857: Total measurements | U857: =$U$808*$U$807 -> 25376 | V857: DENOMINATOR FOR EXCEEDANCE % | AA857: Total measurements | AC857: =AC856*AC855 -> 11680 | AE857: Total measurements | AG857: =$AG$808*$AG$807 -> 11712 | AI857: Total measurements | AK857: =AK856*AK855 -> 25376 | AL857: =AL856*AL855 -> 6344 | AM857: =AM856*AM855 -> 7137 | AN857: =AN856*AN855 -> 4758 | AO857: =AO856*AO855 -> 7137 | AQ857: Total measurements | AS857: =AS856*AS855 -> 11680 | AT857: =AT856*AT855 -> 2920 | AU857: =AU856*AU855 -> 3285 | AV857: =AV856*AV855 -> 2190 | AW857: =AW856*AW855 -> 3285 | AY857: Total measurements | BA857: =BA856*BA855 -> 11712 | BB857: =BB856*BB855 -> 2928 | BC857: =BC856*BC855 -> 3294 | BD857: =BD856*BD855 -> 2196 | BE857: =BE856*BE855 -> 3294
F858: WET SEASON 3 | H858: 10/1/20 - 12/1/20 | J858: =COUNTIF($A$734:$A$795,"<>") -> 62 | M858: DRY SEASON 3 | O858: 4/1/20 - 9/30/20 | Q858: =COUNTIF($A$551:$A$733,"<>") -> 183 | S858: Measurements >= 9,130 | U858: =SUM(B845:AG845) -> 3080 | V858: NUMERATOR FOR EXCEEDANCE % | AA858: Measurements >= 9,130 | AC858: =SUM(B850:AG850) -> 1337 | AE858: Measurements >= 9,130 | AG858: =SUM(B851:AG851) -> 1178 | AI858: Measurements >= 9130 | AK858: =SUM(B845:AG845) -> 3080 | AL858: =SUM(B845:I845) -> 2803 | AM858: =SUM(J845:R845) -> 277 | AN858: =SUM(S845:X845) -> 0 | AO858: =SUM(Y845:AG845) -> 0 | AQ858: Measurements >= 9130 | AS858: =SUM(B850:AG850) -> 1337 | AT858: =SUM(B850:I850) -> 1198 | AU858: =SUM(J850:R850) -> 139 | AV858: =SUM(S850:X850) -> 0 | AW858: =SUM(Y850:AG850) -> 0 | AY858: Measurements >= 9130 | BA858: =SUM(B851:AG851) -> 1178 | BB858: =SUM(B851:I851) -> 1137 | BC858: =SUM(J851:R851) -> 41 | BD858: =SUM(S851:X851) -> 0 | BE858: =SUM(Y851:AG851) -> 0
S859: % Total Run Exceedances | U859: =$U858/$U857 -> 0.12137453 | AA859: % WET Exceedances | AC859: =AC858/AC857 -> 0.11446918 | AE859: % DRY Exceedances | AG859: =AG858/AG857 -> 0.1005806 | AI859: % Total Run Exceedances | AK859: =AK858/AK857 -> 0.12137453 | AL859: =AL858/AL857 -> 0.4418348 | AM859: =AM858/AM857 -> 0.038811826 | AN859: =AN858/AN857 -> 0 | AO859: =AO858/AO857 -> 0 | AQ859: % WET Exceedances | AS859: =AS858/AS857 -> 0.11446918 | AT859: =AT858/AT857 -> 0.41027397 | AU859: =AU858/AU857 -> 0.042313546 | AV859: =AV858/AV857 -> 0 | AW859: =AW858/AW857 -> 0 | AY859: % DRY Exceedances | BA859: =BA858/BA857 -> 0.1005806 | BB859: =BB858/BB857 -> 0.38831967 | BC859: =BC858/BC857 -> 0.012446873 | BD859: =BD858/BD857 -> 0 | BE859: =BE858/BE857 -> 0

Sheet Tunnel
B1: Suisun | J1: Central Delta | S1: North Delta | Y1: South Delta
A2: Date | B2: CHADBOURNE SLOUGH AT SUNRISE DUCK CLUB | C2: MONTEZUMA SLOUGH AT NATIONAL STEEL | D2: MONTEZUMA SLOUGH NEAR BELDENS LANDING | E2: SUISUN SLOUGH 300' SOUTH OF VOLANTI SLOUGH | F2: GRIZZLY BAY BUOY | G2: HONKER BAY | H2: SUISUN BAY AT VAN SICKLE ISLAND | I2: SUISUN BAY WEST REACH | J2: DUTCH SL BELOW JERSEY ISLAND | K2: FALSE RIVER NEAR OAKLEY | L2: OLD RIVER AT FRANKS TRACT | M2: PITTSBURG | N2: SACRAMENTO RIVER AT EMMATON | O2: SAN ANDREAS LANDING | P2: SAN JOAQUIN RIVER AT JERSEY POINT | Q2: SUISUN BAY AT CHANNEL MARKER 5 AT COLLINSVILLE | R2: BRANNAN MARINAS AT SAN JOAQUIN RIVER | S2: LIBERTY CUT AT FIVE POINTS | T2: CACHE SLOUGH ABOVE RYER ISLAND FERRY | U2: DELTA CROSS CHANNEL NEAR WALNUT GROVE | V2: SACRAMENTO RIVER DOWNSTREAM OF ISLETON | W2: VIERAS RESORT AT SACRAMENTO RIVER | X2: COURTLAND AT SACRAMENTO RIVER | Y2: GRANT LINE CANAL NEAR CLIFTON COURT FORE | Z2: LITTLE POTATO SLOUGH AT TERMINOUS | AA2: MIDDLE RIVER AT MILDRED ISLAND | AB2: OLD RIVER AT CLIFTON COURT | AC2: SAN JOAQUIN RIVER AT BRANDT BRIDGE | AD2: SAN JOAQUIN RIVER AT PRISONERS POINT | AE2: SAN JOAQUIN RIVER NEAR VERNALIS | AF2: SAN JOAQUIN RIVER AT ROUGH AND READY ISLAND | AG2: VICTORIA CANAL BEFORE CLIFTON COURT FORE
A3: 43374 | B3: 17887.7 | C3: 9436.067 | D3: 15894.016 | E3: 17752.252 | F3: 20076.97 | G3: 15996.629 | H3: 13011.615 | I3: 21044.605 | J3: 1984.0973 | K3: 2119.2144 | L3: 691.06433 | M3: 12663.401 | N3: 2422.736 | O3: 764.4102 | P3: 2456.8713 | Q3: 9238.123 | R3: 1069.4127 | S3: 152.65598 | T3: 162.07117 | U3: 109.69942 | V3: 159.60033 | W3: 130.07913 | X3: 109.22273 | Y3: 645.24756 | Z3: 145.57343 | AA3: 531.1786 | AB3: 838.1161 | AC3: 381.77573 | AD3: 545.34296 | AE3: 448.86038 | AF3: 436.97174 | AG3: 476.5309
A4: 43375 | B4: 18115.826 | C4: 9572.485 | D4: 16127.466 | E4: 17962.45 | F4: 20187.207 | G4: 16169.415 | H4: 13228.646 | I4: 21218.338 | J4: 1995.2894 | K4: 2155.6013 | L4: 709.8431 | M4: 12848.995 | N4: 2556.9775 | O4: 792.2338 | P4: 2498.9941 | Q4: 9401.66 | R4: 1098.4485 | S4: 151.77637 | T4: 167.10504 | U4: 110.48882 | V4: 166.15485 | W4: 130.89505 | X4: 110.52255 | Y4: 651.75867 | Z4: 144.35089 | AA4: 529.0774 | AB4: 848.4566 | AC4: 421.03677 | AD4: 553.46924 | AE4: 480.7754 | AF4: 430.4762 | AG4: 483.19772
A5: 43376 | B5: 18351.385 | C5: 9733.321 | D5: 16270.281 | E5: 18101.172 | F5: 20267.068 | G5: 16176.095 | H5: 13027.645 | I5: 20967.713 | J5: 2006.5785 | K5: 2105.9639 | L5: 723.6409 | M5: 12495.473 | N5: 2463.8274 | O5: 764.80615 | P5: 2433.9954 | Q5: 9224.786 | R5: 1085.731 | S5: 151.56839 | T5: 164.25415 | U5: 110.39255 | V5: 158.24626 | W5: 126.6919 | X5: 109.42129 | Y5: 639.83417 | Z5: 143.51701 | AA5: 528.9926 | AB5: 835.56964 | AC5: 454.15686 | AD5: 552.224 | AE5: 498.2621 | AF5: 428.23526 | AG5: 484.682
A6: 43377 | B6: 18580.771 | C6: 9915.93 | D6: 16394.03 | E6: 18221.797 | F6: 20380.57 | G6: 16039.176 | H6: 12701.325 | I6: 20695.814 | J6: 2014.441 | K6: 2053.0115 | L6: 720.07745 | M6: 12119.649 | N6: 2328.7322 | O6: 733.0645 | P6: 2371.9128 | Q6: 8939.556 | R6: 1048.9176 | S6: 151.2814 | T6: 159.32999 | U6: 109.93616 | V6: 158.4358 | W6: 128.13353 | X6: 109.63168 | Y6: 643.15265 | Z6: 144.74286 | AA6: 532.9804 | AB6: 837.4931 | AC6: 482.5037 | AD6: 550.3174 | AE6: 445.90475 | AF6: 438.9147 | AG6: 489.1229
A7: 43378 | B7: 18759.525 | C7: 10037.292 | D7: 16493.07 | E7: 18314.68 | F7: 20477.324 | G7: 15642.456 | H7: 12145.137 | I7: 20210.004 | J7: 2004.9756 | K7: 1998.4536 | L7: 711.84235 | M7: 11567.195 | N7: 2169.7087 | O7: 688.2849 | P7: 2290.666 | Q7: 8457.64 | R7: 987.67896 | S7: 150.59352 | T7: 159.02788 | U7: 110.13271 | V7: 159.68211 | W7: 129.1032 | X7: 107.12646 | Y7: 669.1329 | Z7: 145.77753 | AA7: 540.33 | AB7: 834.5703 | AC7: 468.98218 | AD7: 539.95276 | AE7: 449.29773 | AF7: 460.31717 | AG7: 496.7449
A8: 43379 | B8: 18955.867 | C8: 10121.919 | D8: 16811.475 | E8: 18571.28 | F8: 20515.49 | G8: 15607.835 | H8: 12429.203 | I8: 20618.639 | J8: 2002.2804 | K8: 2016.859 | L8: 652.45667 | M8: 11851.7 | N8: 2349.1348 | O8: 719.854 | P8: 2312.5745 | Q8: 8740.134 | R8: 1011.0474 | S8: 149.01588 | T8: 166.15932 | U8: 106.81275 | V8: 170.64964 | W8: 134.62599 | X8: 108.24581 | Y8: 712.1245 | Z8: 146.6115 | AA8: 550.1348 | AB8: 854.13354 | AC8: 448.96164 | AD8: 524.78345 | AE8: 465.14456 | AF8: 474.8988 | AG8: 503.80276
A9: 43380 | B9: 19106.326 | C9: 10342.407 | D9: 17037.99 | E9: 18703.014 | F9: 20576.076 | G9: 15492.492 | H9: 12264.296 | I9: 20336.309 | J9: 1979.8109 | K9: 1921.0391 | L9: 683.2034 | M9: 11475.98 | N9: 2277.2434 | O9: 731.3294 | P9: 2237.5317 | Q9: 8580.72 | R9: 1025.8412 | S9: 147.74126 | T9: 164.63289 | U9: 111.47692 | V9: 169.30797 | W9: 134.10121 | X9: 121.22419 | Y9: 721.3105 | Z9: 143.19594 | AA9: 562.3272 | AB9: 887.35156 | AC9: 461.66934 | AD9: 507.32565 | AE9: 457.11743 | AF9: 468.80557 | AG9: 510.2665
A10: 43381 | B10: 19333.55 | C10: 10494.064 | D10: 17460.193 | E10: 19038.98 | F10: 20514.863 | G10: 15529.039 | H10: 12689.133 | I10: 21063.945 | J10: 1967.784 | K10: 1978.6361 | L10: 649.37933 | M10: 12127.429 | N10: 2507.1338 | O10: 746.6702 | P10: 2276.8533 | Q10: 8942.6045 | R10: 1030.1566 | S10: 146.81404 | T10: 175.79156 | U10: 121.45976 | V10: 186.44255 | W10: 141.06276 | X10: 113.14307 | Y10: 748.7941 | Z10: 149.51073 | AA10: 577.8749 | AB10: 897.71625 | AC10: 460.15506 | AD10: 512.40186 | AE10: 433.6356 | AF10: 469.40466 | AG10: 529.9371
A11: 43382 | B11: 19627.172 | C11: 10706.71 | D11: 17975.639 | E11: 19436.477 | F11: 20618.791 | G11: 16532.143 | H11: 14093.028 | I11: 22451.547 | J11: 1982.1539 | K11: 2129.2625 | L11: 674.46716 | M11: 13484.224 | N11: 3249.0642 | O11: 833.4565 | P11: 2458.8262 | Q11: 10188.997 | R11: 1113.4752 | S11: 146.12857 | T11: 206.04787 | U11: 114.19029 | V11: 228.883 | W11: 163.4276 | X11: 114.32791 | Y11: 779.6372 | Z11: 154.3583 | AA11: 577.2651 | AB11: 905.4199 | AC11: 435.37466 | AD11: 540.86615 | AE11: 425.36978 | AF11: 473.94885 | AG11: 538.5264
A12: 43383 | B12: 19921.049 | C12: 11003.098 | D12: 18384.262 | E12: 19794.23 | F12: 20926.328 | G12: 17811.633 | H12: 15169.604 | I12: 23311.117 | J12: 2021.7448 | K12: 2276.1453 | L12: 731.17035 | M12: 14560.324 | N12: 3941.7815 | O12: 898.9318 | P12: 2655.5623 | Q12: 11276.483 | R12: 1186.9554 | S12: 146.16917 | T12: 239.85364 | U12: 114.75394 | V12: 268.49338 | W12: 184.62282 | X12: 126.47459 | Y12: 776.1003 | Z12: 156.69748 | AA12: 567.4932 | AB12: 903.36273 | AC12: 426.86642 | AD12: 577.2922 | AE12: 448.22903 | AF12: 464.61948 | AG12: 534.7259
A13: 43384 | B13: 20125.904 | C13: 11220.298 | D13: 18529.457 | E13: 19978.406 | F13: 21240.822 | G13: 18144.959 | H13: 15182.199 | I13: 23241.545 | J13: 2056.5798 | K13: 2299.8308 | L13: 763.9905 | M13: 14565.746 | N13: 3970.3088 | O13: 871.3238 | P13: 2683.4377 | Q13: 11390.112 | R13: 1171.0399 | S13: 146.87622 | T13: 242.01598 | U13: 126.65369 | V13: 264.2839 | W13: 180.95941 | X13: 120.5207 | Y13: 756.1601 | Z13: 155.49344 | AA13: 564.6591 | AB13: 894.30133 | AC13: 441.31967 | AD13: 588.8588 | AE13: 473.5988 | AF13: 452.5924 | AG13: 537.16956
A14: 43385 | B14: 20287.227 | C14: 11423.671 | D14: 18629.842 | E14: 20111.268 | F14: 21578.928 | G14: 17982.408 | H14: 14805.433 | I14: 22861.377 | J14: 2073.8335 | K14: 2272.3972 | L14: 752.42847 | M14: 14228.14 | N14: 3706.5012 | O14: 827.14355 | P14: 2636.968 | Q14: 11041.164 | R14: 1130.0546 | S14: 147.65892 | T14: 231.63277 | U14: 122.12769 | V14: 243.8947 | W14: 170.35971 | X14: 120.34952 | Y14: 741.1848 | Z14: 154.85344 | AA14: 564.75696 | AB14: 885.4092 | AC14: 474.2137 | AD14: 583.43964 | AE14: 482.0358 | AF14: 448.59775 | AG14: 539.345
... A795: 44166 | B795: 15629.266 | C795: 7693.856 | D795: 7932.421 | E795: 14673.907 | F795: 19870.676 | G795: 15925.332 | H795: 6768.7803 | I795: 13154.788 | J795: 1839.8093 | K795: 1572.3583 | L795: 1108.3708 | M795: 6080.2876 | N795: 1417.6653 | O795: 329.68405 | P795: 1594.0549 | Q795: 3219.5105 | R795: 636.72974 | S795: 161.25188 | T795: 161.74956 | U795: 136.41853 | V795: 146.43672 | W795: 145.80232 | X795: 145.75824 | Y795: 861.0412 | Z795: 176.82805 | AA795: 743.4083 | AB795: 1097.55 | AC795: 770.2838 | AD795: 640.8771 | AE795: 799.69885 | AF795: 623.81274 | AG795: 763.1712
A796: TOTAL EXCEEDANCES | B796: =COUNTIF(B$3:B$795,">=1000") -> 694 | C796: =COUNTIF(C$3:C$795,">=1000") -> 584 | D796: =COUNTIF(D$3:D$795,">=1000") -> 670 | E796: =COUNTIF(E$3:E$795,">=1000") -> 693 | F796: =COUNTIF(F$3:F$795,">=1000") -> 676 | G796: =COUNTIF(G$3:G$795,">=1000") -> 657 | H796: =COUNTIF(H$3:H$795,">=1000") -> 639 | I796: =COUNTIF(I$3:I$795,">=1000") -> 686 | ... AG796: =COUNTIF(AG$3:AG$795,">=1000") -> 32
A797: WET 1 | B797: =COUNTIF(B$3:B$184,">=1000") -> 145 | C797: =COUNTIF(C$3:C$184,">=1000") -> 102 | D797: =COUNTIF(D$3:D$184,">=1000") -> 125 | E797: =COUNTIF(E$3:E$184,">=1000") -> 144 | F797: =COUNTIF(F$3:F$184,">=1000") -> 126 | G797: =COUNTIF(G$3:G$184,">=1000") -> 115 | H797: =COUNTIF(H$3:H$184,">=1000") -> 110 | I797: =COUNTIF(I$3:I$184,">=1000") -> 124 | ... AG797: =COUNTIF(AG$3:AG$184,">=1000") -> 32 | AH797: OCT 2018 - MARCH 2019
A798: WET 2 | B798: =COUNTIF(B$368:B$550,">=1000") -> 183 | C798: =COUNTIF(C$368:C$550,">=1000") -> 183 | D798: =COUNTIF(D$368:D$550,">=1000") -> 183 | E798: =COUNTIF(E$368:E$550,">=1000") -> 183 | F798: =COUNTIF(F$368:F$550,">=1000") -> 183 | G798: =COUNTIF(G$368:G$550,">=1000") -> 183 | H798: =COUNTIF(H$368:H$550,">=1000") -> 183 | I798: =COUNTIF(I$368:I$550,">=1000") -> 183 | ... AG798: =COUNTIF(AG$368:AG$550,">=1000") -> 0 | AH798: OCT 2019 - MARCH 2020
A799: DRY 1 | B799: =COUNTIF(B$185:B$367,">=1000") -> 121 | C799: =COUNTIF(C$185:C$367,">=1000") -> 79 | D799: =COUNTIF(D$185:D$367,">=1000") -> 117 | E799: =COUNTIF(E$185:E$367,">=1000") -> 121 | F799: =COUNTIF(F$185:F$367,">=1000") -> 122 | G799: =COUNTIF(G$185:G$367,">=1000") -> 114 | H799: =COUNTIF(H$185:H$367,">=1000") -> 101 | I799: =COUNTIF(I$185:I$367,">=1000") -> 134 | ... AG799: =COUNTIF(AG$185:AG$367,">=1000") -> 0 | AH799: APRIL 2019 - SEPTEMBER 2019
A800: DRY 2 | B800: =COUNTIF(B$551:B$733,">=1000") -> 183 | C800: =COUNTIF(C$551:C$733,">=1000") -> 158 | D800: =COUNTIF(D$551:D$733,">=1000") -> 183 | E800: =COUNTIF(E$551:E$733,">=1000") -> 183 | F800: =COUNTIF(F$551:F$733,">=1000") -> 183 | G800: =COUNTIF(G$551:G$733,">=1000") -> 183 | H800: =COUNTIF(H$551:H$733,">=1000") -> 183 | I800: =COUNTIF(I$551:I$733,">=1000") -> 183 | ... AG800: =COUNTIF(AG$551:AG$733,">=1000") -> 0 | AH800: APRIL 2020 - SEPTEMBER 2020
A801: ALL WET | B801: =SUM(B$797,B$798) -> 328 | C801: =SUM(C$797,C$798) -> 285 | D801: =SUM(D$797,D$798) -> 308 | E801: =SUM(E$797,E$798) -> 327 | F801: =SUM(F$797,F$798) -> 309 | G801: =SUM(G$797,G$798) -> 298 | H801: =SUM(H$797,H$798) -> 293 | I801: =SUM(I$797,I$798) -> 307 | ... AG801: =SUM(AG$797,AG$798) -> 32
A802: ALL DRY | B802: =SUM(B$799,B$800) -> 304 | C802: =SUM(C$799,C$800) -> 237 | D802: =SUM(D$799,D$800) -> 300 | E802: =SUM(E$799,E$800) -> 304 | F802: =SUM(F$799,F$800) -> 305 | G802: =SUM(G$799,G$800) -> 297 | H802: =SUM(H$799,H$800) -> 284 | I802: =SUM(I$799,I$800) -> 317 | ... AG802: =SUM(AG$799,AG$800) -> 0
D805: Day Use & Boating | F805: THRESHOLD: 1,000 MICROSIEMENS/CM (EC) | S805: SP DAY USE & BOATING | AA805: SP DAY USE & BOATING | AE805: SP DAY USE & BOATING | AI805: SP DAY USE & BOATING | AQ805: SP DAY USE & BOATING | AY805: SP DAY USE & BOATING
F806: WET SEASON | S806: TOTAL RUN | AA806: WET SEASONS | AE806: DRY SEASONS | AI806: TOTAL RUN | AK806: Delta-Wide | AL806: Suisun | AM806: Central Delta | AN806: North Delta | AO806: South Delta | AQ806: WET SEASONS | AS806: Delta-Wide | AT806: Suisun | AU806: Central Delta | AV806: North Delta | AW806: South Delta | AY806: DRY SEASONS | BA806: Delta-Wide | BB806: Suisun | BC806: Central Delta | BD806: North Delta | BE806: South Delta
F807: OCTOBER 1 - MARCH 31 | M807: DRY SEASON | S807: Total points | U807: =COUNTIF(B3:AG3,"<>") -> 32 | AA807: Total points | AC807: =$U$807 -> 32 | AE807: Total points | AG807: =$U$807 -> 32 | AI807: Total points | AK807: =COUNTIF(B2:AG2,"<>") -> 32 | AL807: =COUNTIF(B2:I2,"<>") -> 8 | AM807: =COUNTIF(J2:R2,"<>") -> 9 | AN807: =COUNTIF(S2:X2,"<>") -> 6 | AO807: =COUNTIF(Y2:AG2,"<>") -> 9 | AQ807: Total points | AS807: =$U$807 -> 32 | AT807: 8 | AU807: 9 | AV807: 6 | AW807: 9 | AY807: Total points | BA807: =$U$807 -> 32 | BB807: 8 | BC807: 9 | BD807: 6 | BE807: 9
F808: WET SEASON 1 | H808: 10/1/18 - 3/31/19 | J808: =COUNTIF($A$3:$A$184,"<>") -> 182 | M808: APRIL 1 - SEPTEMBER 30 | S808: Days in run | U808: =COUNTIF($A$3:$A$795,"<>") -> 793 | AA808: Days in run | AC808: =SUM($J$808:$J$809) -> 365 | AE808: Days in run | AG808: =SUM($Q$809:$Q$810) -> 366 | AI808: Days in run | AK808: =COUNTIF($A$3:$A$795,"<>") -> 793 | AL808: =COUNTIF($A$3:$A$795,"<>") -> 793 | AM808: =COUNTIF($A$3:$A$795,"<>") -> 793 | AN808: =COUNTIF($A$3:$A$795,"<>") -> 793 | AO808: =COUNTIF($A$3:$A$795,"<>") -> 793 | AQ808: Days in run | AS808: =SUM($J$808:$J$809) -> 365 | AT808: =SUM($J$808:$J$809) -> 365 | AU808: =SUM($J$808:$J$809) -> 365 | AV808: =SUM($J$808:$J$809) -> 365 | AW808: =SUM($J$808:$J$809) -> 365 | AY808: Days in run | BA808: =SUM($Q$809:$Q$810) -> 366 | BB808: =SUM($Q$809:$Q$810) -> 366 | BC808: =SUM($Q$809:$Q$810) -> 366 | BD808: =SUM($Q$809:$Q$810) -> 366 | BE808: =SUM($Q$809:$Q$810) -> 366
F809: WET SEASON 2 | H809: 10/1/19 - 3/31/20 | J809: =COUNTIF($A$368:$A$550,"<>") -> 183 | M809: DRY SEASON 2 | O809: 4/1/19 - 9/30/19 | Q809: =COUNTIF($A$185:$A$367,"<>") -> 183 | S809: Total measurements | U809: =U808*U807 -> 25376 | V809: DENOMINATOR FOR EXCEEDANCE % | AA809: Total measurements | AC809: =AC808*AC807 -> 11680 | AE809: Total measurements | AG809: =$AG$808*$AG$807 -> 11712 | AI809: Total measurements | AK809: =AK808*AK807 -> 25376 | AL809: =AL808*AL807 -> 6344 | AM809: =AM808*AM807 -> 7137 | AN809: =AN808*AN807 -> 4758 | AO809: =AO808*AO807 -> 7137 | AQ809: Total measurements | AS809: =AS808*AS807 -> 11680 | AT809: =AT808*AT807 -> 2920 | AU809: =AU808*AU807 -> 3285 | AV809: =AV808*AV807 -> 2190 | AW809: =AW808*AW807 -> 3285 | AY809: Total measurements | BA809: =BA808*BA807 -> 11712 | BB809: =BB808*BB807 -> 2928 | BC809: =BC808*BC807 -> 3294 | BD809: =BD808*BD807 -> 2196 | BE809: =BE808*BE807 -> 3294
F810: WET SEASON 3 | H810: 10/1/20 - 12/1/20 | J810: =COUNTIF($A$734:$A$795,"<>") -> 62 | M810: DRY SEASON 3 | O810: 4/1/20 - 9/30/20 | Q810: =COUNTIF($A$551:$A$733,"<>") -> 183 | S810: Measurements >= 1000 | U810: =SUM(B796:AG796) -> 8066 | V810: NUMERATOR FOR EXCEEDANCE % | AA810: Measurements >= 1000 | AC810: =SUM($B$801:$AG$801) -> 4004 | AE810: Measurements >= 1000 | AG810: =SUM($B$802:$AG$802) -> 3119 | AI810: Measurements >= 1000 | AK810: =SUM(B796:AG796) -> 8066 | AL810: =SUM(B796:I796) -> 5299 | AM810: =SUM(J796:R796) -> 2517 | AN810: =SUM(S796:X796) -> 0 | AO810: =SUM(Y796:AG796) -> 250 | AQ810: Measurements >= 1000 | AS810: =SUM($B$801:$AG$801) -> 4004 | AT810: =SUM(B801:I801) -> 2455 | AU810: =SUM(J801:R801) -> 1328 | AV810: =SUM(S801:X801) -> 0 | AW810: =SUM(Y801:AG801) -> 221 | AY810: Measurements >= 1000 | BA810: =SUM($B$802:$AG$802) -> 3119 | BB810: =SUM(B802:I802) -> 2348 | BC810: =SUM(J802:R802) -> 771 | BD810: =SUM(S802:X802) -> 0 | BE810: =SUM(Y802:AG802) -> 0
S811: % Total Run Exceedances | U811: =$U810/$U809 -> 0.31785939 | AA811: % WET Exceedances | AC811: =AC810/AC809 -> 0.34280822 | AE811: % DRY Exceedances | AG811: =AG810/AG809 -> 0.26630806 | AI811: % Total Run Exceedances | AK811: =AK810/AK809 -> 0.31785939 | AL811: =AL810/AL809 -> 0.83527743 | AM811: =AM810/AM809 -> 0.35266919 | AN811: =AN810/AN809 -> 0 | AO811: =AO810/AO809 -> 0.035028724 | AQ811: % WET Exceedances | AS811: =AS810/AS809 -> 0.34280822 | AT811: =AT810/AT809 -> 0.84075342 | AU811: =AU810/AU809 -> 0.4042618 | AV811: =AV810/AV809 -> 0 | AW811: =AW810/AW809 -> 0.067275495 | AY811: % DRY Exceedances | BA811: =BA810/BA809 -> 0.26630806 | BB811: =BB810/BB809 -> 0.80191257 | BC811: =BC810/BC809 -> 0.23406193 | BD811: =BD810/BD809 -> 0 | BE811: =BE810/BE809 -> 0
A813: TOTAL EXCEEDANCES | B813: =COUNTIF(B$3:B$795,">=2640") -> 661 | C813: =COUNTIF(C$3:C$795,">=2640") -> 437 | D813: =COUNTIF(D$3:D$795,">=2640") -> 563 | E813: =COUNTIF(E$3:E$795,">=2640") -> 661 | F813: =COUNTIF(F$3:F$795,">=2640") -> 658 | G813: =COUNTIF(G$3:G$795,">=2640") -> 613 | H813: =COUNTIF(H$3:H$795,">=2640") -> 558 | I813: =COUNTIF(I$3:I$795,">=2640") -> 665 | ... AG813: =COUNTIF(AG$3:AG$795,">=2640") -> 0
