Workbook

Sheet Overall
Y1: Notes: 1. The overall view of temperature-based scenarios shows dry seasons as the conditions most likely to drive threshold crossings. Specifically, across all the Delta regions, Angling (18.42C), Boating, and Day use (19C) have the highest exceedance percentages, followed by wetlands bird species (20C) risk thresholds at the Delta-wide scale and, more specifically, at Central Delta and South Delta locations across BAU, BAF, ECO, and NGW. In words, dry seasons drive dangerous threshold-crossing days for activities and recreation important species alike. Cold water, by contrast, applies only to day use (<18C) and crosses threshold days across four exceedance models during the wet seasons, Delta-wide at over 90% rates. 2. RMA scenario -5 to 5 rankings show that all four models are evenly distributed across most breakdowns, Delta-wide and regional, with notable exceptions: ECO and NGW performing well in Suisun Marsh, with a 1% increase for Day use and Boating Total Run, and in dry seasons. Likewise, they showed positive moves for birding and angling during wet seasons. Negative moves of (-1%) during the dry season also appear in Suisun Marsh, making it the only region affected under the -5 to 5 scoring scenario, with both waterfowl and Angling performing worse than BAU. Takeaways from this analysis show that Suisun Marsh is the most affected region, either negatively or positively, depending on seasonality and recreational use. 3. Red-highlighted cells reflect 25% values for ease of assessment.
C2: TOTAL RUN SCORES | J2: WET SEASON SCORES | Q2: DRY SEASON SCORES
D3: REGION | E3: BAU | F3: BAF | G3: ECO | H3: NGW | K3: REGION | L3: BAU | M3: BAF | N3: ECO | O3: NGW | R3: REGION | S3: BAU | T3: BAF | U3: ECO | V3: NGW
C4: BOATING & DAY USE | D4: Delta-Wide | E4: =-MAX(-5,MIN(5,ROUND(($D$42-$D$42)*100,0))) -> 0 | F4: =-MAX(-5,MIN(5,ROUND(($D$51-$D$42)*100,0))) -> 0 | G4: =-MAX(-5,MIN(5,ROUND(($D$78-$D$42)*100,0))) -> 0 | H4: =-MAX(-5,MIN(5,ROUND(($D$87-$D$42)*100,0))) -> 0 | J4: BOATING & DAY USE | K4: Delta-Wide | L4: =-MAX(-5,MIN(5,ROUND(($I$42-$I$42)*100,0))) -> 0 | M4: =-MAX(-5,MIN(5,ROUND(($I$51-$I$42)*100,0))) -> 0 | N4: =-MAX(-5,MIN(5,ROUND(($I$78-$I$42)*100,0))) -> 0 | O4: =-MAX(-5,MIN(5,ROUND(($I$87-$I$42)*100,0))) -> 0 | Q4: BOATING & DAY USE | R4: Delta-Wide | S4: =-MAX(-5,MIN(5,ROUND(($N$42-$N$42)*100,0))) -> 0 | T4: =-MAX(-5,MIN(5,ROUND(($N$51-$N$42)*100,0))) -> 0 | U4: =-MAX(-5,MIN(5,ROUND(($N$78-$N$42)*100,0))) -> 0 | V4: =-MAX(-5,MIN(5,ROUND(($N$87-$N$42)*100,0))) -> 0
D5: Suisun | E5: =-MAX(-5,MIN(5,ROUND(($E$42-$E$42)*100,0))) -> 0 | F5: =-MAX(-5,MIN(5,ROUND(($E$51-$E$42)*100,0))) -> 0 | G5: =-MAX(-5,MIN(5,ROUND(($E$78-$E$42)*100,0))) -> 0 | H5: =-MAX(-5,MIN(5,ROUND(($E$87-$E$42)*100,0))) -> 0 | K5: Suisun | L5: =-MAX(-5,MIN(5,ROUND(($J$42-$J$42)*100,0))) -> 0 | M5: =-MAX(-5,MIN(5,ROUND(($J$51-$J$42)*100,0))) -> 0 | N5: =-MAX(-5,MIN(5,ROUND(($J$78-$J$42)*100,0))) -> 1 | O5: =-MAX(-5,MIN(5,ROUND(($J$87-$J$42)*100,0))) -> 1 | R5: Suisun | S5: =-MAX(-5,MIN(5,ROUND(($O$42-$O$42)*100,0))) -> 0 | T5: =-MAX(-5,MIN(5,ROUND(($O$51-$O$42)*100,0))) -> 0 | U5: =-MAX(-5,MIN(5,ROUND(($O$78-$O$42)*100,0))) -> -1 | V5: =-MAX(-5,MIN(5,ROUND(($O$87-$O$42)*100,0))) -> -1
D6: Central | E6: =-MAX(-5,MIN(5,ROUND(($F$42-$F$42)*100,0))) -> 0 | F6: =-MAX(-5,MIN(5,ROUND(($F$51-$F$42)*100,0))) -> 0 | G6: =-MAX(-5,MIN(5,ROUND(($F$78-$F$42)*100,0))) -> 0 | H6: =-MAX(-5,MIN(5,ROUND(($F$87-$F$42)*100,0))) -> 0 | K6: Central | L6: =-MAX(-5,MIN(5,ROUND(($K$42-$K$42)*100,0))) -> 0 | M6: =-MAX(-5,MIN(5,ROUND(($K$51-$K$42)*100,0))) -> 0 | N6: =-MAX(-5,MIN(5,ROUND(($K$78-$K$42)*100,0))) -> 0 | O6: =-MAX(-5,MIN(5,ROUND(($K$87-$K$42)*100,0))) -> 0 | R6: Central | S6: =-MAX(-5,MIN(5,ROUND(($P$42-$P$42)*100,0))) -> 0 | T6: =-MAX(-5,MIN(5,ROUND(($P$51-$P$42)*100,0))) -> 0 | U6: =-MAX(-5,MIN(5,ROUND(($P$78-$P$42)*100,0))) -> 0 | V6: =-MAX(-5,MIN(5,ROUND(($P$87-$P$42)*100,0))) -> 0
D7: North | E7: =-MAX(-5,MIN(5,ROUND(($G$42-$G$42)*100,0))) -> 0 | F7: =-MAX(-5,MIN(5,ROUND(($G$51-$G$42)*100,0))) -> 0 | G7: =-MAX(-5,MIN(5,ROUND(($G$78-$G$42)*100,0))) -> 0 | H7: =-MAX(-5,MIN(5,ROUND(($G$87-$G$42)*100,0))) -> 0 | K7: North | L7: =-MAX(-5,MIN(5,ROUND(($L$42-$L$42)*100,0))) -> 0 | M7: =-MAX(-5,MIN(5,ROUND(($L$51-$L$42)*100,0))) -> 0 | N7: =-MAX(-5,MIN(5,ROUND(($L$78-$L$42)*100,0))) -> 0 | O7: =-MAX(-5,MIN(5,ROUND(($L$87-$L$42)*100,0))) -> 0 | R7: North | S7: =-MAX(-5,MIN(5,ROUND(($Q$42-$Q$42)*100,0))) -> 0 | T7: =-MAX(-5,MIN(5,ROUND(($Q$51-$Q$42)*100,0))) -> 0 | U7: =-MAX(-5,MIN(5,ROUND(($Q$78-$Q$42)*100,0))) -> 0 | V7: =-MAX(-5,MIN(5,ROUND(($Q$87-$Q$42)*100,0))) -> 0
D8: South | E8: =-MAX(-5,MIN(5,ROUND(($H$42-$H$42)*100,0))) -> 0 | F8: =-MAX(-5,MIN(5,ROUND(($H$51-$H$42)*100,0))) -> 0 | G8: =-MAX(-5,MIN(5,ROUND(($H$78-$H$42)*100,0))) -> 0 | H8: =-MAX(-5,MIN(5,ROUND(($H$87-$H$42)*100,0))) -> 0 | K8: South | L8: =-MAX(-5,MIN(5,ROUND(($M$42-$M$42)*100,0))) -> 0 | M8: =-MAX(-5,MIN(5,ROUND(($M$51-$M$42)*100,0))) -> 0 | N8: =-MAX(-5,MIN(5,ROUND(($M$78-$M$42)*100,0))) -> 0 | O8: =-MAX(-5,MIN(5,ROUND(($M$87-$M$42)*100,0))) -> 0 | R8: South | S8: =-MAX(-5,MIN(5,ROUND(($R$42-$R$42)*100,0))) -> 0 | T8: =-MAX(-5,MIN(5,ROUND(($R$51-$R$42)*100,0))) -> 0 | U8: =-MAX(-5,MIN(5,ROUND(($R$78-$R$42)*100,0))) -> 0 | V8: =-MAX(-5,MIN(5,ROUND(($R$87-$R$42)*100,0))) -> 0
D9: REGION | E9: BAU | F9: BAF | G9: ECO | H9: NGW | K9: REGION | L9: BAU | M9: BAF | N9: ECO | O9: NGW | R9: REGION | S9: BAU | T9: BAF | U9: ECO | V9: NGW
C10: BIRDING | D10: Delta-Wide | E10: =-MAX(-5,MIN(5,ROUND(($D$39-$D$39)*100,0))) -> 0 | F10: =-MAX(-5,MIN(5,ROUND(($D$48-$D$39)*100,0))) -> 0 | G10: =-MAX(-5,MIN(5,ROUND(($D$75-$D$39)*100,0))) -> 0 | H10: =-MAX(-5,MIN(5,ROUND(($D$84-$D$39)*100,0))) -> 0 | J10: BIRDING | K10: Delta-Wide | L10: =-MAX(-5,MIN(5,ROUND(($I$39-$I$39)*100,0))) -> 0 | M10: =-MAX(-5,MIN(5,ROUND(($I$48-$I$39)*100,0))) -> 0 | N10: =-MAX(-5,MIN(5,ROUND(($I$75-$I$39)*100,0))) -> 0 | O10: =-MAX(-5,MIN(5,ROUND(($I$84-$I$39)*100,0))) -> 0 | Q10: BIRDING | R10: Delta-Wide | S10: =-MAX(-5,MIN(5,ROUND(($N$39-$N$39)*100,0))) -> 0 | T10: =-MAX(-5,MIN(5,ROUND(($N$48-$N$39)*100,0))) -> 0 | U10: =-MAX(-5,MIN(5,ROUND(($N$75-$N$39)*100,0))) -> 0 | V10: =-MAX(-5,MIN(5,ROUND(($N$84-$N$39)*100,0))) -> 0
D11: Suisun | E11: =-MAX(-5,MIN(5,ROUND(($E$39-$E$39)*100,0))) -> 0 | F11: =-MAX(-5,MIN(5,ROUND(($E$48-$E$39)*100,0))) -> 0 | G11: =-MAX(-5,MIN(5,ROUND(($E$75-$E$39)*100,0))) -> 0 | H11: =-MAX(-5,MIN(5,ROUND(($E$84-$E$39)*100,0))) -> 0 | K11: Suisun | L11: =-MAX(-5,MIN(5,ROUND(($J$39-$J$39)*100,0))) -> 0 | M11: =-MAX(-5,MIN(5,ROUND(($J$48-$J$39)*100,0))) -> 0 | N11: =-MAX(-5,MIN(5,ROUND(($J$75-$J$39)*100,0))) -> 1 | O11: =-MAX(-5,MIN(5,ROUND(($J$84-$J$39)*100,0))) -> 1 | R11: Suisun | S11: =-MAX(-5,MIN(5,ROUND(($O$39-$O$39)*100,0))) -> 0 | T11: =-MAX(-5,MIN(5,ROUND(($O$48-$O$39)*100,0))) -> 0 | U11: =-MAX(-5,MIN(5,ROUND(($O$75-$O$39)*100,0))) -> 0 | V11: =-MAX(-5,MIN(5,ROUND(($O$84-$O$39)*100,0))) -> 0
D12: Central | E12: =-MAX(-5,MIN(5,ROUND(($F$39-$F$39)*100,0))) -> 0 | F12: =-MAX(-5,MIN(5,ROUND(($F$48-$F$39)*100,0))) -> 0 | G12: =-MAX(-5,MIN(5,ROUND(($F$75-$F$39)*100,0))) -> 0 | H12: =-MAX(-5,MIN(5,ROUND(($F$84-$F$39)*100,0))) -> 0 | K12: Central | L12: =-MAX(-5,MIN(5,ROUND(($K$39-$K$39)*100,0))) -> 0 | M12: =-MAX(-5,MIN(5,ROUND(($K$48-$K$39)*100,0))) -> 0 | N12: =-MAX(-5,MIN(5,ROUND(($K$75-$K$39)*100,0))) -> 0 | O12: =-MAX(-5,MIN(5,ROUND(($K$84-$K$39)*100,0))) -> 0 | R12: Central | S12: =-MAX(-5,MIN(5,ROUND(($P$39-$P$39)*100,0))) -> 0 | T12: =-MAX(-5,MIN(5,ROUND(($P$48-$P$39)*100,0))) -> 0 | U12: =-MAX(-5,MIN(5,ROUND(($P$75-$P$39)*100,0))) -> 0 | V12: =-MAX(-5,MIN(5,ROUND(($P$84-$P$39)*100,0))) -> 0
D13: North | E13: =-MAX(-5,MIN(5,ROUND(($G$39-$G$39)*100,0))) -> 0 | F13: =-MAX(-5,MIN(5,ROUND(($G$48-$G$39)*100,0))) -> 0 | G13: =-MAX(-5,MIN(5,ROUND(($G$75-$G$39)*100,0))) -> 0 | H13: =-MAX(-5,MIN(5,ROUND(($G$84-$G$39)*100,0))) -> 0 | K13: North | L13: =-MAX(-5,MIN(5,ROUND(($L$39-$L$39)*100,0))) -> 0 | M13: =-MAX(-5,MIN(5,ROUND(($L$48-$L$39)*100,0))) -> 0 | N13: =-MAX(-5,MIN(5,ROUND(($L$75-$L$39)*100,0))) -> 0 | O13: =-MAX(-5,MIN(5,ROUND(($L$84-$L$39)*100,0))) -> 0 | R13: North | S13: =-MAX(-5,MIN(5,ROUND(($Q$39-$Q$39)*100,0))) -> 0 | T13: =-MAX(-5,MIN(5,ROUND(($Q$48-$Q$39)*100,0))) -> 0 | U13: =-MAX(-5,MIN(5,ROUND(($Q$75-$Q$39)*100,0))) -> 0 | V13: =-MAX(-5,MIN(5,ROUND(($Q$84-$Q$39)*100,0))) -> 0
D14: South | E14: =-MAX(-5,MIN(5,ROUND(($H$39-$H$39)*100,0))) -> 0 | F14: =-MAX(-5,MIN(5,ROUND(($H$48-$H$39)*100,0))) -> 0 | G14: =-MAX(-5,MIN(5,ROUND(($H$75-$H$39)*100,0))) -> 0 | H14: =-MAX(-5,MIN(5,ROUND(($H$84-$H$39)*100,0))) -> 0 | K14: South | L14: =-MAX(-5,MIN(5,ROUND(($M$39-$M$39)*100,0))) -> 0 | M14: =-MAX(-5,MIN(5,ROUND(($M$48-$M$39)*100,0))) -> 0 | N14: =-MAX(-5,MIN(5,ROUND(($M$75-$M$39)*100,0))) -> 0 | O14: =-MAX(-5,MIN(5,ROUND(($M$84-$M$39)*100,0))) -> 0 | R14: South | S14: =-MAX(-5,MIN(5,ROUND(($R$39-$R$39)*100,0))) -> 0 | T14: =-MAX(-5,MIN(5,ROUND(($R$48-$R$39)*100,0))) -> 0 | U14: =-MAX(-5,MIN(5,ROUND(($R$75-$R$39)*100,0))) -> 0 | V14: =-MAX(-5,MIN(5,ROUND(($R$84-$R$39)*100,0))) -> 0
D15: REGION | E15: BAU | F15: BAF | G15: ECO | H15: NGW | K15: REGION | L15: BAU | M15: BAF | N15: ECO | O15: NGW | R15: REGION | S15: BAU | T15: BAF | U15: ECO | V15: NGW
C16: WATERFOWL | D16: Delta-Wide | E16: =-MAX(-5,MIN(5,ROUND(($D$40-$D$40)*100,0))) -> 0 | F16: =-MAX(-5,MIN(5,ROUND(($D$49-$D$40)*100,0))) -> 0 | G16: =-MAX(-5,MIN(5,ROUND(($D$76-$D$40)*100,0))) -> 0 | H16: =-MAX(-5,MIN(5,ROUND(($D$85-$D$40)*100,0))) -> 0 | J16: WATERFOWL | K16: Delta-Wide | L16: =-MAX(-5,MIN(5,ROUND(($I$40-$I$40)*100,0))) -> 0 | M16: =-MAX(-5,MIN(5,ROUND(($I$49-$I$40)*100,0))) -> 0 | N16: =-MAX(-5,MIN(5,ROUND(($I$76-$I$40)*100,0))) -> 0 | O16: =-MAX(-5,MIN(5,ROUND(($I$85-$I$40)*100,0))) -> 0 | Q16: WATERFOWL | R16: Delta-Wide | S16: =-MAX(-5,MIN(5,ROUND(($N$40-$N$40)*100,0))) -> 0 | T16: =-MAX(-5,MIN(5,ROUND(($N$49-$N$40)*100,0))) -> 0 | U16: =-MAX(-5,MIN(5,ROUND(($N$76-$N$40)*100,0))) -> 0 | V16: =-MAX(-5,MIN(5,ROUND(($N$85-$N$40)*100,0))) -> 0
D17: Suisun | E17: =-MAX(-5,MIN(5,ROUND(($E$40-$E$40)*100,0))) -> 0 | F17: =-MAX(-5,MIN(5,ROUND(($E$49-$E$40)*100,0))) -> 0 | G17: =-MAX(-5,MIN(5,ROUND(($E$76-$E$40)*100,0))) -> 0 | H17: =-MAX(-5,MIN(5,ROUND(($E$85-$E$40)*100,0))) -> 0 | K17: Suisun | L17: =-MAX(-5,MIN(5,ROUND(($J$40-$J$40)*100,0))) -> 0 | M17: =-MAX(-5,MIN(5,ROUND(($J$49-$J$40)*100,0))) -> 0 | N17: =-MAX(-5,MIN(5,ROUND(($J$76-$J$40)*100,0))) -> 0 | O17: =-MAX(-5,MIN(5,ROUND(($J$85-$J$40)*100,0))) -> 0 | R17: Suisun | S17: =-MAX(-5,MIN(5,ROUND(($O$40-$O$40)*100,0))) -> 0 | T17: =-MAX(-5,MIN(5,ROUND(($O$49-$O$40)*100,0))) -> 0 | U17: =-MAX(-5,MIN(5,ROUND(($O$76-$O$40)*100,0))) -> -1 | V17: =-MAX(-5,MIN(5,ROUND(($O$85-$O$40)*100,0))) -> -1
D18: Central | E18: =-MAX(-5,MIN(5,ROUND(($F$40-$F$40)*100,0))) -> 0 | F18: =-MAX(-5,MIN(5,ROUND(($F$49-$F$40)*100,0))) -> 0 | G18: =-MAX(-5,MIN(5,ROUND(($F$76-$F$40)*100,0))) -> 0 | H18: =-MAX(-5,MIN(5,ROUND(($F$85-$F$40)*100,0))) -> 0 | K18: Central | L18: =-MAX(-5,MIN(5,ROUND(($K$40-$K$40)*100,0))) -> 0 | M18: =-MAX(-5,MIN(5,ROUND(($K$49-$K$40)*100,0))) -> 0 | N18: =-MAX(-5,MIN(5,ROUND(($K$76-$K$40)*100,0))) -> 0 | O18: =-MAX(-5,MIN(5,ROUND(($K$85-$K$40)*100,0))) -> 0 | R18: Central | S18: =-MAX(-5,MIN(5,ROUND(($P$40-$P$40)*100,0))) -> 0 | T18: =-MAX(-5,MIN(5,ROUND(($P$49-$P$40)*100,0))) -> 0 | U18: =-MAX(-5,MIN(5,ROUND(($P$76-$P$40)*100,0))) -> 0 | V18: =-MAX(-5,MIN(5,ROUND(($P$85-$P$40)*100,0))) -> 0
D19: North | E19: =-MAX(-5,MIN(5,ROUND(($G$40-$G$40)*100,0))) -> 0 | F19: =-MAX(-5,MIN(5,ROUND(($G$49-$G$40)*100,0))) -> 0 | G19: =-MAX(-5,MIN(5,ROUND(($G$76-$G$40)*100,0))) -> 0 | H19: =-MAX(-5,MIN(5,ROUND(($G$85-$G$40)*100,0))) -> 0 | K19: North | L19: =-MAX(-5,MIN(5,ROUND(($L$40-$L$40)*100,0))) -> 0 | M19: =-MAX(-5,MIN(5,ROUND(($L$49-$L$40)*100,0))) -> 0 | N19: =-MAX(-5,MIN(5,ROUND(($L$76-$L$40)*100,0))) -> 0 | O19: =-MAX(-5,MIN(5,ROUND(($L$85-$L$40)*100,0))) -> 0 | R19: North | S19: =-MAX(-5,MIN(5,ROUND(($Q$40-$Q$40)*100,0))) -> 0 | T19: =-MAX(-5,MIN(5,ROUND(($Q$49-$Q$40)*100,0))) -> 0 | U19: =-MAX(-5,MIN(5,ROUND(($Q$76-$Q$40)*100,0))) -> 0 | V19: =-MAX(-5,MIN(5,ROUND(($Q$85-$Q$40)*100,0))) -> 0
D20: South | E20: =-MAX(-5,MIN(5,ROUND(($H$40-$H$40)*100,0))) -> 0 | F20: =-MAX(-5,MIN(5,ROUND(($H$49-$H$40)*100,0))) -> 0 | G20: =-MAX(-5,MIN(5,ROUND(($H$76-$H$40)*100,0))) -> 0 | H20: =-MAX(-5,MIN(5,ROUND(($H$85-$H$40)*100,0))) -> 0 | K20: South | L20: =-MAX(-5,MIN(5,ROUND(($M$40-$M$40)*100,0))) -> 0 | M20: =-MAX(-5,MIN(5,ROUND(($M$49-$M$40)*100,0))) -> 0 | N20: =-MAX(-5,MIN(5,ROUND(($M$76-$M$40)*100,0))) -> 0 | O20: =-MAX(-5,MIN(5,ROUND(($M$85-$M$40)*100,0))) -> 0 | R20: South | S20: =-MAX(-5,MIN(5,ROUND(($R$40-$R$40)*100,0))) -> 0 | T20: =-MAX(-5,MIN(5,ROUND(($R$49-$R$40)*100,0))) -> 0 | U20: =-MAX(-5,MIN(5,ROUND(($R$76-$R$40)*100,0))) -> 0 | V20: =-MAX(-5,MIN(5,ROUND(($R$85-$R$40)*100,0))) -> 0
D21: REGION | E21: BAU | F21: BAF | G21: ECO | H21: NGW | K21: REGION | L21: BAU | M21: BAF | N21: ECO | O21: NGW | R21: REGION | S21: BAU | T21: BAF | U21: ECO | V21: NGW
C22: ANGLING | D22: Delta-Wide | E22: =-MAX(-5,MIN(5,ROUND(($D$41-$D$41)*100,0))) -> 0 | F22: =-MAX(-5,MIN(5,ROUND(($D$50-$D$41)*100,0))) -> 0 | G22: =-MAX(-5,MIN(5,ROUND(($D$77-$D$41)*100,0))) -> 0 | H22: =-MAX(-5,MIN(5,ROUND(($D$86-$D$41)*100,0))) -> 0 | J22: ANGLING | K22: Delta-Wide | L22: =-MAX(-5,MIN(5,ROUND(($I$41-$I$41)*100,0))) -> 0 | M22: =-MAX(-5,MIN(5,ROUND(($I$50-$I$41)*100,0))) -> 0 | N22: =-MAX(-5,MIN(5,ROUND(($I$77-$I$41)*100,0))) -> 0 | O22: =-MAX(-5,MIN(5,ROUND(($I$86-$I$41)*100,0))) -> 0 | Q22: ANGLING | R22: Delta-Wide | S22: =-MAX(-5,MIN(5,ROUND(($N$41-$N$41)*100,0))) -> 0 | T22: =-MAX(-5,MIN(5,ROUND(($N$50-$N$41)*100,0))) -> 0 | U22: =-MAX(-5,MIN(5,ROUND(($N$77-$N$41)*100,0))) -> 0 | V22: =-MAX(-5,MIN(5,ROUND(($N$86-$N$41)*100,0))) -> 0
D23: Suisun | E23: =-MAX(-5,MIN(5,ROUND(($E$41-$E$41)*100,0))) -> 0 | F23: =-MAX(-5,MIN(5,ROUND(($E$50-$E$41)*100,0))) -> 0 | G23: =-MAX(-5,MIN(5,ROUND(($E$77-$E$41)*100,0))) -> 0 | H23: =-MAX(-5,MIN(5,ROUND(($E$86-$E$41)*100,0))) -> 0 | K23: Suisun | L23: =-MAX(-5,MIN(5,ROUND(($J$41-$J$41)*100,0))) -> 0 | M23: =-MAX(-5,MIN(5,ROUND(($J$50-$J$41)*100,0))) -> 0 | N23: =-MAX(-5,MIN(5,ROUND(($J$77-$J$41)*100,0))) -> 1 | O23: =-MAX(-5,MIN(5,ROUND(($J$86-$J$41)*100,0))) -> 1 | R23: Suisun | S23: =-MAX(-5,MIN(5,ROUND(($O$41-$O$41)*100,0))) -> 0 | T23: =-MAX(-5,MIN(5,ROUND(($O$50-$O$41)*100,0))) -> 0 | U23: =-MAX(-5,MIN(5,ROUND(($O$77-$O$41)*100,0))) -> -1 | V23: =-MAX(-5,MIN(5,ROUND(($O$86-$O$41)*100,0))) -> -1
D24: Central | E24: =-MAX(-5,MIN(5,ROUND(($F$41-$F$41)*100,0))) -> 0 | F24: =-MAX(-5,MIN(5,ROUND(($F$50-$F$41)*100,0))) -> 0 | G24: =-MAX(-5,MIN(5,ROUND(($F$77-$F$41)*100,0))) -> 0 | H24: =-MAX(-5,MIN(5,ROUND(($F$86-$F$41)*100,0))) -> 0 | K24: Central | L24: =-MAX(-5,MIN(5,ROUND(($K$41-$K$41)*100,0))) -> 0 | M24: =-MAX(-5,MIN(5,ROUND(($K$50-$K$41)*100,0))) -> 0 | N24: =-MAX(-5,MIN(5,ROUND(($K$77-$K$41)*100,0))) -> 0 | O24: =-MAX(-5,MIN(5,ROUND(($K$86-$K$41)*100,0))) -> 0 | R24: Central | S24: =-MAX(-5,MIN(5,ROUND(($P$41-$P$41)*100,0))) -> 0 | T24: =-MAX(-5,MIN(5,ROUND(($P$50-$P$41)*100,0))) -> 0 | U24: =-MAX(-5,MIN(5,ROUND(($P$77-$P$41)*100,0))) -> 0 | V24: =-MAX(-5,MIN(5,ROUND(($P$86-$P$41)*100,0))) -> 0
D25: North | E25: =-MAX(-5,MIN(5,ROUND(($G$41-$G$41)*100,0))) -> 0 | F25: =-MAX(-5,MIN(5,ROUND(($G$50-$G$41)*100,0))) -> 0 | G25: =-MAX(-5,MIN(5,ROUND(($G$77-$G$41)*100,0))) -> 0 | H25: =-MAX(-5,MIN(5,ROUND(($G$86-$G$41)*100,0))) -> 0 | K25: North | L25: =-MAX(-5,MIN(5,ROUND(($L$41-$L$41)*100,0))) -> 0 | M25: =-MAX(-5,MIN(5,ROUND(($L$50-$L$41)*100,0))) -> 0 | N25: =-MAX(-5,MIN(5,ROUND(($L$77-$L$41)*100,0))) -> 0 | O25: =-MAX(-5,MIN(5,ROUND(($L$86-$L$41)*100,0))) -> 0 | R25: North | S25: =-MAX(-5,MIN(5,ROUND(($Q$41-$Q$41)*100,0))) -> 0 | T25: =-MAX(-5,MIN(5,ROUND(($Q$50-$Q$41)*100,0))) -> 0 | U25: =-MAX(-5,MIN(5,ROUND(($Q$77-$Q$41)*100,0))) -> 0 | V25: =-MAX(-5,MIN(5,ROUND(($Q$86-$Q$41)*100,0))) -> 0
D26: South | E26: =-MAX(-5,MIN(5,ROUND(($H$41-$H$41)*100,0))) -> 0 | F26: =-MAX(-5,MIN(5,ROUND(($H$50-$H$41)*100,0))) -> 0 | G26: =-MAX(-5,MIN(5,ROUND(($H$77-$H$41)*100,0))) -> 0 | H26: =-MAX(-5,MIN(5,ROUND(($H$86-$H$41)*100,0))) -> 0 | K26: South | L26: =-MAX(-5,MIN(5,ROUND(($M$41-$M$41)*100,0))) -> 0 | M26: =-MAX(-5,MIN(5,ROUND(($M$50-$M$41)*100,0))) -> 0 | N26: =-MAX(-5,MIN(5,ROUND(($M$77-$M$41)*100,0))) -> 0 | O26: =-MAX(-5,MIN(5,ROUND(($M$86-$M$41)*100,0))) -> 0 | R26: South | S26: =-MAX(-5,MIN(5,ROUND(($R$41-$R$41)*100,0))) -> 0 | T26: =-MAX(-5,MIN(5,ROUND(($R$50-$R$41)*100,0))) -> 0 | U26: =-MAX(-5,MIN(5,ROUND(($R$77-$R$41)*100,0))) -> 0 | V26: =-MAX(-5,MIN(5,ROUND(($R$86-$R$41)*100,0))) -> 0
D27: REGION | E27: BAU | F27: BAF | G27: ECO | H27: NGW | K27: REGION | L27: BAU | M27: BAF | N27: ECO | O27: NGW | R27: REGION | S27: BAU | T27: BAF | U27: ECO | V27: NGW
C28: DAY USE | D28: Delta-Wide | E28: =-MAX(-5,MIN(5,ROUND(($D$38-$D$38)*100,0))) -> 0 | F28: =-MAX(-5,MIN(5,ROUND(($D$47-$D$38)*100,0))) -> 0 | G28: =-MAX(-5,MIN(5,ROUND(($D$74-$D$38)*100,0))) -> 0 | H28: =-MAX(-5,MIN(5,ROUND(($D$83-$D$38)*100,0))) -> 0 | J28: DAY USE | K28: Delta-Wide | L28: =-MAX(-5,MIN(5,ROUND(($I$38-$I$38)*100,0))) -> 0 | M28: =-MAX(-5,MIN(5,ROUND(($I$47-$I$38)*100,0))) -> 0 | N28: =-MAX(-5,MIN(5,ROUND(($I$74-$I$38)*100,0))) -> 0 | O28: =-MAX(-5,MIN(5,ROUND(($I$83-$I$38)*100,0))) -> 0 | Q28: DAY USE | R28: Delta-Wide | S28: =-MAX(-5,MIN(5,ROUND(($N$38-$N$38)*100,0))) -> 0 | T28: =-MAX(-5,MIN(5,ROUND(($N$47-$N$38)*100,0))) -> 0 | U28: =-MAX(-5,MIN(5,ROUND(($N$74-$N$38)*100,0))) -> 0 | V28: =-MAX(-5,MIN(5,ROUND(($N$83-$N$38)*100,0))) -> 0
D29: Suisun | E29: =-MAX(-5,MIN(5,ROUND(($E$38-$E$38)*100,0))) -> 0 | F29: =-MAX(-5,MIN(5,ROUND(($E$47-$E$38)*100,0))) -> 0 | G29: =-MAX(-5,MIN(5,ROUND(($E$74-$E$38)*100,0))) -> 1 | H29: =-MAX(-5,MIN(5,ROUND(($E$83-$E$38)*100,0))) -> 1 | K29: Suisun | L29: =-MAX(-5,MIN(5,ROUND(($J$38-$J$38)*100,0))) -> 0 | M29: =-MAX(-5,MIN(5,ROUND(($J$47-$J$38)*100,0))) -> 0 | N29: =-MAX(-5,MIN(5,ROUND(($J$74-$J$38)*100,0))) -> 0 | O29: =-MAX(-5,MIN(5,ROUND(($J$83-$J$38)*100,0))) -> 0 | R29: Suisun | S29: =-MAX(-5,MIN(5,ROUND(($O$38-$O$38)*100,0))) -> 0 | T29: =-MAX(-5,MIN(5,ROUND(($O$47-$O$38)*100,0))) -> 0 | U29: =-MAX(-5,MIN(5,ROUND(($O$74-$O$38)*100,0))) -> 1 | V29: =-MAX(-5,MIN(5,ROUND(($O$83-$O$38)*100,0))) -> 1
D30: Central | E30: =-MAX(-5,MIN(5,ROUND(($F$38-$F$38)*100,0))) -> 0 | F30: =-MAX(-5,MIN(5,ROUND(($F$47-$F$38)*100,0))) -> 0 | G30: =-MAX(-5,MIN(5,ROUND(($F$74-$F$38)*100,0))) -> 0 | H30: =-MAX(-5,MIN(5,ROUND(($F$83-$F$38)*100,0))) -> 0 | K30: Central | L30: =-MAX(-5,MIN(5,ROUND(($K$38-$K$38)*100,0))) -> 0 | M30: =-MAX(-5,MIN(5,ROUND(($K$47-$K$38)*100,0))) -> 0 | N30: =-MAX(-5,MIN(5,ROUND(($K$74-$K$38)*100,0))) -> 0 | O30: =-MAX(-5,MIN(5,ROUND(($K$83-$K$38)*100,0))) -> 0 | R30: Central | S30: =-MAX(-5,MIN(5,ROUND(($P$38-$P$38)*100,0))) -> 0 | T30: =-MAX(-5,MIN(5,ROUND(($P$47-$P$38)*100,0))) -> 0 | U30: =-MAX(-5,MIN(5,ROUND(($P$74-$P$38)*100,0))) -> 0 | V30: =-MAX(-5,MIN(5,ROUND(($P$83-$P$38)*100,0))) -> 0
D31: North | E31: =-MAX(-5,MIN(5,ROUND(($G$38-$G$38)*100,0))) -> 0 | F31: =-MAX(-5,MIN(5,ROUND(($G$47-$G$38)*100,0))) -> 0 | G31: =-MAX(-5,MIN(5,ROUND(($G$74-$G$38)*100,0))) -> 0 | H31: =-MAX(-5,MIN(5,ROUND(($G$83-$G$38)*100,0))) -> 0 | K31: North | L31: =-MAX(-5,MIN(5,ROUND(($L$38-$L$38)*100,0))) -> 0 | M31: =-MAX(-5,MIN(5,ROUND(($L$47-$L$38)*100,0))) -> 0 | N31: =-MAX(-5,MIN(5,ROUND(($L$74-$L$38)*100,0))) -> 0 | O31: =-MAX(-5,MIN(5,ROUND(($L$83-$L$38)*100,0))) -> 0 | R31: North | S31: =-MAX(-5,MIN(5,ROUND(($Q$38-$Q$38)*100,0))) -> 0 | T31: =-MAX(-5,MIN(5,ROUND(($Q$47-$Q$38)*100,0))) -> 0 | U31: =-MAX(-5,MIN(5,ROUND(($Q$74-$Q$38)*100,0))) -> 0 | V31: =-MAX(-5,MIN(5,ROUND(($Q$83-$Q$38)*100,0))) -> 0
D32: South | E32: =-MAX(-5,MIN(5,ROUND(($H$38-$H$38)*100,0))) -> 0 | F32: =-MAX(-5,MIN(5,ROUND(($H$47-$H$38)*100,0))) -> 0 | G32: =-MAX(-5,MIN(5,ROUND(($H$74-$H$38)*100,0))) -> 0 | H32: =-MAX(-5,MIN(5,ROUND(($H$83-$H$38)*100,0))) -> 0 | K32: South | L32: =-MAX(-5,MIN(5,ROUND(($M$38-$M$38)*100,0))) -> 0 | M32: =-MAX(-5,MIN(5,ROUND(($M$47-$M$38)*100,0))) -> 0 | N32: =-MAX(-5,MIN(5,ROUND(($M$74-$M$38)*100,0))) -> 0 | O32: =-MAX(-5,MIN(5,ROUND(($M$83-$M$38)*100,0))) -> 0 | R32: South | S32: =-MAX(-5,MIN(5,ROUND(($R$38-$R$38)*100,0))) -> 0 | T32: =-MAX(-5,MIN(5,ROUND(($R$47-$R$38)*100,0))) -> 0 | U32: =-MAX(-5,MIN(5,ROUND(($R$74-$R$38)*100,0))) -> 0 | V32: =-MAX(-5,MIN(5,ROUND(($R$83-$R$38)*100,0))) -> 0
C35: BAU % EXCEEDANCES
D36: Total Run | I36: Wet Seasons | N36: Dry Seasons
D37: Delta-Wide | E37: Suisun | F37: Central Delta | G37: North Delta | H37: South Delta | I37: Delta-Wide | J37: Suisun | K37: Central Delta | L37: North Delta | M37: South Delta | N37: Delta-Wide | O37: Suisun | P37: Central Delta | Q37: North Delta | R37: South Delta
C38: Day Use | D38: =BAU!AK871 -> 0.5411795 | E38: =BAU!AL871 -> 0.52218019 | F38: =BAU!AM871 -> 0.53629833 | G38: =BAU!AN871 -> 0.56602476 | H38: =BAU!AO871 -> 0.54638545 | I38: =BAU!AS871 -> 0.93429709 | J38: =BAU!AT871 -> 0.90616343 | K38: =BAU!AU871 -> 0.93628809 | L38: =BAU!AV871 -> 0.98661127 | M38: =BAU!AW871 -> 0.92243767 | N38: =BAU!BA871 -> 0.15343238 | O38: =BAU!BB871 -> 0.14344262 | P38: =BAU!BC871 -> 0.14177292 | Q38: =BAU!BD871 -> 0.15118397 | R38: =BAU!BE871 -> 0.17547055
C39: Birding | D39: =BAU!AK819 -> 0.36769257 | E39: =BAU!AL819 -> 0.36795048 | F39: =BAU!AM819 -> 0.37750267 | G39: =BAU!AN819 -> 0.34181568 | H39: =BAU!AO819 -> 0.37490448 | I39: =BAU!AS819 -> 0.005367036 | J39: =BAU!AT819 -> 0.011772853 | K39: =BAU!AU819 -> 0.00061557402 | L39: =BAU!AV819 -> 0 | M39: =BAU!AW819 -> 0.0080024623 | N39: =BAU!BA819 -> 0.72506831 | O39: =BAU!BB819 -> 0.7192623 | P39: =BAU!BC819 -> 0.74924104 | Q39: =BAU!BD819 -> 0.67896175 | R39: =BAU!BE819 -> 0.73679417
C40: Waterfowl | D40: =BAU!AK836 -> 0.12138927 | E40: =BAU!AL836 -> 0.050550206 | F40: =BAU!AM836 -> 0.13082684 | G40: =BAU!AN836 -> 0.069692801 | H40: =BAU!AO836 -> 0.20938407 | I40: =BAU!AS836 -> 0 | J40: =BAU!AT836 -> 0 | K40: =BAU!AU836 -> 0 | L40: =BAU!AV836 -> 0 | M40: =BAU!AW836 -> 0 | N40: =BAU!BA836 -> 0.24112022 | O40: =BAU!BB836 -> 0.10040984 | P40: =BAU!BC836 -> 0.25986642 | Q40: =BAU!BD836 -> 0.13843352 | R40: =BAU!BE836 -> 0.41590771
C41: Angling | D41: =BAU!AK802 -> 0.44179849 | E41: =BAU!AL802 -> 0.45787483 | F41: =BAU!AM802 -> 0.44780682 | G41: =BAU!AN802 -> 0.41746905 | H41: =BAU!AO802 -> 0.4377197 | I41: =BAU!AS802 -> 0.049342105 | J41: =BAU!AT802 -> 0.076523546 | K41: =BAU!AU802 -> 0.045860265 | L41: =BAU!AV802 -> 0.0078485688 | M41: =BAU!AW802 -> 0.056325023 | N41: =BAU!BA802 -> 0.82889344 | O41: =BAU!BB802 -> 0.83401639 | P41: =BAU!BC802 -> 0.8442623 | Q41: =BAU!BD802 -> 0.82149362 | R41: =BAU!BE802 -> 0.81390407
C42: Boating & Day Use | D42: =BAU!AK853 -> 0.41583563 | E42: =BAU!AL853 -> 0.42314305 | F42: =BAU!AM853 -> 0.42228336 | G42: =BAU!AN853 -> 0.39133425 | H42: =BAU!AO853 -> 0.41922665 | I42: =BAU!AS853 -> 0.030730609 | J42: =BAU!AT853 -> 0.046052632 | K42: =BAU!AU853 -> 0.027700831 | L42: =BAU!AV853 -> 0.0027700831 | M42: =BAU!AW853 -> 0.038781163 | N42: =BAU!BA853 -> 0.79567964 | O42: =BAU!BB853 -> 0.79508197 | P42: =BAU!BC853 -> 0.81147541 | Q42: =BAU!BD853 -> 0.77459016 | R42: =BAU!BE853 -> 0.7944748
C44: BAF % EXCEEDANCES
D45: Total Run | I45: Wet Seasons | N45: Dry Seasons
D46: Delta-Wide | E46: Suisun | F46: Central Delta | G46: North Delta | H46: South Delta | I46: Delta-Wide | J46: Suisun | K46: Central Delta | L46: North Delta | M46: South Delta | N46: Delta-Wide | O46: Suisun | P46: Central Delta | Q46: North Delta | R46: South Delta
C47: Day Use | D47: ='Bolster & Fortify'!AK871 -> 0.54109354 | E47: ='Bolster & Fortify'!AL871 -> 0.52218019 | F47: ='Bolster & Fortify'!AM871 -> 0.53568699 | G47: ='Bolster & Fortify'!AN871 -> 0.56602476 | H47: ='Bolster & Fortify'!AO871 -> 0.54669112 | I47: ='Bolster & Fortify'!AS871 -> 0.93412396 | J47: ='Bolster & Fortify'!AT871 -> 0.90616343 | K47: ='Bolster & Fortify'!AU871 -> 0.93505694 | L47: ='Bolster & Fortify'!AV871 -> 0.98661127 | M47: ='Bolster & Fortify'!AW871 -> 0.92305325 | N47: ='Bolster & Fortify'!BA871 -> 0.15343238 | O47: ='Bolster & Fortify'!BB871 -> 0.14344262 | P47: ='Bolster & Fortify'!BC871 -> 0.14177292 | Q47: ='Bolster & Fortify'!BD871 -> 0.15118397 | R47: ='Bolster & Fortify'!BE871 -> 0.17547055
C48: Birding | D48: ='Bolster & Fortify'!AK819 -> 0.36769257 | E48: ='Bolster & Fortify'!AL819 -> 0.36795048 | F48: ='Bolster & Fortify'!AM819 -> 0.37765551 | G48: ='Bolster & Fortify'!AN819 -> 0.34204493 | H48: ='Bolster & Fortify'!AO819 -> 0.37459881 | I48: ='Bolster & Fortify'!AS819 -> 0.005367036 | J48: ='Bolster & Fortify'!AT819 -> 0.011772853 | K48: ='Bolster & Fortify'!AU819 -> 0.001231148 | L48: ='Bolster & Fortify'!AV819 -> 0 | M48: ='Bolster & Fortify'!AW819 -> 0.0073868883 | N48: ='Bolster & Fortify'!BA819 -> 0.72506831 | O48: ='Bolster & Fortify'!BB819 -> 0.7192623 | P48: ='Bolster & Fortify'!BC819 -> 0.74893746 | Q48: ='Bolster & Fortify'!BD819 -> 0.67941712 | R48: ='Bolster & Fortify'!BE819 -> 0.73679417
C49: Waterfowl | D49: ='Bolster & Fortify'!AK836 -> 0.12169017 | E49: ='Bolster & Fortify'!AL836 -> 0.050550206 | F49: ='Bolster & Fortify'!AM836 -> 0.13204952 | G49: ='Bolster & Fortify'!AN836 -> 0.069692801 | H49: ='Bolster & Fortify'!AO836 -> 0.20923124 | I49: ='Bolster & Fortify'!AS836 -> 0 | J49: ='Bolster & Fortify'!AT836 -> 0 | K49: ='Bolster & Fortify'!AU836 -> 0 | L49: ='Bolster & Fortify'!AV836 -> 0 | M49: ='Bolster & Fortify'!AW836 -> 0 | N49: ='Bolster & Fortify'!BA836 -> 0.2417179 | O49: ='Bolster & Fortify'!BB836 -> 0.10040984 | P49: ='Bolster & Fortify'!BC836 -> 0.26229508 | Q49: ='Bolster & Fortify'!BD836 -> 0.13843352 | R49: ='Bolster & Fortify'!BE836 -> 0.41560413
C50: Angling | D50: ='Bolster & Fortify'!AK802 -> 0.44201341 | E50: ='Bolster & Fortify'!AL802 -> 0.45804677 | F50: ='Bolster & Fortify'!AM802 -> 0.44826532 | G50: ='Bolster & Fortify'!AN802 -> 0.4176983 | H50: ='Bolster & Fortify'!AO802 -> 0.4377197 | I50: ='Bolster & Fortify'!AS802 -> 0.049774931 | J50: ='Bolster & Fortify'!AT802 -> 0.076869806 | K50: ='Bolster & Fortify'!AU802 -> 0.046783626 | L50: ='Bolster & Fortify'!AV802 -> 0.0083102493 | M50: ='Bolster & Fortify'!AW802 -> 0.056325023 | N50: ='Bolster & Fortify'!BA802 -> 0.82889344 | O50: ='Bolster & Fortify'!BB802 -> 0.83401639 | P50: ='Bolster & Fortify'!BC802 -> 0.8442623 | Q50: ='Bolster & Fortify'!BD802 -> 0.82149362 | R50: ='Bolster & Fortify'!BE802 -> 0.81390407
C51: Boating & Day Use | D51: ='Bolster & Fortify'!AK853 -> 0.41605055 | E51: ='Bolster & Fortify'!AL853 -> 0.42314305 | F51: ='Bolster & Fortify'!AM853 -> 0.42304753 | G51: ='Bolster & Fortify'!AN853 -> 0.39133425 | H51: ='Bolster & Fortify'!AO853 -> 0.41922665 | I51: ='Bolster & Fortify'!AS853 -> 0.03090374 | J51: ='Bolster & Fortify'!AT853 -> 0.046052632 | K51: ='Bolster & Fortify'!AU853 -> 0.028624192 | L51: ='Bolster & Fortify'!AV853 -> 0.0027700831 | M51: ='Bolster & Fortify'!AW853 -> 0.038473376 | N51: ='Bolster & Fortify'!BA853 -> 0.79593579 | O51: ='Bolster & Fortify'!BB853 -> 0.79508197 | P51: ='Bolster & Fortify'!BC853 -> 0.81208257 | Q51: ='Bolster & Fortify'!BD853 -> 0.77459016 | R51: ='Bolster & Fortify'!BE853 -> 0.79477838
C53: COR % EXCEEDANCES (PENDING)
D54: Total Run | I54: Wet Seasons | N54: Dry Seasons
D55: Delta-Wide | E55: Suisun | F55: Central Delta | G55: North Delta | H55: South Delta | I55: Delta-Wide | J55: Suisun | K55: Central Delta | L55: North Delta | M55: South Delta | N55: Delta-Wide | O55: Suisun | P55: Central Delta | Q55: North Delta | R55: South Delta
C56: Day Use | D56: ='Bolster & Fortify'!AK880 -> 0 | E56: ='Bolster & Fortify'!AL880 -> 0 | F56: ='Bolster & Fortify'!AM880 -> 0 | G56: ='Bolster & Fortify'!AN880 -> 0 | H56: ='Bolster & Fortify'!AO880 -> 0 | I56: ='Bolster & Fortify'!AS880 -> 0 | J56: ='Bolster & Fortify'!AT880 -> 0 | K56: ='Bolster & Fortify'!AU880 -> 0 | L56: ='Bolster & Fortify'!AV880 -> 0 | M56: ='Bolster & Fortify'!AW880 -> 0 | N56: ='Bolster & Fortify'!BA880 -> 0 | O56: ='Bolster & Fortify'!BB880 -> 0 | P56: ='Bolster & Fortify'!BC880 -> 0 | Q56: ='Bolster & Fortify'!BD880 -> 0 | R56: ='Bolster & Fortify'!BE880 -> 0
C57: Birding | D57: ='Bolster & Fortify'!AK828 -> 0 | E57: ='Bolster & Fortify'!AL828 -> 0 | F57: ='Bolster & Fortify'!AM828 -> 0 | G57: ='Bolster & Fortify'!AN828 -> 0 | H57: ='Bolster & Fortify'!AO828 -> 0 | I57: ='Bolster & Fortify'!AS828 -> 0 | J57: ='Bolster & Fortify'!AT828 -> 0 | K57: ='Bolster & Fortify'!AU828 -> 0 | L57: ='Bolster & Fortify'!AV828 -> 0 | M57: ='Bolster & Fortify'!AW828 -> 0 | N57: ='Bolster & Fortify'!BA828 -> 0 | O57: ='Bolster & Fortify'!BB828 -> 0 | P57: ='Bolster & Fortify'!BC828 -> 0 | Q57: ='Bolster & Fortify'!BD828 -> 0 | R57: ='Bolster & Fortify'!BE828 -> 0
C58: Waterfowl | D58: ='Bolster & Fortify'!AK845 -> 0 | E58: ='Bolster & Fortify'!AL845 -> 0 | F58: ='Bolster & Fortify'!AM845 -> 0 | G58: ='Bolster & Fortify'!AN845 -> 0 | H58: ='Bolster & Fortify'!AO845 -> 0 | I58: ='Bolster & Fortify'!AS845 -> 0 | J58: ='Bolster & Fortify'!AT845 -> 0 | K58: ='Bolster & Fortify'!AU845 -> 0 | L58: ='Bolster & Fortify'!AV845 -> 0 | M58: ='Bolster & Fortify'!AW845 -> 0 | N58: ='Bolster & Fortify'!BA845 -> 0 | O58: ='Bolster & Fortify'!BB845 -> 0 | P58: ='Bolster & Fortify'!BC845 -> 0 | Q58: ='Bolster & Fortify'!BD845 -> 0 | R58: ='Bolster & Fortify'!BE845 -> 0
C59: Angling | D59: ='Bolster & Fortify'!AK811 -> 0 | E59: ='Bolster & Fortify'!AL811 -> 0 | F59: ='Bolster & Fortify'!AM811 -> 0 | G59: ='Bolster & Fortify'!AN811 -> 0 | H59: ='Bolster & Fortify'!AO811 -> 0 | I59: ='Bolster & Fortify'!AS811 -> 0 | J59: ='Bolster & Fortify'!AT811 -> 0 | K59: ='Bolster & Fortify'!AU811 -> 0 | L59: ='Bolster & Fortify'!AV811 -> 0 | M59: ='Bolster & Fortify'!AW811 -> 0 | N59: ='Bolster & Fortify'!BA811 -> 0 | O59: ='Bolster & Fortify'!BB811 -> 0 | P59: ='Bolster & Fortify'!BC811 -> 0 | Q59: ='Bolster & Fortify'!BD811 -> 0 | R59: ='Bolster & Fortify'!BE811 -> 0
C60: Boating & Day Use | D60: ='Bolster & Fortify'!AK862 -> 0 | E60: ='Bolster & Fortify'!AL862 -> 0 | F60: ='Bolster & Fortify'!AM862 -> 0 | G60: ='Bolster & Fortify'!AN862 -> 0 | H60: ='Bolster & Fortify'!AO862 -> 0 | I60: ='Bolster & Fortify'!AS862 -> 0 | J60: ='Bolster & Fortify'!AT862 -> 0 | K60: ='Bolster & Fortify'!AU862 -> 0 | L60: ='Bolster & Fortify'!AV862 -> 0 | M60: ='Bolster & Fortify'!AW862 -> 0 | N60: ='Bolster & Fortify'!BA862 -> 0 | O60: ='Bolster & Fortify'!BB862 -> 0 | P60: ='Bolster & Fortify'!BC862 -> 0 | Q60: ='Bolster & Fortify'!BD862 -> 0 | R60: ='Bolster & Fortify'!BE862 -> 0
C62: TUNNEL % EXCEEDANCES (PENDING)
D63: Total Run | I63: Wet Seasons | N63: Dry Seasons
D64: Delta-Wide | E64: Suisun | F64: Central Delta | G64: North Delta | H64: South Delta | I64: Delta-Wide | J64: Suisun | K64: Central Delta | L64: North Delta | M64: South Delta | N64: Delta-Wide | O64: Suisun | P64: Central Delta | Q64: North Delta | R64: South Delta
C65: Day Use | D65: ='Bolster & Fortify'!AK889 -> 0 | E65: ='Bolster & Fortify'!AL889 -> 0 | F65: ='Bolster & Fortify'!AM889 -> 0 | G65: ='Bolster & Fortify'!AN889 -> 0 | H65: ='Bolster & Fortify'!AO889 -> 0 | I65: ='Bolster & Fortify'!AS889 -> 0 | J65: ='Bolster & Fortify'!AT889 -> 0 | K65: ='Bolster & Fortify'!AU889 -> 0 | L65: ='Bolster & Fortify'!AV889 -> 0 | M65: ='Bolster & Fortify'!AW889 -> 0 | N65: ='Bolster & Fortify'!BA889 -> 0 | O65: ='Bolster & Fortify'!BB889 -> 0 | P65: ='Bolster & Fortify'!BC889 -> 0 | Q65: ='Bolster & Fortify'!BD889 -> 0 | R65: ='Bolster & Fortify'!BE889 -> 0
C66: Birding | D66: ='Bolster & Fortify'!AK837 -> 0 | E66: ='Bolster & Fortify'!AL837 -> 0 | F66: ='Bolster & Fortify'!AM837 -> 0 | G66: ='Bolster & Fortify'!AN837 -> 0 | H66: ='Bolster & Fortify'!AO837 -> 0 | I66: ='Bolster & Fortify'!AS837 -> 0 | J66: ='Bolster & Fortify'!AT837 -> 0 | K66: ='Bolster & Fortify'!AU837 -> 0 | L66: ='Bolster & Fortify'!AV837 -> 0 | M66: ='Bolster & Fortify'!AW837 -> 0 | N66: ='Bolster & Fortify'!BA837 -> 0 | O66: ='Bolster & Fortify'!BB837 -> 0 | P66: ='Bolster & Fortify'!BC837 -> 0 | Q66: ='Bolster & Fortify'!BD837 -> 0 | R66: ='Bolster & Fortify'!BE837 -> 0
C67: Waterfowl | D67: ='Bolster & Fortify'!AK854 -> 0 | E67: ='Bolster & Fortify'!AL854 -> 0 | F67: ='Bolster & Fortify'!AM854 -> 0 | G67: ='Bolster & Fortify'!AN854 -> 0 | H67: ='Bolster & Fortify'!AO854 -> 0 | I67: ='Bolster & Fortify'!AS854 -> 0 | J67: ='Bolster & Fortify'!AT854 -> 0 | K67: ='Bolster & Fortify'!AU854 -> 0 | L67: ='Bolster & Fortify'!AV854 -> 0 | M67: ='Bolster & Fortify'!AW854 -> 0 | N67: ='Bolster & Fortify'!BA854 -> 0 | O67: ='Bolster & Fortify'!BB854 -> 0 | P67: ='Bolster & Fortify'!BC854 -> 0 | Q67: ='Bolster & Fortify'!BD854 -> 0 | R67: ='Bolster & Fortify'!BE854 -> 0
C68: Angling | D68: ='Bolster & Fortify'!AK820 -> 0 | E68: ='Bolster & Fortify'!AL820 -> 0 | F68: ='Bolster & Fortify'!AM820 -> 0 | G68: ='Bolster & Fortify'!AN820 -> 0 | H68: ='Bolster & Fortify'!AO820 -> 0 | I68: ='Bolster & Fortify'!AS820 -> 0 | J68: ='Bolster & Fortify'!AT820 -> 0 | K68: ='Bolster & Fortify'!AU820 -> 0 | L68: ='Bolster & Fortify'!AV820 -> 0 | M68: ='Bolster & Fortify'!AW820 -> 0 | N68: ='Bolster & Fortify'!BA820 -> 0 | O68: ='Bolster & Fortify'!BB820 -> 0 | P68: ='Bolster & Fortify'!BC820 -> 0 | Q68: ='Bolster & Fortify'!BD820 -> 0 | R68: ='Bolster & Fortify'!BE820 -> 0
C69: Boating & Day Use | D69: ='Bolster & Fortify'!AK871 -> 0.54109354 | E69: ='Bolster & Fortify'!AL871 -> 0.52218019 | F69: ='Bolster & Fortify'!AM871 -> 0.53568699 | G69: ='Bolster & Fortify'!AN871 -> 0.56602476 | H69: ='Bolster & Fortify'!AO871 -> 0.54669112 | I69: ='Bolster & Fortify'!AS871 -> 0.93412396 | J69: ='Bolster & Fortify'!AT871 -> 0.90616343 | K69: ='Bolster & Fortify'!AU871 -> 0.93505694 | L69: ='Bolster & Fortify'!AV871 -> 0.98661127 | M69: ='Bolster & Fortify'!AW871 -> 0.92305325 | N69: ='Bolster & Fortify'!BA871 -> 0.15343238 | O69: ='Bolster & Fortify'!BB871 -> 0.14344262 | P69: ='Bolster & Fortify'!BC871 -> 0.14177292 | Q69: ='Bolster & Fortify'!BD871 -> 0.15118397 | R69: ='Bolster & Fortify'!BE871 -> 0.17547055
C71: ECO % EXCEEDANCES
D72: Total Run | I72: Wet Seasons | N72: Dry Seasons
D73: Delta-Wide | E73: Suisun | F73: Central Delta | G73: North Delta | H73: South Delta | I73: Delta-Wide | J73: Suisun | K73: Central Delta | L73: North Delta | M73: South Delta | N73: Delta-Wide | O73: Suisun | P73: Central Delta | Q73: North Delta | R73: South Delta
C74: Day Use | D74: ='Eco Machine'!AK871 -> 0.53971802 | E74: ='Eco Machine'!AL871 -> 0.51685007 | F74: ='Eco Machine'!AM871 -> 0.53553416 | G74: ='Eco Machine'!AN871 -> 0.56602476 | H74: ='Eco Machine'!AO871 -> 0.54669112 | I74: ='Eco Machine'!AS871 -> 0.93429709 | J74: ='Eco Machine'!AT871 -> 0.908241 | K74: ='Eco Machine'!AU871 -> 0.93474915 | L74: ='Eco Machine'!AV871 -> 0.98661127 | M74: ='Eco Machine'!AW871 -> 0.92212989 | N74: ='Eco Machine'!BA871 -> 0.15052937 | O74: ='Eco Machine'!BB871 -> 0.13080601 | P74: ='Eco Machine'!BC871 -> 0.14177292 | Q74: ='Eco Machine'!BD871 -> 0.15118397 | R74: ='Eco Machine'!BE871 -> 0.1763813
C75: Birding | D75: ='Eco Machine'!AK819 -> 0.36726272 | E75: ='Eco Machine'!AL819 -> 0.36726272 | F75: ='Eco Machine'!AM819 -> 0.37796118 | G75: ='Eco Machine'!AN819 -> 0.34181568 | H75: ='Eco Machine'!AO819 -> 0.37352896 | I75: ='Eco Machine'!AS819 -> 0.0040685596 | J75: ='Eco Machine'!AT819 -> 0.006232687 | K75: ='Eco Machine'!AU819 -> 0.0015389351 | L75: ='Eco Machine'!AV819 -> 0 | M75: ='Eco Machine'!AW819 -> 0.0073868883 | N75: ='Eco Machine'!BA819 -> 0.72549522 | O75: ='Eco Machine'!BB819 -> 0.72336066 | P75: ='Eco Machine'!BC819 -> 0.74924104 | Q75: ='Eco Machine'!BD819 -> 0.67896175 | R75: ='Eco Machine'!BE819 -> 0.7346691
C76: Waterfowl | D76: ='Eco Machine'!AK836 -> 0.12259285 | E76: ='Eco Machine'!AL836 -> 0.055364512 | F76: ='Eco Machine'!AM836 -> 0.13266086 | G76: ='Eco Machine'!AN836 -> 0.069005044 | H76: ='Eco Machine'!AO836 -> 0.20800856 | I76: ='Eco Machine'!AS836 -> 0 | J76: ='Eco Machine'!AT836 -> 0 | K76: ='Eco Machine'!AU836 -> 0 | L76: ='Eco Machine'!AV836 -> 0 | M76: ='Eco Machine'!AW836 -> 0 | N76: ='Eco Machine'!BA836 -> 0.24351093 | O76: ='Eco Machine'!BB836 -> 0.10997268 | P76: ='Eco Machine'!BC836 -> 0.26350941 | Q76: ='Eco Machine'!BD836 -> 0.1370674 | R76: ='Eco Machine'!BE836 -> 0.41317547
C77: Angling | D77: ='Eco Machine'!AK802 -> 0.44201341 | E77: ='Eco Machine'!AL802 -> 0.45804677 | F77: ='Eco Machine'!AM802 -> 0.44826532 | G77: ='Eco Machine'!AN802 -> 0.41701055 | H77: ='Eco Machine'!AO802 -> 0.43817821 | I77: ='Eco Machine'!AS802 -> 0.047697368 | J77: ='Eco Machine'!AT802 -> 0.067174515 | K77: ='Eco Machine'!AU802 -> 0.048014774 | L77: ='Eco Machine'!AV802 -> 0.0073868883 | M77: ='Eco Machine'!AW802 -> 0.056940597 | N77: ='Eco Machine'!BA802 -> 0.83094262 | O77: ='Eco Machine'!BB802 -> 0.84357923 | P77: ='Eco Machine'!BC802 -> 0.84304797 | Q77: ='Eco Machine'!BD802 -> 0.82103825 | R77: ='Eco Machine'!BE802 -> 0.81420765
C78: Boating & Day Use | D78: ='Eco Machine'!AK853 -> 0.41643741 | E78: ='Eco Machine'!AL853 -> 0.42417469 | F78: ='Eco Machine'!AM853 -> 0.42320037 | G78: ='Eco Machine'!AN853 -> 0.391105 | H78: ='Eco Machine'!AO853 -> 0.41968516 | I78: ='Eco Machine'!AS853 -> 0.029605263 | J78: ='Eco Machine'!AT853 -> 0.040858726 | K78: ='Eco Machine'!AU853 -> 0.028624192 | L78: ='Eco Machine'!AV853 -> 0.0027700831 | M78: ='Eco Machine'!AW853 -> 0.038473376 | N78: ='Eco Machine'!BA853 -> 0.79798497 | O78: ='Eco Machine'!BB853 -> 0.8022541 | P78: ='Eco Machine'!BC853 -> 0.81238616 | Q78: ='Eco Machine'!BD853 -> 0.77413479 | R78: ='Eco Machine'!BE853 -> 0.79568913
C80: NGW % EXCEEDANCES
D81: Total Run | I81: Wet Seasons | N81: Dry Seasons
D82: Delta-Wide | E82: Suisun | F82: Central Delta | G82: North Delta | H82: South Delta | I82: Delta-Wide | J82: Suisun | K82: Central Delta | L82: North Delta | M82: South Delta | N82: Delta-Wide | O82: Suisun | P82: Central Delta | Q82: North Delta | R82: South Delta
C83: Day Use | D83: ='New Green Watershed'!AK871 -> 0.53963205 | E83: ='New Green Watershed'!AL871 -> 0.51685007 | F83: ='New Green Watershed'!AM871 -> 0.53553416 | G83: ='New Green Watershed'!AN871 -> 0.56556625 | H83: ='New Green Watershed'!AO871 -> 0.54669112 | I83: ='New Green Watershed'!AS871 -> 0.93438366 | J83: ='New Green Watershed'!AT871 -> 0.908241 | K83: ='New Green Watershed'!AU871 -> 0.93474915 | L83: ='New Green Watershed'!AV871 -> 0.98707295 | M83: ='New Green Watershed'!AW871 -> 0.92212989 | N83: ='New Green Watershed'!BA871 -> 0.15027322 | O83: ='New Green Watershed'!BB871 -> 0.13080601 | P83: ='New Green Watershed'!BC871 -> 0.14177292 | Q83: ='New Green Watershed'!BD871 -> 0.14981785 | R83: ='New Green Watershed'!BE871 -> 0.1763813
C84: Birding | D84: ='New Green Watershed'!AK819 -> 0.3670478 | E84: ='New Green Watershed'!AL819 -> 0.36726272 | F84: ='New Green Watershed'!AM819 -> 0.37780834 | G84: ='New Green Watershed'!AN819 -> 0.34089867 | H84: ='New Green Watershed'!AO819 -> 0.37352896 | I84: ='New Green Watershed'!AS819 -> 0.0038954294 | J84: ='New Green Watershed'!AT819 -> 0.006232687 | K84: ='New Green Watershed'!AU819 -> 0.00092336103 | L84: ='New Green Watershed'!AV819 -> 0 | M84: ='New Green Watershed'!AW819 -> 0.0073868883 | N84: ='New Green Watershed'!BA819 -> 0.72523907 | O84: ='New Green Watershed'!BB819 -> 0.72336066 | P84: ='New Green Watershed'!BC819 -> 0.74954463 | Q84: ='New Green Watershed'!BD819 -> 0.67714026 | R84: ='New Green Watershed'!BE819 -> 0.7346691
C85: Waterfowl | D85: ='New Green Watershed'!AK836 -> 0.12242091 | E85: ='New Green Watershed'!AL836 -> 0.055192572 | F85: ='New Green Watershed'!AM836 -> 0.13143818 | G85: ='New Green Watershed'!AN836 -> 0.069922054 | H85: ='New Green Watershed'!AO836 -> 0.20816139 | I85: ='New Green Watershed'!AS836 -> 0 | J85: ='New Green Watershed'!AT836 -> 0 | K85: ='New Green Watershed'!AU836 -> 0 | L85: ='New Green Watershed'!AV836 -> 0 | M85: ='New Green Watershed'!AW836 -> 0 | N85: ='New Green Watershed'!BA836 -> 0.2431694 | O85: ='New Green Watershed'!BB836 -> 0.10963115 | P85: ='New Green Watershed'!BC836 -> 0.26108075 | Q85: ='New Green Watershed'!BD836 -> 0.13888889 | R85: ='New Green Watershed'!BE836 -> 0.41347905
C86: Angling | D86: ='New Green Watershed'!AK802 -> 0.44214237 | E86: ='New Green Watershed'!AL802 -> 0.45839065 | F86: ='New Green Watershed'!AM802 -> 0.44857099 | G86: ='New Green Watershed'!AN802 -> 0.41655204 | H86: ='New Green Watershed'!AO802 -> 0.43833104 | I86: ='New Green Watershed'!AS802 -> 0.047957064 | J86: ='New Green Watershed'!AT802 -> 0.067867036 | K86: ='New Green Watershed'!AU802 -> 0.048322561 | L86: ='New Green Watershed'!AV802 -> 0.0069252078 | M86: ='New Green Watershed'!AW802 -> 0.057248384 | N86: ='New Green Watershed'!BA802 -> 0.83094262 | O86: ='New Green Watershed'!BB802 -> 0.84357923 | P86: ='New Green Watershed'!BC802 -> 0.84335155 | Q86: ='New Green Watershed'!BD802 -> 0.82058288 | R86: ='New Green Watershed'!BE802 -> 0.81420765
C87: Boating & Day Use | D87: ='New Green Watershed'!AK853 -> 0.41639443 | E87: ='New Green Watershed'!AL853 -> 0.42434663 | F87: ='New Green Watershed'!AM853 -> 0.4228947 | G87: ='New Green Watershed'!AN853 -> 0.39087575 | H87: ='New Green Watershed'!AO853 -> 0.41983799 | I87: ='New Green Watershed'!AS853 -> 0.029691828 | J87: ='New Green Watershed'!AT853 -> 0.040858726 | K87: ='New Green Watershed'!AU853 -> 0.028624192 | L87: ='New Green Watershed'!AV853 -> 0.0027700831 | M87: ='New Green Watershed'!AW853 -> 0.038781163 | N87: ='New Green Watershed'!BA853 -> 0.79781421 | O87: ='New Green Watershed'!BB853 -> 0.80259563 | P87: ='New Green Watershed'!BC853 -> 0.81177899 | Q87: ='New Green Watershed'!BD853 -> 0.77367942 | R87: ='New Green Watershed'!BE853 -> 0.79568913
C90: Boating & Day Use
C91: Total Run
C92: Delta-Wide | G92: Suisun | K92: Central Delta | O92: North Delta | S92: South Delta
C93: Results | D93: Ranking | E93: Scale | G93: Results | H93: Ranking | I93: Scale | K93: Results | L93: Ranking | M93: Scale | O93: Results | P93: Ranking | Q93: Scale | S93: Results | T93: Ranking | U93: Scale
C94: =_xlfn.TEXTJOIN(", ",TRUE,IF($E$4=D94,$E$3&" ("&TEXT($D$42,"0%")&")",""),IF($F$4=D94,$F$3,""),IF($G$4=D94,$G$3,""),IF($H$4=D94,$H$3,"")) | D94: 5 | E94: greater than or equal to 5% less | G94: =_xlfn.TEXTJOIN(", ",TRUE,IF($E$5=H94,$E$3&" ("&TEXT($E$42,"0%")&")",""),IF($F$5=H94,$F$3,""),IF($G$5=H94,$G$3,""),IF($H$5=H94,$H$3,"")) | H94: 5 | I94: greater than or equal to 5% less | K94: =_xlfn.TEXTJOIN(", ",TRUE,IF($E$6=L94,$E$3&" ("&TEXT($F$42,"0%")&")",""),IF($F$6=L94,$F$3,""),IF($G$6=L94,$G$3,""),IF($H$6=L94,$H$3,"")) | L94: 5 | M94: greater than or equal to 5% less | O94: =_xlfn.TEXTJOIN(", ",TRUE,IF($E$7=P94,$E$3&" ("&TEXT($G$42,"0%")&")",""),IF($F$7=P94,$F$3,""),IF($G$7=P94,$G$3,""),IF($H$7=P94,$H$3,"")) | P94: 5 | Q94: greater than or equal to 5% less | S94: =_xlfn.TEXTJOIN(", ",TRUE,IF($E$8=T94,$E$3&" ("&TEXT($H$42,"0%")&")",""),IF($F$8=T94,$F$3,""),IF($G$8=T94,$G$3,""),IF($H$8=T94,$H$3,"")) | T94: 5 | U94: greater than or equal to 5% less
C95: =_xlfn.TEXTJOIN(", ",TRUE,IF($E$4=D95,$E$3&" ("&TEXT($D$42,"0%")&")",""),IF($F$4=D95,$F$3,""),IF($G$4=D95,$G$3,""),IF($H$4=D95,$H$3,"")) | D95: 4 | E95: 4% less | G95: =_xlfn.TEXTJOIN(", ",TRUE,IF($E$5=H95,$E$3&" ("&TEXT($E$42,"0%")&")",""),IF($F$5=H95,$F$3,""),IF($G$5=H95,$G$3,""),IF($H$5=H95,$H$3,"")) | H95: 4 | I95: 4% less | K95: =_xlfn.TEXTJOIN(", ",TRUE,IF($E$6=L95,$E$3&" ("&TEXT($F$42,"0%")&")",""),IF($F$6=L95,$F$3,""),IF($G$6=L95,$G$3,""),IF($H$6=L95,$H$3,"")) | L95: 4 | M95: 4% less | O95: =_xlfn.TEXTJOIN(", ",TRUE,IF($E$7=P95,$E$3&" ("&TEXT($G$42,"0%")&")",""),IF($F$7=P95,$F$3,""),IF($G$7=P95,$G$3,""),IF($H$7=P95,$H$3,"")) | P95: 4 | Q95: 4% less | S95: =_xlfn.TEXTJOIN(", ",TRUE,IF($E$8=T95,$E$3&" ("&TEXT($H$42,"0%")&")",""),IF($F$8=T95,$F$3,""),IF($G$8=T95,$G$3,""),IF($H$8=T95,$H$3,"")) | T95: 4 | U95: 4% less
C96: =_xlfn.TEXTJOIN(", ",TRUE,IF($E$4=D96,$E$3&" ("&TEXT($D$42,"0%")&")",""),IF($F$4=D96,$F$3,""),IF($G$4=D96,$G$3,""),IF($H$4=D96,$H$3,"")) | D96: 3 | E96: 3% less | G96: =_xlfn.TEXTJOIN(", ",TRUE,IF($E$5=H96,$E$3&" ("&TEXT($E$42,"0%")&")",""),IF($F$5=H96,$F$3,""),IF($G$5=H96,$G$3,""),IF($H$5=H96,$H$3,"")) | H96: 3 | I96: 3% less | K96: =_xlfn.TEXTJOIN(", ",TRUE,IF($E$6=L96,$E$3&" ("&TEXT($F$42,"0%")&")",""),IF($F$6=L96,$F$3,""),IF($G$6=L96,$G$3,""),IF($H$6=L96,$H$3,"")) | L96: 3 | M96: 3% less | O96: =_xlfn.TEXTJOIN(", ",TRUE,IF($E$7=P96,$E$3&" ("&TEXT($G$42,"0%")&")",""),IF($F$7=P96,$F$3,""),IF($G$7=P96,$G$3,""),IF($H$7=P96,$H$3,"")) | P96: 3 | Q96: 3% less | S96: =_xlfn.TEXTJOIN(", ",TRUE,IF($E$8=T96,$E$3&" ("&TEXT($H$42,"0%")&")",""),IF($F$8=T96,$F$3,""),IF($G$8=T96,$G$3,""),IF($H$8=T96,$H$3,"")) | T96: 3 | U96: 3% less
C97: =_xlfn.TEXTJOIN(", ",TRUE,IF($E$4=D97,$E$3&" ("&TEXT($D$42,"0%")&")",""),IF($F$4=D97,$F$3,""),IF($G$4=D97,$G$3,""),IF($H$4=D97,$H$3,"")) | D97: 2 | E97: 2% less | G97: =_xlfn.TEXTJOIN(", ",TRUE,IF($E$5=H97,$E$3&" ("&TEXT($E$42,"0%")&")",""),IF($F$5=H97,$F$3,""),IF($G$5=H97,$G$3,""),IF($H$5=H97,$H$3,"")) | H97: 2 | I97: 2% less | K97: =_xlfn.TEXTJOIN(", ",TRUE,IF($E$6=L97,$E$3&" ("&TEXT($F$42,"0%")&")",""),IF($F$6=L97,$F$3,""),IF($G$6=L97,$G$3,""),IF($H$6=L97,$H$3,"")) | L97: 2 | M97: 2% less | O97: =_xlfn.TEXTJOIN(", ",TRUE,IF($E$7=P97,$E$3&" ("&TEXT($G$42,"0%")&")",""),IF($F$7=P97,$F$3,""),IF($G$7=P97,$G$3,""),IF($H$7=P97,$H$3,"")) | P97: 2 | Q97: 2% less | S97: =_xlfn.TEXTJOIN(", ",TRUE,IF($E$8=T97,$E$3&" ("&TEXT($H$42,"0%")&")",""),IF($F$8=T97,$F$3,""),IF($G$8=T97,$G$3,""),IF($H$8=T97,$H$3,"")) | T97: 2 | U97: 2% less
C98: =_xlfn.TEXTJOIN(", ",TRUE,IF($E$4=D98,$E$3&" ("&TEXT($D$42,"0%")&")",""),IF($F$4=D98,$F$3,""),IF($G$4=D98,$G$3,""),IF($H$4=D98,$H$3,"")) | D98: 1 | E98: 1% less | G98: =_xlfn.TEXTJOIN(", ",TRUE,IF($E$5=H98,$E$3&" ("&TEXT($E$42,"0%")&")",""),IF($F$5=H98,$F$3,""),IF($G$5=H98,$G$3,""),IF($H$5=H98,$H$3,"")) | H98: 1 | I98: 1% less | K98: =_xlfn.TEXTJOIN(", ",TRUE,IF($E$6=L98,$E$3&" ("&TEXT($F$42,"0%")&")",""),IF($F$6=L98,$F$3,""),IF($G$6=L98,$G$3,""),IF($H$6=L98,$H$3,"")) | L98: 1 | M98: 1% less | O98: =_xlfn.TEXTJOIN(", ",TRUE,IF($E$7=P98,$E$3&" ("&TEXT($G$42,"0%")&")",""),IF($F$7=P98,$F$3,""),IF($G$7=P98,$G$3,""),IF($H$7=P98,$H$3,"")) | P98: 1 | Q98: 1% less | S98: =_xlfn.TEXTJOIN(", ",TRUE,IF($E$8=T98,$E$3&" ("&TEXT($H$42,"0%")&")",""),IF($F$8=T98,$F$3,""),IF($G$8=T98,$G$3,""),IF($H$8=T98,$H$3,"")) | T98: 1 | U98: 1% less
C99: =_xlfn.TEXTJOIN(", ",TRUE,IF($E$4=D99,$E$3&" ("&TEXT($D$42,"0%")&")",""),IF($F$4=D99,$F$3,""),IF($G$4=D99,$G$3,""),IF($H$4=D99,$H$3,"")) -> BAU (42%), BAF, ECO, NGW | D99: 0 | E99: No change from baseline | G99: =_xlfn.TEXTJOIN(", ",TRUE,IF($E$5=H99,$E$3&" ("&TEXT($E$42,"0%")&")",""),IF($F$5=H99,$F$3,""),IF($G$5=H99,$G$3,""),IF($H$5=H99,$H$3,"")) -> BAU (42%), BAF, ECO, NGW | H99: 0 | I99: No change from baseline | K99: =_xlfn.TEXTJOIN(", ",TRUE,IF($E$6=L99,$E$3&" ("&TEXT($F$42,"0%")&")",""),IF($F$6=L99,$F$3,""),IF($G$6=L99,$G$3,""),IF($H$6=L99,$H$3,"")) -> BAU (42%), BAF, ECO, NGW | L99: 0 | M99: No change from baseline | O99: =_xlfn.TEXTJOIN(", ",TRUE,IF($E$7=P99,$E$3&" ("&TEXT($G$42,"0%")&")",""),IF($F$7=P99,$F$3,""),IF($G$7=P99,$G$3,""),IF($H$7=P99,$H$3,"")) -> BAU (39%), BAF, ECO, NGW | P99: 0 | Q99: No change from baseline | S99: =_xlfn.TEXTJOIN(", ",TRUE,IF($E$8=T99,$E$3&" ("&TEXT($H$42,"0%")&")",""),IF($F$8=T99,$F$3,""),IF($G$8=T99,$G$3,""),IF($H$8=T99,$H$3,"")) -> BAU (42%), BAF, ECO, NGW | T99: 0 | U99: No change from baseline
C100: =_xlfn.TEXTJOIN(", ",TRUE,IF($E$4=D100,$E$3&" ("&TEXT($D$42,"0%")&")",""),IF($F$4=D100,$F$3,""),IF($G$4=D100,$G$3,""),IF($H$4=D100,$H$3,"")) | D100: -1 | E100: 1% more than baseline | G100: =_xlfn.TEXTJOIN(", ",TRUE,IF($E$5=H100,$E$3&" ("&TEXT($E$42,"0%")&")",""),IF($F$5=H100,$F$3,""),IF($G$5=H100,$G$3,""),IF($H$5=H100,$H$3,"")) | H100: -1 | I100: 1% more than baseline | K100: =_xlfn.TEXTJOIN(", ",TRUE,IF($E$6=L100,$E$3&" ("&TEXT($F$42,"0%")&")",""),IF($F$6=L100,$F$3,""),IF($G$6=L100,$G$3,""),IF($H$6=L100,$H$3,"")) | L100: -1 | M100: 1% more than baseline | O100: =_xlfn.TEXTJOIN(", ",TRUE,IF($E$7=P100,$E$3&" ("&TEXT($G$42,"0%")&")",""),IF($F$7=P100,$F$3,""),IF($G$7=P100,$G$3,""),IF($H$7=P100,$H$3,"")) | P100: -1 | Q100: 1% more than baseline | S100: =_xlfn.TEXTJOIN(", ",TRUE,IF($E$8=T100,$E$3&" ("&TEXT($H$42,"0%")&")",""),IF($F$8=T100,$F$3,""),IF($G$8=T100,$G$3,""),IF($H$8=T100,$H$3,"")) | T100: -1 | U100: 1% more than baseline
C101: =_xlfn.TEXTJOIN(", ",TRUE,IF($E$4=D101,$E$3&" ("&TEXT($D$42,"0%")&")",""),IF($F$4=D101,$F$3,""),IF($G$4=D101,$G$3,""),IF($H$4=D101,$H$3,"")) | D101: -2 | E101: 2% more | G101: =_xlfn.TEXTJOIN(", ",TRUE,IF($E$5=H101,$E$3&" ("&TEXT($E$42,"0%")&")",""),IF($F$5=H101,$F$3,""),IF($G$5=H101,$G$3,""),IF($H$5=H101,$H$3,"")) | H101: -2 | I101: 2% more | K101: =_xlfn.TEXTJOIN(", ",TRUE,IF($E$6=L101,$E$3&" ("&TEXT($F$42,"0%")&")",""),IF($F$6=L101,$F$3,""),IF($G$6=L101,$G$3,""),IF($H$6=L101,$H$3,"")) | L101: -2 | M101: 2% more | O101: =_xlfn.TEXTJOIN(", ",TRUE,IF($E$7=P101,$E$3&" ("&TEXT($G$42,"0%")&")",""),IF($F$7=P101,$F$3,""),IF($G$7=P101,$G$3,""),IF($H$7=P101,$H$3,"")) | P101: -2 | Q101: 2% more | S101: =_xlfn.TEXTJOIN(", ",TRUE,IF($E$8=T101,$E$3&" ("&TEXT($H$42,"0%")&")",""),IF($F$8=T101,$F$3,""),IF($G$8=T101,$G$3,""),IF($H$8=T101,$H$3,"")) | T101: -2 | U101: 2% more
C102: =_xlfn.TEXTJOIN(", ",TRUE,IF($E$4=D102,$E$3&" ("&TEXT($D$42,"0%")&")",""),IF($F$4=D102,$F$3,""),IF($G$4=D102,$G$3,""),IF($H$4=D102,$H$3,"")) | D102: -3 | E102: 3% more | G102: =_xlfn.TEXTJOIN(", ",TRUE,IF($E$5=H102,$E$3&" ("&TEXT($E$42,"0%")&")",""),IF($F$5=H102,$F$3,""),IF($G$5=H102,$G$3,""),IF($H$5=H102,$H$3,"")) | H102: -3 | I102: 3% more | K102: =_xlfn.TEXTJOIN(", ",TRUE,IF($E$6=L102,$E$3&" ("&TEXT($F$42,"0%")&")",""),IF($F$6=L102,$F$3,""),IF($G$6=L102,$G$3,""),IF($H$6=L102,$H$3,"")) | L102: -3 | M102: 3% more | O102: =_xlfn.TEXTJOIN(", ",TRUE,IF($E$7=P102,$E$3&" ("&TEXT($G$42,"0%")&")",""),IF($F$7=P102,$F$3,""),IF($G$7=P102,$G$3,""),IF($H$7=P102,$H$3,"")) | P102: -3 | Q102: 3% more | S102: =_xlfn.TEXTJOIN(", ",TRUE,IF($E$8=T102,$E$3&" ("&TEXT($H$42,"0%")&")",""),IF($F$8=T102,$F$3,""),IF($G$8=T102,$G$3,""),IF($H$8=T102,$H$3,"")) | T102: -3 | U102: 3% more
C103: =_xlfn.TEXTJOIN(", ",TRUE,IF($E$4=D103,$E$3&" ("&TEXT($D$42,"0%")&")",""),IF($F$4=D103,$F$3,""),IF($G$4=D103,$G$3,""),IF($H$4=D103,$H$3,"")) | D103: -4 | E103: 4% more | G103: =_xlfn.TEXTJOIN(", ",TRUE,IF($E$5=H103,$E$3&" ("&TEXT($E$42,"0%")&")",""),IF($F$5=H103,$F$3,""),IF($G$5=H103,$G$3,""),IF($H$5=H103,$H$3,"")) | H103: -4 | I103: 4% more | K103: =_xlfn.TEXTJOIN(", ",TRUE,IF($E$6=L103,$E$3&" ("&TEXT($F$42,"0%")&")",""),IF($F$6=L103,$F$3,""),IF($G$6=L103,$G$3,""),IF($H$6=L103,$H$3,"")) | L103: -4 | M103: 4% more | O103: =_xlfn.TEXTJOIN(", ",TRUE,IF($E$7=P103,$E$3&" ("&TEXT($G$42,"0%")&")",""),IF($F$7=P103,$F$3,""),IF($G$7=P103,$G$3,""),IF($H$7=P103,$H$3,"")) | P103: -4 | Q103: 4% more | S103: =_xlfn.TEXTJOIN(", ",TRUE,IF($E$8=T103,$E$3&" ("&TEXT($H$42,"0%")&")",""),IF($F$8=T103,$F$3,""),IF($G$8=T103,$G$3,""),IF($H$8=T103,$H$3,"")) | T103: -4 | U103: 4% more
C104: =_xlfn.TEXTJOIN(", ",TRUE,IF($E$4=D104,$E$3&" ("&TEXT($D$42,"0%")&")",""),IF($F$4=D104,$F$3,""),IF($G$4=D104,$G$3,""),IF($H$4=D104,$H$3,"")) | D104: -5 | E104: greater than or equal to 5% more | G104: =_xlfn.TEXTJOIN(", ",TRUE,IF($E$5=H104,$E$3&" ("&TEXT($E$42,"0%")&")",""),IF($F$5=H104,$F$3,""),IF($G$5=H104,$G$3,""),IF($H$5=H104,$H$3,"")) | H104: -5 | I104: greater than or equal to 5% more | K104: =_xlfn.TEXTJOIN(", ",TRUE,IF($E$6=L104,$E$3&" ("&TEXT($F$42,"0%")&")",""),IF($F$6=L104,$F$3,""),IF($G$6=L104,$G$3,""),IF($H$6=L104,$H$3,"")) | L104: -5 | M104: greater than or equal to 5% more | O104: =_xlfn.TEXTJOIN(", ",TRUE,IF($E$7=P104,$E$3&" ("&TEXT($G$42,"0%")&")",""),IF($F$7=P104,$F$3,""),IF($G$7=P104,$G$3,""),IF($H$7=P104,$H$3,"")) | P104: -5 | Q104: greater than or equal to 5% more | S104: =_xlfn.TEXTJOIN(", ",TRUE,IF($E$8=T104,$E$3&" ("&TEXT($H$42,"0%")&")",""),IF($F$8=T104,$F$3,""),IF($G$8=T104,$G$3,""),IF($H$8=T104,$H$3,"")) | T104: -5 | U104: greater than or equal to 5% more
C106: Boating & Day Use
C107: Wet Seasons
C108: Delta-Wide | G108: Suisun | K108: Central Delta | O108: North Delta | S108: South Delta
C109: Results | D109: Ranking | E109: Scale | G109: Results | H109: Ranking | I109: Scale | K109: Results | L109: Ranking | M109: Scale | O109: Results | P109: Ranking | Q109: Scale | S109: Results | T109: Ranking | U109: Scale
C110: =_xlfn.TEXTJOIN(", ",TRUE,IF($L$4=D110,$L$3&" ("&TEXT($I$42,"0%")&")",""),IF($M$4=D110,$M$3,""),IF($N$4=D110,$N$3,""),IF($O$4=D110,$O$3,"")) | D110: 5 | E110: greater than or equal to 5% less | G110: =_xlfn.TEXTJOIN(", ",TRUE,IF($L$5=H110,$L$3&" ("&TEXT($J$42,"0%")&")",""),IF($M$5=H110,$M$3,""),IF($N$5=H110,$N$3,""),IF($O$5=H110,$O$3,"")) | H110: 5 | I110: greater than or equal to 5% less | K110: =_xlfn.TEXTJOIN(", ",TRUE,IF($L$6=L110,$L$3&" ("&TEXT($K$42,"0%")&")",""),IF($M$6=L110,$M$3,""),IF($N$6=L110,$N$3,""),IF($O$6=L110,$O$3,"")) | L110: 5 | M110: greater than or equal to 5% less | O110: =_xlfn.TEXTJOIN(", ",TRUE,IF($L$7=P110,$L$3&" ("&TEXT($L$42,"0%")&")",""),IF($M$7=P110,$M$3,""),IF($N$7=P110,$N$3,""),IF($O$7=P110,$O$3,"")) | P110: 5 | Q110: greater than or equal to 5% less | S110: =_xlfn.TEXTJOIN(", ",TRUE,IF($L$8=T110,$L$3&" ("&TEXT($M$42,"0%")&")",""),IF($M$8=T110,$M$3,""),IF($N$8=T110,$N$3,""),IF($O$8=T110,$O$3,"")) | T110: 5 | U110: greater than or equal to 5% less
...

Sheet BAU
B1: Suisun | J1: Central Delta | S1: North Delta | Y1: South Delta
A2: Date | B2: CHADBOURNE SLOUGH AT SUNRISE DUCK CLUB | C2: MONTEZUMA SLOUGH AT NATIONAL STEEL | D2: MONTEZUMA SLOUGH NEAR BELDENS LANDING | E2: SUISUN SLOUGH 300' SOUTH OF VOLANTI SLOUGH | F2: HONKER BAY | G2: SUISUN BAY AT VAN SICKLE ISLAND | H2: SUISUN BAY WEST REACH | I2: GRIZZLY BAY BUOY | J2: DUTCH SL BELOW JERSEY ISLAND | K2: FALSE RIVER NEAR OAKLEY | L2: OLD RIVER AT FRANKS TRACT | M2: PITTSBURG | N2: SACRAMENTO RIVER AT EMMATON | O2: SAN ANDREAS LANDING | P2: SAN JOAQUIN RIVER AT JERSEY POINT | Q2: SUISUN BAY AT CHANNEL MARKER 5 AT COLLINSVILLE | R2: BRANNAN MARINAS AT SAN JOAQUIN RIVER | S2: LIBERTY CUT AT FIVE POINTS | T2: CACHE SLOUGH ABOVE RYER ISLAND FERRY | U2: DELTA CROSS CHANNEL NEAR WALNUT GROVE | V2: SACRAMENTO RIVER DOWNSTREAM OF ISLETON | W2: COURTLAND AT SACRAMENTO RIVER | X2: VIERAS RESORT AT SACRAMENTO RIVER | Y2: GRANT LINE CANAL NEAR CLIFTON COURT FORE | Z2: LITTLE POTATO SLOUGH AT TERMINOUS | AA2: MIDDLE RIVER AT MILDRED ISLAND | AB2: OLD RIVER AT CLIFTON COURT | AC2: SAN JOAQUIN RIVER AT BRANDT BRIDGE | AD2: SAN JOAQUIN RIVER AT PRISONERS POINT | AE2: SAN JOAQUIN RIVER NEAR VERNALIS | AF2: SAN JOAQUIN RVER AT ROUGH AND READY ISLAND | AG2: VICTORIA CANAL BEFORE CLIFTON COURT FORE
A3: 43378 | B3: 19.881892 | C3: 19.946822 | D3: 20.022306 | E3: 19.878851 | F3: 19.270751 | G3: 19.35747 | H3: 19.204487 | I3: 19.187432 | J3: 20.129403 | K3: 19.927536 | L3: 19.790056 | M3: 19.378354 | N3: 19.467616 | O3: 19.483382 | P3: 19.884368 | Q3: 19.412066 | R3: 19.778003 | S3: 19.397607 | T3: 19.11019 | U3: 18.044802 | V3: 18.659678 | W3: 17.89473 | X3: 18.443941 | Y3: 21.256297 | Z3: 19.968507 | AA3: 20.514354 | AB3: 20.86557 | AC3: 21.612907 | AD3: 19.794133 | AE3: 20.827559 | AF3: 21.917801 | AG3: 20.919337
A4: 43379 | B4: 20.084911 | C4: 20.077475 | D4: 20.098871 | E4: 19.94807 | F4: 19.348607 | G4: 19.387284 | H4: 19.227404 | I4: 19.227057 | J4: 19.990958 | K4: 19.846132 | L4: 19.651565 | M4: 19.406646 | N4: 19.418079 | O4: 19.384662 | P4: 19.817333 | Q4: 19.425428 | R4: 19.68839 | S4: 19.408166 | T4: 19.039153 | U4: 17.909433 | V4: 18.661773 | W4: 17.707632 | X4: 18.466893 | Y4: 20.931894 | Z4: 19.792722 | AA4: 20.315943 | AB4: 20.602913 | AC4: 21.272815 | AD4: 19.680926 | AE4: 20.37743 | AF4: 21.632797 | AG4: 20.668715
A5: 43380 | B5: 19.936263 | C5: 20.08238 | D5: 20.074227 | E5: 19.912039 | F5: 19.240344 | G5: 19.346987 | H5: 19.191479 | I5: 19.034106 | J5: 19.295939 | K5: 19.507502 | L5: 19.346094 | M5: 19.369132 | N5: 19.173392 | O5: 19.100842 | P5: 19.519943 | Q5: 19.363121 | R5: 19.416142 | S5: 19.066744 | T5: 18.814004 | U5: 17.495592 | V5: 18.42336 | W5: 17.345313 | X5: 18.216693 | Y5: 20.023635 | Z5: 19.229766 | AA5: 19.775541 | AB5: 19.800401 | AC5: 20.00129 | AD5: 19.401746 | AE5: 19.278456 | AF5: 20.835331 | AG5: 19.802995
A6: 43381 | B6: 20.09799 | C6: 20.139727 | D6: 20.0854 | E6: 19.918991 | F6: 19.275052 | G6: 19.330752 | H6: 19.167662 | I6: 19.101572 | J6: 18.944653 | K6: 19.291079 | L6: 19.147354 | M6: 19.345004 | N6: 19.057465 | O6: 18.924499 | P6: 19.314517 | Q6: 19.331455 | R6: 19.231487 | S6: 18.676753 | T6: 18.546547 | U6: 17.248097 | V6: 18.163 | W6: 17.110716 | X6: 17.920385 | Y6: 19.516894 | Z6: 18.871749 | AA6: 19.500501 | AB6: 19.414865 | AC6: 19.114844 | AD6: 19.15668 | AE6: 18.671517 | AF6: 20.159111 | AG6: 19.393992
A7: 43382 | B7: 20.168098 | C7: 20.267648 | D7: 20.149036 | E7: 19.993576 | F7: 19.292437 | G7: 19.352269 | H7: 19.180327 | I7: 19.236646 | J7: 19.229145 | K7: 19.32946 | L7: 19.150725 | M7: 19.364663 | N7: 19.100631 | O7: 18.940155 | P7: 19.343707 | Q7: 19.357399 | R7: 19.238596 | S7: 18.647005 | T7: 18.411193 | U7: 17.230317 | V7: 18.083322 | W7: 17.104754 | X7: 17.836505 | Y7: 19.636749 | Z7: 18.854365 | AA7: 19.539839 | AB7: 19.552302 | AC7: 19.051296 | AD7: 19.098443 | AE7: 18.906943 | AF7: 19.960106 | AG7: 19.631687
A8: 43383 | B8: 19.483807 | C8: 19.83647 | D8: 19.763056 | E8: 19.566944 | F8: 18.916382 | G8: 19.144585 | H8: 18.959819 | I8: 18.583755 | J8: 19.074357 | K8: 19.207875 | L8: 19.031299 | M8: 19.161348 | N8: 18.953971 | O8: 18.81381 | P8: 19.217041 | Q8: 19.159454 | R8: 19.126319 | S8: 18.248992 | T8: 18.153421 | U8: 17.253432 | V8: 17.875972 | W8: 17.20229 | X8: 17.645953 | Y8: 19.716448 | Z8: 18.67757 | AA8: 19.536758 | AB8: 19.61944 | AC8: 19.225258 | AD8: 18.973668 | AE8: 19.229105 | AF8: 19.86216 | AG8: 19.730873
A9: 43384 | B9: 18.89508 | C9: 19.294374 | D9: 19.252875 | E9: 19.018874 | F9: 18.546659 | G9: 18.869663 | H9: 18.681205 | I9: 17.908099 | J9: 18.670463 | K9: 18.96967 | L9: 18.820145 | M9: 18.887914 | N9: 18.696954 | O9: 18.528218 | P9: 18.976471 | Q9: 18.882807 | R9: 18.880894 | S9: 17.70047 | T9: 17.797064 | U9: 17.289461 | V9: 17.581621 | W9: 17.259852 | X9: 17.395768 | Y9: 19.707803 | Z9: 18.426789 | AA9: 19.460037 | AB9: 19.61957 | AC9: 19.286815 | AD9: 18.770006 | AE9: 19.255034 | AF9: 19.755101 | AG9: 19.707933
A10: 43385 | B10: 18.921097 | C10: 19.165071 | D10: 19.059235 | E10: 18.840806 | F10: 18.521031 | G10: 18.748492 | H10: 18.56931 | I10: 17.877404 | J10: 18.572834 | K10: 18.850242 | L10: 18.674818 | M10: 18.762219 | N10: 18.555644 | O10: 18.365561 | P10: 18.85209 | Q10: 18.752639 | R10: 18.706899 | S10: 17.698354 | T10: 17.67492 | U10: 17.36847 | V10: 17.580944 | W10: 17.326208 | X10: 17.484324 | Y10: 19.64983 | Z10: 18.349254 | AA10: 19.325675 | AB10: 19.548231 | AC10: 19.338728 | AD10: 18.62445 | AE10: 19.132824 | AF10: 19.66039 | AG10: 19.640317
A11: 43386 | B11: 18.88267 | C11: 19.195327 | D11: 18.999353 | E11: 18.807819 | F11: 18.475541 | G11: 18.656264 | H11: 18.491916 | I11: 17.906205 | J11: 18.646738 | K11: 18.795591 | L11: 18.582899 | M11: 18.668782 | N11: 18.453386 | O11: 18.375562 | P11: 18.783853 | Q11: 18.666364 | R11: 18.647112 | S11: 17.927199 | T11: 17.728002 | U11: 17.458275 | V11: 17.670932 | W11: 17.329703 | X11: 17.610923 | Y11: 19.555516 | Z11: 18.356029 | AA11: 19.190973 | AB11: 19.400513 | AC11: 19.340619 | AD11: 18.545357 | AE11: 18.980072 | AF11: 19.604763 | AG11: 19.564797
A12: 43387 | B12: 18.586327 | C12: 18.962372 | D12: 18.797949 | E12: 18.61634 | F12: 18.288202 | G12: 18.482992 | H12: 18.339534 | I12: 17.648789 | J12: 18.273209 | K12: 18.578043 | L12: 18.355722 | M12: 18.496386 | N12: 18.226321 | O12: 18.24213 | P12: 18.577457 | Q12: 18.486258 | R12: 18.485773 | S12: 17.669215 | T12: 17.598488 | U12: 17.225961 | V12: 17.515017 | W12: 16.981206 | X12: 17.459041 | Y12: 19.313833 | Z12: 18.214375 | AA12: 19.009064 | AB12: 19.136732 | AC12: 19.10681 | AD12: 18.37472 | AE12: 18.413826 | AF12: 19.458502 | AG12: 19.34975
A13: 43388 | B13: 18.677809 | C13: 18.887914 | D13: 18.750515 | E13: 18.597129 | F13: 18.28139 | G13: 18.384709 | H13: 18.269205 | I13: 17.71427 | J13: 17.477001 | K13: 18.203211 | L13: 18.023363 | M13: 18.397196 | N13: 17.953577 | O13: 17.928461 | P13: 18.242245 | Q13: 18.359915 | R13: 18.165104 | S13: 16.896866 | T13: 17.246175 | U13: 16.607321 | V13: 17.164059 | W13: 16.285049 | X13: 17.096064 | Y13: 18.854767 | Z13: 17.782918 | AA13: 18.669327 | AB13: 18.692849 | AC13: 18.497206 | AD13: 18.06276 | AE13: 17.309574 | AF13: 19.045945 | AG13: 18.870661
A14: 43389 | B14: 18.599486 | C14: 18.847694 | D14: 18.718129 | E14: 18.583307 | F14: 18.243193 | G14: 18.26679 | H14: 18.184644 | I14: 17.622116 | J14: 17.349396 | K14: 18.043329 | L14: 17.929911 | M14: 18.282717 | N14: 17.8331 | O14: 17.841547 | P14: 18.066187 | Q14: 18.246411 | R14: 18.034102 | S14: 16.684613 | T14: 17.086122 | U14: 16.111823 | V14: 16.976885 | W14: 15.749395 | X14: 16.855547 | Y14: 18.550158 | Z14: 17.674215 | AA14: 18.420153 | AB14: 18.418605 | AC14: 17.902128 | AD14: 17.901278 | AE14: 16.819056 | AF14: 18.70471 | AG14: 18.605267
... A786: 44161 | B786: 11.100417 | C786: 12.041448 | D786: 11.789509 | E786: 11.656343 | F786: 11.753402 | G786: 12.140761 | H786: 12.125061 | I786: 10.741018 | J786: 11.431143 | K786: 12.137514 | L786: 12.153171 | M786: 12.150971 | N786: 11.610029 | O786: 12.061409 | P786: 12.142152 | Q786: 12.05347 | R786: 12.288611 | S786: 10.352564 | T786: 11.251497 | U786: 10.937339 | V786: 11.317329 | W786: 10.776823 | X786: 11.315218 | Y786: 11.177569 | Z786: 11.244733 | AA786: 12.003395 | AB786: 11.613107 | AC786: 10.851594 | AD786: 12.232988 | AE786: 11.208901 | AF786: 11.596925 | AG786: 11.491769
A787: TOTAL EXCEEDANCES | B787: =COUNTIF(B$3:B$729,">=18.42") -> 352 | C787: =COUNTIF(C$3:C$729,">=18.42") -> 331 | D787: =COUNTIF(D$3:D$729,">=18.42") -> 343 | E787: =COUNTIF(E$3:E$729,">=18.42") -> 344 | F787: =COUNTIF(F$3:F$729,">=18.42") -> 324 | G787: =COUNTIF(G$3:G$729,">=18.42") -> 325 | H787: =COUNTIF(H$3:H$729,">=18.42") -> 323 | I787: =COUNTIF(I$3:I$729,">=18.42") -> 321 | ... AG787: =COUNTIF(AG$3:AG$729,">=18.42") -> 355
A788: WET 1 | B788: =COUNTIF(B$3:B$180,">=18.42") -> 15 | C788: =COUNTIF(C$3:C$180,">=18.42") -> 13 | D788: =COUNTIF(D$3:D$180,">=18.42") -> 16 | E788: =COUNTIF(E$3:E$180,">=18.42") -> 16 | F788: =COUNTIF(F$3:F$180,">=18.42") -> 9 | G788: =COUNTIF(G$3:G$180,">=18.42") -> 10 | H788: =COUNTIF(H$3:H$180,">=18.42") -> 9 | I788: =COUNTIF(I$3:I$180,">=18.42") -> 6 | ... AG788: =COUNTIF(AG$3:AG$180,">=18.42") -> 17 | AH788: OCT 2018 - MARCH 2019
A789: WET 2 | B789: =COUNTIF(B$364:B$546,">=18.42") -> 19 | C789: =COUNTIF(C$364:C$546,">=18.42") -> 17 | D789: =COUNTIF(D$364:D$546,">=18.42") -> 19 | E789: =COUNTIF(E$364:E$546,">=18.42") -> 17 | F789: =COUNTIF(F$364:F$546,">=18.42") -> 14 | G789: =COUNTIF(G$364:G$546,">=18.42") -> 14 | H789: =COUNTIF(H$364:H$546,">=18.42") -> 15 | I789: =COUNTIF(I$364:I$546,">=18.42") -> 12 | ... AG789: =COUNTIF(AG$364:AG$546,">=18.42") -> 21 | AH789: OCT 2019 - MARCH 2020
A790: DRY 1 | B790: =COUNTIF(B$181:B$363,">=18.42") -> 156 | C790: =COUNTIF(C$181:C$363,">=18.42") -> 141 | D790: =COUNTIF(D$181:D$363,">=18.42") -> 147 | E790: =COUNTIF(E$181:E$363,">=18.42") -> 150 | F790: =COUNTIF(F$181:F$363,">=18.42") -> 142 | G790: =COUNTIF(G$181:G$363,">=18.42") -> 143 | H790: =COUNTIF(H$181:H$363,">=18.42") -> 142 | I790: =COUNTIF(I$181:I$363,">=18.42") -> 143 | ... AG790: =COUNTIF(AG$181:AG$363,">=18.42") -> 147 | AH790: APRIL 2019 - SEPTEMBER 2019
A791: DRY 2 | B791: =COUNTIF(B$547:B$729,">=18.42") -> 162 | C791: =COUNTIF(C$547:C$729,">=18.42") -> 160 | D791: =COUNTIF(D$547:D$729,">=18.42") -> 161 | E791: =COUNTIF(E$547:E$729,">=18.42") -> 161 | F791: =COUNTIF(F$547:F$729,">=18.42") -> 159 | G791: =COUNTIF(G$547:G$729,">=18.42") -> 158 | H791: =COUNTIF(H$547:H$729,">=18.42") -> 157 | I791: =COUNTIF(I$547:I$729,">=18.42") -> 160 | ... AG791: =COUNTIF(AG$547:AG$729,">=18.42") -> 170 | AH791: APRIL 2020 - SEPTEMBER 2020
A792: ALL WET | B792: =SUM(B788,B789) -> 34 | C792: =SUM(C788,C789) -> 30 | D792: =SUM(D788,D789) -> 35 | E792: =SUM(E788,E789) -> 33 | F792: =SUM(F788,F789) -> 23 | G792: =SUM(G788,G789) -> 24 | H792: =SUM(H788,H789) -> 24 | I792: =SUM(I788,I789) -> 18 | ... AG792: =SUM(AG788,AG789) -> 38
A793: ALL DRY | B793: =SUM(B790,B791) -> 318 | C793: =SUM(C790,C791) -> 301 | D793: =SUM(D790,D791) -> 308 | E793: =SUM(E790,E791) -> 311 | F793: =SUM(F790,F791) -> 301 | G793: =SUM(G790,G791) -> 301 | H793: =SUM(H790,H791) -> 299 | I793: =SUM(I790,I791) -> 303 | ... AG793: =SUM(AG790,AG791) -> 317
D796: Angling 18.42C | F796: THRESHOLD: 18.42C WATER TEMP | S796: ANGLING 18.42C | AA796: ANGLING 18.42C | AE796: ANGLING 18.42C | AI796: ANGLING 18.42C | AQ796: ANGLING 18.42C | AY796: ANGLING 18.42C
F797: WET SEASON | S797: TOTAL RUN | AA797: WET SEASONS | AE797: DRY SEASONS | AI797: TOTAL RUN | AK797: Delta-Wide | AL797: Suisun | AM797: Central Delta | AN797: North Delta | AO797: South Delta | AQ797: WET SEASONS | AS797: Delta-Wide | AT797: Suisun | AU797: Central Delta | AV797: North Delta | AW797: South Delta | AY797: DRY SEASONS | BA797: Delta-Wide | BB797: Suisun | BC797: Central Delta | BD797: North Delta | BE797: South Delta
F798: OCTOBER 1 - MARCH 31 | M798: DRY SEASON | S798: Total points | U798: =COUNTIF($B$2:$AG$2,"<>") -> 32 | AA798: Total points | AC798: =U798 -> 32 | AE798: Total points | AG798: =U798 -> 32 | AI798: Total points | AK798: =COUNTIF($B$2:$AG$2,"<>") -> 32 | AL798: =COUNTIF($B$2:$I$2,"<>") -> 8 | AM798: =COUNTIF($J$2:$R$2,"<>") -> 9 | AN798: =COUNTIF($S$2:$X$2,"<>") -> 6 | AO798: =COUNTIF($Y$2:$AG$2,"<>") -> 9 | AQ798: Total points | AS798: =COUNTIF($B$2:$AG$2,"<>") -> 32 | AT798: =COUNTIF($B$2:$I$2,"<>") -> 8 | AU798: =COUNTIF($J$2:$R$2,"<>") -> 9 | AV798: =COUNTIF($S$2:$X$2,"<>") -> 6 | AW798: =COUNTIF($Y$2:$AG$2,"<>") -> 9 | AY798: Total points | BA798: =COUNTIF($B$2:$AG$2,"<>") -> 32 | BB798: =COUNTIF($B$2:$I$2,"<>") -> 8 | BC798: =COUNTIF($J$2:$R$2,"<>") -> 9 | BD798: =COUNTIF($S$2:$X$2,"<>") -> 6 | BE798: =COUNTIF($Y$2:$AG$2,"<>") -> 9
F799: WET SEASON 1 | H799: 10/5/18 - 3/31/19 | J799: =COUNTIF($A$3:$A$180,"<>") -> 178 | M799: APRIL 1 - SEPTEMBER 30 | S799: Days in run | U799: =COUNTIF($A$3:$A$729,"<>") -> 727 | AA799: Days in run | AC799: =SUM($J$799:$J$800) -> 361 | AE799: Days in run | AG799: =SUM($Q$800:$Q$801) -> 366 | AI799: Days in run | AK799: =COUNTIF($A$3:$A$729,"<>") -> 727 | AL799: =COUNTIF($A$3:$A$729,"<>") -> 727 | AM799: =COUNTIF($A$3:$A$729,"<>") -> 727 | AN799: =COUNTIF($A$3:$A$729,"<>") -> 727 | AO799: =COUNTIF($A$3:$A$729,"<>") -> 727 | AQ799: Days in run | AS799: =SUM($J$799:$J$800) -> 361 | AT799: =SUM($J$799:$J$800) -> 361 | AU799: =SUM($J$799:$J$800) -> 361 | AV799: =SUM($J$799:$J$800) -> 361 | AW799: =SUM($J$799:$J$800) -> 361 | AY799: Days in run | BA799: =SUM($Q$800:$Q$801) -> 366 | BB799: =SUM($Q$800:$Q$801) -> 366 | BC799: =SUM($Q$800:$Q$801) -> 366 | BD799: =SUM($Q$800:$Q$801) -> 366 | BE799: =SUM($Q$800:$Q$801) -> 366
F800: WET SEASON 2 | H800: 10/1/19 - 3/31/20 | J800: =COUNTIF($A$364:$A$546,"<>") -> 183 | M800: DRY SEASON 1 | O800: 4/1/19 - 9/30/19 | Q800: =COUNTIF($A$181:$A$363,"<>") -> 183 | S800: Total measurements | U800: =U799*U798 -> 23264 | V800: DENOMINATOR FOR EXCEEDANCE % | AA800: Total measurements | AC800: =AC799*AC798 -> 11552 | AE800: Total measurements | AG800: =AG798*AG799 -> 11712 | AI800: Total measurements | AK800: =AK799*AK798 -> 23264 | AL800: =AL799*AL798 -> 5816 | AM800: =AM799*AM798 -> 6543 | AN800: =AN799*AN798 -> 4362 | AO800: =AO799*AO798 -> 6543 | AQ800: Total measurements | AS800: =AS799*AS798 -> 11552 | AT800: =AT799*AT798 -> 2888 | AU800: =AU799*AU798 -> 3249 | AV800: =AV799*AV798 -> 2166 | AW800: =AW799*AW798 -> 3249 | AY800: Total measurements | BA800: =BA799*BA798 -> 11712 | BB800: =BB799*BB798 -> 2928 | BC800: =BC799*BC798 -> 3294 | BD800: =BD799*BD798 -> 2196 | BE800: =BE799*BE798 -> 3294
F801: WET SEASON 3 (not in totals) | H801: 10/1/20 - 11/26/20 | J801: =COUNTIF($A$730:$A$786,"<>") -> 57 | M801: DRY SEASON 2 | O801: 4/1/20 - 9/30/20 | Q801: =COUNTIF($A$547:$A$729,"<>") -> 183 | S801: Measurements >= 18.42C | U801: =SUM(B787:AG787) -> 10278 | V801: NUMERATOR FOR EXCEEDANCE % | AA801: Measurements >= 18.42C | AC801: =SUM(B792:AG792) -> 570 | AE801: Measurements >= 18.42C | AG801: =SUM(B793:AG793) -> 9708 | AI801: Measurements >= 18.42C | AK801: =SUM(B787:AG787) -> 10278 | AL801: =SUM(B787:I787) -> 2663 | AM801: =SUM(J787:R787) -> 2930 | AN801: =SUM(S787:X787) -> 1821 | AO801: =SUM(Y787:AG787) -> 2864 | AQ801: Measurements >= 18.42C | AS801: =SUM(B792:AG792) -> 570 | AT801: =SUM(B792:I792) -> 221 | AU801: =SUM(J792:R792) -> 149 | AV801: =SUM(S792:X792) -> 17 | AW801: =SUM(Y792:AG792) -> 183 | AY801: Measurements >= 18.42C | BA801: =SUM(B793:AG793) -> 9708 | BB801: =SUM(B793:I793) -> 2442 | BC801: =SUM(J793:R793) -> 2781 | BD801: =SUM(S793:X793) -> 1804 | BE801: =SUM(Y793:AG793) -> 2681
S802: % Total Run Exceedances | U802: =$U801/$U800 -> 0.44179849 | AA802: % WET Exceedances | AC802: =AC801/AC800 -> 0.049342105 | AE802: % DRY Exceedances | AG802: =AG801/AG800 -> 0.82889344 | AI802: % Total Run Exceedances | AK802: =AK801/AK800 -> 0.44179849 | AL802: =AL801/AL800 -> 0.45787483 | AM802: =AM801/AM800 -> 0.44780682 | AN802: =AN801/AN800 -> 0.41746905 | AO802: =AO801/AO800 -> 0.4377197 | AQ802: % WET Exceedances | AS802: =AS801/AS800 -> 0.049342105 | AT802: =AT801/AT800 -> 0.076523546 | AU802: =AU801/AU800 -> 0.045860265 | AV802: =AV801/AV800 -> 0.0078485688 | AW802: =AW801/AW800 -> 0.056325023 | AY802: % DRY Exceedances | BA802: =BA801/BA800 -> 0.82889344 | BB802: =BB801/BB800 -> 0.83401639 | BC802: =BC801/BC800 -> 0.8442623 | BD802: =BD801/BD800 -> 0.82149362 | BE802: =BE801/BE800 -> 0.81390407
A804: TOTAL EXCEEDANCES | B804: =COUNTIF(B$3:B$729,">=20") -> 292 | C804: =COUNTIF(C$3:C$729,">=20") -> 277 | D804: =COUNTIF(D$3:D$729,">=20") -> 285 | E804: =COUNTIF(E$3:E$729,">=20") -> 278 | F804: =COUNTIF(F$3:F$729,">=20") -> 249 | G804: =COUNTIF(G$3:G$729,">=20") -> 253 | H804: =COUNTIF(H$3:H$729,">=20") -> 247 | I804: =COUNTIF(I$3:I$729,">=20") -> 259 | ... AG804: =COUNTIF(AG$3:AG$729,">=20") -> 294
A805: WET 1 | B805: =COUNTIF(B$3:B$180,">=20") -> 3 | C805: =COUNTIF(C$3:C$180,">=20") -> 4 | D805: =COUNTIF(D$3:D$180,">=20") -> 5 | E805: =COUNTIF(E$3:E$180,">=20") -> 0 | F805: =COUNTIF(F$3:F$180,">=20") -> 0 | G805: =COUNTIF(G$3:G$180,">=20") -> 0 | H805: =COUNTIF(H$3:H$180,">=20") -> 0 | I805: =COUNTIF(I$3:I$180,">=20") -> 0 | ... AG805: =COUNTIF(AG$3:AG$180,">=20") -> 2 | AH805: OCT 2018 - MARCH 2019
A806: WET 2 | B806: =COUNTIF(B$364:B$546,">=20") -> 6 | C806: =COUNTIF(C$364:C$546,">=20") -> 3 | D806: =COUNTIF(D$364:D$546,">=20") -> 6 | E806: =COUNTIF(E$364:E$546,">=20") -> 5 | F806: =COUNTIF(F$364:F$546,">=20") -> 0 | G806: =COUNTIF(G$364:G$546,">=20") -> 0 | H806: =COUNTIF(H$364:H$546,">=20") -> 0 | I806: =COUNTIF(I$364:I$546,">=20") -> 2 | ... AG806: =COUNTIF(AG$364:AG$546,">=20") -> 3 | AH806: OCT 2019 - MARCH 2020
A807: DRY 1 | B807: =COUNTIF(B$181:B$363,">=20") -> 134 | C807: =COUNTIF(C$181:C$363,">=20") -> 118 | D807: =COUNTIF(D$181:D$363,">=20") -> 128 | E807: =COUNTIF(E$181:E$363,">=20") -> 128 | F807: =COUNTIF(F$181:F$363,">=20") -> 117 | G807: =COUNTIF(G$181:G$363,">=20") -> 118 | H807: =COUNTIF(H$181:H$363,">=20") -> 117 | I807: =COUNTIF(I$181:I$363,">=20") -> 122 | ... AG807: =COUNTIF(AG$181:AG$363,">=20") -> 124 | AH807: APRIL 2019 - SEPTEMBER 2019
A808: DRY 2 | B808: =COUNTIF(B$547:B$729,">=20") -> 149 | C808: =COUNTIF(C$547:C$729,">=20") -> 152 | D808: =COUNTIF(D$547:D$729,">=20") -> 146 | E808: =COUNTIF(E$547:E$729,">=20") -> 145 | F808: =COUNTIF(F$547:F$729,">=20") -> 132 | G808: =COUNTIF(G$547:G$729,">=20") -> 135 | H808: =COUNTIF(H$547:H$729,">=20") -> 130 | I808: =COUNTIF(I$547:I$729,">=20") -> 135 | ... AG808: =COUNTIF(AG$547:AG$729,">=20") -> 165 | AH808: APRIL 2020 - SEPTEMBER 2020
A809: ALL WET | B809: =SUM(B805,B806) -> 9 | C809: =SUM(C805,C806) -> 7 | D809: =SUM(D805,D806) -> 11 | E809: =SUM(E805,E806) -> 5 | F809: =SUM(F805,F806) -> 0 | G809: =SUM(G805,G806) -> 0 | H809: =SUM(H805,H806) -> 0 | I809: =SUM(I805,I806) -> 2 | ... AG809: =SUM(AG805,AG806) -> 5
A810: ALL DRY | B810: =SUM(B807,B808) -> 283 | C810: =SUM(C807,C808) -> 270 | D810: =SUM(D807,D808) -> 274 | E810: =SUM(E807,E808) -> 273 | F810: =SUM(F807,F808) -> 249 | G810: =SUM(G807,G808) -> 253 | H810: =SUM(H807,H808) -> 247 | I810: =SUM(I807,I808) -> 257 | ... AG810: =SUM(AG807,AG808) -> 289
D813: Birding 20C | F813: THRESHOLD: 20C WATER TEMP | S813: BIRDING 20C | AA813: BIRDING 20C | AE813: BIRDING 20C | AI813: BIRDING 20C | AQ813: BIRDING 20C | AY813: BIRDING 20C
F814: WET SEASON | S814: TOTAL RUN | AA814: WET SEASONS | AE814: DRY SEASONS | AI814: TOTAL RUN | AK814: Delta-Wide | AL814: Suisun | AM814: Central Delta | AN814: North Delta | AO814: South Delta | AQ814: WET SEASONS | AS814: Delta-Wide | AT814: Suisun | AU814: Central Delta | AV814: North Delta | AW814: South Delta | AY814: DRY SEASONS | BA814: Delta-Wide | BB814: Suisun | BC814: Central Delta | BD814: North Delta | BE814: South Delta
F815: OCTOBER 1 - MARCH 31 | M815: DRY SEASON | S815: Total points | U815: =COUNTIF($B$2:$AG$2,"<>") -> 32 | AA815: Total points | AC815: =U815 -> 32 | AE815: Total points | AG815: =U815 -> 32 | AI815: Total points | AK815: =COUNTIF($B$2:$AG$2,"<>") -> 32 | AL815: =COUNTIF($B$2:$I$2,"<>") -> 8 | AM815: =COUNTIF($J$2:$R$2,"<>") -> 9 | AN815: =COUNTIF($S$2:$X$2,"<>") -> 6 | AO815: =COUNTIF($Y$2:$AG$2,"<>") -> 9 | AQ815: Total points | AS815: =COUNTIF($B$2:$AG$2,"<>") -> 32 | AT815: =COUNTIF($B$2:$I$2,"<>") -> 8 | AU815: =COUNTIF($J$2:$R$2,"<>") -> 9 | AV815: =COUNTIF($S$2:$X$2,"<>") -> 6 | AW815: =COUNTIF($Y$2:$AG$2,"<>") -> 9 | AY815: Total points | BA815: =COUNTIF($B$2:$AG$2,"<>") -> 32 | BB815: =COUNTIF($B$2:$I$2,"<>") -> 8 | BC815: =COUNTIF($J$2:$R$2,"<>") -> 9 | BD815: =COUNTIF($S$2:$X$2,"<>") -> 6 | BE815: =COUNTIF($Y$2:$AG$2,"<>") -> 9
F816: WET SEASON 1 | H816: 10/5/18 - 3/31/19 | J816: =COUNTIF($A$3:$A$180,"<>") -> 178 | M816: APRIL 1 - SEPTEMBER 30 | S816: Days in run | U816: =COUNTIF($A$3:$A$729,"<>") -> 727 | AA816: Days in run | AC816: =SUM($J$816:$J$817) -> 361 | AE816: Days in run | AG816: =SUM($Q$817:$Q$818) -> 366 | AI816: Days in run | AK816: =COUNTIF($A$3:$A$729,"<>") -> 727 | AL816: =COUNTIF($A$3:$A$729,"<>") -> 727 | AM816: =COUNTIF($A$3:$A$729,"<>") -> 727 | AN816: =COUNTIF($A$3:$A$729,"<>") -> 727 | AO816: =COUNTIF($A$3:$A$729,"<>") -> 727 | AQ816: Days in run | AS816: =SUM($J$816:$J$817) -> 361 | AT816: =SUM($J$816:$J$817) -> 361 | AU816: =SUM($J$816:$J$817) -> 361 | AV816: =SUM($J$816:$J$817) -> 361 | AW816: =SUM($J$816:$J$817) -> 361 | AY816: Days in run | BA816: =SUM($Q$817:$Q$818) -> 366 | BB816: =SUM($Q$817:$Q$818) -> 366 | BC816: =SUM($Q$817:$Q$818) -> 366 | BD816: =SUM($Q$817:$Q$818) -> 366 | BE816: =SUM($Q$817:$Q$818) -> 366
F817: WET SEASON 2 | H817: 10/1/19 - 3/31/20 | J817: =COUNTIF($A$364:$A$546,"<>") -> 183 | M817: DRY SEASON 1 | O817: 4/1/19 - 9/30/19 | Q817: =COUNTIF($A$181:$A$363,"<>") -> 183 | S817: Total measurements | U817: =U816*U815 -> 23264 | V817: DENOMINATOR FOR EXCEEDANCE % | AA817: Total measurements | AC817: =AC816*AC815 -> 11552 | AE817: Total measurements | AG817: =AG815*AG816 -> 11712 | AI817: Total measurements | AK817: =AK816*AK815 -> 23264 | AL817: =AL816*AL815 -> 5816 | AM817: =AM816*AM815 -> 6543 | AN817: =AN816*AN815 -> 4362 | AO817: =AO816*AO815 -> 6543 | AQ817: Total measurements | AS817: =AS816*AS815 -> 11552 | AT817: =AT816*AT815 -> 2888 | AU817: =AU816*AU815 -> 3249 | AV817: =AV816*AV815 -> 2166 | AW817: =AW816*AW815 -> 3249 | AY817: Total measurements | BA817: =BA816*BA815 -> 11712 | BB817: =BB816*BB815 -> 2928 | BC817: =BC816*BC815 -> 3294 | BD817: =BD816*BD815 -> 2196 | BE817: =BE816*BE815 -> 3294
F818: WET SEASON 3 (not in totals) | H818: 10/1/20 - 11/26/20 | J818: =COUNTIF($A$730:$A$786,"<>") -> 57 | M818: DRY SEASON 2 | O818: 4/1/20 - 9/30/20 | Q818: =COUNTIF($A$547:$A$729,"<>") -> 183 | S818: Measurements >= 20C | U818: =SUM(B804:AG804) -> 8554 | V818: NUMERATOR FOR EXCEEDANCE % | AA818: Measurements >= 20C | AC818: =SUM(B809:AG809) -> 62 | AE818: Measurements >= 20C | AG818: =SUM(B810:AG810) -> 8492 | AI818: Measurements >= 20C | AK818: =SUM(B804:AG804) -> 8554 | AL818: =SUM(B804:I804) -> 2140 | AM818: =SUM(J804:R804) -> 2470 | AN818: =SUM(S804:X804) -> 1491 | AO818: =SUM(Y804:AG804) -> 2453 | AQ818: Measurements >= 20C | AS818: =SUM(B809:AG809) -> 62 | AT818: =SUM(B809:I809) -> 34 | AU818: =SUM(J809:R809) -> 2 | AV818: =SUM(S809:X809) -> 0 | AW818: =SUM(Y809:AG809) -> 26 | AY818: Measurements >= 20C | BA818: =SUM(B810:AG810) -> 8492 | BB818: =SUM(B810:I810) -> 2106 | BC818: =SUM(J810:R810) -> 2468 | BD818: =SUM(S810:X810) -> 1491 | BE818: =SUM(Y810:AG810) -> 2427
S819: % Total Run Exceedances | U819: =$U818/$U817 -> 0.36769257 | AA819: % WET Exceedances | AC819: =AC818/AC817 -> 0.005367036 | AE819: % DRY Exceedances | AG819: =AG818/AG817 -> 0.72506831 | AI819: % Total Run Exceedances | AK819: =AK818/AK817 -> 0.36769257 | AL819: =AL818/AL817 -> 0.36795048 | AM819: =AM818/AM817 -> 0.37750267 | AN819: =AN818/AN817 -> 0.34181568 | AO819: =AO818/AO817 -> 0.37490448 | AQ819: % WET Exceedances | AS819: =AS818/AS817 -> 0.005367036 | AT819: =AT818/AT817 -> 0.011772853 | AU819: =AU818/AU817 -> 0.00061557402 | AV819: =AV818/AV817 -> 0 | AW819: =AW818/AW817 -> 0.0080024623 | AY819: % DRY Exceedances | BA819: =BA818/BA817 -> 0.72506831 | BB819: =BB818/BB817 -> 0.7192623 | BC819: =BC818/BC817 -> 0.74924104 | BD819: =BD818/BD817 -> 0.67896175 | BE819: =BE818/BE817 -> 0.73679417
A821: TOTAL EXCEEDANCES | B821: =COUNTIF(B$3:B$729,">=23") -> 82 | C821: =COUNTIF(C$3:C$729,">=23") -> 40 | D821: =COUNTIF(D$3:D$729,">=23") -> 45 | E821: =COUNTIF(E$3:E$729,">=23") -> 44 | F821: =COUNTIF(F$3:F$729,">=23") -> 17 | G821: =COUNTIF(G$3:G$729,">=23") -> 15 | H821: =COUNTIF(H$3:H$729,">=23") -> 12 | I821: =COUNTIF(I$3:I$729,">=23") -> 39 | ... AG821: =COUNTIF(AG$3:AG$729,">=23") -> 208
A822: WET 1 | B822: =COUNTIF(B$3:B$180,">=23") -> 0 | C822: =COUNTIF(C$3:C$180,">=23") -> 0 | D822: =COUNTIF(D$3:D$180,">=23") -> 0 | E822: =COUNTIF(E$3:E$180,">=23") -> 0 | F822: =COUNTIF(F$3:F$180,">=23") -> 0 | G822: =COUNTIF(G$3:G$180,">=23") -> 0 | H822: =COUNTIF(H$3:H$180,">=23") -> 0 | I822: =COUNTIF(I$3:I$180,">=23") -> 0 | ... AG822: =COUNTIF(AG$3:AG$180,">=23") -> 0 | AH822: OCT 2018 - MARCH 2019
A823: WET 2 | B823: =COUNTIF(B$364:B$546,">=23") -> 0 | C823: =COUNTIF(C$364:C$546,">=23") -> 0 | D823: =COUNTIF(D$364:D$546,">=23") -> 0 | E823: =COUNTIF(E$364:E$546,">=23") -> 0 | F823: =COUNTIF(F$364:F$546,">=23") -> 0 | G823: =COUNTIF(G$364:G$546,">=23") -> 0 | H823: =COUNTIF(H$364:H$546,">=23") -> 0 | I823: =COUNTIF(I$364:I$546,">=23") -> 0 | ... AG823: =COUNTIF(AG$364:AG$546,">=23") -> 0 | AH823: OCT 2019 - MARCH 2020
A824: DRY 1 | B824: =COUNTIF(B$181:B$363,">=23") -> 39 | C824: =COUNTIF(C$181:C$363,">=23") -> 19 | D824: =COUNTIF(D$181:D$363,">=23") -> 21 | E824: =COUNTIF(E$181:E$363,">=23") -> 21 | F824: =COUNTIF(F$181:F$363,">=23") -> 8 | G824: =COUNTIF(G$181:G$363,">=23") -> 6 | H824: =COUNTIF(H$181:H$363,">=23") -> 7 | I824: =COUNTIF(I$181:I$363,">=23") -> 19 | ... AG824: =COUNTIF(AG$181:AG$363,">=23") -> 105 | AH824: APRIL 2019 - SEPTEMBER 2019
A825: DRY 2 | B825: =COUNTIF(B$547:B$729,">=23") -> 43 | C825: =COUNTIF(C$547:C$729,">=23") -> 21 | D825: =COUNTIF(D$547:D$729,">=23") -> 24 | E825: =COUNTIF(E$547:E$729,">=23") -> 23 | F825: =COUNTIF(F$547:F$729,">=23") -> 9 | G825: =COUNTIF(G$547:G$729,">=23") -> 9 | H825: =COUNTIF(H$547:H$729,">=23") -> 5 | I825: =COUNTIF(I$547:I$729,">=23") -> 20 | ... AG825: =COUNTIF(AG$547:AG$729,">=23") -> 103 | AH825: APRIL 2020 - SEPTEMBER 2020
A826: ALL WET | B826: =SUM(B822,B823) -> 0 | C826: =SUM(C822,C823) -> 0 | D826: =SUM(D822,D823) -> 0 | E826: =SUM(E822,E823) -> 0 | F826: =SUM(F822,F823) -> 0 | G826: =SUM(G822,G823) -> 0 | H826: =SUM(H822,H823) -> 0 | I826: =SUM(I822,I823) -> 0 | ... AG826: =SUM(AG822,AG823) -> 0
A827: ALL DRY | B827: =SUM(B824,B825) -> 82 | C827: =SUM(C824,C825) -> 40 | D827: =SUM(D824,D825) -> 45 | E827: =SUM(E824,E825) -> 44 | F827: =SUM(F824,F825) -> 17 | G827: =SUM(G824,G825) -> 15 | H827: =SUM(H824,H825) -> 12 | I827: =SUM(I824,I825) -> 39 | ... AG827: =SUM(AG824,AG825) -> 208
D830: Waterfowl 23C | F830: THRESHOLD: 23C WATER TEMP | S830: WATERFOWL 23C | AA830: WATERFOWL 23C | AE830: WATERFOWL 23C | AI830: WATERFOWL 23C | AQ830: WATERFOWL 23C | AY830: WATERFOWL 23C
F831: WET SEASON | S831: TOTAL RUN | AA831: WET SEASONS | AE831: DRY SEASONS | AI831: TOTAL RUN | AK831: Delta-Wide | AL831: Suisun | AM831: Central Delta | AN831: North Delta | AO831: South Delta | AQ831: WET SEASONS | AS831: Delta-Wide | AT831: Suisun | AU831: Central Delta | AV831: North Delta | AW831: South Delta | AY831: DRY SEASONS | BA831: Delta-Wide | BB831: Suisun | BC831: Central Delta | BD831: North Delta | BE831: South Delta
F832: OCTOBER 1 - MARCH 31 | M832: DRY SEASON | S832: Total points | U832: =COUNTIF($B$2:$AG$2,"<>") -> 32 | AA832: Total points | AC832: =U832 -> 32 | AE832: Total points | AG832: =U832 -> 32 | AI832: Total points | AK832: =COUNTIF($B$2:$AG$2,"<>") -> 32 | AL832: =COUNTIF($B$2:$I$2,"<>") -> 8 | AM832: =COUNTIF($J$2:$R$2,"<>") -> 9 | AN832: =COUNTIF($S$2:$X$2,"<>") -> 6 | AO832: =COUNTIF($Y$2:$AG$2,"<>") -> 9 | AQ832: Total points | AS832: =COUNTIF($B$2:$AG$2,"<>") -> 32 | AT832: =COUNTIF($B$2:$I$2,"<>") -> 8 | AU832: =COUNTIF($J$2:$R$2,"<>") -> 9 | AV832: =COUNTIF($S$2:$X$2,"<>") -> 6 | AW832: =COUNTIF($Y$2:$AG$2,"<>") -> 9 | AY832: Total points | BA832: =COUNTIF($B$2:$AG$2,"<>") -> 32 | BB832: =COUNTIF($B$2:$I$2,"<>") -> 8 | BC832: =COUNTIF($J$2:$R$2,"<>") -> 9 | BD832: =COUNTIF($S$2:$X$2,"<>") -> 6 | BE832: =COUNTIF($Y$2:$AG$2,"<>") -> 9
F833: WET SEASON 1 | H833: 10/5/18 - 3/31/19 | J833: =COUNTIF($A$3:$A$180,"<>") -> 178 | M833: APRIL 1 - SEPTEMBER 30 | S833: Days in run | U833: =COUNTIF($A$3:$A$729,"<>") -> 727 | AA833: Days in run | AC833: =SUM($J$833:$J$834) -> 361 | AE833: Days in run | AG833: =SUM($Q$834:$Q$835) -> 366 | AI833: Days in run | AK833: =COUNTIF($A$3:$A$729,"<>") -> 727 | AL833: =COUNTIF($A$3:$A$729,"<>") -> 727 | AM833: =COUNTIF($A$3:$A$729,"<>") -> 727 | AN833: =COUNTIF($A$3:$A$729,"<>") -> 727 | AO833: =COUNTIF($A$3:$A$729,"<>") -> 727 | AQ833: Days in run | AS833: =SUM($J$833:$J$834) -> 361 | AT833: =SUM($J$833:$J$834) -> 361 | AU833: =SUM($J$833:$J$834) -> 361 | AV833: =SUM($J$833:$J$834) -> 361 | AW833: =SUM($J$833:$J$834) -> 361 | AY833: Days in run | BA833: =SUM($Q$834:$Q$835) -> 366 | BB833: =SUM($Q$834:$Q$835) -> 366 | BC833: =SUM($Q$834:$Q$835) -> 366 | BD833: =SUM($Q$834:$Q$835) -> 366 | BE833: =SUM($Q$834:$Q$835) -> 366
F834: WET SEASON 2 | H834: 10/1/19 - 3/31/20 | J834: =COUNTIF($A$364:$A$546,"<>") -> 183 | M834: DRY SEASON 1 | O834: 4/1/19 - 9/30/19 | Q834: =COUNTIF($A$181:$A$363,"<>") -> 183 | S834: Total measurements | U834: =U833*U832 -> 23264 | V834: DENOMINATOR FOR EXCEEDANCE % | AA834: Total measurements | AC834: =AC833*AC832 -> 11552 | AE834: Total measurements | AG834: =AG832*AG833 -> 11712 | AI834: Total measurements | AK834: =AK833*AK832 -> 23264 | AL834: =AL833*AL832 -> 5816 | AM834: =AM833*AM832 -> 6543 | AN834: =AN833*AN832 -> 4362 | AO834: =AO833*AO832 -> 6543 | AQ834: Total measurements | AS834: =AS833*AS832 -> 11552 | AT834: =AT833*AT832 -> 2888 | AU834: =AU833*AU832 -> 3249 | AV834: =AV833*AV832 -> 2166 | AW834: =AW833*AW832 -> 3249 | AY834: Total measurements | BA834: =BA833*BA832 -> 11712 | BB834: =BB833*BB832 -> 2928 | BC834: =BC833*BC832 -> 3294 | BD834: =BD833*BD832 -> 2196 | BE834: =BE833*BE832 -> 3294
F835: WET SEASON 3 (not in totals) | H835: 10/1/20 - 11/26/20 | J835: =COUNTIF($A$730:$A$786,"<>") -> 57 | M835: DRY SEASON 2 | O835: 4/1/20 - 9/30/20 | Q835: =COUNTIF($A$547:$A$729,"<>") -> 183 | S835: Measurements >= 23C | U835: =SUM(B821:AG821) -> 2824 | V835: NUMERATOR FOR EXCEEDANCE % | AA835: Measurements >= 23C | AC835: =SUM(B826:AG826) -> 0 | AE835: Measurements >= 23C | AG835: =SUM(B827:AG827) -> 2824 | AI835: Measurements >= 23C | AK835: =SUM(B821:AG821) -> 2824 | AL835: =SUM(B821:I821) -> 294 | AM835: =SUM(J821:R821) -> 856 | AN835: =SUM(S821:X821) -> 304 | AO835: =SUM(Y821:AG821) -> 1370 | AQ835: Measurements >= 23C | AS835: =SUM(B826:AG826) -> 0 | AT835: =SUM(B826:I826) -> 0 | AU835: =SUM(J826:R826) -> 0 | AV835: =SUM(S826:X826) -> 0 | AW835: =SUM(Y826:AG826) -> 0 | AY835: Measurements >= 23C | BA835: =SUM(B827:AG827) -> 2824 | BB835: =SUM(B827:I827) -> 294 | BC835: =SUM(J827:R827) -> 856 | BD835: =SUM(S827:X827) -> 304 | BE835: =SUM(Y827:AG827) -> 1370
S836: % Total Run Exceedances | U836: =$U835/$U834 -> 0.12138927 | AA836: % WET Exceedances | AC836: =AC835/AC834 -> 0 | AE836: % DRY Exceedances | AG836: =AG835/AG834 -> 0.24112022 | AI836: % Total Run Exceedances | AK836: =AK835/AK834 -> 0.12138927 | AL836: =AL835/AL834 -> 0.050550206 | AM836: =AM835/AM834 -> 0.13082684 | AN836: =AN835/AN834 -> 0.069692801 | AO836: =AO835/AO834 -> 0.20938407 | AQ836: % WET Exceedances | AS836: =AS835/AS834 -> 0 | AT836: =AT835/AT834 -> 0 | AU836: =AU835/AU834 -> 0 | AV836: =AV835/AV834 -> 0 | AW836: =AW835/AW834 -> 0 | AY836: % DRY Exceedances | BA836: =BA835/BA834 -> 0.24112022 | BB836: =BB835/BB834 -> 0.10040984 | BC836: =BC835/BC834 -> 0.25986642 | BD836: =BD835/BD834 -> 0.13843352 | BE836: =BE835/BE834 -> 0.41590771
A838: TOTAL EXCEEDANCES | B838: =COUNTIF(B$3:B$729,">=19") -> 323 | C838: =COUNTIF(C$3:C$729,">=19") -> 311 | D838: =COUNTIF(D$3:D$729,">=19") -> 315 | E838: =COUNTIF(E$3:E$729,">=19") -> 317 | F838: =COUNTIF(F$3:F$729,">=19") -> 301 | G838: =COUNTIF(G$3:G$729,">=19") -> 304 | H838: =COUNTIF(H$3:H$729,">=19") -> 295 | I838: =COUNTIF(I$3:I$729,">=19") -> 295 | ... AG838: =COUNTIF(AG$3:AG$729,">=19") -> 337
A839: WET 1 | B839: =COUNTIF(B$3:B$180,">=19") -> 6 | C839: =COUNTIF(C$3:C$180,">=19") -> 9 | D839: =COUNTIF(D$3:D$180,">=19") -> 8 | E839: =COUNTIF(E$3:E$180,">=19") -> 7 | F839: =COUNTIF(F$3:F$180,">=19") -> 5 | G839: =COUNTIF(G$3:G$180,">=19") -> 6 | H839: =COUNTIF(H$3:H$180,">=19") -> 5 | I839: =COUNTIF(I$3:I$180,">=19") -> 5 | ... AG839: =COUNTIF(AG$3:AG$180,">=19") -> 10 | AH839: OCT 2018 - MARCH 2019
A840: WET 2 | B840: =COUNTIF(B$364:B$546,">=19") -> 10 | C840: =COUNTIF(C$364:C$546,">=19") -> 13 | D840: =COUNTIF(D$364:D$546,">=19") -> 10 | E840: =COUNTIF(E$364:E$546,">=19") -> 10 | F840: =COUNTIF(F$364:F$546,">=19") -> 11 | G840: =COUNTIF(G$364:G$546,">=19") -> 10 | H840: =COUNTIF(H$364:H$546,">=19") -> 13 | I840: =COUNTIF(I$364:I$546,">=19") -> 5 | ... AG840: =COUNTIF(AG$364:AG$546,">=19") -> 17 | AH840: OCT 2019 - MARCH 2020
A841: DRY 1 | B841: =COUNTIF(B$181:B$363,">=19") -> 146 | C841: =COUNTIF(C$181:C$363,">=19") -> 130 | D841: =COUNTIF(D$181:D$363,">=19") -> 137 | E841: =COUNTIF(E$181:E$363,">=19") -> 140 | F841: =COUNTIF(F$181:F$363,">=19") -> 130 | G841: =COUNTIF(G$181:G$363,">=19") -> 132 | H841: =COUNTIF(H$181:H$363,">=19") -> 127 | I841: =COUNTIF(I$181:I$363,">=19") -> 135 | ... AG841: =COUNTIF(AG$181:AG$363,">=19") -> 141 | AH841: APRIL 2019 - SEPTEMBER 2019
A842: DRY 2 | B842: =COUNTIF(B$547:B$729,">=19") -> 161 | C842: =COUNTIF(C$547:C$729,">=19") -> 159 | D842: =COUNTIF(D$547:D$729,">=19") -> 160 | E842: =COUNTIF(E$547:E$729,">=19") -> 160 | F842: =COUNTIF(F$547:F$729,">=19") -> 155 | G842: =COUNTIF(G$547:G$729,">=19") -> 156 | H842: =COUNTIF(H$547:H$729,">=19") -> 150 | I842: =COUNTIF(I$547:I$729,">=19") -> 150 | ... AG842: =COUNTIF(AG$547:AG$729,">=19") -> 169 | AH842: APRIL 2020 - SEPTEMBER 2020
A843: ALL WET | B843: =SUM(B839,B840) -> 16 | C843: =SUM(C839,C840) -> 22 | D843: =SUM(D839,D840) -> 18 | E843: =SUM(E839,E840) -> 17 | F843: =SUM(F839,F840) -> 16 | G843: =SUM(G839,G840) -> 16 | H843: =SUM(H839,H840) -> 18 | I843: =SUM(I839,I840) -> 10 | ... AG843: =SUM(AG839,AG840) -> 27
A844: ALL DRY | B844: =SUM(B841,B842) -> 307 | C844: =SUM(C841,C842) -> 289 | D844: =SUM(D841,D842) -> 297 | E844: =SUM(E841,E842) -> 300 | F844: =SUM(F841,F842) -> 285 | G844: =SUM(G841,G842) -> 288 | H844: =SUM(H841,H842) -> 277 | I844: =SUM(I841,I842) -> 285 | ... AG844: =SUM(AG841,AG842) -> 310
D847: BOATING & DAY USE 19C | F847: THRESHOLD: 19C WATER TEMP | S847: BOATING & DAY USE 19C | AA847: BOATING & DAY USE 19C | AE847: BOATING & DAY USE 19C | AI847: BOATING & DAY USE 19C | AQ847: BOATING & DAY USE 19C | AY847: BOATING & DAY USE 19C
F848: WET SEASON | S848: TOTAL RUN | AA848: WET SEASONS | AE848: DRY SEASONS | AI848: TOTAL RUN | AK848: Delta-Wide | AL848: Suisun | AM848: Central Delta | AN848: North Delta | AO848: South Delta | AQ848: WET SEASONS | AS848: Delta-Wide | AT848: Suisun | AU848: Central Delta | AV848: North Delta | AW848: South Delta | AY848: DRY SEASONS | BA848: Delta-Wide | BB848: Suisun | BC848: Central Delta | BD848: North Delta | BE848: South Delta
F849: OCTOBER 1 - MARCH 31 | M849: DRY SEASON | S849: Total points | U849: =COUNTIF($B$2:$AG$2,"<>") -> 32 | AA849: Total points | AC849: =U849 -> 32 | AE849: Total points | AG849: =U849 -> 32 | AI849: Total points | AK849: =COUNTIF($B$2:$AG$2,"<>") -> 32 | AL849: =COUNTIF($B$2:$I$2,"<>") -> 8 | AM849: =COUNTIF($J$2:$R$2,"<>") -> 9 | AN849: =COUNTIF($S$2:$X$2,"<>") -> 6 | AO849: =COUNTIF($Y$2:$AG$2,"<>") -> 9 | AQ849: Total points | AS849: =COUNTIF($B$2:$AG$2,"<>") -> 32 | AT849: =COUNTIF($B$2:$I$2,"<>") -> 8 | AU849: =COUNTIF($J$2:$R$2,"<>") -> 9 | AV849: =COUNTIF($S$2:$X$2,"<>") -> 6 | AW849: =COUNTIF($Y$2:$AG$2,"<>") -> 9 | AY849: Total points | BA849: =COUNTIF($B$2:$AG$2,"<>") -> 32 | BB849: =COUNTIF($B$2:$I$2,"<>") -> 8 | BC849: =COUNTIF($J$2:$R$2,"<>") -> 9 | BD849: =COUNTIF($S$2:$X$2,"<>") -> 6 | BE849: =COUNTIF($Y$2:$AG$2,"<>") -> 9
F850: WET SEASON 1 | H850: 10/5/18 - 3/31/19 | J850: =COUNTIF($A$3:$A$180,"<>") -> 178 | M850: APRIL 1 - SEPTEMBER 30 | S850: Days in run | U850: =COUNTIF($A$3:$A$729,"<>") -> 727 | AA850: Days in run | AC850: =SUM($J$850:$J$851) -> 361 | AE850: Days in run | AG850: =SUM($Q$851:$Q$852) -> 366 | AI850: Days in run | AK850: =COUNTIF($A$3:$A$729,"<>") -> 727 | AL850: =COUNTIF($A$3:$A$729,"<>") -> 727 | AM850: =COUNTIF($A$3:$A$729,"<>") -> 727 | AN850: =COUNTIF($A$3:$A$729,"<>") -> 727 | AO850: =COUNTIF($A$3:$A$729,"<>") -> 727 | AQ850: Days in run | AS850: =SUM($J$850:$J$851) -> 361 | AT850: =SUM($J$850:$J$851) -> 361 | AU850: =SUM($J$850:$J$851) -> 361 | AV850: =SUM($J$850:$J$851) -> 361 | AW850: =SUM($J$850:$J$851) -> 361 | AY850: Days in run | BA850: =SUM($Q$851:$Q$852) -> 366 | BB850: =SUM($Q$851:$Q$852) -> 366 | BC850: =SUM($Q$851:$Q$852) -> 366 | BD850: =SUM($Q$851:$Q$852) -> 366 | BE850: =SUM($Q$851:$Q$852) -> 366
F851: WET SEASON 2 | H851: 10/1/19 - 3/31/20 | J851: =COUNTIF($A$364:$A$546,"<>") -> 183 | M851: DRY SEASON 1 | O851: 4/1/19 - 9/30/19 | Q851: =COUNTIF($A$181:$A$363,"<>") -> 183 | S851: Total measurements | U851: =U850*U849 -> 23264 | V851: DENOMINATOR FOR EXCEEDANCE % | AA851: Total measurements | AC851: =AC850*AC849 -> 11552 | AE851: Total measurements | AG851: =AG849*AG850 -> 11712 | AI851: Total measurements | AK851: =AK850*AK849 -> 23264 | AL851: =AL850*AL849 -> 5816 | AM851: =AM850*AM849 -> 6543 | AN851: =AN850*AN849 -> 4362 | AO851: =AO850*AO849 -> 6543 | AQ851: Total measurements | AS851: =AS850*AS849 -> 11552 | AT851: =AT850*AT849 -> 2888 | AU851: =AU850*AU849 -> 3249 | AV851: =AV850*AV849 -> 2166 | AW851: =AW850*AW849 -> 3249 | AY851: Total measurements | BA851: =BA850*BA849 -> 11712 | BB851: =BB850*BB849 -> 2928 | BC851: =BC850*BC849 -> 3294 | BD851: =BD850*BD849 -> 2196 | BE851: =BE850*BE849 -> 3294
F852: WET SEASON 3 (not in totals) | H852: 10/1/20 - 11/26/20 | J852: =COUNTIF($A$730:$A$786,"<>") -> 57 | M852: DRY SEASON 2 | O852: 4/1/20 - 9/30/20 | Q852: =COUNTIF($A$547:$A$729,"<>") -> 183 | S852: Measurements >= 19C | U852: =SUM(B838:AG838) -> 9674 | V852: NUMERATOR FOR EXCEEDANCE % | AA852: Measurements >= 19C | AC852: =SUM(B843:AG843) -> 355 | AE852: Measurements >= 19C | AG852: =SUM(B844:AG844) -> 9319 | AI852: Measurements >= 19C | AK852: =SUM(B838:AG838) -> 9674 | AL852: =SUM(B838:I838) -> 2461 | AM852: =SUM(J838:R838) -> 2763 | AN852: =SUM(S838:X838) -> 1707 | AO852: =SUM(Y838:AG838) -> 2743 | AQ852: Measurements >= 19C | AS852: =SUM(B843:AG843) -> 355 | AT852: =SUM(B843:I843) -> 133 | AU852: =SUM(J843:R843) -> 90 | AV852: =SUM(S843:X843) -> 6 | AW852: =SUM(Y843:AG843) -> 126 | AY852: Measurements >= 19C | BA852: =SUM(B844:AG844) -> 9319 | BB852: =SUM(B844:I844) -> 2328 | BC852: =SUM(J844:R844) -> 2673 | BD852: =SUM(S844:X844) -> 1701 | BE852: =SUM(Y844:AG844) -> 2617
S853: % Total Run Exceedances | U853: =$U852/$U851 -> 0.41583563 | AA853: % WET Exceedances | AC853: =AC852/AC851 -> 0.030730609 | AE853: % DRY Exceedances | AG853: =AG852/AG851 -> 0.79567964 | AI853: % Total Run Exceedances | AK853: =AK852/AK851 -> 0.41583563 | AL853: =AL852/AL851 -> 0.42314305 | AM853: =AM852/AM851 -> 0.42228336 | AN853: =AN852/AN851 -> 0.39133425 | AO853: =AO852/AO851 -> 0.41922665 | AQ853: % WET Exceedances | AS853: =AS852/AS851 -> 0.030730609 | AT853: =AT852/AT851 -> 0.046052632 | AU853: =AU852/AU851 -> 0.027700831 | AV853: =AV852/AV851 -> 0.0027700831 | AW853: =AW852/AW851 -> 0.038781163 | AY853: % DRY Exceedances | BA853: =BA852/BA851 -> 0.79567964 | BB853: =BB852/BB851 -> 0.79508197 | BC853: =BC852/BC851 -> 0.81147541 | BD853: =BD852/BD851 -> 0.77459016 | BE853: =BE852/BE851 -> 0.7944748
A856: TOTAL EXCEEDANCES | B856: =COUNTIF(B$3:B$729,"<=18") -> 356 | C856: =COUNTIF(C$3:C$729,"<=18") -> 386 | D856: =COUNTIF(D$3:D$729,"<=18") -> 369 | E856: =COUNTIF(E$3:E$729,"<=18") -> 367 | F856: =COUNTIF(F$3:F$729,"<=18") -> 387 | G856: =COUNTIF(G$3:G$729,"<=18") -> 388 | H856: =COUNTIF(H$3:H$729,"<=18") -> 390 | I856: =COUNTIF(I$3:I$729,"<=18") -> 394 | ... AG856: =COUNTIF(AG$3:AG$729,"<=18") -> 355
A857: WET 1 | B857: =COUNTIF(B$3:B$180,"<=18") -> 157 | C857: =COUNTIF(C$3:C$180,"<=18") -> 162 | D857: =COUNTIF(D$3:D$180,"<=18") -> 157 | E857: =COUNTIF(E$3:E$180,"<=18") -> 158 | F857: =COUNTIF(F$3:F$180,"<=18") -> 162 | G857: =COUNTIF(G$3:G$180,"<=18") -> 162 | H857: =COUNTIF(H$3:H$180,"<=18") -> 165 | I857: =COUNTIF(I$3:I$180,"<=18") -> 172 | ... AG857: =COUNTIF(AG$3:AG$180,"<=18") -> 154 | AH857: OCT 2018 - MARCH 2019
A858: WET 2 | B858: =COUNTIF(B$364:B$546,"<=18") -> 163 | C858: =COUNTIF(C$364:C$546,"<=18") -> 163 | D858: =COUNTIF(D$364:D$546,"<=18") -> 162 | E858: =COUNTIF(E$364:E$546,"<=18") -> 163 | F858: =COUNTIF(F$364:F$546,"<=18") -> 168 | G858: =COUNTIF(G$364:G$546,"<=18") -> 168 | H858: =COUNTIF(H$364:H$546,"<=18") -> 167 | I858: =COUNTIF(I$364:I$546,"<=18") -> 168 | ... AG858: =COUNTIF(AG$364:AG$546,"<=18") -> 157 | AH858: OCT 2019 - MARCH 2020
A859: DRY 1 | B859: =COUNTIF(B$181:B$363,"<=18") -> 17 | C859: =COUNTIF(C$181:C$363,"<=18") -> 39 | D859: =COUNTIF(D$181:D$363,"<=18") -> 28 | E859: =COUNTIF(E$181:E$363,"<=18") -> 25 | F859: =COUNTIF(F$181:F$363,"<=18") -> 34 | G859: =COUNTIF(G$181:G$363,"<=18") -> 34 | H859: =COUNTIF(H$181:H$363,"<=18") -> 34 | I859: =COUNTIF(I$181:I$363,"<=18") -> 33 | ... AG859: =COUNTIF(AG$181:AG$363,"<=18") -> 33 | AH859: APRIL 2019 - SEPTEMBER 2019
A860: DRY 2 | B860: =COUNTIF(B$547:B$729,"<=18") -> 19 | C860: =COUNTIF(C$547:C$729,"<=18") -> 22 | D860: =COUNTIF(D$547:D$729,"<=18") -> 22 | E860: =COUNTIF(E$547:E$729,"<=18") -> 21 | F860: =COUNTIF(F$547:F$729,"<=18") -> 23 | G860: =COUNTIF(G$547:G$729,"<=18") -> 24 | H860: =COUNTIF(H$547:H$729,"<=18") -> 24 | I860: =COUNTIF(I$547:I$729,"<=18") -> 21 | ... AG860: =COUNTIF(AG$547:AG$729,"<=18") -> 11 | AH860: APRIL 2020 - SEPTEMBER 2020
A861: ALL WET | B861: =SUM(B857,B858) -> 320 | C861: =SUM(C857,C858) -> 325 | D861: =SUM(D857,D858) -> 319 | E861: =SUM(E857,E858) -> 321 | F861: =SUM(F857,F858) -> 330 | G861: =SUM(G857,G858) -> 330 | H861: =SUM(H857,H858) -> 332 | I861: =SUM(I857,I858) -> 340 | ... AG861: =SUM(AG857,AG858) -> 311
A862: ALL DRY | B862: =SUM(B859,B860) -> 36 | C862: =SUM(C859,C860) -> 61 | D862: =SUM(D859,D860) -> 50 | E862: =SUM(E859,E860) -> 46 | F862: =SUM(F859,F860) -> 57 | G862: =SUM(G859,G860) -> 58 | H862: =SUM(H859,H860) -> 58 | I862: =SUM(I859,I860) -> 54 | ... AG862: =SUM(AG859,AG860) -> 44
D865: DAY USE <18C | F865: THRESHOLD: <18C WATER TEMP | S865: DAY USE <18C | AA865: DAY USE <18C | AE865: DAY USE <18C | AI865: DAY USE <18C | AQ865: DAY USE <18C | AY865: DAY USE <18C
F866: WET SEASON | S866: TOTAL RUN | AA866: WET SEASONS | AE866: DRY SEASONS | AI866: TOTAL RUN | AK866: Delta-Wide | AL866: Suisun | AM866: Central Delta | AN866: North Delta | AO866: South Delta | AQ866: WET SEASONS | AS866: Delta-Wide | AT866: Suisun | AU866: Central Delta | AV866: North Delta | AW866: South Delta | AY866: DRY SEASONS | BA866: Delta-Wide | BB866: Suisun | BC866: Central Delta | BD866: North Delta | BE866: South Delta
F867: OCTOBER 1 - MARCH 31 | M867: DRY SEASON | S867: Total points | U867: =COUNTIF($B$2:$AG$2,"<>") -> 32 | AA867: Total points | AC867: =U867 -> 32 | AE867: Total points | AG867: =U867 -> 32 | AI867: Total points | AK867: =COUNTIF($B$2:$AG$2,"<>") -> 32 | AL867: =COUNTIF($B$2:$I$2,"<>") -> 8 | AM867: =COUNTIF($J$2:$R$2,"<>") -> 9 | AN867: =COUNTIF($S$2:$X$2,"<>") -> 6 | AO867: =COUNTIF($Y$2:$AG$2,"<>") -> 9 | AQ867: Total points | AS867: =COUNTIF($B$2:$AG$2,"<>") -> 32 | AT867: =COUNTIF($B$2:$I$2,"<>") -> 8 | AU867: =COUNTIF($J$2:$R$2,"<>") -> 9 | AV867: =COUNTIF($S$2:$X$2,"<>") -> 6 | AW867: =COUNTIF($Y$2:$AG$2,"<>") -> 9 | AY867: Total points | BA867: =COUNTIF($B$2:$AG$2,"<>") -> 32 | BB867: =COUNTIF($B$2:$I$2,"<>") -> 8 | BC867: =COUNTIF($J$2:$R$2,"<>") -> 9 | BD867: =COUNTIF($S$2:$X$2,"<>") -> 6 | BE867: =COUNTIF($Y$2:$AG$2,"<>") -> 9
F868: WET SEASON 1 | H868: 10/5/18 - 3/31/19 | J868: =COUNTIF($A$3:$A$180,"<>") -> 178 | M868: APRIL 1 - SEPTEMBER 30 | S868: Days in run | U868: =COUNTIF($A$3:$A$729,"<>") -> 727 | AA868: Days in run | AC868: =SUM($J$868:$J$869) -> 361 | AE868: Days in run | AG868: =SUM($Q$869:$Q$870) -> 366 | AI868: Days in run | AK868: =COUNTIF($A$3:$A$729,"<>") -> 727 | AL868: =COUNTIF($A$3:$A$729,"<>") -> 727 | AM868: =COUNTIF($A$3:$A$729,"<>") -> 727 | AN868: =COUNTIF($A$3:$A$729,"<>") -> 727 | AO868: =COUNTIF($A$3:$A$729,"<>") -> 727 | AQ868: Days in run | AS868: =SUM($J$868:$J$869) -> 361 | AT868: =SUM($J$868:$J$869) -> 361 | AU868: =SUM($J$868:$J$869) -> 361 | AV868: =SUM($J$868:$J$869) -> 361 | AW868: =SUM($J$868:$J$869) -> 361 | AY868: Days in run | BA868: =SUM($Q$869:$Q$870) -> 366 | BB868: =SUM($Q$869:$Q$870) -> 366 | BC868: =SUM($Q$869:$Q$870) -> 366 | BD868: =SUM($Q$869:$Q$870) -> 366 | BE868: =SUM($Q$869:$Q$870) -> 366
F869: WET SEASON 2 | H869: 10/1/19 - 3/31/20 | J869: =COUNTIF($A$364:$A$546,"<>") -> 183 | M869: DRY SEASON 1 | O869: 4/1/19 - 9/30/19 | Q869: =COUNTIF($A$181:$A$363,"<>") -> 183 | S869: Total measurements | U869: =U868*U867 -> 23264 | V869: DENOMINATOR FOR EXCEEDANCE % | AA869: Total measurements | AC869: =AC868*AC867 -> 11552 | AE869: Total measurements | AG869: =AG867*AG868 -> 11712 | AI869: Total measurements | AK869: =AK868*AK867 -> 23264 | AL869: =AL868*AL867 -> 5816 | AM869: =AM868*AM867 -> 6543 | AN869: =AN868*AN867 -> 4362 | AO869: =AO868*AO867 -> 6543 | AQ869: Total measurements | AS869: =AS868*AS867 -> 11552 | AT869: =AT868*AT867 -> 2888 | AU869: =AU868*AU867 -> 3249 | AV869: =AV868*AV867 -> 2166 | AW869: =AW868*AW867 -> 3249 | AY869: Total measurements | BA869: =BA868*BA867 -> 11712 | BB869: =BB868*BB867 -> 2928 | BC869: =BC868*BC867 -> 3294 | BD869: =BD868*BD867 -> 2196 | BE869: =BE868*BE867 -> 3294
F870: WET SEASON 3 (not in totals) | H870: 10/1/20 - 11/26/20 | J870: =COUNTIF($A$730:$A$786,"<>") -> 57 | M870: DRY SEASON 2 | O870: 4/1/20 - 9/30/20 | Q870: =COUNTIF($A$547:$A$729,"<>") -> 183 | S870: Measurements <18C | U870: =SUM(B856:AG856) -> 12590 | V870: NUMERATOR FOR EXCEEDANCE % | AA870: Measurements <18C | AC870: =SUM(B861:AG861) -> 10793 | AE870: Measurements <18C | AG870: =SUM(B862:AG862) -> 1797 | AI870: Measurements <18C | AK870: =SUM(B856:AG856) -> 12590 | AL870: =SUM(B856:I856) -> 3037 | AM870: =SUM(J856:R856) -> 3509 | AN870: =SUM(S856:X856) -> 2469 | AO870: =SUM(Y856:AG856) -> 3575 | AQ870: Measurements <18C | AS870: =SUM(B861:AG861) -> 10793 | AT870: =SUM(B861:I861) -> 2617 | AU870: =SUM(J861:R861) -> 3042 | AV870: =SUM(S861:X861) -> 2137 | AW870: =SUM(Y861:AG861) -> 2997 | AY870: Measurements <18C | BA870: =SUM(B862:AG862) -> 1797 | BB870: =SUM(B862:I862) -> 420 | BC870: =SUM(J862:R862) -> 467 | BD870: =SUM(S862:X862) -> 332 | BE870: =SUM(Y862:AG862) -> 578
S871: % Total Run Exceedances | U871: =$U870/$U869 -> 0.5411795 | AA871: % WET Exceedances | AC871: =AC870/AC869 -> 0.93429709 | AE871: % DRY Exceedances | AG871: =AG870/AG869 -> 0.15343238 | AI871: % Total Run Exceedances | AK871: =AK870/AK869 -> 0.5411795 | AL871: =AL870/AL869 -> 0.52218019 | AM871: =AM870/AM869 -> 0.53629833 | AN871: =AN870/AN869 -> 0.56602476 | AO871: =AO870/AO869 -> 0.54638545 | AQ871: % WET Exceedances | AS871: =AS870/AS869 -> 0.93429709 | AT871: =AT870/AT869 -> 0.90616343 | AU871: =AU870/AU869 -> 0.93628809 | AV871: =AV870/AV869 -> 0.98661127 | AW871: =AW870/AW869 -> 0.92243767 | AY871: % DRY Exceedances | BA871: =BA870/BA869 -> 0.15343238 | BB871: =BB870/BB869 -> 0.14344262 | BC871: =BC870/BC869 -> 0.14177292 | BD871: =BD870/BD869 -> 0.15118397 | BE871: =BE870/BE869 -> 0.17547055

Sheet Bolster & Fortify
B1: Suisun | J1: Central Delta | S1: North Delta | Y1: South Delta
A2: Date | B2: CHADBOURNE SLOUGH AT SUNRISE DUCK CLUB | C2: MONTEZUMA SLOUGH AT NATIONAL STEEL | D2: MONTEZUMA SLOUGH NEAR BELDENS LANDING | E2: SUISUN SLOUGH 300' SOUTH OF VOLANTI SLOUGH | F2: HONKER BAY | G2: SUISUN BAY AT VAN SICKLE ISLAND | H2: SUISUN BAY WEST REACH | I2: GRIZZLY BAY BUOY | J2: DUTCH SL BELOW JERSEY ISLAND | K2: FALSE RIVER NEAR OAKLEY | L2: OLD RIVER AT FRANKS TRACT | M2: PITTSBURG | N2: SACRAMENTO RIVER AT EMMATON | O2: SAN ANDREAS LANDING | P2: SAN JOAQUIN RIVER AT JERSEY POINT | Q2: SUISUN BAY AT CHANNEL MARKER 5 AT COLLINSVILLE | R2: BRANNAN MARINAS AT SAN JOAQUIN RIVER | S2: LIBERTY CUT AT FIVE POINTS | T2: CACHE SLOUGH ABOVE RYER ISLAND FERRY | U2: DELTA CROSS CHANNEL NEAR WALNUT GROVE | V2: SACRAMENTO RIVER DOWNSTREAM OF ISLETON | W2: COURTLAND AT SACRAMENTO RIVER | X2: VIERAS RESORT AT SACRAMENTO RIVER | Y2: GRANT LINE CANAL NEAR CLIFTON COURT FORE | Z2: LITTLE POTATO SLOUGH AT TERMINOUS | AA2: MIDDLE RIVER AT MILDRED ISLAND | AB2: OLD RIVER AT CLIFTON COURT | AC2: SAN JOAQUIN RIVER AT BRANDT BRIDGE | AD2: SAN JOAQUIN RIVER AT PRISONERS POINT | AE2: SAN JOAQUIN RIVER NEAR VERNALIS | AF2: SAN JOAQUIN RVER AT ROUGH AND READY ISLAND | AG2: VICTORIA CANAL BEFORE CLIFTON COURT FORE
A3: 43378 | B3: 19.881677 | C3: 19.954249 | D3: 20.022137 | E3: 19.875781 | F3: 19.276937 | G3: 19.367602 | H3: 19.207814 | I3: 19.1854 | J3: 20.199141 | K3: 20.063547 | L3: 19.811314 | M3: 19.392862 | N3: 19.474622 | O3: 19.510915 | P3: 19.975834 | Q3: 19.422887 | R3: 19.792742 | S3: 19.391347 | T3: 19.126039 | U3: 18.043128 | V3: 18.692572 | W3: 17.894525 | X3: 18.47322 | Y3: 21.240605 | Z3: 19.879068 | AA3: 20.472396 | AB3: 20.765446 | AC3: 21.616805 | AD3: 19.79124 | AE3: 20.827559 | AF3: 21.918788 | AG3: 20.878489
A4: 43379 | B4: 20.084553 | C4: 20.081328 | D4: 20.097516 | E4: 19.94478 | F4: 19.354167 | G4: 19.397832 | H4: 19.23036 | I4: 19.22601 | J4: 20.057026 | K4: 19.98167 | L4: 19.674439 | M4: 19.421068 | N4: 19.42715 | O4: 19.41156 | P4: 19.915054 | Q4: 19.437303 | R4: 19.698389 | S4: 19.403271 | T4: 19.055259 | U4: 17.908516 | V4: 18.691824 | W4: 17.707416 | X4: 18.494005 | Y4: 20.905659 | Z4: 19.700832 | AA4: 20.267073 | AB4: 20.503389 | AC4: 21.274915 | AD4: 19.669407 | AE4: 20.37743 | AF4: 21.628962 | AG4: 20.633455
A5: 43380 | B5: 19.935963 | C5: 20.085044 | D5: 20.071368 | E5: 19.908369 | F5: 19.245314 | G5: 19.358405 | H5: 19.194368 | I5: 19.033947 | J5: 19.348104 | K5: 19.662129 | L5: 19.336622 | M5: 19.384996 | N5: 19.185648 | O5: 19.120668 | P5: 19.642365 | Q5: 19.376847 | R5: 19.413018 | S5: 19.061917 | T5: 18.828009 | U5: 17.496202 | V5: 18.452598 | W5: 17.345313 | X5: 18.244854 | Y5: 19.997531 | Z5: 19.149856 | AA5: 19.720652 | AB5: 19.716668 | AC5: 19.997482 | AD5: 19.375071 | AE5: 19.278456 | AF5: 20.82584 | AG5: 19.775361
A6: 43381 | B6: 20.097143 | C6: 20.14298 | D6: 20.081782 | E6: 19.915088 | F6: 19.28019 | G6: 19.3424 | H6: 19.170536 | I6: 19.102547 | J6: 18.976455 | K6: 19.429399 | L6: 19.13968 | M6: 19.360201 | N6: 19.074303 | O6: 18.941496 | P6: 19.431056 | Q6: 19.347018 | R6: 19.231682 | S6: 18.672679 | T6: 18.56282 | U6: 17.248405 | V6: 18.202006 | W6: 17.110495 | X6: 17.959626 | Y6: 19.493442 | Z6: 18.789818 | AA6: 19.441079 | AB6: 19.348773 | AC6: 19.105206 | AD6: 19.130622 | AE6: 18.671517 | AF6: 20.138256 | AG6: 19.363712
A7: 43382 | B7: 20.166654 | C7: 20.27099 | D7: 20.144093 | E7: 19.98976 | F7: 19.298235 | G7: 19.36297 | H7: 19.182736 | I7: 19.239324 | J7: 19.268133 | K7: 19.436217 | L7: 19.146918 | M7: 19.377949 | N7: 19.121182 | O7: 18.956562 | P7: 19.435605 | Q7: 19.373661 | R7: 19.251132 | S7: 18.644084 | T7: 18.433546 | U7: 17.230785 | V7: 18.131019 | W7: 17.104487 | X7: 17.883556 | Y7: 19.616386 | Z7: 18.75479 | AA7: 19.476118 | AB7: 19.505337 | AC7: 19.043816 | AD7: 19.094355 | AE7: 18.906943 | AF7: 19.931662 | AG7: 19.594085
A8: 43383 | B8: 19.483621 | C8: 19.84374 | D8: 19.758006 | E8: 19.561664 | F8: 18.920283 | G8: 19.15453 | H8: 18.96183 | I8: 18.586524 | J8: 19.117317 | K8: 19.314372 | L8: 19.034616 | M8: 19.173768 | N8: 18.97612 | O8: 18.840293 | P8: 19.304681 | Q8: 19.175753 | R8: 19.147091 | S8: 18.245161 | T8: 18.18017 | U8: 17.255232 | V8: 17.925421 | W8: 17.201996 | X8: 17.691875 | Y8: 19.694126 | Z8: 18.553632 | AA8: 19.469737 | AB8: 19.587256 | AC8: 19.223705 | AD8: 18.985382 | AE8: 19.229105 | AF8: 19.832784 | AG8: 19.699772
A9: 43384 | B9: 18.894413 | C9: 19.30315 | D9: 19.248599 | E9: 19.012069 | F9: 18.548942 | G9: 18.88027 | H9: 18.683326 | I9: 17.910516 | J9: 18.700524 | K9: 19.087785 | L9: 18.817889 | M9: 18.901191 | N9: 18.718214 | O9: 18.566887 | P9: 19.073907 | Q9: 18.899682 | R9: 18.899859 | S9: 17.696662 | T9: 17.824469 | U9: 17.291637 | V9: 17.623584 | W9: 17.259692 | X9: 17.429097 | Y9: 19.6831 | Z9: 18.304749 | AA9: 19.401475 | AB9: 19.587457 | AC9: 19.282318 | AD9: 18.773741 | AE9: 19.255034 | AF9: 19.727428 | AG9: 19.680798
A10: 43385 | B10: 18.917662 | C10: 19.168875 | D10: 19.054624 | E10: 18.833742 | F10: 18.523668 | G10: 18.760506 | H10: 18.572095 | I10: 17.88027 | J10: 18.588224 | K10: 18.957072 | L10: 18.676177 | M10: 18.776905 | N10: 18.576338 | O10: 18.413276 | P10: 18.943786 | Q10: 18.770051 | R10: 18.725891 | S10: 17.696727 | T10: 17.698656 | U10: 17.370676 | V10: 17.60814 | W10: 17.326128 | X10: 17.500192 | Y10: 19.62529 | Z10: 18.251109 | AA10: 19.280944 | AB10: 19.509708 | AC10: 19.334356 | AD10: 18.618356 | AE10: 19.132824 | AF10: 19.635877 | AG10: 19.610732
A11: 43386 | B11: 18.877216 | C11: 19.198275 | D11: 18.994049 | E11: 18.801252 | F11: 18.479689 | G11: 18.669246 | H11: 18.495333 | I11: 17.909856 | J11: 18.661456 | K11: 18.886734 | L11: 18.596246 | M11: 18.684259 | N11: 18.475007 | O11: 18.426013 | P11: 18.860663 | Q11: 18.683824 | R11: 18.672905 | S11: 17.92633 | T11: 17.747834 | U11: 17.460615 | V11: 17.694074 | W11: 17.329298 | X11: 17.625693 | Y11: 19.52712 | Z11: 18.283795 | AA11: 19.157406 | AB11: 19.3568 | AC11: 19.335502 | AD11: 18.544323 | AE11: 18.980072 | AF11: 19.582839 | AG11: 19.532826
A12: 43387 | B12: 18.58154 | C12: 18.967454 | D12: 18.792735 | E12: 18.609798 | F12: 18.292395 | G12: 18.496926 | H12: 18.343687 | I12: 17.652699 | J12: 18.290192 | K12: 18.667815 | L12: 18.39012 | M12: 18.512814 | N12: 18.247777 | O12: 18.278265 | P12: 18.654707 | Q12: 18.504529 | R12: 18.503962 | S12: 17.667279 | T12: 17.614389 | U12: 17.228006 | V12: 17.534261 | W12: 16.980849 | X12: 17.471921 | Y12: 19.286866 | Z12: 18.159202 | AA12: 18.977139 | AB12: 19.098857 | AC12: 19.10222 | AD12: 18.373323 | AE12: 18.413826 | AF12: 19.439672 | AG12: 19.317565
A13: 43388 | B13: 18.672935 | C13: 18.893038 | D13: 18.745725 | E13: 18.591369 | F13: 18.286622 | G13: 18.400118 | H13: 18.274362 | I13: 17.718281 | J13: 17.480301 | K13: 18.298631 | L13: 18.063061 | M13: 18.414796 | N13: 17.976991 | O13: 17.96038 | P13: 18.331326 | Q13: 18.379528 | R13: 18.172318 | S13: 16.895119 | T13: 17.258285 | U13: 16.609082 | V13: 17.18101 | W13: 16.284793 | X13: 17.108894 | Y13: 18.829854 | Z13: 17.743993 | AA13: 18.645118 | AB13: 18.666949 | AC13: 18.495398 | AD13: 18.053139 | AE13: 17.309574 | AF13: 19.027012 | AG13: 18.843732
A14: 43389 | B14: 18.594733 | C14: 18.854128 | D14: 18.713691 | E14: 18.578597 | F14: 18.249475 | G14: 18.282637 | H14: 18.189716 | I14: 17.625916 | J14: 17.328038 | K14: 18.129749 | L14: 17.962601 | M14: 18.299888 | N14: 17.860146 | O14: 17.862838 | P14: 18.146661 | Q14: 18.267489 | R14: 18.038945 | S14: 16.68453 | T14: 17.099096 | U14: 16.114025 | V14: 17.00311 | W14: 15.749154 | X14: 16.881654 | Y14: 18.540019 | Z14: 17.643913 | AA14: 18.404776 | AB14: 18.402073 | AC14: 17.899675 | AD14: 17.89961 | AE14: 16.819056 | AF14: 18.685127 | AG14: 18.576672
... A786: 44161 | B786: 11.105213 | C786: 12.058644 | D786: 11.78719 | E786: 11.654645 | F786: 11.753511 | G786: 12.151026 | H786: 12.129501 | I786: 10.736259 | J786: 11.385237 | K786: 12.163546 | L786: 12.185139 | M786: 12.159897 | N786: 11.620794 | O786: 12.057908 | P786: 12.148502 | Q786: 12.068162 | R786: 12.248899 | S786: 10.347796 | T786: 11.25186 | U786: 10.939331 | V786: 11.318819 | W786: 10.776628 | X786: 11.316719 | Y786: 11.185822 | Z786: 11.186448 | AA786: 11.998872 | AB786: 11.670095 | AC786: 10.85321 | AD786: 12.218822 | AE786: 11.208901 | AF786: 11.595947 | AG786: 11.496196
A787: TOTAL EXCEEDANCES | B787: =COUNTIF(B$3:B$729,">=18.42") -> 352 | C787: =COUNTIF(C$3:C$729,">=18.42") -> 332 | D787: =COUNTIF(D$3:D$729,">=18.42") -> 343 | E787: =COUNTIF(E$3:E$729,">=18.42") -> 344 | F787: =COUNTIF(F$3:F$729,">=18.42") -> 324 | G787: =COUNTIF(G$3:G$729,">=18.42") -> 325 | H787: =COUNTIF(H$3:H$729,">=18.42") -> 323 | I787: =COUNTIF(I$3:I$729,">=18.42") -> 321 | ... AG787: =COUNTIF(AG$3:AG$729,">=18.42") -> 355
A788: WET 1 | B788: =COUNTIF(B$3:B$180,">=18.42") -> 15 | C788: =COUNTIF(C$3:C$180,">=18.42") -> 14 | D788: =COUNTIF(D$3:D$180,">=18.42") -> 16 | E788: =COUNTIF(E$3:E$180,">=18.42") -> 16 | F788: =COUNTIF(F$3:F$180,">=18.42") -> 9 | G788: =COUNTIF(G$3:G$180,">=18.42") -> 10 | H788: =COUNTIF(H$3:H$180,">=18.42") -> 9 | I788: =COUNTIF(I$3:I$180,">=18.42") -> 6 | ... AG788: =COUNTIF(AG$3:AG$180,">=18.42") -> 17 | AH788: OCT 2018 - MARCH 2019
A789: WET 2 | B789: =COUNTIF(B$364:B$546,">=18.42") -> 19 | C789: =COUNTIF(C$364:C$546,">=18.42") -> 17 | D789: =COUNTIF(D$364:D$546,">=18.42") -> 19 | E789: =COUNTIF(E$364:E$546,">=18.42") -> 17 | F789: =COUNTIF(F$364:F$546,">=18.42") -> 14 | G789: =COUNTIF(G$364:G$546,">=18.42") -> 14 | H789: =COUNTIF(H$364:H$546,">=18.42") -> 15 | I789: =COUNTIF(I$364:I$546,">=18.42") -> 12 | ... AG789: =COUNTIF(AG$364:AG$546,">=18.42") -> 21 | AH789: OCT 2019 - MARCH 2020
A790: DRY 1 | B790: =COUNTIF(B$181:B$363,">=18.42") -> 156 | C790: =COUNTIF(C$181:C$363,">=18.42") -> 141 | D790: =COUNTIF(D$181:D$363,">=18.42") -> 147 | E790: =COUNTIF(E$181:E$363,">=18.42") -> 150 | F790: =COUNTIF(F$181:F$363,">=18.42") -> 142 | G790: =COUNTIF(G$181:G$363,">=18.42") -> 143 | H790: =COUNTIF(H$181:H$363,">=18.42") -> 142 | I790: =COUNTIF(I$181:I$363,">=18.42") -> 143 | ... AG790: =COUNTIF(AG$181:AG$363,">=18.42") -> 147 | AH790: APRIL 2019 - SEPTEMBER 2019
A791: DRY 2 | B791: =COUNTIF(B$547:B$729,">=18.42") -> 162 | C791: =COUNTIF(C$547:C$729,">=18.42") -> 160 | D791: =COUNTIF(D$547:D$729,">=18.42") -> 161 | E791: =COUNTIF(E$547:E$729,">=18.42") -> 161 | F791: =COUNTIF(F$547:F$729,">=18.42") -> 159 | G791: =COUNTIF(G$547:G$729,">=18.42") -> 158 | H791: =COUNTIF(H$547:H$729,">=18.42") -> 157 | I791: =COUNTIF(I$547:I$729,">=18.42") -> 160 | ... AG791: =COUNTIF(AG$547:AG$729,">=18.42") -> 170 | AH791: APRIL 2020 - SEPTEMBER 2020
A792: ALL WET | B792: =SUM(B788,B789) -> 34 | C792: =SUM(C788,C789) -> 31 | D792: =SUM(D788,D789) -> 35 | E792: =SUM(E788,E789) -> 33 | F792: =SUM(F788,F789) -> 23 | G792: =SUM(G788,G789) -> 24 | H792: =SUM(H788,H789) -> 24 | I792: =SUM(I788,I789) -> 18 | ... AG792: =SUM(AG788,AG789) -> 38
A793: ALL DRY | B793: =SUM(B790,B791) -> 318 | C793: =SUM(C790,C791) -> 301 | D793: =SUM(D790,D791) -> 308 | E793: =SUM(E790,E791) -> 311 | F793: =SUM(F790,F791) -> 301 | G793: =SUM(G790,G791) -> 301 | H793: =SUM(H790,H791) -> 299 | I793: =SUM(I790,I791) -> 303 | ... AG793: =SUM(AG790,AG791) -> 317
D796: Angling 18.42C | F796: THRESHOLD: 18.42C WATER TEMP | S796: ANGLING 18.42C | AA796: ANGLING 18.42C | AE796: ANGLING 18.42C | AI796: ANGLING 18.42C | AQ796: ANGLING 18.42C | AY796: ANGLING 18.42C
F797: WET SEASON | S797: TOTAL RUN | AA797: WET SEASONS | AE797: DRY SEASONS | AI797: TOTAL RUN | AK797: Delta-Wide | AL797: Suisun | AM797: Central Delta | AN797: North Delta | AO797: South Delta | AQ797: WET SEASONS | AS797: Delta-Wide | AT797: Suisun | AU797: Central Delta | AV797: North Delta | AW797: South Delta | AY797: DRY SEASONS | BA797: Delta-Wide | BB797: Suisun | BC797: Central Delta | BD797: North Delta | BE797: South Delta
F798: OCTOBER 1 - MARCH 31 | M798: DRY SEASON | S798: Total points | U798: =COUNTIF($B$2:$AG$2,"<>") -> 32 | AA798: Total points | AC798: =U798 -> 32 | AE798: Total points | AG798: =U798 -> 32 | AI798: Total points | AK798: =COUNTIF($B$2:$AG$2,"<>") -> 32 | AL798: =COUNTIF($B$2:$I$2,"<>") -> 8 | AM798: =COUNTIF($J$2:$R$2,"<>") -> 9 | AN798: =COUNTIF($S$2:$X$2,"<>") -> 6 | AO798: =COUNTIF($Y$2:$AG$2,"<>") -> 9 | AQ798: Total points | AS798: =COUNTIF($B$2:$AG$2,"<>") -> 32 | AT798: =COUNTIF($B$2:$I$2,"<>") -> 8 | AU798: =COUNTIF($J$2:$R$2,"<>") -> 9 | AV798: =COUNTIF($S$2:$X$2,"<>") -> 6 | AW798: =COUNTIF($Y$2:$AG$2,"<>") -> 9 | AY798: Total points | BA798: =COUNTIF($B$2:$AG$2,"<>") -> 32 | BB798: =COUNTIF($B$2:$I$2,"<>") -> 8 | BC798: =COUNTIF($J$2:$R$2,"<>") -> 9 | BD798: =COUNTIF($S$2:$X$2,"<>") -> 6 | BE798: =COUNTIF($Y$2:$AG$2,"<>") -> 9
F799: WET SEASON 1 | H799: 10/5/18 - 3/31/19 | J799: =COUNTIF($A$3:$A$180,"<>") -> 178 | M799: APRIL 1 - SEPTEMBER 30 | S799: Days in run | U799: =COUNTIF($A$3:$A$729,"<>") -> 727 | AA799: Days in run | AC799: =SUM($J$799:$J$800) -> 361 | AE799: Days in run | AG799: =SUM($Q$800:$Q$801) -> 366 | AI799: Days in run | AK799: =COUNTIF($A$3:$A$729,"<>") -> 727 | AL799: =COUNTIF($A$3:$A$729,"<>") -> 727 | AM799: =COUNTIF($A$3:$A$729,"<>") -> 727 | AN799: =COUNTIF($A$3:$A$729,"<>") -> 727 | AO799: =COUNTIF($A$3:$A$729,"<>") -> 727 | AQ799: Days in run | AS799: =SUM($J$799:$J$800) -> 361 | AT799: =SUM($J$799:$J$800) -> 361 | AU799: =SUM($J$799:$J$800) -> 361 | AV799: =SUM($J$799:$J$800) -> 361 | AW799: =SUM($J$799:$J$800) -> 361 | AY799: Days in run | BA799: =SUM($Q$800:$Q$801) -> 366 | BB799: =SUM($Q$800:$Q$801) -> 366 | BC799: =SUM($Q$800:$Q$801) -> 366 | BD799: =SUM($Q$800:$Q$801) -> 366 | BE799: =SUM($Q$800:$Q$801) -> 366
F800: WET SEASON 2 | H800: 10/1/19 - 3/31/20 | J800: =COUNTIF($A$364:$A$546,"<>") -> 183 | M800: DRY SEASON 1 | O800: 4/1/19 - 9/30/19 | Q800: =COUNTIF($A$181:$A$363,"<>") -> 183 | S800: Total measurements | U800: =U799*U798 -> 23264 | V800: DENOMINATOR FOR EXCEEDANCE % | AA800: Total measurements | AC800: =AC799*AC798 -> 11552 | AE800: Total measurements | AG800: =AG798*AG799 -> 11712 | AI800: Total measurements | AK800: =AK799*AK798 -> 23264 | AL800: =AL799*AL798 -> 5816 | AM800: =AM799*AM798 -> 6543 | AN800: =AN799*AN798 -> 4362 | AO800: =AO799*AO798 -> 6543 | AQ800: Total measurements | AS800: =AS799*AS798 -> 11552 | AT800: =AT799*AT798 -> 2888 | AU800: =AU799*AU798 -> 3249 | AV800: =AV799*AV798 -> 2166 | AW800: =AW799*AW798 -> 3249 | AY800: Total measurements | BA800: =BA799*BA798 -> 11712 | BB800: =BB799*BB798 -> 2928 | BC800: =BC799*BC798 -> 3294 | BD800: =BD799*BD798 -> 2196 | BE800: =BE799*BE798 -> 3294
F801: WET SEASON 3 (not in totals) | H801: 10/1/20 - 11/26/20 | J801: =COUNTIF($A$730:$A$786,"<>") -> 57 | M801: DRY SEASON 2 | O801: 4/1/20 - 9/30/20 | Q801: =COUNTIF($A$547:$A$729,"<>") -> 183 | S801: Measurements >= 18.42C | U801: =SUM(B787:AG787) -> 10283 | V801: NUMERATOR FOR EXCEEDANCE % | AA801: Measurements >= 18.42C | AC801: =SUM(B792:AG792) -> 575 | AE801: Measurements >= 18.42C | AG801: =SUM(B793:AG793) -> 9708 | AI801: Measurements >= 18.42C | AK801: =SUM(B787:AG787) -> 10283 | AL801: =SUM(B787:I787) -> 2664 | AM801: =SUM(J787:R787) -> 2933 | AN801: =SUM(S787:X787) -> 1822 | AO801: =SUM(Y787:AG787) -> 2864 | AQ801: Measurements >= 18.42C | AS801: =SUM(B792:AG792) -> 575 | AT801: =SUM(B792:I792) -> 222 | AU801: =SUM(J792:R792) -> 152 | AV801: =SUM(S792:X792) -> 18 | AW801: =SUM(Y792:AG792) -> 183 | AY801: Measurements >= 18.42C | BA801: =SUM(B793:AG793) -> 9708 | BB801: =SUM(B793:I793) -> 2442 | BC801: =SUM(J793:R793) -> 2781 | BD801: =SUM(S793:X793) -> 1804 | BE801: =SUM(Y793:AG793) -> 2681
S802: % Total Run Exceedances | U802: =$U801/$U800 -> 0.44201341 | AA802: % WET Exceedances | AC802: =AC801/AC800 -> 0.049774931 | AE802: % DRY Exceedances | AG802: =AG801/AG800 -> 0.82889344 | AI802: % Total Run Exceedances | AK802: =AK801/AK800 -> 0.44201341 | AL802: =AL801/AL800 -> 0.45804677 | AM802: =AM801/AM800 -> 0.44826532 | AN802: =AN801/AN800 -> 0.4176983 | AO802: =AO801/AO800 -> 0.4377197 | AQ802: % WET Exceedances | AS802: =AS801/AS800 -> 0.049774931 | AT802: =AT801/AT800 -> 0.076869806 | AU802: =AU801/AU800 -> 0.046783626 | AV802: =AV801/AV800 -> 0.0083102493 | AW802: =AW801/AW800 -> 0.056325023 | AY802: % DRY Exceedances | BA802: =BA801/BA800 -> 0.82889344 | BB802: =BB801/BB800 -> 0.83401639 | BC802: =BC801/BC800 -> 0.8442623 | BD802: =BD801/BD800 -> 0.82149362 | BE802: =BE801/BE800 -> 0.81390407
A804: TOTAL EXCEEDANCES | B804: =COUNTIF(B$3:B$729,">=20") -> 292 | C804: =COUNTIF(C$3:C$729,">=20") -> 277 | D804: =COUNTIF(D$3:D$729,">=20") -> 285 | E804: =COUNTIF(E$3:E$729,">=20") -> 278 | F804: =COUNTIF(F$3:F$729,">=20") -> 249 | G804: =COUNTIF(G$3:G$729,">=20") -> 253 | H804: =COUNTIF(H$3:H$729,">=20") -> 247 | I804: =COUNTIF(I$3:I$729,">=20") -> 259 | ... AG804: =COUNTIF(AG$3:AG$729,">=20") -> 294
A805: WET 1 | B805: =COUNTIF(B$3:B$180,">=20") -> 3 | C805: =COUNTIF(C$3:C$180,">=20") -> 4 | D805: =COUNTIF(D$3:D$180,">=20") -> 5 | E805: =COUNTIF(E$3:E$180,">=20") -> 0 | F805: =COUNTIF(F$3:F$180,">=20") -> 0 | G805: =COUNTIF(G$3:G$180,">=20") -> 0 | H805: =COUNTIF(H$3:H$180,">=20") -> 0 | I805: =COUNTIF(I$3:I$180,">=20") -> 0 | ... AG805: =COUNTIF(AG$3:AG$180,">=20") -> 2 | AH805: OCT 2018 - MARCH 2019
A806: WET 2 | B806: =COUNTIF(B$364:B$546,">=20") -> 6 | C806: =COUNTIF(C$364:C$546,">=20") -> 3 | D806: =COUNTIF(D$364:D$546,">=20") -> 6 | E806: =COUNTIF(E$364:E$546,">=20") -> 5 | F806: =COUNTIF(F$364:F$546,">=20") -> 0 | G806: =COUNTIF(G$364:G$546,">=20") -> 0 | H806: =COUNTIF(H$364:H$546,">=20") -> 0 | I806: =COUNTIF(I$364:I$546,">=20") -> 2 | ... AG806: =COUNTIF(AG$364:AG$546,">=20") -> 3 | AH806: OCT 2019 - MARCH 2020
A807: DRY 1 | B807: =COUNTIF(B$181:B$363,">=20") -> 134 | C807: =COUNTIF(C$181:C$363,">=20") -> 118 | D807: =COUNTIF(D$181:D$363,">=20") -> 128 | E807: =COUNTIF(E$181:E$363,">=20") -> 128 | F807: =COUNTIF(F$181:F$363,">=20") -> 117 | G807: =COUNTIF(G$181:G$363,">=20") -> 118 | H807: =COUNTIF(H$181:H$363,">=20") -> 117 | I807: =COUNTIF(I$181:I$363,">=20") -> 122 | ... AG807: =COUNTIF(AG$181:AG$363,">=20") -> 124 | AH807: APRIL 2019 - SEPTEMBER 2019
A808: DRY 2 | B808: =COUNTIF(B$547:B$729,">=20") -> 149 | C808: =COUNTIF(C$547:C$729,">=20") -> 152 | D808: =COUNTIF(D$547:D$729,">=20") -> 146 | E808: =COUNTIF(E$547:E$729,">=20") -> 145 | F808: =COUNTIF(F$547:F$729,">=20") -> 132 | G808: =COUNTIF(G$547:G$729,">=20") -> 135 | H808: =COUNTIF(H$547:H$729,">=20") -> 130 | I808: =COUNTIF(I$547:I$729,">=20") -> 135 | ... AG808: =COUNTIF(AG$547:AG$729,">=20") -> 165 | AH808: APRIL 2020 - SEPTEMBER 2020
A809: ALL WET | B809: =SUM(B805,B806) -> 9 | C809: =SUM(C805,C806) -> 7 | D809: =SUM(D805,D806) -> 11 | E809: =SUM(E805,E806) -> 5 | F809: =SUM(F805,F806) -> 0 | G809: =SUM(G805,G806) -> 0 | H809: =SUM(H805,H806) -> 0 | I809: =SUM(I805,I806) -> 2 | ... AG809: =SUM(AG805,AG806) -> 5
A810: ALL DRY | B810: =SUM(B807,B808) -> 283 | C810: =SUM(C807,C808) -> 270 | D810: =SUM(D807,D808) -> 274 | E810: =SUM(E807,E808) -> 273 | F810: =SUM(F807,F808) -> 249 | G810: =SUM(G807,G808) -> 253 | H810: =SUM(H807,H808) -> 247 | I810: =SUM(I807,I808) -> 257 | ... AG810: =SUM(AG807,AG808) -> 289
D813: Birding 20C | F813: THRESHOLD: 20C WATER TEMP | S813: BIRDING 20C | AA813: BIRDING 20C | AE813: BIRDING 20C | AI813: BIRDING 20C | AQ813: BIRDING 20C | AY813: BIRDING 20C
F814: WET SEASON | S814: TOTAL RUN | AA814: WET SEASONS | AE814: DRY SEASONS | AI814: TOTAL RUN | AK814: Delta-Wide | AL814: Suisun | AM814: Central Delta | AN814: North Delta | AO814: South Delta | AQ814: WET SEASONS | AS814: Delta-Wide | AT814: Suisun | AU814: Central Delta | AV814: North Delta | AW814: South Delta | AY814: DRY SEASONS | BA814: Delta-Wide | BB814: Suisun | BC814: Central Delta | BD814: North Delta | BE814: South Delta
F815: OCTOBER 1 - MARCH 31 | M815: DRY SEASON | S815: Total points | U815: =COUNTIF($B$2:$AG$2,"<>") -> 32 | AA815: Total points | AC815: =U815 -> 32 | AE815: Total points | AG815: =U815 -> 32 | AI815: Total points | AK815: =COUNTIF($B$2:$AG$2,"<>") -> 32 | AL815: =COUNTIF($B$2:$I$2,"<>") -> 8 | AM815: =COUNTIF($J$2:$R$2,"<>") -> 9 | AN815: =COUNTIF($S$2:$X$2,"<>") -> 6 | AO815: =COUNTIF($Y$2:$AG$2,"<>") -> 9 | AQ815: Total points | AS815: =COUNTIF($B$2:$AG$2,"<>") -> 32 | AT815: =COUNTIF($B$2:$I$2,"<>") -> 8 | AU815: =COUNTIF($J$2:$R$2,"<>") -> 9 | AV815: =COUNTIF($S$2:$X$2,"<>") -> 6 | AW815: =COUNTIF($Y$2:$AG$2,"<>") -> 9 | AY815: Total points | BA815: =COUNTIF($B$2:$AG$2,"<>") -> 32 | BB815: =COUNTIF($B$2:$I$2,"<>") -> 8 | BC815: =COUNTIF($J$2:$R$2,"<>") -> 9 | BD815: =COUNTIF($S$2:$X$2,"<>") -> 6 | BE815: =COUNTIF($Y$2:$AG$2,"<>") -> 9
F816: WET SEASON 1 | H816: 10/5/18 - 3/31/19 | J816: =COUNTIF($A$3:$A$180,"<>") -> 178 | M816: APRIL 1 - SEPTEMBER 30 | S816: Days in run | U816: =COUNTIF($A$3:$A$729,"<>") -> 727 | AA816: Days in run | AC816: =SUM($J$816:$J$817) -> 361 | AE816: Days in run | AG816: =SUM($Q$817:$Q$818) -> 366 | AI816: Days in run | AK816: =COUNTIF($A$3:$A$729,"<>") -> 727 | AL816: =COUNTIF($A$3:$A$729,"<>") -> 727 | AM816: =COUNTIF($A$3:$A$729,"<>") -> 727 | AN816: =COUNTIF($A$3:$A$729,"<>") -> 727 | AO816: =COUNTIF($A$3:$A$729,"<>") -> 727 | AQ816: Days in run | AS816: =SUM($J$816:$J$817) -> 361 | AT816: =SUM($J$816:$J$817) -> 361 | AU816: =SUM($J$816:$J$817) -> 361 | AV816: =SUM($J$816:$J$817) -> 361 | AW816: =SUM($J$816:$J$817) -> 361 | AY816: Days in run | BA816: =SUM($Q$817:$Q$818) -> 366 | BB816: =SUM($Q$817:$Q$818) -> 366 | BC816: =SUM($Q$817:$Q$818) -> 366 | BD816: =SUM($Q$817:$Q$818) -> 366 | BE816: =SUM($Q$817:$Q$818) -> 366
F817: WET SEASON 2 | H817: 10/1/19 - 3/31/20 | J817: =COUNTIF($A$364:$A$546,"<>") -> 183 | M817: DRY SEASON 1 | O817: 4/1/19 - 9/30/19 | Q817: =COUNTIF($A$181:$A$363,"<>") -> 183 | S817: Total measurements | U817: =U816*U815 -> 23264 | V817: DENOMINATOR FOR EXCEEDANCE % | AA817: Total measurements | AC817: =AC816*AC815 -> 11552 | AE817: Total measurements | AG817: =AG815*AG816 -> 11712 | AI817: Total measurements | AK817: =AK816*AK815 -> 23264 | AL817: =AL816*AL815 -> 5816 | AM817: =AM816*AM815 -> 6543 | AN817: =AN816*AN815 -> 4362 | AO817: =AO816*AO815 -> 6543 | AQ817: Total measurements | AS817: =AS816*AS815 -> 11552 | AT817: =AT816*AT815 -> 2888 | AU817: =AU816*AU815 -> 3249 | AV817: =AV816*AV815 -> 2166 | AW817: =AW816*AW815 -> 3249 | AY817: Total measurements | BA817: =BA816*BA815 -> 11712 | BB817: =BB816*BB815 -> 2928 | BC817: =BC816*BC815 -> 3294 | BD817: =BD816*BD815 -> 2196 | BE817: =BE816*BE815 -> 3294
F818: WET SEASON 3 (not in totals) | H818: 10/1/20 - 11/26/20 | J818: =COUNTIF($A$730:$A$786,"<>") -> 57 | M818: DRY SEASON 2 | O818: 4/1/20 - 9/30/20 | Q818: =COUNTIF($A$547:$A$729,"<>") -> 183 | S818: Measurements >= 20C | U818: =SUM(B804:AG804) -> 8554 | V818: NUMERATOR FOR EXCEEDANCE % | AA818: Measurements >= 20C | AC818: =SUM(B809:AG809) -> 62 | AE818: Measurements >= 20C | AG818: =SUM(B810:AG810) -> 8492 | AI818: Measurements >= 20C | AK818: =SUM(B804:AG804) -> 8554 | AL818: =SUM(B804:I804) -> 2140 | AM818: =SUM(J804:R804) -> 2471 | AN818: =SUM(S804:X804) -> 1492 | AO818: =SUM(Y804:AG804) -> 2451 | AQ818: Measurements >= 20C | AS818: =SUM(B809:AG809) -> 62 | AT818: =SUM(B809:I809) -> 34 | AU818: =SUM(J809:R809) -> 4 | AV818: =SUM(S809:X809) -> 0 | AW818: =SUM(Y809:AG809) -> 24 | AY818: Measurements >= 20C | BA818: =SUM(B810:AG810) -> 8492 | BB818: =SUM(B810:I810) -> 2106 | BC818: =SUM(J810:R810) -> 2467 | BD818: =SUM(S810:X810) -> 1492 | BE818: =SUM(Y810:AG810) -> 2427
S819: % Total Run Exceedances | U819: =$U818/$U817 -> 0.36769257 | AA819: % WET Exceedances | AC819: =AC818/AC817 -> 0.005367036 | AE819: % DRY Exceedances | AG819: =AG818/AG817 -> 0.72506831 | AI819: % Total Run Exceedances | AK819: =AK818/AK817 -> 0.36769257 | AL819: =AL818/AL817 -> 0.36795048 | AM819: =AM818/AM817 -> 0.37765551 | AN819: =AN818/AN817 -> 0.34204493 | AO819: =AO818/AO817 -> 0.37459881 | AQ819: % WET Exceedances | AS819: =AS818/AS817 -> 0.005367036 | AT819: =AT818/AT817 -> 0.011772853 | AU819: =AU818/AU817 -> 0.001231148 | AV819: =AV818/AV817 -> 0 | AW819: =AW818/AW817 -> 0.0073868883 | AY819: % DRY Exceedances | BA819: =BA818/BA817 -> 0.72506831 | BB819: =BB818/BB817 -> 0.7192623 | BC819: =BC818/BC817 -> 0.74893746 | BD819: =BD818/BD817 -> 0.67941712 | BE819: =BE818/BE817 -> 0.73679417
A821: TOTAL EXCEEDANCES | B821: =COUNTIF(B$3:B$729,">=23") -> 82 | C821: =COUNTIF(C$3:C$729,">=23") -> 40 | D821: =COUNTIF(D$3:D$729,">=23") -> 45 | E821: =COUNTIF(E$3:E$729,">=23") -> 44 | F821: =COUNTIF(F$3:F$729,">=23") -> 17 | G821: =COUNTIF(G$3:G$729,">=23") -> 15 | H821: =COUNTIF(H$3:H$729,">=23") -> 12 | I821: =COUNTIF(I$3:I$729,">=23") -> 39 | ... AG821: =COUNTIF(AG$3:AG$729,">=23") -> 208
A822: WET 1 | B822: =COUNTIF(B$3:B$180,">=23") -> 0 | C822: =COUNTIF(C$3:C$180,">=23") -> 0 | D822: =COUNTIF(D$3:D$180,">=23") -> 0 | E822: =COUNTIF(E$3:E$180,">=23") -> 0 | F822: =COUNTIF(F$3:F$180,">=23") -> 0 | G822: =COUNTIF(G$3:G$180,">=23") -> 0 | H822: =COUNTIF(H$3:H$180,">=23") -> 0 | I822: =COUNTIF(I$3:I$180,">=23") -> 0 | ... AG822: =COUNTIF(AG$3:AG$180,">=23") -> 0 | AH822: OCT 2018 - MARCH 2019
A823: WET 2 | B823: =COUNTIF(B$364:B$546,">=23") -> 0 | C823: =COUNTIF(C$364:C$546,">=23") -> 0 | D823: =COUNTIF(D$364:D$546,">=23") -> 0 | E823: =COUNTIF(E$364:E$546,">=23") -> 0 | F823: =COUNTIF(F$364:F$546,">=23") -> 0 | G823: =COUNTIF(G$364:G$546,">=23") -> 0 | H823: =COUNTIF(H$364:H$546,">=23") -> 0 | I823: =COUNTIF(I$364:I$546,">=23") -> 0 | ... AG823: =COUNTIF(AG$364:AG$546,">=23") -> 0 | AH823: OCT 2019 - MARCH 2020
A824: DRY 1 | B824: =COUNTIF(B$181:B$363,">=23") -> 39 | C824: =COUNTIF(C$181:C$363,">=23") -> 19 | D824: =COUNTIF(D$181:D$363,">=23") -> 21 | E824: =COUNTIF(E$181:E$363,">=23") -> 21 | F824: =COUNTIF(F$181:F$363,">=23") -> 8 | G824: =COUNTIF(G$181:G$363,">=23") -> 6 | H824: =COUNTIF(H$181:H$363,">=23") -> 7 | I824: =COUNTIF(I$181:I$363,">=23") -> 19 | ... AG824: =COUNTIF(AG$181:AG$363,">=23") -> 105 | AH824: APRIL 2019 - SEPTEMBER 2019
A825: DRY 2 | B825: =COUNTIF(B$547:B$729,">=23") -> 43 | C825: =COUNTIF(C$547:C$729,">=23") -> 21 | D825: =COUNTIF(D$547:D$729,">=23") -> 24 | E825: =COUNTIF(E$547:E$729,">=23") -> 23 | F825: =COUNTIF(F$547:F$729,">=23") -> 9 | G825: =COUNTIF(G$547:G$729,">=23") -> 9 | H825: =COUNTIF(H$547:H$729,">=23") -> 5 | I825: =COUNTIF(I$547:I$729,">=23") -> 20 | ... AG825: =COUNTIF(AG$547:AG$729,">=23") -> 103 | AH825: APRIL 2020 - SEPTEMBER 2020
A826: ALL WET | B826: =SUM(B822,B823) -> 0 | C826: =SUM(C822,C823) -> 0 | D826: =SUM(D822,D823) -> 0 | E826: =SUM(E822,E823) -> 0 | F826: =SUM(F822,F823) -> 0 | G826: =SUM(G822,G823) -> 0 | H826: =SUM(H822,H823) -> 0 | I826: =SUM(I822,I823) -> 0 | ... AG826: =SUM(AG822,AG823) -> 0
A827: ALL DRY | B827: =SUM(B824,B825) -> 82 | C827: =SUM(C824,C825) -> 40 | D827: =SUM(D824,D825) -> 45 | E827: =SUM(E824,E825) -> 44 | F827: =SUM(F824,F825) -> 17 | G827: =SUM(G824,G825) -> 15 | H827: =SUM(H824,H825) -> 12 | I827: =SUM(I824,I825) -> 39 | ... AG827: =SUM(AG824,AG825) -> 208
D830: Waterfowl 23C | F830: THRESHOLD: 23C WATER TEMP | S830: WATERFOWL 23C | AA830: WATERFOWL 23C | AE830: WATERFOWL 23C | AI830: WATERFOWL 23C | AQ830: WATERFOWL 23C | AY830: WATERFOWL 23C
F831: WET SEASON | S831: TOTAL RUN | AA831: WET SEASONS | AE831: DRY SEASONS | AI831: TOTAL RUN | AK831: Delta-Wide | AL831: Suisun | AM831: Central Delta | AN831: North Delta | AO831: South Delta | AQ831: WET SEASONS | AS831: Delta-Wide | AT831: Suisun | AU831: Central Delta | AV831: North Delta | AW831: South Delta | AY831: DRY SEASONS | BA831: Delta-Wide | BB831: Suisun | BC831: Central Delta | BD831: North Delta | BE831: South Delta
F832: OCTOBER 1 - MARCH 31 | M832: DRY SEASON | S832: Total points | U832: =COUNTIF($B$2:$AG$2,"<>") -> 32 | AA832: Total points | AC832: =U832 -> 32 | AE832: Total points | AG832: =U832 -> 32 | AI832: Total points | AK832: =COUNTIF($B$2:$AG$2,"<>") -> 32 | AL832: =COUNTIF($B$2:$I$2,"<>") -> 8 | AM832: =COUNTIF($J$2:$R$2,"<>") -> 9 | AN832: =COUNTIF($S$2:$X$2,"<>") -> 6 | AO832: =COUNTIF($Y$2:$AG$2,"<>") -> 9 | AQ832: Total points | AS832: =COUNTIF($B$2:$AG$2,"<>") -> 32 | AT832: =COUNTIF($B$2:$I$2,"<>") -> 8 | AU832: =COUNTIF($J$2:$R$2,"<>") -> 9 | AV832: =COUNTIF($S$2:$X$2,"<>") -> 6 | AW832: =COUNTIF($Y$2:$AG$2,"<>") -> 9 | AY832: Total points | BA832: =COUNTIF($B$2:$AG$2,"<>") -> 32 | BB832: =COUNTIF($B$2:$I$2,"<>") -> 8 | BC832: =COUNTIF($J$2:$R$2,"<>") -> 9 | BD832: =COUNTIF($S$2:$X$2,"<>") -> 6 | BE832: =COUNTIF($Y$2:$AG$2,"<>") -> 9
F833: WET SEASON 1 | H833: 10/5/18 - 3/31/19 | J833: =COUNTIF($A$3:$A$180,"<>") -> 178 | M833: APRIL 1 - SEPTEMBER 30 | S833: Days in run | U833: =COUNTIF($A$3:$A$729,"<>") -> 727 | AA833: Days in run | AC833: =SUM($J$833:$J$834) -> 361 | AE833: Days in run | AG833: =SUM($Q$834:$Q$835) -> 366 | AI833: Days in run | AK833: =COUNTIF($A$3:$A$729,"<>") -> 727 | AL833: =COUNTIF($A$3:$A$729,"<>") -> 727 | AM833: =COUNTIF($A$3:$A$729,"<>") -> 727 | AN833: =COUNTIF($A$3:$A$729,"<>") -> 727 | AO833: =COUNTIF($A$3:$A$729,"<>") -> 727 | AQ833: Days in run | AS833: =SUM($J$833:$J$834) -> 361 | AT833: =SUM($J$833:$J$834) -> 361 | AU833: =SUM($J$833:$J$834) -> 361 | AV833: =SUM($J$833:$J$834) -> 361 | AW833: =SUM($J$833:$J$834) -> 361 | AY833: Days in run | BA833: =SUM($Q$834:$Q$835) -> 366 | BB833: =SUM($Q$834:$Q$835) -> 366 | BC833: =SUM($Q$834:$Q$835) -> 366 | BD833: =SUM($Q$834:$Q$835) -> 366 | BE833: =SUM($Q$834:$Q$835) -> 366
F834: WET SEASON 2 | H834: 10/1/19 - 3/31/20 | J834: =COUNTIF($A$364:$A$546,"<>") -> 183 | M834: DRY SEASON 1 | O834: 4/1/19 - 9/30/19 | Q834: =COUNTIF($A$181:$A$363,"<>") -> 183 | S834: Total measurements | U834: =U833*U832 -> 23264 | V834: DENOMINATOR FOR EXCEEDANCE % | AA834: Total measurements | AC834: =AC833*AC832 -> 11552 | AE834: Total measurements | AG834: =AG832*AG833 -> 11712 | AI834: Total measurements | AK834: =AK833*AK832 -> 23264 | AL834: =AL833*AL832 -> 5816 | AM834: =AM833*AM832 -> 6543 | AN834: =AN833*AN832 -> 4362 | AO834: =AO833*AO832 -> 6543 | AQ834: Total measurements | AS834: =AS833*AS832 -> 11552 | AT834: =AT833*AT832 -> 2888 | AU834: =AU833*AU832 -> 3249 | AV834: =AV833*AV832 -> 2166 | AW834: =AW833*AW832 -> 3249 | AY834: Total measurements | BA834: =BA833*BA832 -> 11712 | BB834: =BB833*BB832 -> 2928 | BC834: =BC833*BC832 -> 3294 | BD834: =BD833*BD832 -> 2196 | BE834: =BE833*BE832 -> 3294
F835: WET SEASON 3 (not in totals) | H835: 10/1/20 - 11/26/20 | J835: =COUNTIF($A$730:$A$786,"<>") -> 57 | M835: DRY SEASON 2 | O835: 4/1/20 - 9/30/20 | Q835: =COUNTIF($A$547:$A$729,"<>") -> 183 | S835: Measurements >= 23C | U835: =SUM(B821:AG821) -> 2831 | V835: NUMERATOR FOR EXCEEDANCE % | AA835: Measurements >= 23C | AC835: =SUM(B826:AG826) -> 0 | AE835: Measurements >= 23C | AG835: =SUM(B827:AG827) -> 2831 | AI835: Measurements >= 23C | AK835: =SUM(B821:AG821) -> 2831 | AL835: =SUM(B821:I821) -> 294 | AM835: =SUM(J821:R821) -> 864 | AN835: =SUM(S821:X821) -> 304 | AO835: =SUM(Y821:AG821) -> 1369 | AQ835: Measurements >= 23C | AS835: =SUM(B826:AG826) -> 0 | AT835: =SUM(B826:I826) -> 0 | AU835: =SUM(J826:R826) -> 0 | AV835: =SUM(S826:X826) -> 0 | AW835: =SUM(Y826:AG826) -> 0 | AY835: Measurements >= 23C | BA835: =SUM(B827:AG827) -> 2831 | BB835: =SUM(B827:I827) -> 294 | BC835: =SUM(J827:R827) -> 864 | BD835: =SUM(S827:X827) -> 304 | BE835: =SUM(Y827:AG827) -> 1369
S836: % Total Run Exceedances | U836: =$U835/$U834 -> 0.12169017 | AA836: % WET Exceedances | AC836: =AC835/AC834 -> 0 | AE836: % DRY Exceedances | AG836: =AG835/AG834 -> 0.2417179 | AI836: % Total Run Exceedances | AK836: =AK835/AK834 -> 0.12169017 | AL836: =AL835/AL834 -> 0.050550206 | AM836: =AM835/AM834 -> 0.13204952 | AN836: =AN835/AN834 -> 0.069692801 | AO836: =AO835/AO834 -> 0.20923124 | AQ836: % WET Exceedances | AS836: =AS835/AS834 -> 0 | AT836: =AT835/AT834 -> 0 | AU836: =AU835/AU834 -> 0 | AV836: =AV835/AV834 -> 0 | AW836: =AW835/AW834 -> 0 | AY836: % DRY Exceedances | BA836: =BA835/BA834 -> 0.2417179 | BB836: =BB835/BB834 -> 0.10040984 | BC836: =BC835/BC834 -> 0.26229508 | BD836: =BD835/BD834 -> 0.13843352 | BE836: =BE835/BE834 -> 0.41560413
A838: TOTAL EXCEEDANCES | B838: =COUNTIF(B$3:B$729,">=19") -> 323 | C838: =COUNTIF(C$3:C$729,">=19") -> 311 | D838: =COUNTIF(D$3:D$729,">=19") -> 315 | E838: =COUNTIF(E$3:E$729,">=19") -> 317 | F838: =COUNTIF(F$3:F$729,">=19") -> 301 | G838: =COUNTIF(G$3:G$729,">=19") -> 304 | H838: =COUNTIF(H$3:H$729,">=19") -> 295 | I838: =COUNTIF(I$3:I$729,">=19") -> 295 | ... AG838: =COUNTIF(AG$3:AG$729,">=19") -> 337
A839: WET 1 | B839: =COUNTIF(B$3:B$180,">=19") -> 6 | C839: =COUNTIF(C$3:C$180,">=19") -> 9 | D839: =COUNTIF(D$3:D$180,">=19") -> 8 | E839: =COUNTIF(E$3:E$180,">=19") -> 7 | F839: =COUNTIF(F$3:F$180,">=19") -> 5 | G839: =COUNTIF(G$3:G$180,">=19") -> 6 | H839: =COUNTIF(H$3:H$180,">=19") -> 5 | I839: =COUNTIF(I$3:I$180,">=19") -> 5 | ... AG839: =COUNTIF(AG$3:AG$180,">=19") -> 10 | AH839: OCT 2018 - MARCH 2019
A840: WET 2 | B840: =COUNTIF(B$364:B$546,">=19") -> 10 | C840: =COUNTIF(C$364:C$546,">=19") -> 13 | D840: =COUNTIF(D$364:D$546,">=19") -> 10 | E840: =COUNTIF(E$364:E$546,">=19") -> 10 | F840: =COUNTIF(F$364:F$546,">=19") -> 11 | G840: =COUNTIF(G$364:G$546,">=19") -> 10 | H840: =COUNTIF(H$364:H$546,">=19") -> 13 | I840: =COUNTIF(I$364:I$546,">=19") -> 5 | ... AG840: =COUNTIF(AG$364:AG$546,">=19") -> 17 | AH840: OCT 2019 - MARCH 2020
A841: DRY 1 | B841: =COUNTIF(B$181:B$363,">=19") -> 146 | C841: =COUNTIF(C$181:C$363,">=19") -> 130 | D841: =COUNTIF(D$181:D$363,">=19") -> 137 | E841: =COUNTIF(E$181:E$363,">=19") -> 140 | F841: =COUNTIF(F$181:F$363,">=19") -> 130 | G841: =COUNTIF(G$181:G$363,">=19") -> 132 | H841: =COUNTIF(H$181:H$363,">=19") -> 127 | I841: =COUNTIF(I$181:I$363,">=19") -> 135 | ... AG841: =COUNTIF(AG$181:AG$363,">=19") -> 141 | AH841: APRIL 2019 - SEPTEMBER 2019
A842: DRY 2 | B842: =COUNTIF(B$547:B$729,">=19") -> 161 | C842: =COUNTIF(C$547:C$729,">=19") -> 159 | D842: =COUNTIF(D$547:D$729,">=19") -> 160 | E842: =COUNTIF(E$547:E$729,">=19") -> 160 | F842: =COUNTIF(F$547:F$729,">=19") -> 155 | G842: =COUNTIF(G$547:G$729,">=19") -> 156 | H842: =COUNTIF(H$547:H$729,">=19") -> 150 | I842: =COUNTIF(I$547:I$729,">=19") -> 150 | ... AG842: =COUNTIF(AG$547:AG$729,">=19") -> 169 | AH842: APRIL 2020 - SEPTEMBER 2020
A843: ALL WET | B843: =SUM(B839,B840) -> 16 | C843: =SUM(C839,C840) -> 22 | D843: =SUM(D839,D840) -> 18 | E843: =SUM(E839,E840) -> 17 | F843: =SUM(F839,F840) -> 16 | G843: =SUM(G839,G840) -> 16 | H843: =SUM(H839,H840) -> 18 | I843: =SUM(I839,I840) -> 10 | ... AG843: =SUM(AG839,AG840) -> 27
A844: ALL DRY | B844: =SUM(B841,B842) -> 307 | C844: =SUM(C841,C842) -> 289 | D844: =SUM(D841,D842) -> 297 | E844: =SUM(E841,E842) -> 300 | F844: =SUM(F841,F842) -> 285 | G844: =SUM(G841,G842) -> 288 | H844: =SUM(H841,H842) -> 277 | I844: =SUM(I841,I842) -> 285 | ... AG844: =SUM(AG841,AG842) -> 310
D847: BOATING & DAY USE 19C | F847: THRESHOLD: 19C WATER TEMP | S847: BOATING & DAY USE 19C | AA847: BOATING & DAY USE 19C | AE847: BOATING & DAY USE 19C | AI847: BOATING & DAY USE 19C | AQ847: BOATING & DAY USE 19C | AY847: BOATING & DAY USE 19C
F848: WET SEASON | S848: TOTAL RUN | AA848: WET SEASONS | AE848: DRY SEASONS | AI848: TOTAL RUN | AK848: Delta-Wide | AL848: Suisun | AM848: Central Delta | AN848: North Delta | AO848: South Delta | AQ848: WET SEASONS | AS848: Delta-Wide | AT848: Suisun | AU848: Central Delta | AV848: North Delta | AW848: South Delta | AY848: DRY SEASONS | BA848: Delta-Wide | BB848: Suisun | BC848: Central Delta | BD848: North Delta | BE848: South Delta
F849: OCTOBER 1 - MARCH 31 | M849: DRY SEASON | S849: Total points | U849: =COUNTIF($B$2:$AG$2,"<>") -> 32 | AA849: Total points | AC849: =U849 -> 32 | AE849: Total points | AG849: =U849 -> 32 | AI849: Total points | AK849: =COUNTIF($B$2:$AG$2,"<>") -> 32 | AL849: =COUNTIF($B$2:$I$2,"<>") -> 8 | AM849: =COUNTIF($J$2:$R$2,"<>") -> 9 | AN849: =COUNTIF($S$2:$X$2,"<>") -> 6 | AO849: =COUNTIF($Y$2:$AG$2,"<>") -> 9 | AQ849: Total points | AS849: =COUNTIF($B$2:$AG$2,"<>") -> 32 | AT849: =COUNTIF($B$2:$I$2,"<>") -> 8 | AU849: =COUNTIF($J$2:$R$2,"<>") -> 9 | AV849: =COUNTIF($S$2:$X$2,"<>") -> 6 | AW849: =COUNTIF($Y$2:$AG$2,"<>") -> 9 | AY849: Total points | BA849: =COUNTIF($B$2:$AG$2,"<>") -> 32 | BB849: =COUNTIF($B$2:$I$2,"<>") -> 8 | BC849: =COUNTIF($J$2:$R$2,"<>") -> 9 | BD849: =COUNTIF($S$2:$X$2,"<>") -> 6 | BE849: =COUNTIF($Y$2:$AG$2,"<>") -> 9
F850: WET SEASON 1 | H850: 10/5/18 - 3/31/19 | J850: =COUNTIF($A$3:$A$180,"<>") -> 178 | M850: APRIL 1 - SEPTEMBER 30 | S850: Days in run | U850: =COUNTIF($A$3:$A$729,"<>") -> 727 | AA850: Days in run | AC850: =SUM($J$850:$J$851) -> 361 | AE850: Days in run | AG850: =SUM($Q$851:$Q$852) -> 366 | AI850: Days in run | AK850: =COUNTIF($A$3:$A$729,"<>") -> 727 | AL850: =COUNTIF($A$3:$A$729,"<>") -> 727 | AM850: =COUNTIF($A$3:$A$729,"<>") -> 727 | AN850: =COUNTIF($A$3:$A$729,"<>") -> 727 | AO850: =COUNTIF($A$3:$A$729,"<>") -> 727 | AQ850: Days in run | AS850: =SUM($J$850:$J$851) -> 361 | AT850: =SUM($J$850:$J$851) -> 361 | AU850: =SUM($J$850:$J$851) -> 361 | AV850: =SUM($J$850:$J$851) -> 361 | AW850: =SUM($J$850:$J$851) -> 361 | AY850: Days in run | BA850: =SUM($Q$851:$Q$852) -> 366 | BB850: =SUM($Q$851:$Q$852) -> 366 | BC850: =SUM($Q$851:$Q$852) -> 366 | BD850: =SUM($Q$851:$Q$852) -> 366 | BE850: =SUM($Q$851:$Q$852) -> 366
F851: WET SEASON 2 | H851: 10/1/19 - 3/31/20 | J851: =COUNTIF($A$364:$A$546,"<>") -> 183 | M851: DRY SEASON 1 | O851: 4/1/19 - 9/30/19 | Q851: =COUNTIF($A$181:$A$363,"<>") -> 183 | S851: Total measurements | U851: =U850*U849 -> 23264 | V851: DENOMINATOR FOR EXCEEDANCE % | AA851: Total measurements | AC851: =AC850*AC849 -> 11552 | AE851: Total measurements | AG851: =AG849*AG850 -> 11712 | AI851: Total measurements | AK851: =AK850*AK849 -> 23264 | AL851: =AL850*AL849 -> 5816 | AM851: =AM850*AM849 -> 6543 | AN851: =AN850*AN849 -> 4362 | AO851: =AO850*AO849 -> 6543 | AQ851: Total measurements | AS851: =AS850*AS849 -> 11552 | AT851: =AT850*AT849 -> 2888 | AU851: =AU850*AU849 -> 3249 | AV851: =AV850*AV849 -> 2166 | AW851: =AW850*AW849 -> 3249 | AY851: Total measurements | BA851: =BA850*BA849 -> 11712 | BB851: =BB850*BB849 -> 2928 | BC851: =BC850*BC849 -> 3294 | BD851: =BD850*BD849 -> 2196 | BE851: =BE850*BE849 -> 3294
F852: WET SEASON 3 (not in totals) | H852: 10/1/20 - 11/26/20 | J852: =COUNTIF($A$730:$A$786,"<>") -> 57 | M852: DRY SEASON 2 | O852: 4/1/20 - 9/30/20 | Q852: =COUNTIF($A$547:$A$729,"<>") -> 183 | S852: Measurements >= 19C | U852: =SUM(B838:AG838) -> 9679 | V852: NUMERATOR FOR EXCEEDANCE % | AA852: Measurements >= 19C | AC852: =SUM(B843:AG843) -> 357 | AE852: Measurements >= 19C | AG852: =SUM(B844:AG844) -> 9322 | AI852: Measurements >= 19C | AK852: =SUM(B838:AG838) -> 9679 | AL852: =SUM(B838:I838) -> 2461 | AM852: =SUM(J838:R838) -> 2768 | AN852: =SUM(S838:X838) -> 1707 | AO852: =SUM(Y838:AG838) -> 2743 | AQ852: Measurements >= 19C | AS852: =SUM(B843:AG843) -> 357 | AT852: =SUM(B843:I843) -> 133 | AU852: =SUM(J843:R843) -> 93 | AV852: =SUM(S843:X843) -> 6 | AW852: =SUM(Y843:AG843) -> 125 | AY852: Measurements >= 19C | BA852: =SUM(B844:AG844) -> 9322 | BB852: =SUM(B844:I844) -> 2328 | BC852: =SUM(J844:R844) -> 2675 | BD852: =SUM(S844:X844) -> 1701 | BE852: =SUM(Y844:AG844) -> 2618
S853: % Total Run Exceedances | U853: =$U852/$U851 -> 0.41605055 | AA853: % WET Exceedances | AC853: =AC852/AC851 -> 0.03090374 | AE853: % DRY Exceedances | AG853: =AG852/AG851 -> 0.79593579 | AI853: % Total Run Exceedances | AK853: =AK852/AK851 -> 0.41605055 | AL853: =AL852/AL851 -> 0.42314305 | AM853: =AM852/AM851 -> 0.42304753 | AN853: =AN852/AN851 -> 0.39133425 | AO853: =AO852/AO851 -> 0.41922665 | AQ853: % WET Exceedances | AS853: =AS852/AS851 -> 0.03090374 | AT853: =AT852/AT851 -> 0.046052632 | AU853: =AU852/AU851 -> 0.028624192 | AV853: =AV852/AV851 -> 0.0027700831 | AW853: =AW852/AW851 -> 0.038473376 | AY853: % DRY Exceedances | BA853: =BA852/BA851 -> 0.79593579 | BB853: =BB852/BB851 -> 0.79508197 | BC853: =BC852/BC851 -> 0.81208257 | BD853: =BD852/BD851 -> 0.77459016 | BE853: =BE852/BE851 -> 0.79477838
A856: TOTAL EXCEEDANCES | B856: =COUNTIF(B$3:B$729,"<=18") -> 356 | C856: =COUNTIF(C$3:C$729,"<=18") -> 386 | D856: =COUNTIF(D$3:D$729,"<=18") -> 369 | E856: =COUNTIF(E$3:E$729,"<=18") -> 367 | F856: =COUNTIF(F$3:F$729,"<=18") -> 387 | G856: =COUNTIF(G$3:G$729,"<=18") -> 388 | H856: =COUNTIF(H$3:H$729,"<=18") -> 390 | I856: =COUNTIF(I$3:I$729,"<=18") -> 394 | ... AG856: =COUNTIF(AG$3:AG$729,"<=18") -> 356
A857: WET 1 | B857: =COUNTIF(B$3:B$180,"<=18") -> 157 | C857: =COUNTIF(C$3:C$180,"<=18") -> 162 | D857: =COUNTIF(D$3:D$180,"<=18") -> 157 | E857: =COUNTIF(E$3:E$180,"<=18") -> 158 | F857: =COUNTIF(F$3:F$180,"<=18") -> 162 | G857: =COUNTIF(G$3:G$180,"<=18") -> 162 | H857: =COUNTIF(H$3:H$180,"<=18") -> 165 | I857: =COUNTIF(I$3:I$180,"<=18") -> 172 | ... AG857: =COUNTIF(AG$3:AG$180,"<=18") -> 155 | AH857: OCT 2018 - MARCH 2019
A858: WET 2 | B858: =COUNTIF(B$364:B$546,"<=18") -> 163 | C858: =COUNTIF(C$364:C$546,"<=18") -> 163 | D858: =COUNTIF(D$364:D$546,"<=18") -> 162 | E858: =COUNTIF(E$364:E$546,"<=18") -> 163 | F858: =COUNTIF(F$364:F$546,"<=18") -> 168 | G858: =COUNTIF(G$364:G$546,"<=18") -> 168 | H858: =COUNTIF(H$364:H$546,"<=18") -> 167 | I858: =COUNTIF(I$364:I$546,"<=18") -> 168 | ... AG858: =COUNTIF(AG$364:AG$546,"<=18") -> 157 | AH858: OCT 2019 - MARCH 2020
A859: DRY 1 | B859: =COUNTIF(B$181:B$363,"<=18") -> 17 | C859: =COUNTIF(C$181:C$363,"<=18") -> 39 | D859: =COUNTIF(D$181:D$363,"<=18") -> 28 | E859: =COUNTIF(E$181:E$363,"<=18") -> 25 | F859: =COUNTIF(F$181:F$363,"<=18") -> 34 | G859: =COUNTIF(G$181:G$363,"<=18") -> 34 | H859: =COUNTIF(H$181:H$363,"<=18") -> 34 | I859: =COUNTIF(I$181:I$363,"<=18") -> 33 | ... AG859: =COUNTIF(AG$181:AG$363,"<=18") -> 33 | AH859: APRIL 2019 - SEPTEMBER 2019
A860: DRY 2 | B860: =COUNTIF(B$547:B$729,"<=18") -> 19 | C860: =COUNTIF(C$547:C$729,"<=18") -> 22 | D860: =COUNTIF(D$547:D$729,"<=18") -> 22 | E860: =COUNTIF(E$547:E$729,"<=18") -> 21 | F860: =COUNTIF(F$547:F$729,"<=18") -> 23 | G860: =COUNTIF(G$547:G$729,"<=18") -> 24 | H860: =COUNTIF(H$547:H$729,"<=18") -> 24 | I860: =COUNTIF(I$547:I$729,"<=18") -> 21 | ... AG860: =COUNTIF(AG$547:AG$729,"<=18") -> 11 | AH860: APRIL 2020 - SEPTEMBER 2020
A861: ALL WET | B861: =SUM(B857,B858) -> 320 | C861: =SUM(C857,C858) -> 325 | D861: =SUM(D857,D858) -> 319 | E861: =SUM(E857,E858) -> 321 | F861: =SUM(F857,F858) -> 330 | G861: =SUM(G857,G858) -> 330 | H861: =SUM(H857,H858) -> 332 | I861: =SUM(I857,I858) -> 340 | ... AG861: =SUM(AG857,AG858) -> 312
A862: ALL DRY | B862: =SUM(B859,B860) -> 36 | C862: =SUM(C859,C860) -> 61 | D862: =SUM(D859,D860) -> 50 | E862: =SUM(E859,E860) -> 46 | F862: =SUM(F859,F860) -> 57 | G862: =SUM(G859,G860) -> 58 | H862: =SUM(H859,H860) -> 58 | I862: =SUM(I859,I860) -> 54 | ... AG862: =SUM(AG859,AG860) -> 44
D865: DAY USE <18C | F865: THRESHOLD: <18C WATER TEMP | S865: DAY USE <18C | AA865: DAY USE <18C | AE865: DAY USE <18C | AI865: DAY USE <18C | AQ865: DAY USE <18C | AY865: DAY USE <18C
F866: WET SEASON | S866: TOTAL RUN | AA866: WET SEASONS | AE866: DRY SEASONS | AI866: TOTAL RUN | AK866: Delta-Wide | AL866: Suisun | AM866: Central Delta | AN866: North Delta | AO866: South Delta | AQ866: WET SEASONS | AS866: Delta-Wide | AT866: Suisun | AU866: Central Delta | AV866: North Delta | AW866: South Delta | AY866: DRY SEASONS | BA866: Delta-Wide | BB866: Suisun | BC866: Central Delta | BD866: North Delta | BE866: South Delta
F867: OCTOBER 1 - MARCH 31 | M867: DRY SEASON | S867: Total points | U867: =COUNTIF($B$2:$AG$2,"<>") -> 32 | AA867: Total points | AC867: =U867 -> 32 | AE867: Total points | AG867: =U867 -> 32 | AI867: Total points | AK867: =COUNTIF($B$2:$AG$2,"<>") -> 32 | AL867: =COUNTIF($B$2:$I$2,"<>") -> 8 | AM867: =COUNTIF($J$2:$R$2,"<>") -> 9 | AN867: =COUNTIF($S$2:$X$2,"<>") -> 6 | AO867: =COUNTIF($Y$2:$AG$2,"<>") -> 9 | AQ867: Total points | AS867: =COUNTIF($B$2:$AG$2,"<>") -> 32 | AT867: =COUNTIF($B$2:$I$2,"<>") -> 8 | AU867: =COUNTIF($J$2:$R$2,"<>") -> 9 | AV867: =COUNTIF($S$2:$X$2,"<>") -> 6 | AW867: =COUNTIF($Y$2:$AG$2,"<>") -> 9 | AY867: Total points | BA867: =COUNTIF($B$2:$AG$2,"<>") -> 32 | BB867: =COUNTIF($B$2:$I$2,"<>") -> 8 | BC867: =COUNTIF($J$2:$R$2,"<>") -> 9 | BD867: =COUNTIF($S$2:$X$2,"<>") -> 6 | BE867: =COUNTIF($Y$2:$AG$2,"<>") -> 9
F868: WET SEASON 1 | H868: 10/5/18 - 3/31/19 | J868: =COUNTIF($A$3:$A$180,"<>") -> 178 | M868: APRIL 1 - SEPTEMBER 30 | S868: Days in run | U868: =COUNTIF($A$3:$A$729,"<>") -> 727 | AA868: Days in run | AC868: =SUM($J$868:$J$869) -> 361 | AE868: Days in run | AG868: =SUM($Q$869:$Q$870) -> 366 | AI868: Days in run | AK868: =COUNTIF($A$3:$A$729,"<>") -> 727 | AL868: =COUNTIF($A$3:$A$729,"<>") -> 727 | AM868: =COUNTIF($A$3:$A$729,"<>") -> 727 | AN868: =COUNTIF($A$3:$A$729,"<>") -> 727 | AO868: =COUNTIF($A$3:$A$729,"<>") -> 727 | AQ868: Days in run | AS868: =SUM($J$868:$J$869) -> 361 | AT868: =SUM($J$868:$J$869) -> 361 | AU868: =SUM($J$868:$J$869) -> 361 | AV868: =SUM($J$868:$J$869) -> 361 | AW868: =SUM($J$868:$J$869) -> 361 | AY868: Days in run | BA868: =SUM($Q$869:$Q$870) -> 366 | BB868: =SUM($Q$869:$Q$870) -> 366 | BC868: =SUM($Q$869:$Q$870) -> 366 | BD868: =SUM($Q$869:$Q$870) -> 366 | BE868: =SUM($Q$869:$Q$870) -> 366
F869: WET SEASON 2 | H869: 10/1/19 - 3/31/20 | J869: =COUNTIF($A$364:$A$546,"<>") -> 183 | M869: DRY SEASON 1 | O869: 4/1/19 - 9/30/19 | Q869: =COUNTIF($A$181:$A$363,"<>") -> 183 | S869: Total measurements | U869: =U868*U867 -> 23264 | V869: DENOMINATOR FOR EXCEEDANCE % | AA869: Total measurements | AC869: =AC868*AC867 -> 11552 | AE869: Total measurements | AG869: =AG867*AG868 -> 11712 | AI869: Total measurements | AK869: =AK868*AK867 -> 23264 | AL869: =AL868*AL867 -> 5816 | AM869: =AM868*AM867 -> 6543 | AN869: =AN868*AN867 -> 4362 | AO869: =AO868*AO867 -> 6543 | AQ869: Total measurements | AS869: =AS868*AS867 -> 11552 | AT869: =AT868*AT867 -> 2888 | AU869: =AU868*AU867 -> 3249 | AV869: =AV868*AV867 -> 2166 | AW869: =AW868*AW867 -> 3249 | AY869: Total measurements | BA869: =BA868*BA867 -> 11712 | BB869: =BB868*BB867 -> 2928 | BC869: =BC868*BC867 -> 3294 | BD869: =BD868*BD867 -> 2196 | BE869: =BE868*BE867 -> 3294
F870: WET SEASON 3 (not in totals) | H870: 10/1/20 - 11/26/20 | J870: =COUNTIF($A$730:$A$786,"<>") -> 57 | M870: DRY SEASON 2 | O870: 4/1/20 - 9/30/20 | Q870: =COUNTIF($A$547:$A$729,"<>") -> 183 | S870: Measurements <18C | U870: =SUM(B856:AG856) -> 12588 | V870: NUMERATOR FOR EXCEEDANCE % | AA870: Measurements <18C | AC870: =SUM(B861:AG861) -> 10791 | AE870: Measurements <18C | AG870: =SUM(B862:AG862) -> 1797 | AI870: Measurements <18C | AK870: =SUM(B856:AG856) -> 12588 | AL870: =SUM(B856:I856) -> 3037 | AM870: =SUM(J856:R856) -> 3505 | AN870: =SUM(S856:X856) -> 2469 | AO870: =SUM(Y856:AG856) -> 3577 | AQ870: Measurements <18C | AS870: =SUM(B861:AG861) -> 10791 | AT870: =SUM(B861:I861) -> 2617 | AU870: =SUM(J861:R861) -> 3038 | AV870: =SUM(S861:X861) -> 2137 | AW870: =SUM(Y861:AG861) -> 2999 | AY870: Measurements <18C | BA870: =SUM(B862:AG862) -> 1797 | BB870: =SUM(B862:I862) -> 420 | BC870: =SUM(J862:R862) -> 467 | BD870: =SUM(S862:X862) -> 332 | BE870: =SUM(Y862:AG862) -> 578
S871: % Total Run Exceedances | U871: =$U870/$U869 -> 0.54109354 | AA871: % WET Exceedances | AC871: =AC870/AC869 -> 0.93412396 | AE871: % DRY Exceedances | AG871: =AG870/AG869 -> 0.15343238 | AI871: % Total Run Exceedances | AK871: =AK870/AK869 -> 0.54109354 | AL871: =AL870/AL869 -> 0.52218019 | AM871: =AM870/AM869 -> 0.53568699 | AN871: =AN870/AN869 -> 0.56602476 | AO871: =AO870/AO869 -> 0.54669112 | AQ871: % WET Exceedances | AS871: =AS870/AS869 -> 0.93412396 | AT871: =AT870/AT869 -> 0.90616343 | AU871: =AU870/AU869 -> 0.93505694 | AV871: =AV870/AV869 -> 0.98661127 | AW871: =AW870/AW869 -> 0.92305325 | AY871: % DRY Exceedances | BA871: =BA870/BA869 -> 0.15343238 | BB871: =BB870/BB869 -> 0.14344262 | BC871: =BC870/BC869 -> 0.14177292 | BD871: =BD870/BD869 -> 0.15118397 | BE871: =BE870/BE869 -> 0.17547055

Sheet Calling on Reserves (Pending)
B1: Suisun | J1: Central Delta | S1: North Delta | Y1: South Delta
A2: Date | B2: CHADBOURNE SLOUGH AT SUNRISE DUCK CLUB | C2: MONTEZUMA SLOUGH AT NATIONAL STEEL | D2: MONTEZUMA SLOUGH NEAR BELDENS LANDING | E2: SUISUN SLOUGH 300' SOUTH OF VOLANTI SLOUGH | F2: HONKER BAY | G2: SUISUN BAY AT VAN SICKLE ISLAND | H2: SUISUN BAY WEST REACH | I2: GRIZZLY BAY BUOY | J2: DUTCH SL BELOW JERSEY ISLAND | K2: FALSE RIVER NEAR OAKLEY | L2: OLD RIVER AT FRANKS TRACT | M2: PITTSBURG | N2: SACRAMENTO RIVER AT EMMATON | O2: SAN ANDREAS LANDING | P2: SAN JOAQUIN RIVER AT JERSEY POINT | Q2: SUISUN BAY AT CHANNEL MARKER 5 AT COLLINSVILLE | R2: BRANNAN MARINAS AT SAN JOAQUIN RIVER | S2: LIBERTY CUT AT FIVE POINTS | T2: CACHE SLOUGH ABOVE RYER ISLAND FERRY | U2: DELTA CROSS CHANNEL NEAR WALNUT GROVE | V2: SACRAMENTO RIVER DOWNSTREAM OF ISLETON | W2: COURTLAND AT SACRAMENTO RIVER | X2: VIERAS RESORT AT SACRAMENTO RIVER | Y2: GRANT LINE CANAL NEAR CLIFTON COURT FORE | Z2: LITTLE POTATO SLOUGH AT TERMINOUS | AA2: MIDDLE RIVER AT MILDRED ISLAND | AB2: OLD RIVER AT CLIFTON COURT | AC2: SAN JOAQUIN RIVER AT BRANDT BRIDGE | AD2: SAN JOAQUIN RIVER AT PRISONERS POINT | AE2: SAN JOAQUIN RIVER NEAR VERNALIS | AF2: SAN JOAQUIN RVER AT ROUGH AND READY ISLAND | AG2: VICTORIA CANAL BEFORE CLIFTON COURT FORE
A3: 43378 | B3: 19.869191 | C3: 19.974467 | D3: 20.008022 | E3: 19.864175 | F3: 19.276841 | G3: 19.398728 | H3: 19.186969 | I3: 19.177525 | J3: 20.236027 | K3: 20.206575 | L3: 20.349893 | M3: 19.427496 | N3: 19.8076 | O3: 20.143325 | P3: 20.151086 | Q3: 19.515678 | R3: 20.275871 | S3: 19.444184 | T3: 19.624201 | U3: 19.035142 | V3: 19.494465 | W3: 18.882966 | X3: 19.369014 | Y3: 21.49924 | Z3: 20.776197 | AA3: 21.061249 | AB3: 21.330994 | AC3: 21.663125 | AD3: 20.367107 | AE3: 20.827559 | AF3: 21.799695 | AG3: 21.434631
A4: 43379 | B4: 20.072343 | C4: 20.106269 | D4: 20.084992 | E4: 19.934194 | F4: 19.358285 | G4: 19.433691 | H4: 19.213166 | I4: 19.217841 | J4: 20.097838 | K4: 20.121007 | L4: 20.224806 | M4: 19.460842 | N4: 19.759347 | O4: 20.042091 | P4: 20.079794 | Q4: 19.532868 | R4: 20.185261 | S4: 19.472869 | T4: 19.574386 | U4: 19.008723 | V4: 19.510255 | W4: 18.930915 | X4: 19.416177 | Y4: 21.218637 | Z4: 20.605573 | AA4: 20.855519 | AB4: 21.082021 | AC4: 21.260023 | AD4: 20.259706 | AE4: 20.37743 | AF4: 21.584 | AG4: 21.136854
A5: 43380 | B5: 19.925094 | C5: 20.110782 | D5: 20.060974 | E5: 19.899586 | F5: 19.254429 | G5: 19.400274 | H5: 19.182233 | I5: 19.026076 | J5: 19.393701 | K5: 19.770772 | L5: 19.887207 | M5: 19.431438 | N5: 19.524649 | O5: 19.744972 | P5: 19.770151 | Q5: 19.479518 | R5: 19.902283 | S5: 19.141454 | T5: 19.354997 | U5: 18.771604 | V5: 19.300016 | W5: 18.623967 | X5: 19.212437 | Y5: 20.309135 | Z5: 20.000204 | AA5: 20.222669 | AB5: 20.227843 | AC5: 19.964329 | AD5: 19.958599 | AE5: 19.278456 | AF5: 20.780021 | AG5: 20.177031
A6: 43381 | B6: 20.0873 | C6: 20.169707 | D6: 20.072528 | E6: 19.906875 | F6: 19.29242 | G6: 19.386398 | H6: 19.160485 | I6: 19.094796 | J6: 19.042832 | K6: 19.539954 | L6: 19.681971 | M6: 19.407109 | N6: 19.41258 | O6: 19.573536 | P6: 19.550641 | Q6: 19.44968 | R6: 19.707663 | S6: 18.761991 | T6: 19.123647 | U6: 18.45557 | V6: 19.086853 | W6: 18.100128 | X6: 18.984482 | Y6: 19.772791 | Z6: 19.620686 | AA6: 19.875026 | AB6: 19.730743 | AC6: 19.082895 | AD6: 19.712709 | AE6: 18.671517 | AF6: 20.073411 | AG6: 19.624715
A7: 43382 | B7: 20.157513 | C7: 20.296367 | D7: 20.1376 | E7: 19.981828 | F7: 19.308839 | G7: 19.402623 | H7: 19.17497 | I7: 19.230544 | J7: 19.334269 | K7: 19.567411 | L7: 19.693085 | M7: 19.420644 | N7: 19.433895 | O7: 19.572763 | P7: 19.568039 | Q7: 19.462146 | R7: 19.68584 | S7: 18.744988 | T7: 19.019842 | U7: 18.189619 | V7: 18.995781 | W7: 17.919207 | X7: 18.883175 | Y7: 19.840136 | Z7: 19.611717 | AA7: 19.911038 | AB7: 19.78462 | AC7: 19.044735 | AD7: 19.672505 | AE7: 18.906943 | AF7: 19.865356 | AG7: 19.782162
A8: 43383 | B8: 19.475231 | C8: 19.859751 | D8: 19.75428 | E8: 19.557116 | F8: 18.931574 | G8: 19.190586 | H8: 18.959687 | I8: 18.578819 | J8: 19.175294 | K8: 19.432115 | L8: 19.547252 | M8: 19.213062 | N8: 19.255659 | O8: 19.409171 | P8: 19.428548 | Q8: 19.250767 | R8: 19.549281 | S8: 18.341124 | T8: 18.742421 | U8: 18.035733 | V8: 18.700302 | W8: 17.964232 | X8: 18.565511 | Y8: 19.926016 | Z8: 19.428851 | AA8: 19.901273 | AB8: 19.867955 | AC8: 19.215976 | AD8: 19.536331 | AE8: 19.229105 | AF8: 19.728109 | AG8: 19.910248
A9: 43384 | B9: 18.888274 | C9: 19.323725 | D9: 19.245856 | E9: 19.011523 | F9: 18.563908 | G9: 18.916335 | H9: 18.68323 | I9: 17.903634 | J9: 18.761393 | K9: 19.184799 | L9: 19.307953 | M9: 18.939724 | N9: 18.996729 | O9: 19.131806 | P9: 19.180361 | Q9: 18.975011 | R9: 19.318973 | S9: 17.78495 | T9: 18.348356 | U9: 18.018264 | V9: 18.308287 | W9: 17.951311 | X9: 18.163312 | Y9: 19.933987 | Z9: 19.162145 | AA9: 19.817041 | AB9: 19.859043 | AC9: 19.274684 | AD9: 19.304747 | AE9: 19.255034 | AF9: 19.613087 | AG9: 19.900304
A10: 43385 | B10: 18.914915 | C10: 19.204529 | D10: 19.052704 | E10: 18.834341 | F10: 18.540023 | G10: 18.798055 | H10: 18.570077 | I10: 17.873093 | J10: 18.657883 | K10: 19.060949 | L10: 19.166073 | M10: 18.815934 | N10: 18.880331 | O10: 18.96608 | P10: 19.052805 | Q10: 18.854113 | R10: 19.163818 | S10: 17.790101 | T10: 18.189668 | U10: 17.999277 | V10: 18.202623 | W10: 17.967806 | X10: 18.108371 | Y10: 19.863053 | Z10: 19.049892 | AA10: 19.689067 | AB10: 19.782523 | AC10: 19.328133 | AD10: 19.143598 | AE10: 19.132824 | AF10: 19.536612 | AG10: 19.833967
A11: 43386 | B11: 18.876439 | C11: 19.232083 | D11: 18.992806 | E11: 18.801598 | F11: 18.4951 | G11: 18.706589 | H11: 18.492266 | I11: 17.90232 | J11: 18.72967 | K11: 19.005226 | L11: 19.08166 | M11: 18.72257 | N11: 18.796523 | O11: 18.922002 | P11: 18.983281 | Q11: 18.772321 | R11: 19.085374 | S11: 18.022543 | T11: 18.203237 | U11: 18.066607 | V11: 18.234422 | W11: 18.050584 | X11: 18.181329 | Y11: 19.7517 | Z11: 19.00261 | AA11: 19.567171 | AB11: 19.674897 | AC11: 19.287484 | AD11: 19.058156 | AE11: 18.980072 | AF11: 19.508127 | AG11: 19.770564
A12: 43387 | B12: 18.581036 | C12: 18.992227 | D12: 18.792375 | E12: 18.610776 | F12: 18.309348 | G12: 18.538946 | H12: 18.344966 | I12: 17.646202 | J12: 18.348755 | K12: 18.788793 | L12: 18.837348 | M12: 18.55498 | N12: 18.581982 | O12: 18.729543 | P12: 18.77884 | Q12: 18.60223 | R12: 18.888784 | S12: 17.762836 | T12: 18.02328 | U12: 17.980549 | V12: 18.018945 | W12: 17.956509 | X12: 17.969952 | Y12: 19.498473 | Z12: 18.777603 | AA12: 19.389804 | AB12: 19.429483 | AC12: 19.026445 | AD12: 18.86803 | AE12: 18.413826 | AF12: 19.364576 | AG12: 19.572735
A13: 43388 | B13: 18.673221 | C13: 18.914912 | D13: 18.746247 | E13: 18.59254 | F13: 18.310625 | G13: 18.452531 | H13: 18.282187 | I13: 17.713568 | J13: 17.544386 | K13: 18.412448 | L13: 18.45697 | M13: 18.465399 | N13: 18.325071 | O13: 18.373279 | P13: 18.442196 | Q13: 18.496159 | R13: 18.547202 | S13: 16.97707 | T13: 17.626666 | U13: 17.599169 | V13: 17.637373 | W13: 17.484654 | X13: 17.599803 | Y13: 19.000033 | Z13: 18.26096 | AA13: 19.049524 | AB13: 18.985216 | AC13: 18.419805 | AD13: 18.521584 | AE13: 17.309574 | AF13: 18.933353 | AG13: 19.097826
A14: 43389 | B14: 18.595248 | C14: 18.87427 | D14: 18.714819 | E14: 18.579561 | F14: 18.278221 | G14: 18.339463 | H14: 18.200568 | I14: 17.62313 | J14: 17.415532 | K14: 18.249974 | L14: 18.336568 | M14: 18.354548 | N14: 18.200389 | O14: 18.265852 | P14: 18.260345 | Q14: 18.387172 | R14: 18.397561 | S14: 16.760823 | T14: 17.468392 | U14: 17.335997 | V14: 17.534654 | W14: 17.05019 | X14: 17.509885 | Y14: 18.699118 | Z14: 18.105312 | AA14: 18.811609 | AB14: 18.71093 | AC14: 17.748795 | AD14: 18.340984 | AE14: 16.819056 | AF14: 18.54875 | AG14: 18.82585
... A786: 44161 | B786: 11.097409 | C786: 12.031422 | D786: 11.782177 | E786: 11.651346 | F786: 11.741305 | G786: 12.12954 | H786: 12.113585 | I786: 10.736958 | J786: 11.423894 | K786: 12.132601 | L786: 12.131373 | M786: 12.139452 | N786: 11.621911 | O786: 12.053996 | P786: 12.137796 | Q786: 12.0503 | R786: 12.266953 | S786: 10.321541 | T786: 11.238122 | U786: 11.025452 | V786: 11.317034 | W786: 10.835108 | X786: 11.326264 | Y786: 11.236246 | Z786: 11.259104 | AA786: 11.971487 | AB786: 11.589666 | AC786: 10.81597 | AD786: 12.224893 | AE786: 11.208901 | AF786: 11.524852 | AG786: 11.440172
A787: TOTAL EXCEEDANCES | B787: =COUNTIF(B$3:B$786,">=18.42") -> 373 | C787: =COUNTIF(C$3:C$786,">=18.42") -> 352 | D787: =COUNTIF(D$3:D$786,">=18.42") -> 367 | E787: =COUNTIF(E$3:E$786,">=18.42") -> 366 | F787: =COUNTIF(F$3:F$786,">=18.42") -> 337 | G787: =COUNTIF(G$3:G$786,">=18.42") -> 333 | H787: =COUNTIF(H$3:H$786,">=18.42") -> 335 | I787: =COUNTIF(I$3:I$786,">=18.42") -> 339 | ... AG787: =COUNTIF(AG$3:AG$786,">=18.42") -> 393
A788: WET 1 | B788: =COUNTIF(B3:B180,">=18.42") -> 15 | C788: =COUNTIF(C3:C180,">=18.42") -> 15 | D788: =COUNTIF(D3:D180,">=18.42") -> 17 | E788: =COUNTIF(E3:E180,">=18.42") -> 16 | F788: =COUNTIF(F3:F180,">=18.42") -> 9 | G788: =COUNTIF(G3:G180,">=18.42") -> 11 | H788: =COUNTIF(H3:H180,">=18.42") -> 9 | I788: =COUNTIF(I3:I180,">=18.42") -> 6 | ... AG788: =COUNTIF(AG3:AG180,">=18.42") -> 20 | AH788: OCT 2018 - MARCH 2019
A789: WET 2 | B789: =COUNTIF(B364:B546,">=18.42") -> 19 | C789: =COUNTIF(C364:C546,">=18.42") -> 18 | D789: =COUNTIF(D364:D546,">=18.42") -> 18 | E789: =COUNTIF(E364:E546,">=18.42") -> 18 | F789: =COUNTIF(F364:F546,">=18.42") -> 14 | G789: =COUNTIF(G364:G546,">=18.42") -> 15 | H789: =COUNTIF(H364:H546,">=18.42") -> 15 | I789: =COUNTIF(I364:I546,">=18.42") -> 12 | ... AG789: =COUNTIF(AG364:AG546,">=18.42") -> 17 | AH789: OCT 2019 - MARCH 2020
A790: DRY 1 | B790: =COUNTIF(B181:B363,">=18.42") -> 156 | C790: =COUNTIF(C181:C363,">=18.42") -> 136 | D790: =COUNTIF(D181:D363,">=18.42") -> 148 | E790: =COUNTIF(E181:E363,">=18.42") -> 149 | F790: =COUNTIF(F181:F363,">=18.42") -> 133 | G790: =COUNTIF(G181:G363,">=18.42") -> 126 | H790: =COUNTIF(H181:H363,">=18.42") -> 131 | I790: =COUNTIF(I181:I363,">=18.42") -> 145 | ... AG790: =COUNTIF(AG181:AG363,">=18.42") -> 161 | AH790: APRIL 2019 - SEPTEMBER 2019
A791: DRY 2 | B791: =COUNTIF(B547:B729,">=18.42") -> 162 | C791: =COUNTIF(C547:C729,">=18.42") -> 160 | D791: =COUNTIF(D547:D729,">=18.42") -> 161 | E791: =COUNTIF(E547:E729,">=18.42") -> 161 | F791: =COUNTIF(F547:F729,">=18.42") -> 159 | G791: =COUNTIF(G547:G729,">=18.42") -> 158 | H791: =COUNTIF(H547:H729,">=18.42") -> 157 | I791: =COUNTIF(I547:I729,">=18.42") -> 160 | ... AG791: =COUNTIF(AG547:AG729,">=18.42") -> 170 | AH791: APRIL 2020 - SEPTEMBER 2020
A792: ALL WET | B792: =SUM(B788:B789) -> 34 | C792: =SUM(C788:C789) -> 33 | D792: =SUM(D788:D789) -> 35 | E792: =SUM(E788:E789) -> 34 | F792: =SUM(F788:F789) -> 23 | G792: =SUM(G788:G789) -> 26 | H792: =SUM(H788:H789) -> 24 | I792: =SUM(I788:I789) -> 18 | ... AG792: =SUM(AG788:AG789) -> 37
A793: ALL DRY | B793: =SUM(B790:B791) -> 318 | C793: =SUM(C790:C791) -> 296 | D793: =SUM(D790:D791) -> 309 | E793: =SUM(E790:E791) -> 310 | F793: =SUM(F790:F791) -> 292 | G793: =SUM(G790:G791) -> 284 | H793: =SUM(H790:H791) -> 288 | I793: =SUM(I790:I791) -> 305 | ... AG793: =SUM(AG790:AG791) -> 331
D796: Angling 18.42C | F796: THRESHOLD: 18.42C WATER TEMP | S796: ANGLING 18.42C | AA796: ANGLING 18.42C | AE796: SP DAY USE & BOATING | AI796: ANGLING 18.42C | AQ796: ANGLING 18.42C | AY796: ANGLING 18.42C
F797: WET SEASON | S797: TOTAL RUN | AA797: WET SEASONS | AE797: DRY SEASONS | AI797: TOTAL RUN | AK797: Delta-Wide | AL797: Suisun | AM797: Central Delta | AN797: North Delta | AO797: South Delta | AQ797: WET SEASONS | AS797: Delta-Wide | AT797: Suisun | AU797: Central Delta | AV797: North Delta | AW797: South Delta | AY797: DRY SEASONS | BA797: Delta-Wide | BB797: Suisun | BC797: Central Delta | BD797: North Delta | BE797: South Delta
F798: OCTOBER 1 - MARCH 31 | M798: DRY SEASON | S798: Total points | U798: =COUNTIF(B2:AG2,"<>") -> 32 | AA798: Total points | AC798: =U798 -> 32 | AE798: Total points | AG798: =U798 -> 32 | AI798: Total points | AK798: =AC798 -> 32 | AL798: 8 | AM798: 9 | AN798: 6 | AO798: 9 | AQ798: Total points | AS798: 32 | AT798: 8 | AU798: 9 | AV798: 6 | AW798: 9 | AY798: Total points | BA798: 32 | BB798: 8 | BC798: 9 | BD798: 6 | BE798: 9
F799: WET SEASON 1 | H799: 10/1/18 - 3/31/19 | J799: =COUNTIF(A3:A180,"<>") -> 178 | M799: APRIL 1 - SEPTEMBER 30 | S799: Days in run | U799: =COUNTIF($A$3:$A$786,"<>") -> 784 | AA799: Days in run | AC799: =SUM(J799:J800) -> 361 | AE799: Days in run | AG799: =SUM(Q800:Q801) -> 366 | AI799: Days in run | AK799: =COUNTIF($A$3:$A$786,"<>") -> 784 | AL799: =COUNTIF($A$3:$A$786,"<>") -> 784 | AM799: =COUNTIF($A$3:$A$786,"<>") -> 784 | AN799: =COUNTIF($A$3:$A$786,"<>") -> 784 | AO799: =COUNTIF($A$3:$A$786,"<>") -> 784 | AQ799: Days in run | AS799: =SUM($J$799:$J$800) -> 361 | AT799: =SUM($J$799:$J$800) -> 361 | AU799: =SUM($J$799:$J$800) -> 361 | AV799: =SUM($J$799:$J$800) -> 361 | AW799: =SUM($J$799:$J$800) -> 361 | AY799: Days in run | BA799: 366 | BB799: 366 | BC799: 366 | BD799: 366 | BE799: 366
F800: WET SEASON 2 | H800: 10/1/19 - 3/31/20 | J800: =COUNTIF(A364:A546,"<>") -> 183 | M800: DRY SEASON 2 | O800: 4/1/19 - 9/30/19 | Q800: =COUNTIF(A181:A363,"<>") -> 183 | S800: Total measurements | U800: =U799*U798 -> 25088 | V800: DENOMINATOR FOR EXCEEDANCE % | AA800: Total measurements | AC800: =AC799*AC798 -> 11552 | AE800: Total measurements | AG800: =AG798*AG799 -> 11712 | AI800: Total measurements | AK800: =AK799*AK798 -> 25088 | AL800: =AL799*AL798 -> 6272 | AM800: =AM799*AM798 -> 7056 | AN800: =AN799*AN798 -> 4704 | AO800: =AO799*AO798 -> 7056 | AQ800: Total measurements | AS800: =AS799*AS798 -> 11552 | AT800: =AT799*AT798 -> 2888 | AU800: =AU799*AU798 -> 3249 | AV800: =AV799*AV798 -> 2166 | AW800: =AW799*AW798 -> 3249 | AY800: Total measurements | BA800: =BA799*BA798 -> 11712 | BB800: =BB799*BB798 -> 2928 | BC800: =BC799*BC798 -> 3294 | BD800: =BD799*BD798 -> 2196 | BE800: =BE799*BE798 -> 3294
F801: WET SEASON 3 | H801: 10/1/20 - 12/1/20 | J801: =COUNTIF(A730:A786,"<>") -> 57 | M801: DRY SEASON 3 | O801: 4/1/20 - 9/30/20 | Q801: =COUNTIF(A547:A729,"<>") -> 183 | S801: Measurements >= 1000 | U801: =SUM(B787:AG787) -> 10859 | V801: NUMERATOR FOR EXCEEDANCE % | AA801: Measurements >= 1000 | AC801: =SUM(B792:AG792) -> 631 | AE801: Measurements >= 1000 | AG801: =SUM(B793:AG793) -> 9512 | AI801: Measurements >= 18.42 | AK801: =SUM(B787:AG787) -> 10859 | AL801: =SUM(B787:I787) -> 2802 | AM801: =SUM(J787:R787) -> 3053 | AN801: =SUM(S787:X787) -> 1873 | AO801: =SUM(Y787:AG787) -> 3131 | AQ801: Measurements >= 18.42 | AS801: =SUM(B792:AG792) -> 631 | AT801: =SUM(B792:I792) -> 227 | AU801: =SUM(J792:R792) -> 180 | AV801: =SUM(S792:X792) -> 33 | AW801: =SUM(Y792:AG792) -> 191 | AY801: Measurements >= 18.42 | BA801: =SUM(B793:AG793) -> 9512 | BB801: =SUM(B793:I793) -> 2402 | BC801: =SUM(J793:R793) -> 2653 | BD801: =SUM(S793:X793) -> 1730 | BE801: =SUM(Y793:AG793) -> 2727
S802: % Total Run Exceedances | U802: =$U801/$U800 -> 0.43283642 | AA802: % WET Exceedances | AC802: =AC801/AC800 -> 0.054622576 | AE802: % DRY Exceedances | AG802: =AG801/AG800 -> 0.81215847 | AI802: % Total Run Exceedances | AK802: =AK801/AK800 -> 0.43283642 | AL802: =AL801/AL800 -> 0.44674745 | AM802: =AM801/AM800 -> 0.43268141 | AN802: =AN801/AN800 -> 0.39817177 | AO802: =AO801/AO800 -> 0.44373583 | AQ802: % WET Exceedances | AS802: =AS801/AS800 -> 0.054622576 | AT802: =AT801/AT800 -> 0.078601108 | AU802: =AU801/AU800 -> 0.055401662 | AV802: =AV801/AV800 -> 0.015235457 | AW802: =AW801/AW800 -> 0.058787319 | AY802: % DRY Exceedances | BA802: =BA801/BA800 -> 0.81215847 | BB802: =BB801/BB800 -> 0.82035519 | BC802: =BC801/BC800 -> 0.80540376 | BD802: =BD801/BD800 -> 0.78779599 | BE802: =BE801/BE800 -> 0.82786885
A804: TOTAL EXCEEDANCES | B804: =COUNTIF(B$3:B$786,">=20") -> 298 | C804: =COUNTIF(C$3:C$786,">=20") -> 282 | D804: =COUNTIF(D$3:D$786,">=20") -> 292 | E804: =COUNTIF(E$3:E$786,">=20") -> 285 | F804: =COUNTIF(F$3:F$786,">=20") -> 255 | G804: =COUNTIF(G$3:G$786,">=20") -> 264 | H804: =COUNTIF(H$3:H$786,">=20") -> 253 | I804: =COUNTIF(I$3:I$786,">=20") -> 263 | ... AG804: =COUNTIF(AG$3:AG$786,">=20") -> 344
A805: WET 1 | B805: =COUNTIF(B$3:B$180,">=20") -> 3 | C805: =COUNTIF(C$3:C$180,">=20") -> 4 | D805: =COUNTIF(D$3:D$180,">=20") -> 5 | E805: =COUNTIF(E$3:E$180,">=20") -> 0 | F805: =COUNTIF(F$3:F$180,">=20") -> 0 | G805: =COUNTIF(G$3:G$180,">=20") -> 0 | H805: =COUNTIF(H$3:H$180,">=20") -> 0 | I805: =COUNTIF(I$3:I$180,">=20") -> 0 | ... AG805: =COUNTIF(AG$3:AG$180,">=20") -> 3 | AH805: OCT 2018 - MARCH 2019
A806: WET 2 | B806: =COUNTIF(B$364:B$546,">=20") -> 6 | C806: =COUNTIF(C$364:C$546,">=20") -> 4 | D806: =COUNTIF(D$364:D$546,">=20") -> 5 | E806: =COUNTIF(E$364:E$546,">=20") -> 5 | F806: =COUNTIF(F$364:F$546,">=20") -> 0 | G806: =COUNTIF(G$364:G$546,">=20") -> 0 | H806: =COUNTIF(H$364:H$546,">=20") -> 0 | I806: =COUNTIF(I$364:I$546,">=20") -> 2 | ... AG806: =COUNTIF(AG$364:AG$546,">=20") -> 3 | AH806: OCT 2019 - MARCH 2020
A807: DRY 1 | B807: =COUNTIF(B$181:B$364,">=20") -> 134 | C807: =COUNTIF(C$181:C$364,">=20") -> 116 | D807: =COUNTIF(D$181:D$364,">=20") -> 130 | E807: =COUNTIF(E$181:E$364,">=20") -> 129 | F807: =COUNTIF(F$181:F$364,">=20") -> 117 | G807: =COUNTIF(G$181:G$364,">=20") -> 118 | H807: =COUNTIF(H$181:H$364,">=20") -> 118 | I807: =COUNTIF(I$181:I$364,">=20") -> 122 | ... AG807: =COUNTIF(AG$181:AG$364,">=20") -> 151 | AH807: APRIL 2019 - SEPTEMBER 2019
A808: DRY 2 | B808: =COUNTIF(B$547:B$729,">=20") -> 149 | C808: =COUNTIF(C$547:C$729,">=20") -> 151 | D808: =COUNTIF(D$547:D$729,">=20") -> 146 | E808: =COUNTIF(E$547:E$729,">=20") -> 145 | F808: =COUNTIF(F$547:F$729,">=20") -> 132 | G808: =COUNTIF(G$547:G$729,">=20") -> 139 | H808: =COUNTIF(H$547:H$729,">=20") -> 129 | I808: =COUNTIF(I$547:I$729,">=20") -> 135 | ... AG808: =COUNTIF(AG$547:AG$729,">=20") -> 165 | AH808: APRIL 2020 - SEPTEMBER 2020
A809: ALL WET | B809: =SUM(B805,B806) -> 9 | C809: =SUM(C805,C806) -> 8 | D809: =SUM(D805,D806) -> 10 | E809: =SUM(E805,E806) -> 5 | F809: =SUM(F805,F806) -> 0 | G809: =SUM(G805,G806) -> 0 | H809: =SUM(H805,H806) -> 0 | I809: =SUM(I805,I806) -> 2 | ... AG809: =SUM(AG805,AG806) -> 6
A810: ALL DRY | B810: =SUM(B807,B808) -> 283 | C810: =SUM(C807,C808) -> 267 | D810: =SUM(D807,D808) -> 276 | E810: =SUM(E807,E808) -> 274 | F810: =SUM(F807,F808) -> 249 | G810: =SUM(G807,G808) -> 257 | H810: =SUM(H807,H808) -> 247 | I810: =SUM(I807,I808) -> 257 | ... AG810: =SUM(AG807,AG808) -> 316
D813: Birding 20C | F813: THRESHOLD: 20C WATER TEMP | S813: BIRDING 20C | AA813: BIRDING 20C | AE813: BIRDING 20C | AI813: BIRDING 20C | AQ813: BIRDING 20C | AY813: BIRDING 20C
F814: WET SEASON | S814: TOTAL RUN | AA814: WET SEASONS | AE814: DRY SEASONS | AI814: TOTAL RUN | AK814: Delta-Wide | AL814: Suisun | AM814: Central Delta | AN814: North Delta | AO814: South Delta | AQ814: WET SEASONS | AS814: Delta-Wide | AT814: Suisun | AU814: Central Delta | AV814: North Delta | AW814: South Delta | AY814: DRY SEASONS | BA814: Delta-Wide | BB814: Suisun | BC814: Central Delta | BD814: North Delta | BE814: South Delta
F815: OCTOBER 1 - MARCH 31 | M815: DRY SEASON | S815: Total points | U815: =COUNTIF(B19:AG19,"<>") -> 32 | AA815: Total points | AC815: =U815 -> 32 | AE815: Total points | AG815: =U815 -> 32 | AI815: Total points | AK815: =AC815 -> 32 | AL815: 8 | AM815: 9 | AN815: 6 | AO815: 9 | AQ815: Total points | AS815: 32 | AT815: 8 | AU815: 9 | AV815: 6 | AW815: 9 | AY815: Total points | BA815: 32 | BB815: 8 | BC815: 9 | BD815: 6 | BE815: 9
F816: WET SEASON 1 | H816: 10/1/18 - 3/31/19 | J816: 178 | M816: APRIL 1 - SEPTEMBER 30 | S816: Days in run | U816: =COUNTIF($A$3:$A$786,"<>") -> 784 | AA816: Days in run | AC816: =SUM(J816:J817) -> 361 | AE816: Days in run | AG816: =SUM(Q817:Q818) -> 366 | AI816: Days in run | AK816: =COUNTIF($A$3:$A$786,"<>") -> 784 | AL816: =COUNTIF($A$3:$A$786,"<>") -> 784 | AM816: =COUNTIF($A$3:$A$786,"<>") -> 784 | AN816: =COUNTIF($A$3:$A$786,"<>") -> 784 | AO816: =COUNTIF($A$3:$A$786,"<>") -> 784 | AQ816: Days in run | AS816: =SUM($J$799:$J$800) -> 361 | AT816: =SUM($J$799:$J$800) -> 361 | AU816: =SUM($J$799:$J$800) -> 361 | AV816: =SUM($J$799:$J$800) -> 361 | AW816: =SUM($J$799:$J$800) -> 361 | AY816: Days in run | BA816: 366 | BB816: 366 | BC816: 366 | BD816: 366 | BE816: 366
F817: WET SEASON 2 | H817: 10/1/19 - 3/31/20 | J817: 183 | M817: DRY SEASON 2 | O817: 4/1/19 - 9/30/19 | Q817: 183 | S817: Total measurements | U817: =U816*U815 -> 25088 | V817: DENOMINATOR FOR EXCEEDANCE % | AA817: Total measurements | AC817: =AC816*AC815 -> 11552 | AE817: Total measurements | AG817: =AG815*AG816 -> 11712 | AI817: Total measurements | AK817: =AK816*AK815 -> 25088 | AL817: =AL816*AL815 -> 6272 | AM817: =AM816*AM815 -> 7056 | AN817: =AN816*AN815 -> 4704 | AO817: =AO816*AO815 -> 7056 | AQ817: Total measurements | AS817: =AS816*AS815 -> 11552 | AT817: =AT816*AT815 -> 2888 | AU817: =AU816*AU815 -> 3249 | AV817: =AV816*AV815 -> 2166 | AW817: =AW816*AW815 -> 3249 | AY817: Total measurements | BA817: =BA816*BA815 -> 11712 | BB817: =BB816*BB815 -> 2928 | BC817: =BC816*BC815 -> 3294 | BD817: =BD816*BD815 -> 2196 | BE817: =BE816*BE815 -> 3294
F818: WET SEASON 3 | H818: 10/1/20 - 12/1/20 | J818: 57 | M818: DRY SEASON 3 | O818: 4/1/20 - 9/30/20 | Q818: 183 | S818: Measurements >= 1000 | U818: =SUM(B804:AG804) -> 9013 | V818: NUMERATOR FOR EXCEEDANCE % | AA818: Measurements >= 1000 | AC818: =SUM(B809:AG809) -> 79 | AE818: Measurements >= 1000 | AG818: =SUM(B810:AG810) -> 8548 | AI818: Measurements >= 18.42 | AK818: =SUM(B804:AG804) -> 9013 | AL818: =SUM(B804:I804) -> 2192 | AM818: =SUM(J804:R804) -> 2623 | AN818: =SUM(S804:X804) -> 1526 | AO818: =SUM(Y804:AG804) -> 2672 | AQ818: Measurements >= 18.42 | AS818: =SUM(B809:AG809) -> 79 | AT818: =SUM(B809:I809) -> 34 | AU818: =SUM(J809:R809) -> 13 | AV818: =SUM(S809:X809) -> 0 | AW818: =SUM(Y809:AG809) -> 32 | AY818: Measurements >= 18.42 | BA818: =SUM(B810:AG810) -> 8548 | BB818: =SUM(B810:I810) -> 2110 | BC818: =SUM(J810:R810) -> 2466 | BD818: =SUM(S810:X810) -> 1497 | BE818: =SUM(Y810:AG810) -> 2475
S819: % Total Run Exceedances | U819: =$U818/$U817 -> 0.35925542 | AA819: % WET Exceedances | AC819: =AC818/AC817 -> 0.0068386427 | AE819: % DRY Exceedances | AG819: =AG818/AG817 -> 0.72984973 | AI819: % Total Run Exceedances | AK819: =AK818/AK817 -> 0.35925542 | AL819: =AL818/AL817 -> 0.3494898 | AM819: =AM818/AM817 -> 0.37174036 | AN819: =AN818/AN817 -> 0.32440476 | AO819: =AO818/AO817 -> 0.37868481 | AQ819: % WET Exceedances | AS819: =AS818/AS817 -> 0.0068386427 | AT819: =AT818/AT817 -> 0.011772853 | AU819: =AU818/AU817 -> 0.0040012311 | AV819: =AV818/AV817 -> 0 | AW819: =AW818/AW817 -> 0.0098491844 | AY819: % DRY Exceedances | BA819: =BA818/BA817 -> 0.72984973 | BB819: =BB818/BB817 -> 0.72062842 | BC819: =BC818/BC817 -> 0.74863388 | BD819: =BD818/BD817 -> 0.68169399 | BE819: =BE818/BE817 -> 0.75136612
A821: TOTAL EXCEEDANCES | B821: =COUNTIF(B$3:B$786,">=23") -> 82 | C821: =COUNTIF(C$3:C$786,">=23") -> 45 | D821: =COUNTIF(D$3:D$786,">=23") -> 43 | E821: =COUNTIF(E$3:E$786,">=23") -> 44 | F821: =COUNTIF(F$3:F$786,">=23") -> 17 | G821: =COUNTIF(G$3:G$786,">=23") -> 17 | H821: =COUNTIF(H$3:H$786,">=23") -> 12 | I821: =COUNTIF(I$3:I$786,">=23") -> 38 | ... AG821: =COUNTIF(AG$3:AG$786,">=23") -> 210
A822: WET 1 | B822: =COUNTIF(B$3:B$180,">=23") -> 0 | C822: =COUNTIF(C$3:C$180,">=23") -> 0 | D822: =COUNTIF(D$3:D$180,">=23") -> 0 | E822: =COUNTIF(E$3:E$180,">=23") -> 0 | F822: =COUNTIF(F$3:F$180,">=23") -> 0 | G822: =COUNTIF(G$3:G$180,">=23") -> 0 | H822: =COUNTIF(H$3:H$180,">=23") -> 0 | I822: =COUNTIF(I$3:I$180,">=23") -> 0 | ... AG822: =COUNTIF(AG$3:AG$180,">=23") -> 0 | AH822: OCT 2018 - MARCH 2019
A823: WET 2 | B823: =COUNTIF(B$364:B$546,">=23") -> 0 | C823: =COUNTIF(C$364:C$546,">=23") -> 0 | D823: =COUNTIF(D$364:D$546,">=23") -> 0 | E823: =COUNTIF(E$364:E$546,">=23") -> 0 | F823: =COUNTIF(F$364:F$546,">=23") -> 0 | G823: =COUNTIF(G$364:G$546,">=23") -> 0 | H823: =COUNTIF(H$364:H$546,">=23") -> 0 | I823: =COUNTIF(I$364:I$546,">=23") -> 0 | ... AG823: =COUNTIF(AG$364:AG$546,">=23") -> 0 | AH823: OCT 2019 - MARCH 2020
A824: DRY 1 | B824: =COUNTIF(B$181:B$364,">=23") -> 39 | C824: =COUNTIF(C$181:C$364,">=23") -> 24 | D824: =COUNTIF(D$181:D$364,">=23") -> 19 | E824: =COUNTIF(E$181:E$364,">=23") -> 21 | F824: =COUNTIF(F$181:F$364,">=23") -> 8 | G824: =COUNTIF(G$181:G$364,">=23") -> 8 | H824: =COUNTIF(H$181:H$364,">=23") -> 6 | I824: =COUNTIF(I$181:I$364,">=23") -> 18 | ... AG824: =COUNTIF(AG$181:AG$364,">=23") -> 109 | AH824: APRIL 2019 - SEPTEMBER 2019
A825: DRY 2 | B825: =COUNTIF(B$547:B$729,">=23") -> 43 | C825: =COUNTIF(C$547:C$729,">=23") -> 21 | D825: =COUNTIF(D$547:D$729,">=23") -> 24 | E825: =COUNTIF(E$547:E$729,">=23") -> 23 | F825: =COUNTIF(F$547:F$729,">=23") -> 9 | G825: =COUNTIF(G$547:G$729,">=23") -> 9 | H825: =COUNTIF(H$547:H$729,">=23") -> 6 | I825: =COUNTIF(I$547:I$729,">=23") -> 20 | ... AG825: =COUNTIF(AG$547:AG$729,">=23") -> 101 | AH825: APRIL 2020 - SEPTEMBER 2020
A826: ALL WET | B826: =SUM(B822,B823) -> 0 | C826: =SUM(C822,C823) -> 0 | D826: =SUM(D822,D823) -> 0 | E826: =SUM(E822,E823) -> 0 | F826: =SUM(F822,F823) -> 0 | G826: =SUM(G822,G823) -> 0 | H826: =SUM(H822,H823) -> 0 | I826: =SUM(I822,I823) -> 0 | ... AG826: =SUM(AG822,AG823) -> 0
A827: ALL DRY | B827: =SUM(B824,B825) -> 82 | C827: =SUM(C824,C825) -> 45 | D827: =SUM(D824,D825) -> 43 | E827: =SUM(E824,E825) -> 44 | F827: =SUM(F824,F825) -> 17 | G827: =SUM(G824,G825) -> 17 | H827: =SUM(H824,H825) -> 12 | I827: =SUM(I824,I825) -> 38 | ... AG827: =SUM(AG824,AG825) -> 210
D830: Waterfowl 23C | F830: THRESHOLD: 23C WATER TEMP | S830: WATERFOWL 23C | AA830: WATERFOWL 23C | AE830: WATERFOWL 23C | AI830: WATERFOWL 23C | AQ830: WATERFOWL 23C | AY830: WATERFOWL 23C
F831: WET SEASON | S831: TOTAL RUN | AA831: WET SEASONS | AE831: DRY SEASONS | AI831: TOTAL RUN | AK831: Delta-Wide | AL831: Suisun | AM831: Central Delta | AN831: North Delta | AO831: South Delta | AQ831: WET SEASONS | AS831: Delta-Wide | AT831: Suisun | AU831: Central Delta | AV831: North Delta | AW831: South Delta | AY831: DRY SEASONS | BA831: Delta-Wide | BB831: Suisun | BC831: Central Delta | BD831: North Delta | BE831: South Delta
F832: OCTOBER 1 - MARCH 31 | M832: DRY SEASON | S832: Total points | U832: =COUNTIF(B36:AG36,"<>") -> 32 | AA832: Total points | AC832: =U832 -> 32 | AE832: Total points | AG832: =U832 -> 32 | AI832: Total points | AK832: =AC832 -> 32 | AL832: 8 | AM832: 9 | AN832: 6 | AO832: 9 | AQ832: Total points | AS832: 32 | AT832: 8 | AU832: 9 | AV832: 6 | AW832: 9 | AY832: Total points | BA832: 32 | BB832: 8 | BC832: 9 | BD832: 6 | BE832: 9
F833: WET SEASON 1 | H833: 10/1/18 - 3/31/19 | J833: 178 | M833: APRIL 1 - SEPTEMBER 30 | S833: Days in run | U833: =COUNTIF($A$3:$A$786,"<>") -> 784 | AA833: Days in run | AC833: =SUM(J833:J834) -> 361 | AE833: Days in run | AG833: =SUM(Q834:Q835) -> 366 | AI833: Days in run | AK833: =COUNTIF($A$3:$A$786,"<>") -> 784 | AL833: =COUNTIF($A$3:$A$786,"<>") -> 784 | AM833: =COUNTIF($A$3:$A$786,"<>") -> 784 | AN833: =COUNTIF($A$3:$A$786,"<>") -> 784 | AO833: =COUNTIF($A$3:$A$786,"<>") -> 784 | AQ833: Days in run | AS833: =SUM($J$799:$J$800) -> 361 | AT833: =SUM($J$799:$J$800) -> 361 | AU833: =SUM($J$799:$J$800) -> 361 | AV833: =SUM($J$799:$J$800) -> 361 | AW833: =SUM($J$799:$J$800) -> 361 | AY833: Days in run | BA833: 366 | BB833: 366 | BC833: 366 | BD833: 366 | BE833: 366
F834: WET SEASON 2 | H834: 10/1/19 - 3/31/20 | J834: 183 | M834: DRY SEASON 2 | O834: 4/1/19 - 9/30/19 | Q834: 183 | S834: Total measurements | U834: =U833*U832 -> 25088 | V834: DENOMINATOR FOR EXCEEDANCE % | AA834: Total measurements | AC834: =AC833*AC832 -> 11552 | AE834: Total measurements | AG834: =AG832*AG833 -> 11712 | AI834: Total measurements | AK834: =AK833*AK832 -> 25088 | AL834: =AL833*AL832 -> 6272 | AM834: =AM833*AM832 -> 7056 | AN834: =AN833*AN832 -> 4704 | AO834: =AO833*AO832 -> 7056 | AQ834: Total measurements | AS834: =AS833*AS832 -> 11552 | AT834: =AT833*AT832 -> 2888 | AU834: =AU833*AU832 -> 3249 | AV834: =AV833*AV832 -> 2166 | AW834: =AW833*AW832 -> 3249 | AY834: Total measurements | BA834: =BA833*BA832 -> 11712 | BB834: =BB833*BB832 -> 2928 | BC834: =BC833*BC832 -> 3294 | BD834: =BD833*BD832 -> 2196 | BE834: =BE833*BE832 -> 3294
F835: WET SEASON 3 | H835: 10/1/20 - 12/1/20 | J835: 57 | M835: DRY SEASON 3 | O835: 4/1/20 - 9/30/20 | Q835: 183 | S835: Measurements >= 1000 | U835: =SUM(B821:AG821) -> 2879 | V835: NUMERATOR FOR EXCEEDANCE % | AA835: Measurements >= 1000 | AC835: =SUM(B826:AG826) -> 0 | AE835: Measurements >= 1000 | AG835: =SUM(B827:AG827) -> 2876 | AI835: Measurements >= 18.42 | AK835: =SUM(B821:AG821) -> 2879 | AL835: =SUM(B821:I821) -> 298 | AM835: =SUM(J821:R821) -> 886 | AN835: =SUM(S821:X821) -> 346 | AO835: =SUM(Y821:AG821) -> 1349 | AQ835: Measurements >= 18.42 | AS835: =SUM(B826:AG826) -> 0 | AT835: =SUM(B826:I826) -> 0 | AU835: =SUM(J826:R826) -> 0 | AV835: =SUM(S826:X826) -> 0 | AW835: =SUM(Y826:AG826) -> 0 | AY835: Measurements >= 18.42 | BA835: =SUM(B827:AG827) -> 2876 | BB835: =SUM(B827:I827) -> 298 | BC835: =SUM(J827:R827) -> 886 | BD835: =SUM(S827:X827) -> 346 | BE835: =SUM(Y827:AG827) -> 1346
S836: % Total Run Exceedances | U836: =$U835/$U834 -> 0.11475606 | AA836: % WET Exceedances | AC836: =AC835/AC834 -> 0 | AE836: % DRY Exceedances | AG836: =AG835/AG834 -> 0.24556011 | AI836: % Total Run Exceedances | AK836: =AK835/AK834 -> 0.11475606 | AL836: =AL835/AL834 -> 0.047512755 | AM836: =AM835/AM834 -> 0.12556689 | AN836: =AN835/AN834 -> 0.073554422 | AO836: =AO835/AO834 -> 0.19118481 | AQ836: % WET Exceedances | AS836: =AS835/AS834 -> 0 | AT836: =AT835/AT834 -> 0 | AU836: =AU835/AU834 -> 0 | AV836: =AV835/AV834 -> 0 | AW836: =AW835/AW834 -> 0 | AY836: % DRY Exceedances | BA836: =BA835/BA834 -> 0.24556011 | BB836: =BB835/BB834 -> 0.10177596 | BC836: =BC835/BC834 -> 0.26897389 | BD836: =BD835/BD834 -> 0.1575592 | BE836: =BE835/BE834 -> 0.40862174
A838: TOTAL EXCEEDANCES | B838: =COUNTIF(B$3:B$786,">=19") -> 341 | C838: =COUNTIF(C$3:C$786,">=19") -> 332 | D838: =COUNTIF(D$3:D$786,">=19") -> 338 | E838: =COUNTIF(E$3:E$786,">=19") -> 336 | F838: =COUNTIF(F$3:F$786,">=19") -> 318 | G838: =COUNTIF(G$3:G$786,">=19") -> 319 | H838: =COUNTIF(H$3:H$786,">=19") -> 309 | I838: =COUNTIF(I$3:I$786,">=19") -> 304 | ... AG838: =COUNTIF(AG$3:AG$786,">=19") -> 370
A839: WET 1 | B839: =COUNTIF(B$3:B$180,">=19") -> 6 | C839: =COUNTIF(C$3:C$180,">=19") -> 9 | D839: =COUNTIF(D$3:D$180,">=19") -> 8 | E839: =COUNTIF(E$3:E$180,">=19") -> 7 | F839: =COUNTIF(F$3:F$180,">=19") -> 5 | G839: =COUNTIF(G$3:G$180,">=19") -> 6 | H839: =COUNTIF(H$3:H$180,">=19") -> 5 | I839: =COUNTIF(I$3:I$180,">=19") -> 5 | ... AG839: =COUNTIF(AG$3:AG$180,">=19") -> 11 | AH839: OCT 2018 - MARCH 2019
A840: WET 2 | B840: =COUNTIF(B$364:B$546,">=19") -> 10 | C840: =COUNTIF(C$364:C$546,">=19") -> 14 | D840: =COUNTIF(D$364:D$546,">=19") -> 10 | E840: =COUNTIF(E$364:E$546,">=19") -> 10 | F840: =COUNTIF(F$364:F$546,">=19") -> 13 | G840: =COUNTIF(G$364:G$546,">=19") -> 13 | H840: =COUNTIF(H$364:H$546,">=19") -> 13 | I840: =COUNTIF(I$364:I$546,">=19") -> 6 | ... AG840: =COUNTIF(AG$364:AG$546,">=19") -> 9 | AH840: OCT 2019 - MARCH 2020
A841: DRY 1 | B841: =COUNTIF(B$181:B$364,">=19") -> 147 | C841: =COUNTIF(C$181:C$364,">=19") -> 130 | D841: =COUNTIF(D$181:D$364,">=19") -> 141 | E841: =COUNTIF(E$181:E$364,">=19") -> 140 | F841: =COUNTIF(F$181:F$364,">=19") -> 127 | G841: =COUNTIF(G$181:G$364,">=19") -> 123 | H841: =COUNTIF(H$181:H$364,">=19") -> 122 | I841: =COUNTIF(I$181:I$364,">=19") -> 134 | ... AG841: =COUNTIF(AG$181:AG$364,">=19") -> 158 | AH841: APRIL 2019 - SEPTEMBER 2019
A842: DRY 2 | B842: =COUNTIF(B$547:B$729,">=19") -> 161 | C842: =COUNTIF(C$547:C$729,">=19") -> 159 | D842: =COUNTIF(D$547:D$729,">=19") -> 160 | E842: =COUNTIF(E$547:E$729,">=19") -> 160 | F842: =COUNTIF(F$547:F$729,">=19") -> 156 | G842: =COUNTIF(G$547:G$729,">=19") -> 156 | H842: =COUNTIF(H$547:H$729,">=19") -> 150 | I842: =COUNTIF(I$547:I$729,">=19") -> 150 | ... AG842: =COUNTIF(AG$547:AG$729,">=19") -> 169 | AH842: APRIL 2020 - SEPTEMBER 2020
A843: ALL WET | B843: =SUM(B839,B840) -> 16 | C843: =SUM(C839,C840) -> 23 | D843: =SUM(D839,D840) -> 18 | E843: =SUM(E839,E840) -> 17 | F843: =SUM(F839,F840) -> 18 | G843: =SUM(G839,G840) -> 19 | H843: =SUM(H839,H840) -> 18 | I843: =SUM(I839,I840) -> 11 | ... AG843: =SUM(AG839,AG840) -> 20
A844: ALL DRY | B844: =SUM(B841,B842) -> 308 | C844: =SUM(C841,C842) -> 289 | D844: =SUM(D841,D842) -> 301 | E844: =SUM(E841,E842) -> 300 | F844: =SUM(F841,F842) -> 283 | G844: =SUM(G841,G842) -> 279 | H844: =SUM(H841,H842) -> 272 | I844: =SUM(I841,I842) -> 284 | ... AG844: =SUM(AG841,AG842) -> 327
D847: BOATING & DAY USE 19C | F847: THRESHOLD: 19C WATER TEMP | S847: BOATING & DAY USE 19C | AA847: BOATING & DAY USE 19C | AE847: BOATING & DAY USE 19C | AI847: BOATING & DAY USE 19C | AQ847: BOATING & DAY USE 19C | AY847: BOATING & DAY USE 19C
F848: WET SEASON | S848: TOTAL RUN | AA848: WET SEASONS | AE848: DRY SEASONS | AI848: TOTAL RUN | AK848: Delta-Wide | AL848: Suisun | AM848: Central Delta | AN848: North Delta | AO848: South Delta | AQ848: WET SEASONS | AS848: Delta-Wide | AT848: Suisun | AU848: Central Delta | AV848: North Delta | AW848: South Delta | AY848: DRY SEASONS | BA848: Delta-Wide | BB848: Suisun | BC848: Central Delta | BD848: North Delta | BE848: South Delta
F849: OCTOBER 1 - MARCH 31 | M849: DRY SEASON | S849: Total points | U849: =COUNTIF(B53:AG53,"<>") -> 32 | AA849: Total points | AC849: =U849 -> 32 | AE849: Total points | AG849: =U849 -> 32 | AI849: Total points | AK849: =AC849 -> 32 | AL849: 8 | AM849: 9 | AN849: 6 | AO849: 9 | AQ849: Total points | AS849: 32 | AT849: 8 | AU849: 9 | AV849: 6 | AW849: 9 | AY849: Total points | BA849: 32 | BB849: 8 | BC849: 9 | BD849: 6 | BE849: 9
F850: WET SEASON 1 | H850: 10/1/18 - 3/31/19 | J850: 178 | M850: APRIL 1 - SEPTEMBER 30 | S850: Days in run | U850: =COUNTIF($A$3:$A$786,"<>") -> 784 | AA850: Days in run | AC850: =SUM(J850:J851) -> 361 | AE850: Days in run | AG850: =SUM(Q851:Q852) -> 366 | AI850: Days in run | AK850: =COUNTIF($A$3:$A$786,"<>") -> 784 | AL850: =COUNTIF($A$3:$A$786,"<>") -> 784 | AM850: =COUNTIF($A$3:$A$786,"<>") -> 784 | AN850: =COUNTIF($A$3:$A$786,"<>") -> 784 | AO850: =COUNTIF($A$3:$A$786,"<>") -> 784 | AQ850: Days in run | AS850: =SUM($J$799:$J$800) -> 361 | AT850: =SUM($J$799:$J$800) -> 361 | AU850: =SUM($J$799:$J$800) -> 361 | AV850: =SUM($J$799:$J$800) -> 361 | AW850: =SUM($J$799:$J$800) -> 361 | AY850: Days in run | BA850: 366 | BB850: 366 | BC850: 366 | BD850: 366 | BE850: 366
F851: WET SEASON 2 | H851: 10/1/19 - 3/31/20 | J851: 183 | M851: DRY SEASON 2 | O851: 4/1/19 - 9/30/19 | Q851: 183 | S851: Total measurements | U851: =U850*U849 -> 25088 | V851: DENOMINATOR FOR EXCEEDANCE % | AA851: Total measurements | AC851: =AC850*AC849 -> 11552 | AE851: Total measurements | AG851: =AG849*AG850 -> 11712 | AI851: Total measurements | AK851: =AK850*AK849 -> 25088 | AL851: =AL850*AL849 -> 6272 | AM851: =AM850*AM849 -> 7056 | AN851: =AN850*AN849 -> 4704 | AO851: =AO850*AO849 -> 7056 | AQ851: Total measurements | AS851: =AS850*AS849 -> 11552 | AT851: =AT850*AT849 -> 2888 | AU851: =AU850*AU849 -> 3249 | AV851: =AV850*AV849 -> 2166 | AW851: =AW850*AW849 -> 3249 | AY851: Total measurements | BA851: =BA850*BA849 -> 11712 | BB851: =BB850*BB849 -> 2928 | BC851: =BC850*BC849 -> 3294 | BD851: =BD850*BD849 -> 2196 | BE851: =BE850*BE849 -> 3294
F852: WET SEASON 3 | H852: 10/1/20 - 12/1/20 | J852: 57 | M852: DRY SEASON 3 | O852: 4/1/20 - 9/30/20 | Q852: 183 | S852: Measurements >= 1000 | U852: =SUM(B838:AG838) -> 10225 | V852: NUMERATOR FOR EXCEEDANCE % | AA852: Measurements >= 1000 | AC852: =SUM(B843:AG843) -> 401 | AE852: Measurements >= 1000 | AG852: =SUM(B844:AG844) -> 9221 | AI852: Measurements >= 18.42 | AK852: =SUM(B838:AG838) -> 10225 | AL852: =SUM(B838:I838) -> 2597 | AM852: =SUM(J838:R838) -> 2909 | AN852: =SUM(S838:X838) -> 1740 | AO852: =SUM(Y838:AG838) -> 2979 | AQ852: Measurements >= 18.42 | AS852: =SUM(B843:AG843) -> 401 | AT852: =SUM(B843:I843) -> 140 | AU852: =SUM(J843:R843) -> 122 | AV852: =SUM(S843:X843) -> 18 | AW852: =SUM(Y843:AG843) -> 121 | AY852: Measurements >= 18.42 | BA852: =SUM(B844:AG844) -> 9221 | BB852: =SUM(B844:I844) -> 2316 | BC852: =SUM(J844:R844) -> 2586 | BD852: =SUM(S844:X844) -> 1660 | BE852: =SUM(Y844:AG844) -> 2659
S853: % Total Run Exceedances | U853: =$U852/$U851 -> 0.40756537 | AA853: % WET Exceedances | AC853: =AC852/AC851 -> 0.034712604 | AE853: % DRY Exceedances | AG853: =AG852/AG851 -> 0.78731216 | AI853: % Total Run Exceedances | AK853: =AK852/AK851 -> 0.40756537 | AL853: =AL852/AL851 -> 0.4140625 | AM853: =AM852/AM851 -> 0.41227324 | AN853: =AN852/AN851 -> 0.36989796 | AO853: =AO852/AO851 -> 0.42219388 | AQ853: % WET Exceedances | AS853: =AS852/AS851 -> 0.034712604 | AT853: =AT852/AT851 -> 0.048476454 | AU853: =AU852/AU851 -> 0.037550015 | AV853: =AV852/AV851 -> 0.0083102493 | AW853: =AW852/AW851 -> 0.037242228 | AY853: % DRY Exceedances | BA853: =BA852/BA851 -> 0.78731216 | BB853: =BB852/BB851 -> 0.79098361 | BC853: =BC852/BC851 -> 0.78506375 | BD853: =BD852/BD851 -> 0.75591985 | BE853: =BE852/BE851 -> 0.80722526
A856: TOTAL EXCEEDANCES | B856: =COUNTIF(B$3:B$786,"<=18") -> 389 | C856: =COUNTIF(C$3:C$786,"<=18") -> 421 | D856: =COUNTIF(D$3:D$786,"<=18") -> 400 | E856: =COUNTIF(E$3:E$786,"<=18") -> 402 | F856: =COUNTIF(F$3:F$786,"<=18") -> 429 | G856: =COUNTIF(G$3:G$786,"<=18") -> 430 | H856: =COUNTIF(H$3:H$786,"<=18") -> 432 | I856: =COUNTIF(I$3:I$786,"<=18") -> 427 | ... AG856: =COUNTIF(AG$3:AG$786,"<=18") -> 381
A857: WET 1 | B857: =COUNTIF(B$3:B$180,"<=18") -> 157 | C857: =COUNTIF(C$3:C$180,"<=18") -> 162 | D857: =COUNTIF(D$3:D$180,"<=18") -> 157 | E857: =COUNTIF(E$3:E$180,"<=18") -> 158 | F857: =COUNTIF(F$3:F$180,"<=18") -> 162 | G857: =COUNTIF(G$3:G$180,"<=18") -> 162 | H857: =COUNTIF(H$3:H$180,"<=18") -> 164 | I857: =COUNTIF(I$3:I$180,"<=18") -> 172 | ... AG857: =COUNTIF(AG$3:AG$180,"<=18") -> 153 | AH857: OCT 2018 - MARCH 2019
A858: WET 2 | B858: =COUNTIF(B$364:B$546,"<=18") -> 163 | C858: =COUNTIF(C$364:C$546,"<=18") -> 162 | D858: =COUNTIF(D$364:D$546,"<=18") -> 162 | E858: =COUNTIF(E$364:E$546,"<=18") -> 163 | F858: =COUNTIF(F$364:F$546,"<=18") -> 168 | G858: =COUNTIF(G$364:G$546,"<=18") -> 167 | H858: =COUNTIF(H$364:H$546,"<=18") -> 167 | I858: =COUNTIF(I$364:I$546,"<=18") -> 166 | ... AG858: =COUNTIF(AG$364:AG$546,"<=18") -> 165 | AH858: OCT 2019 - MARCH 2020
A859: DRY 1 | B859: =COUNTIF(B$181:B$364,"<=18") -> 16 | C859: =COUNTIF(C$181:C$364,"<=18") -> 42 | D859: =COUNTIF(D$181:D$364,"<=18") -> 25 | E859: =COUNTIF(E$181:E$364,"<=18") -> 26 | F859: =COUNTIF(F$181:F$364,"<=18") -> 42 | G859: =COUNTIF(G$181:G$364,"<=18") -> 44 | H859: =COUNTIF(H$181:H$364,"<=18") -> 44 | I859: =COUNTIF(I$181:I$364,"<=18") -> 30 | ... AG859: =COUNTIF(AG$181:AG$364,"<=18") -> 20 | AH859: APRIL 2019 - SEPTEMBER 2019
A860: DRY 2 | B860: =COUNTIF(B$547:B$729,"<=18") -> 19 | C860: =COUNTIF(C$547:C$729,"<=18") -> 22 | D860: =COUNTIF(D$547:D$729,"<=18") -> 22 | E860: =COUNTIF(E$547:E$729,"<=18") -> 21 | F860: =COUNTIF(F$547:F$729,"<=18") -> 23 | G860: =COUNTIF(G$547:G$729,"<=18") -> 24 | H860: =COUNTIF(H$547:H$729,"<=18") -> 24 | I860: =COUNTIF(I$547:I$729,"<=18") -> 21 | ... AG860: =COUNTIF(AG$547:AG$729,"<=18") -> 11 | AH860: APRIL 2020 - SEPTEMBER 2020
A861: ALL WET | B861: =SUM(B857,B858) -> 320 | C861: =SUM(C857,C858) -> 324 | D861: =SUM(D857,D858) -> 319 | E861: =SUM(E857,E858) -> 321 | F861: =SUM(F857,F858) -> 330 | G861: =SUM(G857,G858) -> 329 | H861: =SUM(H857,H858) -> 331 | I861: =SUM(I857,I858) -> 338 | ... AG861: =SUM(AG857,AG858) -> 318
A862: ALL DRY | B862: =SUM(B859,B860) -> 35 | C862: =SUM(C859,C860) -> 64 | D862: =SUM(D859,D860) -> 47 | E862: =SUM(E859,E860) -> 47 | F862: =SUM(F859,F860) -> 65 | G862: =SUM(G859,G860) -> 68 | H862: =SUM(H859,H860) -> 68 | I862: =SUM(I859,I860) -> 51 | ... AG862: =SUM(AG859,AG860) -> 31
D865: DAY USE <18C | F865: THRESHOLD: <18C WATER TEMP | S865: DAY USE <18C | AA865: DAY USE <18C | AE865: DAY USE <18C | AI865: DAY USE <18C | AQ865: DAY USE <18C | AY865: DAY USE <18C
F866: WET SEASON | S866: TOTAL RUN | AA866: WET SEASONS | AE866: DRY SEASONS | AI866: TOTAL RUN | AK866: Delta-Wide | AL866: Suisun | AM866: Central Delta | AN866: North Delta | AO866: South Delta | AQ866: WET SEASONS | AS866: Delta-Wide | AT866: Suisun | AU866: Central Delta | AV866: North Delta | AW866: South Delta | AY866: DRY SEASONS | BA866: Delta-Wide | BB866: Suisun | BC866: Central Delta | BD866: North Delta | BE866: South Delta
F867: OCTOBER 1 - MARCH 31 | M867: DRY SEASON | S867: Total points | U867: =COUNTIF(B71:AG71,"<>") -> 32 | AA867: Total points | AC867: =U867 -> 32 | AE867: Total points | AG867: =U867 -> 32 | AI867: Total points | AK867: =AC867 -> 32 | AL867: 8 | AM867: 9 | AN867: 6 | AO867: 9 | AQ867: Total points | AS867: 32 | AT867: 8 | AU867: 9 | AV867: 6 | AW867: 9 | AY867: Total points | BA867: 32 | BB867: 8 | BC867: 9 | BD867: 6 | BE867: 9
F868: WET SEASON 1 | H868: 10/1/18 - 3/31/19 | J868: 178 | M868: APRIL 1 - SEPTEMBER 30 | S868: Days in run | U868: =COUNTIF($A$3:$A$786,"<>") -> 784 | AA868: Days in run | AC868: =SUM(J868:J869) -> 361 | AE868: Days in run | AG868: =SUM(Q869:Q870) -> 366 | AI868: Days in run | AK868: =COUNTIF($A$3:$A$786,"<>") -> 784 | AL868: =COUNTIF($A$3:$A$786,"<>") -> 784 | AM868: =COUNTIF($A$3:$A$786,"<>") -> 784 | AN868: =COUNTIF($A$3:$A$786,"<>") -> 784 | AO868: =COUNTIF($A$3:$A$786,"<>") -> 784 | AQ868: Days in run | AS868: =SUM($J$799:$J$800) -> 361 | AT868: =SUM($J$799:$J$800) -> 361 | AU868: =SUM($J$799:$J$800) -> 361 | AV868: =SUM($J$799:$J$800) -> 361 | AW868: =SUM($J$799:$J$800) -> 361 | AY868: Days in run | BA868: 366 | BB868: 366 | BC868: 366 | BD868: 366 | BE868: 366
F869: WET SEASON 2 | H869: 10/1/19 - 3/31/20 | J869: 183 | M869: DRY SEASON 2 | O869: 4/1/19 - 9/30/19 | Q869: 183 | S869: Total measurements | U869: =U868*U867 -> 25088 | V869: DENOMINATOR FOR EXCEEDANCE % | AA869: Total measurements | AC869: =AC868*AC867 -> 11552 | AE869: Total measurements | AG869: =AG867*AG868 -> 11712 | AI869: Total measurements | AK869: =AK868*AK867 -> 25088 | AL869: =AL868*AL867 -> 6272 | AM869: =AM868*AM867 -> 7056 | AN869: =AN868*AN867 -> 4704 | AO869: =AO868*AO867 -> 7056 | AQ869: Total measurements | AS869: =AS868*AS867 -> 11552 | AT869: =AT868*AT867 -> 2888 | AU869: =AU868*AU867 -> 3249 | AV869: =AV868*AV867 -> 2166 | AW869: =AW868*AW867 -> 3249 | AY869: Total measurements | BA869: =BA868*BA867 -> 11712 | BB869: =BB868*BB867 -> 2928 | BC869: =BC868*BC867 -> 3294 | BD869: =BD868*BD867 -> 2196 | BE869: =BE868*BE867 -> 3294
F870: WET SEASON 3 | H870: 10/1/20 - 12/1/20 | J870: 57 | M870: DRY SEASON 3 | O870: 4/1/20 - 9/30/20 | Q870: 183 | S870: Measurements >= 1000 | U870: =SUM(B856:AG856) -> 13729 | V870: NUMERATOR FOR EXCEEDANCE % | AA870: Measurements >= 1000 | AC870: =SUM(B861:AG861) -> 10710 | AE870: Measurements >= 1000 | AG870: =SUM(B862:AG862) -> 1952 | AI870: Measurements >= 18.42 | AK870: =SUM(B856:AG856) -> 13729 | AL870: =SUM(B856:I856) -> 3330 | AM870: =SUM(J856:R856) -> 3831 | AN870: =SUM(S856:X856) -> 2742 | AO870: =SUM(Y856:AG856) -> 3826 | AQ870: Measurements >= 18.42 | AS870: =SUM(B861:AG861) -> 10710 | AT870: =SUM(B861:I861) -> 2612 | AU870: =SUM(J861:R861) -> 2993 | AV870: =SUM(S861:X861) -> 2108 | AW870: =SUM(Y861:AG861) -> 2997 | AY870: Measurements >= 18.42 | BA870: =SUM(B862:AG862) -> 1952 | BB870: =SUM(B862:I862) -> 445 | BC870: =SUM(J862:R862) -> 548 | BD870: =SUM(S862:X862) -> 421 | BE870: =SUM(Y862:AG862) -> 538
S871: % Total Run Exceedances | U871: =$U870/$U869 -> 0.54723374 | AA871: % WET Exceedances | AC871: =AC870/AC869 -> 0.92711219 | AE871: % DRY Exceedances | AG871: =AG870/AG869 -> 0.16666667 | AI871: % Total Run Exceedances | AK871: =AK870/AK869 -> 0.54723374 | AL871: =AL870/AL869 -> 0.53093112 | AM871: =AM870/AM869 -> 0.54294218 | AN871: =AN870/AN869 -> 0.58290816 | AO871: =AO870/AO869 -> 0.54223356 | AQ871: % WET Exceedances | AS871: =AS870/AS869 -> 0.92711219 | AT871: =AT870/AT869 -> 0.90443213 | AU871: =AU870/AU869 -> 0.92120653 | AV871: =AV870/AV869 -> 0.97322253 | AW871: =AW870/AW869 -> 0.92243767 | AY871: % DRY Exceedances | BA871: =BA870/BA869 -> 0.16666667 | BB871: =BB870/BB869 -> 0.15198087 | BC871: =BC870/BC869 -> 0.16636308 | BD871: =BD870/BD869 -> 0.1917122 | BE871: =BE870/BE869 -> 0.16332726

Sheet Tunnel (Pending)
B1: Suisun | J1: Central Delta | S1: North Delta | Y1: South Delta
A2: Date | B2: CHADBOURNE SLOUGH AT SUNRISE DUCK CLUB | C2: MONTEZUMA SLOUGH AT NATIONAL STEEL | D2: MONTEZUMA SLOUGH NEAR BELDENS LANDING | E2: SUISUN SLOUGH 300' SOUTH OF VOLANTI SLOUGH | F2: HONKER BAY | G2: SUISUN BAY AT VAN SICKLE ISLAND | H2: SUISUN BAY WEST REACH | I2: GRIZZLY BAY BUOY | J2: DUTCH SL BELOW JERSEY ISLAND | K2: FALSE RIVER NEAR OAKLEY | L2: OLD RIVER AT FRANKS TRACT | M2: PITTSBURG | N2: SACRAMENTO RIVER AT EMMATON | O2: SAN ANDREAS LANDING | P2: SAN JOAQUIN RIVER AT JERSEY POINT | Q2: SUISUN BAY AT CHANNEL MARKER 5 AT COLLINSVILLE | R2: BRANNAN MARINAS AT SAN JOAQUIN RIVER | S2: LIBERTY CUT AT FIVE POINTS | T2: CACHE SLOUGH ABOVE RYER ISLAND FERRY | U2: DELTA CROSS CHANNEL NEAR WALNUT GROVE | V2: SACRAMENTO RIVER DOWNSTREAM OF ISLETON | W2: COURTLAND AT SACRAMENTO RIVER | X2: VIERAS RESORT AT SACRAMENTO RIVER | Y2: GRANT LINE CANAL NEAR CLIFTON COURT FORE | Z2: LITTLE POTATO SLOUGH AT TERMINOUS | AA2: MIDDLE RIVER AT MILDRED ISLAND | AB2: OLD RIVER AT CLIFTON COURT | AC2: SAN JOAQUIN RIVER AT BRANDT BRIDGE | AD2: SAN JOAQUIN RIVER AT PRISONERS POINT | AE2: SAN JOAQUIN RIVER NEAR VERNALIS | AF2: SAN JOAQUIN RVER AT ROUGH AND READY ISLAND | AG2: VICTORIA CANAL BEFORE CLIFTON COURT FORE
A3: 43374 | B3: 19.644505 | C3: 19.693106 | D3: 19.422174 | E3: 19.291534 | F3: 19.037907 | G3: 19.071426 | H3: 18.825384 | I3: 18.771004 | J3: 20.373968 | K3: 20.189621 | L3: 20.414345 | M3: 19.08613 | N3: 19.725187 | O3: 20.276657 | P3: 20.077919 | Q3: 19.21741 | R3: 20.361866 | S3: 19.514801 | T3: 19.521894 | U3: 19.072483 | V3: 19.630007 | W3: 18.865742 | X3: 19.650633 | Y3: 21.778261 | Z3: 20.953884 | AA3: 21.108797 | AB3: 21.487507 | AC3: 21.637117 | AD3: 20.38595 | AE3: 21.385107 | AF3: 22.375582 | AG3: 21.69829
A4: 43375 | B4: 20.227428 | C4: 20.106255 | D4: 19.822777 | E4: 19.736235 | F4: 19.387918 | G4: 19.249655 | H4: 19.024107 | I4: 19.439087 | J4: 20.77116 | K4: 20.331861 | L4: 20.549227 | M4: 19.266079 | N4: 19.887602 | O4: 20.410105 | P4: 20.217821 | Q4: 19.393465 | R4: 20.44179 | S4: 20.091204 | T4: 19.76442 | U4: 19.09919 | V4: 19.782488 | W4: 18.98371 | X4: 19.734463 | Y4: 21.683847 | Z4: 21.107035 | AA4: 21.06143 | AB4: 21.38897 | AC4: 21.484581 | AD4: 20.48972 | AE4: 21.628126 | AF4: 22.247574 | AG4: 21.638483
A5: 43376 | B5: 20.450418 | C5: 20.341719 | D5: 20.16372 | E5: 20.09752 | F5: 19.568748 | G5: 19.413023 | H5: 19.218912 | I5: 19.810244 | J5: 20.909119 | K5: 20.437159 | L5: 20.590107 | M5: 19.436937 | N5: 19.98232 | O5: 20.424786 | P5: 20.340384 | Q5: 19.551003 | R5: 20.474466 | S5: 20.52553 | T5: 19.98711 | U5: 19.170595 | V5: 19.891376 | W5: 19.064043 | X5: 19.800652 | Y5: 21.711525 | Z5: 21.101583 | AA5: 21.124088 | AB5: 21.425117 | AC5: 21.631018 | AD5: 20.557787 | AE5: 21.69896 | AF5: 22.135254 | AG5: 21.676826
A6: 43377 | B6: 20.26353 | C6: 20.285759 | D6: 20.251688 | E6: 20.165476 | F6: 19.512676 | G6: 19.4737 | H6: 19.283989 | I6: 19.706795 | J6: 20.645098 | K6: 20.369331 | L6: 20.49441 | M6: 19.498697 | N6: 19.927149 | O6: 20.317152 | P6: 20.289808 | Q6: 19.60573 | R6: 20.402386 | S6: 20.123888 | T6: 19.929327 | U6: 19.151854 | V6: 19.747316 | W6: 19.032501 | X6: 19.637194 | Y6: 21.656157 | Z6: 20.94982 | AA6: 21.125032 | AB6: 21.42489 | AC6: 21.732409 | AD6: 20.498844 | AE6: 21.5 | AF6: 21.984787 | AG6: 21.57966
A7: 43378 | B7: 19.838331 | C7: 19.95193 | D7: 20.013208 | E7: 19.87339 | F7: 19.25834 | G7: 19.396423 | H7: 19.19152 | I7: 19.158854 | J7: 20.211678 | K7: 20.18868 | L7: 20.327696 | M7: 19.427351 | N7: 19.79052 | O7: 20.113585 | P7: 20.136086 | Q7: 19.508657 | R7: 20.244844 | S7: 19.393793 | T7: 19.601591 | U7: 19.049704 | V7: 19.474392 | W7: 18.88402 | X7: 19.358187 | Y7: 21.46862 | Z7: 20.73554 | AA7: 21.021116 | AB7: 21.292181 | AC7: 21.647278 | AD7: 20.344198 | AE7: 20.830208 | AF7: 21.780298 | AG7: 21.383242
A8: 43379 | B8: 20.107044 | C8: 20.113527 | D8: 20.096926 | E8: 19.946787 | F8: 19.359158 | G8: 19.430944 | H8: 19.214975 | I8: 19.227518 | J8: 20.137125 | K8: 20.116146 | L8: 20.21462 | M8: 19.457766 | N8: 19.74447 | O8: 20.041033 | P8: 20.074484 | Q8: 19.522722 | R8: 20.174273 | S8: 19.501108 | T8: 19.590605 | U8: 19.035032 | V8: 19.546387 | W8: 18.987062 | X8: 19.466719 | Y8: 21.24604 | Z8: 20.614 | AA8: 20.849957 | AB8: 21.102715 | AC8: 21.300404 | AD8: 20.251505 | AE8: 20.447916 | AF8: 21.610884 | AG8: 21.147238
A9: 43380 | B9: 19.880688 | C9: 20.094418 | D9: 20.063717 | E9: 19.902052 | F9: 19.219522 | G9: 19.38989 | H9: 19.18112 | I9: 18.998621 | J9: 19.36672 | K9: 19.727903 | L9: 19.868212 | M9: 19.424013 | N9: 19.479511 | O9: 19.73082 | P9: 19.733995 | Q9: 19.462473 | R9: 19.878426 | S9: 19.135544 | T9: 19.358154 | U9: 18.784681 | V9: 19.323265 | W9: 18.690676 | X9: 19.2458 | Y9: 20.257534 | Z9: 19.977808 | AA9: 20.161186 | AB9: 20.174204 | AC9: 19.900509 | AD9: 19.93799 | AE9: 19.233334 | AF9: 20.735033 | AG9: 20.11315
A10: 43381 | B10: 20.135515 | C10: 20.152975 | D10: 20.073141 | E10: 19.907503 | F10: 19.305973 | G10: 19.371344 | H10: 19.149958 | I10: 19.100084 | J10: 18.982435 | K10: 19.50591 | L10: 19.653944 | M10: 19.391228 | N10: 19.396885 | O10: 19.58325 | P10: 19.518175 | Q10: 19.431063 | R10: 19.69561 | S10: 18.74678 | T10: 19.131845 | U10: 18.53884 | V10: 19.124998 | W10: 18.155 | X10: 19.030107 | Y10: 19.735674 | Z10: 19.606798 | AA10: 19.840054 | AB10: 19.685041 | AC10: 19.01938 | AD10: 19.686666 | AE10: 18.642708 | AF10: 20.02045 | AG10: 19.569746
