Workbook

Sheet Overall
Y1: Notes: 1. Exceedances are lowest in Suisun and highest in the South Delta during dry-season activity windows: Day Use and Boating. Angling has the highest dry-season exceedance rate (83% Delta-wide) and Waterfowl the lowest (28%). 2. Scenario rankings (-5 to 5 vs. Historical Baseline) stay between -2 and +2, with most region and activity combinations scoring 0. Suisun shows the most movement: over the total run, both +30% and -10% Outflow score -1 (about 1% more exceedances than baseline) for Day Use and Boating, Birding, and Angling, while Day Use improves (+1 under both). +30% Outflow deviates from baseline more often than -10% Outflow, particularly in dry seasons, where it scores -1 Delta-wide for Day Use and Boating, Birding, and Angling. Waterfowl's only total-run shift is a +1 for +30% Outflow in the South Delta. 3. Under seasonality analysis, dry seasons exceed thresholds far more often than wet seasons for Day Use and Boating (80% vs. 9% Delta-wide), Birding (71% vs. 5%), Waterfowl (28% vs. <1%), and Angling (83% vs. 11%). Day Use is again inverted, exceeding 88% of the time in wet seasons vs. 14% in dry seasons.
C2: TOTAL RUN SCORES | I2: WET SEASON SCORES | O2: DRY SEASON SCORES
D3: REGION | E3: Historical Baseline | F3: +30% Outflow | G3: -10% Outflow | J3: REGION | K3: Historical Baseline | L3: +30% Outflow | M3: -10% Outflow | P3: REGION | Q3: Historical Baseline | R3: +30% Outflow | S3: -10% Outflow
C4: SP DAY USE & BOATING | D4: Delta-Wide | E4: =-MAX(-5,MIN(5,ROUND((D$39-D$39)*100,0))) -> 0 | F4: =-MAX(-5,MIN(5,ROUND((D$48-D$39)*100,0))) -> 0 | G4: =-MAX(-5,MIN(5,ROUND((D$57-D$39)*100,0))) -> 0 | I4: SP DAY USE & BOATING | J4: Delta-Wide | K4: =-MAX(-5,MIN(5,ROUND((I$39-I$39)*100,0))) -> 0 | L4: =-MAX(-5,MIN(5,ROUND((I$48-I$39)*100,0))) -> 0 | M4: =-MAX(-5,MIN(5,ROUND((I$57-I$39)*100,0))) -> 0 | O4: SP DAY USE & BOATING | P4: Delta-Wide | Q4: =-MAX(-5,MIN(5,ROUND((N$39-N$39)*100,0))) -> 0 | R4: =-MAX(-5,MIN(5,ROUND((N$48-N$39)*100,0))) -> -1 | S4: =-MAX(-5,MIN(5,ROUND((N$57-N$39)*100,0))) -> 0
D5: Suisun | E5: =-MAX(-5,MIN(5,ROUND((E$39-E$39)*100,0))) -> 0 | F5: =-MAX(-5,MIN(5,ROUND((E$48-E$39)*100,0))) -> -1 | G5: =-MAX(-5,MIN(5,ROUND((E$57-E$39)*100,0))) -> -1 | J5: Suisun | K5: =-MAX(-5,MIN(5,ROUND((J$39-J$39)*100,0))) -> 0 | L5: =-MAX(-5,MIN(5,ROUND((J$48-J$39)*100,0))) -> 0 | M5: =-MAX(-5,MIN(5,ROUND((J$57-J$39)*100,0))) -> 0 | P5: Suisun | Q5: =-MAX(-5,MIN(5,ROUND((O$39-O$39)*100,0))) -> 0 | R5: =-MAX(-5,MIN(5,ROUND((O$48-O$39)*100,0))) -> -2 | S5: =-MAX(-5,MIN(5,ROUND((O$57-O$39)*100,0))) -> -1
D6: Central | E6: =-MAX(-5,MIN(5,ROUND((F$39-F$39)*100,0))) -> 0 | F6: =-MAX(-5,MIN(5,ROUND((F$48-F$39)*100,0))) -> 0 | G6: =-MAX(-5,MIN(5,ROUND((F$57-F$39)*100,0))) -> 0 | J6: Central | K6: =-MAX(-5,MIN(5,ROUND((K$39-K$39)*100,0))) -> 0 | L6: =-MAX(-5,MIN(5,ROUND((K$48-K$39)*100,0))) -> 0 | M6: =-MAX(-5,MIN(5,ROUND((K$57-K$39)*100,0))) -> 0 | P6: Central | Q6: =-MAX(-5,MIN(5,ROUND((P$39-P$39)*100,0))) -> 0 | R6: =-MAX(-5,MIN(5,ROUND((P$48-P$39)*100,0))) -> -1 | S6: =-MAX(-5,MIN(5,ROUND((P$57-P$39)*100,0))) -> 0
D7: North | E7: =-MAX(-5,MIN(5,ROUND((G$39-G$39)*100,0))) -> 0 | F7: =-MAX(-5,MIN(5,ROUND((G$48-G$39)*100,0))) -> 0 | G7: =-MAX(-5,MIN(5,ROUND((G$57-G$39)*100,0))) -> 0 | J7: North | K7: =-MAX(-5,MIN(5,ROUND((L$39-L$39)*100,0))) -> 0 | L7: =-MAX(-5,MIN(5,ROUND((L$48-L$39)*100,0))) -> 1 | M7: =-MAX(-5,MIN(5,ROUND((L$57-L$39)*100,0))) -> -1 | P7: North | Q7: =-MAX(-5,MIN(5,ROUND((Q$39-Q$39)*100,0))) -> 0 | R7: =-MAX(-5,MIN(5,ROUND((Q$48-Q$39)*100,0))) -> 0 | S7: =-MAX(-5,MIN(5,ROUND((Q$57-Q$39)*100,0))) -> 0
D8: South | E8: =-MAX(-5,MIN(5,ROUND((H$39-H$39)*100,0))) -> 0 | F8: =-MAX(-5,MIN(5,ROUND((H$48-H$39)*100,0))) -> 0 | G8: =-MAX(-5,MIN(5,ROUND((H$57-H$39)*100,0))) -> 0 | J8: South | K8: =-MAX(-5,MIN(5,ROUND((M$39-M$39)*100,0))) -> 0 | L8: =-MAX(-5,MIN(5,ROUND((M$48-M$39)*100,0))) -> 0 | M8: =-MAX(-5,MIN(5,ROUND((M$57-M$39)*100,0))) -> 0 | P8: South | Q8: =-MAX(-5,MIN(5,ROUND((R$39-R$39)*100,0))) -> 0 | R8: =-MAX(-5,MIN(5,ROUND((R$48-R$39)*100,0))) -> 0 | S8: =-MAX(-5,MIN(5,ROUND((R$57-R$39)*100,0))) -> 0
D9: REGION | E9: Historical Baseline | F9: +30% Outflow | G9: -10% Outflow | J9: REGION | K9: Historical Baseline | L9: +30% Outflow | M9: -10% Outflow | P9: REGION | Q9: Historical Baseline | R9: +30% Outflow | S9: -10% Outflow
C10: BIRDING | D10: Delta-Wide | E10: =-MAX(-5,MIN(5,ROUND((D$40-D$40)*100,0))) -> 0 | F10: =-MAX(-5,MIN(5,ROUND((D$49-D$40)*100,0))) -> 0 | G10: =-MAX(-5,MIN(5,ROUND((D$58-D$40)*100,0))) -> 0 | I10: BIRDING | J10: Delta-Wide | K10: =-MAX(-5,MIN(5,ROUND((I$40-I$40)*100,0))) -> 0 | L10: =-MAX(-5,MIN(5,ROUND((I$49-I$40)*100,0))) -> 0 | M10: =-MAX(-5,MIN(5,ROUND((I$58-I$40)*100,0))) -> 0 | O10: BIRDING | P10: Delta-Wide | Q10: =-MAX(-5,MIN(5,ROUND((N$40-N$40)*100,0))) -> 0 | R10: =-MAX(-5,MIN(5,ROUND((N$49-N$40)*100,0))) -> -1 | S10: =-MAX(-5,MIN(5,ROUND((N$58-N$40)*100,0))) -> 0
D11: Suisun | E11: =-MAX(-5,MIN(5,ROUND((E$40-E$40)*100,0))) -> 0 | F11: =-MAX(-5,MIN(5,ROUND((E$49-E$40)*100,0))) -> -1 | G11: =-MAX(-5,MIN(5,ROUND((E$58-E$40)*100,0))) -> -1 | J11: Suisun | K11: =-MAX(-5,MIN(5,ROUND((J$40-J$40)*100,0))) -> 0 | L11: =-MAX(-5,MIN(5,ROUND((J$49-J$40)*100,0))) -> 0 | M11: =-MAX(-5,MIN(5,ROUND((J$58-J$40)*100,0))) -> 0 | P11: Suisun | Q11: =-MAX(-5,MIN(5,ROUND((O$40-O$40)*100,0))) -> 0 | R11: =-MAX(-5,MIN(5,ROUND((O$49-O$40)*100,0))) -> -2 | S11: =-MAX(-5,MIN(5,ROUND((O$58-O$40)*100,0))) -> -2
D12: Central | E12: =-MAX(-5,MIN(5,ROUND((F$40-F$40)*100,0))) -> 0 | F12: =-MAX(-5,MIN(5,ROUND((F$49-F$40)*100,0))) -> 0 | G12: =-MAX(-5,MIN(5,ROUND((F$58-F$40)*100,0))) -> 0 | J12: Central | K12: =-MAX(-5,MIN(5,ROUND((K$40-K$40)*100,0))) -> 0 | L12: =-MAX(-5,MIN(5,ROUND((K$49-K$40)*100,0))) -> 1 | M12: =-MAX(-5,MIN(5,ROUND((K$58-K$40)*100,0))) -> 0 | P12: Central | Q12: =-MAX(-5,MIN(5,ROUND((P$40-P$40)*100,0))) -> 0 | R12: =-MAX(-5,MIN(5,ROUND((P$49-P$40)*100,0))) -> 0 | S12: =-MAX(-5,MIN(5,ROUND((P$58-P$40)*100,0))) -> 0
D13: North | E13: =-MAX(-5,MIN(5,ROUND((G$40-G$40)*100,0))) -> 0 | F13: =-MAX(-5,MIN(5,ROUND((G$49-G$40)*100,0))) -> 0 | G13: =-MAX(-5,MIN(5,ROUND((G$58-G$40)*100,0))) -> 0 | J13: North | K13: =-MAX(-5,MIN(5,ROUND((L$40-L$40)*100,0))) -> 0 | L13: =-MAX(-5,MIN(5,ROUND((L$49-L$40)*100,0))) -> 0 | M13: =-MAX(-5,MIN(5,ROUND((L$58-L$40)*100,0))) -> 0 | P13: North | Q13: =-MAX(-5,MIN(5,ROUND((Q$40-Q$40)*100,0))) -> 0 | R13: =-MAX(-5,MIN(5,ROUND((Q$49-Q$40)*100,0))) -> 0 | S13: =-MAX(-5,MIN(5,ROUND((Q$58-Q$40)*100,0))) -> 0
D14: South | E14: =-MAX(-5,MIN(5,ROUND((H$40-H$40)*100,0))) -> 0 | F14: =-MAX(-5,MIN(5,ROUND((H$49-H$40)*100,0))) -> 0 | G14: =-MAX(-5,MIN(5,ROUND((H$58-H$40)*100,0))) -> 0 | J14: South | K14: =-MAX(-5,MIN(5,ROUND((M$40-M$40)*100,0))) -> 0 | L14: =-MAX(-5,MIN(5,ROUND((M$49-M$40)*100,0))) -> 0 | M14: =-MAX(-5,MIN(5,ROUND((M$58-M$40)*100,0))) -> 0 | P14: South | Q14: =-MAX(-5,MIN(5,ROUND((R$40-R$40)*100,0))) -> 0 | R14: =-MAX(-5,MIN(5,ROUND((R$49-R$40)*100,0))) -> 0 | S14: =-MAX(-5,MIN(5,ROUND((R$58-R$40)*100,0))) -> 0
D15: REGION | E15: Historical Baseline | F15: +30% Outflow | G15: -10% Outflow | J15: REGION | K15: Historical Baseline | L15: +30% Outflow | M15: -10% Outflow | P15: REGION | Q15: Historical Baseline | R15: +30% Outflow | S15: -10% Outflow
C16: WATERFOWL | D16: Delta-Wide | E16: =-MAX(-5,MIN(5,ROUND((D$41-D$41)*100,0))) -> 0 | F16: =-MAX(-5,MIN(5,ROUND((D$50-D$41)*100,0))) -> 0 | G16: =-MAX(-5,MIN(5,ROUND((D$59-D$41)*100,0))) -> 0 | I16: WATERFOWL | J16: Delta-Wide | K16: =-MAX(-5,MIN(5,ROUND((I$41-I$41)*100,0))) -> 0 | L16: =-MAX(-5,MIN(5,ROUND((I$50-I$41)*100,0))) -> 0 | M16: =-MAX(-5,MIN(5,ROUND((I$59-I$41)*100,0))) -> 0 | O16: WATERFOWL | P16: Delta-Wide | Q16: =-MAX(-5,MIN(5,ROUND((N$41-N$41)*100,0))) -> 0 | R16: =-MAX(-5,MIN(5,ROUND((N$50-N$41)*100,0))) -> 0 | S16: =-MAX(-5,MIN(5,ROUND((N$59-N$41)*100,0))) -> 0
D17: Suisun | E17: =-MAX(-5,MIN(5,ROUND((E$41-E$41)*100,0))) -> 0 | F17: =-MAX(-5,MIN(5,ROUND((E$50-E$41)*100,0))) -> 0 | G17: =-MAX(-5,MIN(5,ROUND((E$59-E$41)*100,0))) -> 0 | J17: Suisun | K17: =-MAX(-5,MIN(5,ROUND((J$41-J$41)*100,0))) -> 0 | L17: =-MAX(-5,MIN(5,ROUND((J$50-J$41)*100,0))) -> 0 | M17: =-MAX(-5,MIN(5,ROUND((J$59-J$41)*100,0))) -> 0 | P17: Suisun | Q17: =-MAX(-5,MIN(5,ROUND((O$41-O$41)*100,0))) -> 0 | R17: =-MAX(-5,MIN(5,ROUND((O$50-O$41)*100,0))) -> 0 | S17: =-MAX(-5,MIN(5,ROUND((O$59-O$41)*100,0))) -> 0
D18: Central | E18: =-MAX(-5,MIN(5,ROUND((F$41-F$41)*100,0))) -> 0 | F18: =-MAX(-5,MIN(5,ROUND((F$50-F$41)*100,0))) -> 0 | G18: =-MAX(-5,MIN(5,ROUND((F$59-F$41)*100,0))) -> 0 | J18: Central | K18: =-MAX(-5,MIN(5,ROUND((K$41-K$41)*100,0))) -> 0 | L18: =-MAX(-5,MIN(5,ROUND((K$50-K$41)*100,0))) -> 0 | M18: =-MAX(-5,MIN(5,ROUND((K$59-K$41)*100,0))) -> 0 | P18: Central | Q18: =-MAX(-5,MIN(5,ROUND((P$41-P$41)*100,0))) -> 0 | R18: =-MAX(-5,MIN(5,ROUND((P$50-P$41)*100,0))) -> 0 | S18: =-MAX(-5,MIN(5,ROUND((P$59-P$41)*100,0))) -> 0
D19: North | E19: =-MAX(-5,MIN(5,ROUND((G$41-G$41)*100,0))) -> 0 | F19: =-MAX(-5,MIN(5,ROUND((G$50-G$41)*100,0))) -> 0 | G19: =-MAX(-5,MIN(5,ROUND((G$59-G$41)*100,0))) -> 0 | J19: North | K19: =-MAX(-5,MIN(5,ROUND((L$41-L$41)*100,0))) -> 0 | L19: =-MAX(-5,MIN(5,ROUND((L$50-L$41)*100,0))) -> 0 | M19: =-MAX(-5,MIN(5,ROUND((L$59-L$41)*100,0))) -> 0 | P19: North | Q19: =-MAX(-5,MIN(5,ROUND((Q$41-Q$41)*100,0))) -> 0 | R19: =-MAX(-5,MIN(5,ROUND((Q$50-Q$41)*100,0))) -> 0 | S19: =-MAX(-5,MIN(5,ROUND((Q$59-Q$41)*100,0))) -> 1
D20: South | E20: =-MAX(-5,MIN(5,ROUND((H$41-H$41)*100,0))) -> 0 | F20: =-MAX(-5,MIN(5,ROUND((H$50-H$41)*100,0))) -> 1 | G20: =-MAX(-5,MIN(5,ROUND((H$59-H$41)*100,0))) -> 0 | J20: South | K20: =-MAX(-5,MIN(5,ROUND((M$41-M$41)*100,0))) -> 0 | L20: =-MAX(-5,MIN(5,ROUND((M$50-M$41)*100,0))) -> 0 | M20: =-MAX(-5,MIN(5,ROUND((M$59-M$41)*100,0))) -> 0 | P20: South | Q20: =-MAX(-5,MIN(5,ROUND((R$41-R$41)*100,0))) -> 0 | R20: =-MAX(-5,MIN(5,ROUND((R$50-R$41)*100,0))) -> 1 | S20: =-MAX(-5,MIN(5,ROUND((R$59-R$41)*100,0))) -> 0
D21: REGION | E21: Historical Baseline | F21: +30% Outflow | G21: -10% Outflow | J21: REGION | K21: Historical Baseline | L21: +30% Outflow | M21: -10% Outflow | P21: REGION | Q21: Historical Baseline | R21: +30% Outflow | S21: -10% Outflow
C22: ANGLING | D22: Delta-Wide | E22: =-MAX(-5,MIN(5,ROUND((D$42-D$42)*100,0))) -> 0 | F22: =-MAX(-5,MIN(5,ROUND((D$51-D$42)*100,0))) -> 0 | G22: =-MAX(-5,MIN(5,ROUND((D$60-D$42)*100,0))) -> 0 | I22: ANGLING | J22: Delta-Wide | K22: =-MAX(-5,MIN(5,ROUND((I$42-I$42)*100,0))) -> 0 | L22: =-MAX(-5,MIN(5,ROUND((I$51-I$42)*100,0))) -> 0 | M22: =-MAX(-5,MIN(5,ROUND((I$60-I$42)*100,0))) -> 0 | O22: ANGLING | P22: Delta-Wide | Q22: =-MAX(-5,MIN(5,ROUND((N$42-N$42)*100,0))) -> 0 | R22: =-MAX(-5,MIN(5,ROUND((N$51-N$42)*100,0))) -> -1 | S22: =-MAX(-5,MIN(5,ROUND((N$60-N$42)*100,0))) -> 0
D23: Suisun | E23: =-MAX(-5,MIN(5,ROUND((E$42-E$42)*100,0))) -> 0 | F23: =-MAX(-5,MIN(5,ROUND((E$51-E$42)*100,0))) -> -1 | G23: =-MAX(-5,MIN(5,ROUND((E$60-E$42)*100,0))) -> -1 | J23: Suisun | K23: =-MAX(-5,MIN(5,ROUND((J$42-J$42)*100,0))) -> 0 | L23: =-MAX(-5,MIN(5,ROUND((J$51-J$42)*100,0))) -> 0 | M23: =-MAX(-5,MIN(5,ROUND((J$60-J$42)*100,0))) -> 0 | P23: Suisun | Q23: =-MAX(-5,MIN(5,ROUND((O$42-O$42)*100,0))) -> 0 | R23: =-MAX(-5,MIN(5,ROUND((O$51-O$42)*100,0))) -> -1 | S23: =-MAX(-5,MIN(5,ROUND((O$60-O$42)*100,0))) -> -1
D24: Central | E24: =-MAX(-5,MIN(5,ROUND((F$42-F$42)*100,0))) -> 0 | F24: =-MAX(-5,MIN(5,ROUND((F$51-F$42)*100,0))) -> 0 | G24: =-MAX(-5,MIN(5,ROUND((F$60-F$42)*100,0))) -> 0 | J24: Central | K24: =-MAX(-5,MIN(5,ROUND((K$42-K$42)*100,0))) -> 0 | L24: =-MAX(-5,MIN(5,ROUND((K$51-K$42)*100,0))) -> 0 | M24: =-MAX(-5,MIN(5,ROUND((K$60-K$42)*100,0))) -> 0 | P24: Central | Q24: =-MAX(-5,MIN(5,ROUND((P$42-P$42)*100,0))) -> 0 | R24: =-MAX(-5,MIN(5,ROUND((P$51-P$42)*100,0))) -> -1 | S24: =-MAX(-5,MIN(5,ROUND((P$60-P$42)*100,0))) -> 0
D25: North | E25: =-MAX(-5,MIN(5,ROUND((G$42-G$42)*100,0))) -> 0 | F25: =-MAX(-5,MIN(5,ROUND((G$51-G$42)*100,0))) -> 0 | G25: =-MAX(-5,MIN(5,ROUND((G$60-G$42)*100,0))) -> 0 | J25: North | K25: =-MAX(-5,MIN(5,ROUND((L$42-L$42)*100,0))) -> 0 | L25: =-MAX(-5,MIN(5,ROUND((L$51-L$42)*100,0))) -> 1 | M25: =-MAX(-5,MIN(5,ROUND((L$60-L$42)*100,0))) -> 0 | P25: North | Q25: =-MAX(-5,MIN(5,ROUND((Q$42-Q$42)*100,0))) -> 0 | R25: =-MAX(-5,MIN(5,ROUND((Q$51-Q$42)*100,0))) -> -1 | S25: =-MAX(-5,MIN(5,ROUND((Q$60-Q$42)*100,0))) -> 0
D26: South | E26: =-MAX(-5,MIN(5,ROUND((H$42-H$42)*100,0))) -> 0 | F26: =-MAX(-5,MIN(5,ROUND((H$51-H$42)*100,0))) -> 0 | G26: =-MAX(-5,MIN(5,ROUND((H$60-H$42)*100,0))) -> 0 | J26: South | K26: =-MAX(-5,MIN(5,ROUND((M$42-M$42)*100,0))) -> 0 | L26: =-MAX(-5,MIN(5,ROUND((M$51-M$42)*100,0))) -> 0 | M26: =-MAX(-5,MIN(5,ROUND((M$60-M$42)*100,0))) -> 0 | P26: South | Q26: =-MAX(-5,MIN(5,ROUND((R$42-R$42)*100,0))) -> 0 | R26: =-MAX(-5,MIN(5,ROUND((R$51-R$42)*100,0))) -> 0 | S26: =-MAX(-5,MIN(5,ROUND((R$60-R$42)*100,0))) -> 0
D27: REGION | E27: Historical Baseline | F27: +30% Outflow | G27: -10% Outflow | J27: REGION | K27: Historical Baseline | L27: +30% Outflow | M27: -10% Outflow | P27: REGION | Q27: Historical Baseline | R27: +30% Outflow | S27: -10% Outflow
C28: DAY USE | D28: Delta-Wide | E28: =-MAX(-5,MIN(5,ROUND((D$43-D$43)*100,0))) -> 0 | F28: =-MAX(-5,MIN(5,ROUND((D$52-D$43)*100,0))) -> 0 | G28: =-MAX(-5,MIN(5,ROUND((D$61-D$43)*100,0))) -> 0 | I28: DAY USE | J28: Delta-Wide | K28: =-MAX(-5,MIN(5,ROUND((I$43-I$43)*100,0))) -> 0 | L28: =-MAX(-5,MIN(5,ROUND((I$52-I$43)*100,0))) -> 0 | M28: =-MAX(-5,MIN(5,ROUND((I$61-I$43)*100,0))) -> 0 | O28: DAY USE | P28: Delta-Wide | Q28: =-MAX(-5,MIN(5,ROUND((N$43-N$43)*100,0))) -> 0 | R28: =-MAX(-5,MIN(5,ROUND((N$52-N$43)*100,0))) -> 1 | S28: =-MAX(-5,MIN(5,ROUND((N$61-N$43)*100,0))) -> 0
D29: Suisun | E29: =-MAX(-5,MIN(5,ROUND((E$43-E$43)*100,0))) -> 0 | F29: =-MAX(-5,MIN(5,ROUND((E$52-E$43)*100,0))) -> 1 | G29: =-MAX(-5,MIN(5,ROUND((E$61-E$43)*100,0))) -> 1 | J29: Suisun | K29: =-MAX(-5,MIN(5,ROUND((J$43-J$43)*100,0))) -> 0 | L29: =-MAX(-5,MIN(5,ROUND((J$52-J$43)*100,0))) -> 0 | M29: =-MAX(-5,MIN(5,ROUND((J$61-J$43)*100,0))) -> 0 | P29: Suisun | Q29: =-MAX(-5,MIN(5,ROUND((O$43-O$43)*100,0))) -> 0 | R29: =-MAX(-5,MIN(5,ROUND((O$52-O$43)*100,0))) -> 2 | S29: =-MAX(-5,MIN(5,ROUND((O$61-O$43)*100,0))) -> 1
D30: Central | E30: =-MAX(-5,MIN(5,ROUND((F$43-F$43)*100,0))) -> 0 | F30: =-MAX(-5,MIN(5,ROUND((F$52-F$43)*100,0))) -> 0 | G30: =-MAX(-5,MIN(5,ROUND((F$61-F$43)*100,0))) -> 0 | J30: Central | K30: =-MAX(-5,MIN(5,ROUND((K$43-K$43)*100,0))) -> 0 | L30: =-MAX(-5,MIN(5,ROUND((K$52-K$43)*100,0))) -> 0 | M30: =-MAX(-5,MIN(5,ROUND((K$61-K$43)*100,0))) -> 0 | P30: Central | Q30: =-MAX(-5,MIN(5,ROUND((P$43-P$43)*100,0))) -> 0 | R30: =-MAX(-5,MIN(5,ROUND((P$52-P$43)*100,0))) -> 0 | S30: =-MAX(-5,MIN(5,ROUND((P$61-P$43)*100,0))) -> 0
D31: North | E31: =-MAX(-5,MIN(5,ROUND((G$43-G$43)*100,0))) -> 0 | F31: =-MAX(-5,MIN(5,ROUND((G$52-G$43)*100,0))) -> 0 | G31: =-MAX(-5,MIN(5,ROUND((G$61-G$43)*100,0))) -> 0 | J31: North | K31: =-MAX(-5,MIN(5,ROUND((L$43-L$43)*100,0))) -> 0 | L31: =-MAX(-5,MIN(5,ROUND((L$52-L$43)*100,0))) -> 0 | M31: =-MAX(-5,MIN(5,ROUND((L$61-L$43)*100,0))) -> 0 | P31: North | Q31: =-MAX(-5,MIN(5,ROUND((Q$43-Q$43)*100,0))) -> 0 | R31: =-MAX(-5,MIN(5,ROUND((Q$52-Q$43)*100,0))) -> 1 | S31: =-MAX(-5,MIN(5,ROUND((Q$61-Q$43)*100,0))) -> 0
D32: South | E32: =-MAX(-5,MIN(5,ROUND((H$43-H$43)*100,0))) -> 0 | F32: =-MAX(-5,MIN(5,ROUND((H$52-H$43)*100,0))) -> 0 | G32: =-MAX(-5,MIN(5,ROUND((H$61-H$43)*100,0))) -> 0 | J32: South | K32: =-MAX(-5,MIN(5,ROUND((M$43-M$43)*100,0))) -> 0 | L32: =-MAX(-5,MIN(5,ROUND((M$52-M$43)*100,0))) -> 0 | M32: =-MAX(-5,MIN(5,ROUND((M$61-M$43)*100,0))) -> 0 | P32: South | Q32: =-MAX(-5,MIN(5,ROUND((R$43-R$43)*100,0))) -> 0 | R32: =-MAX(-5,MIN(5,ROUND((R$52-R$43)*100,0))) -> 0 | S32: =-MAX(-5,MIN(5,ROUND((R$61-R$43)*100,0))) -> 0
C36: RUN 15 % EXCEEDANCES
D37: Total Run | I37: Wet Seasons | N37: Dry Seasons
D38: Delta-Wide | E38: Suisun | F38: Central Delta | G38: North Delta | H38: South Delta | I38: Delta-Wide | J38: Suisun | K38: Central Delta | L38: North Delta | M38: South Delta | N38: Delta-Wide | O38: Suisun | P38: Central Delta | Q38: North Delta | R38: South Delta
C39: Day Use & Boating | D39: ='Run 15 Temp'!AK527 -> 0.41441552 | E39: ='Run 15 Temp'!AL527 -> 0.37033399 | F39: ='Run 15 Temp'!AM527 -> 0.43418468 | G39: ='Run 15 Temp'!AN527 -> 0.39980354 | H39: ='Run 15 Temp'!AO527 -> 0.44357127 | I39: ='Run 15 Temp'!AS527 -> 0.090568182 | J39: ='Run 15 Temp'!AT527 -> 0.084545455 | K39: ='Run 15 Temp'!AU527 -> 0.11070707 | L39: ='Run 15 Temp'!AV527 -> 0.046666667 | M39: ='Run 15 Temp'!AW527 -> 0.10505051 | N39: ='Run 15 Temp'!BA527 -> 0.79500534 | O39: ='Run 15 Temp'!BB527 -> 0.70619658 | P39: ='Run 15 Temp'!BC527 -> 0.81433998 | Q39: ='Run 15 Temp'!BD527 -> 0.81481481 | R39: ='Run 15 Temp'!BE527 -> 0.84140551
C40: Birding | D40: ='Run 15 Temp'!AK544 -> 0.35025786 | E40: ='Run 15 Temp'!AL544 -> 0.27946955 | F40: ='Run 15 Temp'!AM544 -> 0.37349924 | G40: ='Run 15 Temp'!AN544 -> 0.33791749 | H40: ='Run 15 Temp'!AO544 -> 0.39816634 | I40: ='Run 15 Temp'!AS544 -> 0.046363636 | J40: ='Run 15 Temp'!AT544 -> 0.025454545 | K40: ='Run 15 Temp'!AU544 -> 0.054949495 | L40: ='Run 15 Temp'!AV544 -> 0.016969697 | M40: ='Run 15 Temp'!AW544 -> 0.075959596 | N40: ='Run 15 Temp'!BA544 -> 0.7073985 | O40: ='Run 15 Temp'!BB544 -> 0.57799145 | P40: ='Run 15 Temp'!BC544 -> 0.74786325 | Q40: ='Run 15 Temp'!BD544 -> 0.71509972 | R40: ='Run 15 Temp'!BE544 -> 0.77682811
C41: Waterfowl | D41: ='Run 15 Temp'!AK561 -> 0.12794695 | E41: ='Run 15 Temp'!AL561 -> 0.014734774 | F41: ='Run 15 Temp'!AM561 -> 0.11831478 | G41: ='Run 15 Temp'!AN561 -> 0.11198428 | H41: ='Run 15 Temp'!AO561 -> 0.24885396 | I41: ='Run 15 Temp'!AS561 -> 0.0019318182 | J41: ='Run 15 Temp'!AT561 -> 0 | K41: ='Run 15 Temp'!AU561 -> 0 | L41: ='Run 15 Temp'!AV561 -> 0 | M41: ='Run 15 Temp'!AW561 -> 0.0068686869 | N41: ='Run 15 Temp'!BA561 -> 0.27604167 | O41: ='Run 15 Temp'!BB561 -> 0.032051282 | P41: ='Run 15 Temp'!BC561 -> 0.25735992 | Q41: ='Run 15 Temp'!BD561 -> 0.24358974 | R41: ='Run 15 Temp'!BE561 -> 0.53323837
C42: Angling | D42: ='Run 15 Temp'!AK578 -> 0.4410609 | E42: ='Run 15 Temp'!AL578 -> 0.40643418 | F42: ='Run 15 Temp'!AM578 -> 0.45426763 | G42: ='Run 15 Temp'!AN578 -> 0.43123772 | H42: ='Run 15 Temp'!AO578 -> 0.46518227 | I42: ='Run 15 Temp'!AS578 -> 0.10613636 | J42: ='Run 15 Temp'!AT578 -> 0.099545455 | K42: ='Run 15 Temp'!AU578 -> 0.12121212 | L42: ='Run 15 Temp'!AV578 -> 0.078181818 | M42: ='Run 15 Temp'!AW578 -> 0.11555556 | N42: ='Run 15 Temp'!BA578 -> 0.8346688 | O42: ='Run 15 Temp'!BB578 -> 0.76709402 | P42: ='Run 15 Temp'!BC578 -> 0.84567901 | Q42: ='Run 15 Temp'!BD578 -> 0.84615385 | R42: ='Run 15 Temp'!BE578 -> 0.87606838
C43: Day Use | D43: ='Run 15 Temp'!AK595 -> 0.54236248 | E43: ='Run 15 Temp'!AL595 -> 0.57293713 | F43: ='Run 15 Temp'!AM595 -> 0.53285309 | G43: ='Run 15 Temp'!AN595 -> 0.5481336 | H43: ='Run 15 Temp'!AO595 -> 0.52084698 | I43: ='Run 15 Temp'!AS595 -> 0.88477273 | J43: ='Run 15 Temp'!AT595 -> 0.88863636 | K43: ='Run 15 Temp'!AU595 -> 0.87555556 | L43: ='Run 15 Temp'!AV595 -> 0.90363636 | M43: ='Run 15 Temp'!AW595 -> 0.8779798 | N43: ='Run 15 Temp'!BA595 -> 0.13995726 | O43: ='Run 15 Temp'!BB595 -> 0.20192308 | P43: ='Run 15 Temp'!BC595 -> 0.13010446 | Q43: ='Run 15 Temp'!BD595 -> 0.13034188 | R43: ='Run 15 Temp'!BE595 -> 0.1011396
C45: RUN 16 % EXCEEDANCES
D46: Total Run | I46: Wet Seasons | N46: Dry Seasons
D47: Delta-Wide | E47: Suisun | F47: Central Delta | G47: North Delta | H47: South Delta | I47: Delta-Wide | J47: Suisun | K47: Central Delta | L47: North Delta | M47: South Delta | N47: Delta-Wide | O47: Suisun | P47: Central Delta | Q47: North Delta | R47: South Delta
C48: Day Use & Boating | D48: ='Run 16 Temp'!AK527 -> 0.41631876 | E48: ='Run 16 Temp'!AL527 -> 0.37942043 | F48: ='Run 16 Temp'!AM527 -> 0.43680419 | G48: ='Run 16 Temp'!AN527 -> 0.39489194 | H48: ='Run 16 Temp'!AO527 -> 0.44291639 | I48: ='Run 16 Temp'!AS527 -> 0.088409091 | J48: ='Run 16 Temp'!AT527 -> 0.085 | K48: ='Run 16 Temp'!AU527 -> 0.10909091 | L48: ='Run 16 Temp'!AV527 -> 0.037575758 | M48: ='Run 16 Temp'!AW527 -> 0.10464646 | N48: ='Run 16 Temp'!BA527 -> 0.80168269 | O48: ='Run 16 Temp'!BB527 -> 0.72542735 | P48: ='Run 16 Temp'!BC527 -> 0.82193732 | Q48: ='Run 16 Temp'!BD527 -> 0.81481481 | R48: ='Run 16 Temp'!BE527 -> 0.84045584
C49: Birding | D49: ='Run 16 Temp'!AK544 -> 0.3509946 | E49: ='Run 16 Temp'!AL544 -> 0.29002947 | F49: ='Run 16 Temp'!AM544 -> 0.37087972 | G49: ='Run 16 Temp'!AN544 -> 0.33431565 | H49: ='Run 16 Temp'!AO544 -> 0.39642 | I49: ='Run 16 Temp'!AS544 -> 0.042272727 | J49: ='Run 16 Temp'!AT544 -> 0.025 | K49: ='Run 16 Temp'!AU544 -> 0.046868687 | L49: ='Run 16 Temp'!AV544 -> 0.013333333 | M49: ='Run 16 Temp'!AW544 -> 0.072323232 | N49: ='Run 16 Temp'!BA544 -> 0.71380876 | O49: ='Run 16 Temp'!BB544 -> 0.60149573 | P49: ='Run 16 Temp'!BC544 -> 0.75166192 | Q49: ='Run 16 Temp'!BD544 -> 0.71153846 | R49: ='Run 16 Temp'!BE544 -> 0.77730294
C50: Waterfowl | D50: ='Run 16 Temp'!AK561 -> 0.12653487 | E50: ='Run 16 Temp'!AL561 -> 0.015717092 | F50: ='Run 16 Temp'!AM561 -> 0.1176599 | G50: ='Run 16 Temp'!AN561 -> 0.11165684 | H50: ='Run 16 Temp'!AO561 -> 0.24383322 | I50: ='Run 16 Temp'!AS561 -> 0.0013636364 | J50: ='Run 16 Temp'!AT561 -> 0 | K50: ='Run 16 Temp'!AU561 -> 0 | L50: ='Run 16 Temp'!AV561 -> 0 | M50: ='Run 16 Temp'!AW561 -> 0.0048484848 | N50: ='Run 16 Temp'!BA561 -> 0.27363782 | O50: ='Run 16 Temp'!BB561 -> 0.034188034 | P50: ='Run 16 Temp'!BC561 -> 0.25593542 | Q50: ='Run 16 Temp'!BD561 -> 0.24287749 | R50: ='Run 16 Temp'!BE561 -> 0.52469136
C51: Angling | D51: ='Run 16 Temp'!AK578 -> 0.44308694 | E51: ='Run 16 Temp'!AL578 -> 0.41380157 | F51: ='Run 16 Temp'!AM578 -> 0.45710544 | G51: ='Run 16 Temp'!AN578 -> 0.42861821 | H51: ='Run 16 Temp'!AO578 -> 0.46474569 | I51: ='Run 16 Temp'!AS578 -> 0.10477273 | J51: ='Run 16 Temp'!AT578 -> 0.10227273 | K51: ='Run 16 Temp'!AU578 -> 0.12121212 | L51: ='Run 16 Temp'!AV578 -> 0.068484848 | M51: ='Run 16 Temp'!AW578 -> 0.11474747 | N51: ='Run 16 Temp'!BA578 -> 0.84067842 | O51: ='Run 16 Temp'!BB578 -> 0.77991453 | P51: ='Run 16 Temp'!BC578 -> 0.85185185 | Q51: ='Run 16 Temp'!BD578 -> 0.85185185 | R51: ='Run 16 Temp'!BE578 -> 0.87606838
C52: Day Use | D52: ='Run 16 Temp'!AK595 -> 0.53923134 | E52: ='Run 16 Temp'!AL595 -> 0.56409627 | F52: ='Run 16 Temp'!AM595 -> 0.53110675 | G52: ='Run 16 Temp'!AN595 -> 0.54616896 | H52: ='Run 16 Temp'!AO595 -> 0.52062868 | I52: ='Run 16 Temp'!AS595 -> 0.88545455 | J52: ='Run 16 Temp'!AT595 -> 0.88772727 | K52: ='Run 16 Temp'!AU595 -> 0.8759596 | L52: ='Run 16 Temp'!AV595 -> 0.90727273 | M52: ='Run 16 Temp'!AW595 -> 0.87838384 | N52: ='Run 16 Temp'!BA595 -> 0.13234509 | O52: ='Run 16 Temp'!BB595 -> 0.18376068 | P52: ='Run 16 Temp'!BC595 -> 0.12583096 | Q52: ='Run 16 Temp'!BD595 -> 0.12179487 | R52: ='Run 16 Temp'!BE595 -> 0.10018993
C54: RUN 17 % EXCEEDANCES
D55: Total Run | I55: Wet Seasons | N55: Dry Seasons
D56: Delta-Wide | E56: Suisun | F56: Central Delta | G56: North Delta | H56: South Delta | I56: Delta-Wide | J56: Suisun | K56: Central Delta | L56: North Delta | M56: South Delta | N56: Delta-Wide | O56: Suisun | P56: Central Delta | Q56: North Delta | R56: South Delta
C57: Day Use & Boating | D57: ='Run 17 Temp'!AK527 -> 0.41674853 | E57: ='Run 17 Temp'!AL527 -> 0.37721022 | F57: ='Run 17 Temp'!AM527 -> 0.43527614 | G57: ='Run 17 Temp'!AN527 -> 0.40275049 | H57: ='Run 17 Temp'!AO527 -> 0.4426981 | I57: ='Run 17 Temp'!AS527 -> 0.092159091 | J57: ='Run 17 Temp'!AT527 -> 0.086818182 | K57: ='Run 17 Temp'!AU527 -> 0.11070707 | L57: ='Run 17 Temp'!AV527 -> 0.052727273 | M57: ='Run 17 Temp'!AW527 -> 0.10464646 | N57: ='Run 17 Temp'!BA527 -> 0.79821047 | O57: ='Run 17 Temp'!BB527 -> 0.71848291 | P57: ='Run 17 Temp'!BC527 -> 0.81671415 | Q57: ='Run 17 Temp'!BD527 -> 0.81410256 | R57: ='Run 17 Temp'!BE527 -> 0.83998101
C58: Birding | D58: ='Run 17 Temp'!AK544 -> 0.35265226 | E58: ='Run 17 Temp'!AL544 -> 0.28781925 | F58: ='Run 17 Temp'!AM544 -> 0.37371753 | G58: ='Run 17 Temp'!AN544 -> 0.3388998 | H58: ='Run 17 Temp'!AO544 -> 0.39838463 | I58: ='Run 17 Temp'!AS544 -> 0.047840909 | J58: ='Run 17 Temp'!AT544 -> 0.025454545 | K58: ='Run 17 Temp'!AU544 -> 0.057777778 | L58: ='Run 17 Temp'!AV544 -> 0.019393939 | M58: ='Run 17 Temp'!AW544 -> 0.076767677 | N58: ='Run 17 Temp'!BA544 -> 0.71087073 | O58: ='Run 17 Temp'!BB544 -> 0.59615385 | P58: ='Run 17 Temp'!BC544 -> 0.74501425 | Q58: ='Run 17 Temp'!BD544 -> 0.71438746 | R58: ='Run 17 Temp'!BE544 -> 0.77635328
C59: Waterfowl | D59: ='Run 17 Temp'!AK561 -> 0.12721022 | E59: ='Run 17 Temp'!AL561 -> 0.014980354 | F59: ='Run 17 Temp'!AM561 -> 0.11722331 | G59: ='Run 17 Temp'!AN561 -> 0.10936477 | H59: ='Run 17 Temp'!AO561 -> 0.24885396 | I59: ='Run 17 Temp'!AS561 -> 0.0020454545 | J59: ='Run 17 Temp'!AT561 -> 0 | K59: ='Run 17 Temp'!AU561 -> 0 | L59: ='Run 17 Temp'!AV561 -> 0 | M59: ='Run 17 Temp'!AW561 -> 0.0072727273 | N59: ='Run 17 Temp'!BA561 -> 0.27430556 | O59: ='Run 17 Temp'!BB561 -> 0.03258547 | P59: ='Run 17 Temp'!BC561 -> 0.25498575 | Q59: ='Run 17 Temp'!BD561 -> 0.23789174 | R59: ='Run 17 Temp'!BE561 -> 0.53276353
C60: Angling | D60: ='Run 17 Temp'!AK578 -> 0.44222741 | E60: ='Run 17 Temp'!AL578 -> 0.41257367 | F60: ='Run 17 Temp'!AM578 -> 0.45383104 | G60: ='Run 17 Temp'!AN578 -> 0.43222004 | H60: ='Run 17 Temp'!AO578 -> 0.46365422 | I60: ='Run 17 Temp'!AS578 -> 0.10704545 | J60: ='Run 17 Temp'!AT578 -> 0.10272727 | K60: ='Run 17 Temp'!AU578 -> 0.12121212 | L60: ='Run 17 Temp'!AV578 -> 0.082424242 | M60: ='Run 17 Temp'!AW578 -> 0.11313131 | N60: ='Run 17 Temp'!BA578 -> 0.83613782 | O60: ='Run 17 Temp'!BB578 -> 0.7767094 | P60: ='Run 17 Temp'!BC578 -> 0.84472934 | Q60: ='Run 17 Temp'!BD578 -> 0.84330484 | R60: ='Run 17 Temp'!BE578 -> 0.87559354
C61: Day Use | D61: ='Run 17 Temp'!AK595 -> 0.54150295 | E61: ='Run 17 Temp'!AL595 -> 0.5672888 | F61: ='Run 17 Temp'!AM595 -> 0.53307138 | G61: ='Run 17 Temp'!AN595 -> 0.54846103 | H61: ='Run 17 Temp'!AO595 -> 0.52237503 | I61: ='Run 17 Temp'!AS595 -> 0.88443182 | J61: ='Run 17 Temp'!AT595 -> 0.88818182 | K61: ='Run 17 Temp'!AU595 -> 0.87515152 | L61: ='Run 17 Temp'!AV595 -> 0.90181818 | M61: ='Run 17 Temp'!AW595 -> 0.87878788 | N61: ='Run 17 Temp'!BA595 -> 0.13848825 | O61: ='Run 17 Temp'!BB595 -> 0.19017094 | P61: ='Run 17 Temp'!BC595 -> 0.13105413 | Q61: ='Run 17 Temp'!BD595 -> 0.13319088 | R61: ='Run 17 Temp'!BE595 -> 0.10351377
C64: Day Use & Boating
C65: Total Run
C66: Delta-Wide | G66: Suisun | K66: Central Delta | O66: North Delta | S66: South Delta
C67: Results | D67: Ranking | E67: Scale | G67: Results | H67: Ranking | I67: Scale | K67: Results | L67: Ranking | M67: Scale | O67: Results | P67: Ranking | Q67: Scale | S67: Results | T67: Ranking | U67: Scale
D68: 5 | E68: greater than or equal to 5% less | H68: 5 | I68: greater than or equal to 5% less | L68: 5 | M68: greater than or equal to 5% less | P68: 5 | Q68: greater than or equal to 5% less | T68: 5 | U68: greater than or equal to 5% less
D69: 4 | E69: 4% less | H69: 4 | I69: 4% less | L69: 4 | M69: 4% less | P69: 4 | Q69: 4% less | T69: 4 | U69: 4% less
D70: 3 | E70: 3% less | H70: 3 | I70: 3% less | L70: 3 | M70: 3% less | P70: 3 | Q70: 3% less | T70: 3 | U70: 3% less
D71: 2 | E71: 2% less | H71: 2 | I71: 2% less | L71: 2 | M71: 2% less | P71: 2 | Q71: 2% less | T71: 2 | U71: 2% less
D72: 1 | E72: 1% less | H72: 1 | I72: 1% less | L72: 1 | M72: 1% less | P72: 1 | Q72: 1% less | T72: 1 | U72: 1% less
C73: Historic Baseline (41%), +30% Outflow, -10% Outflow | D73: 0 | E73: No change from baseline | G73: Historic Baseline (37%) | H73: 0 | I73: No change from baseline | K73: Historic Baseline (43%), +30% Outflow, -10% Outflow | L73: 0 | M73: No change from baseline | O73: Historic Baseline (40%), +30% Outflow, -10% Outflow | P73: 0 | Q73: No change from baseline | S73: Historic Baseline (44%), +30% Outflow, -10% Outflow | T73: 0 | U73: No change from baseline
D74: -1 | E74: 1% more than baseline | G74: +30% Outflow -10% Outflow | H74: -1 | I74: 1% more than baseline | L74: -1 | M74: 1% more than baseline | P74: -1 | Q74: 1% more than baseline | T74: -1 | U74: 1% more than baseline
D75: -2 | E75: 2% more | H75: -2 | I75: 2% more | L75: -2 | M75: 2% more | P75: -2 | Q75: 2% more | T75: -2 | U75: 2% more
D76: -3 | E76: 3% more | H76: -3 | I76: 3% more | L76: -3 | M76: 3% more | P76: -3 | Q76: 3% more | T76: -3 | U76: 3% more
D77: -4 | E77: 4% more | H77: -4 | I77: 4% more | L77: -4 | M77: 4% more | P77: -4 | Q77: 4% more | T77: -4 | U77: 4% more
D78: -5 | E78: greater than or equal to 5% more | H78: -5 | I78: greater than or equal to 5% more | L78: -5 | M78: greater than or equal to 5% more | P78: -5 | Q78: greater than or equal to 5% more | T78: -5 | U78: greater than or equal to 5% more
C80: Day Use & Boating
C81: Wet Seasons
C82: Delta-Wide | G82: Suisun | K82: Central Delta | O82: North Delta | S82: South Delta
C83: Results | D83: Ranking | E83: Scale | G83: Results | H83: Ranking | I83: Scale | K83: Results | L83: Ranking | M83: Scale | O83: Results | P83: Ranking | Q83: Scale | S83: Results | T83: Ranking | U83: Scale
D84: 5 | E84: greater than or equal to 5% less | H84: 5 | I84: greater than or equal to 5% less | L84: 5 | M84: greater than or equal to 5% less | P84: 5 | Q84: greater than or equal to 5% less | T84: 5 | U84: greater than or equal to 5% less
D85: 4 | E85: 4% less | H85: 4 | I85: 4% less | L85: 4 | M85: 4% less | P85: 4 | Q85: 4% less | T85: 4 | U85: 4% less
D86: 3 | E86: 3% less | H86: 3 | I86: 3% less | L86: 3 | M86: 3% less | P86: 3 | Q86: 3% less | T86: 3 | U86: 3% less
D87: 2 | E87: 2% less | H87: 2 | I87: 2% less | L87: 2 | M87: 2% less | P87: 2 | Q87: 2% less | T87: 2 | U87: 2% less
D88: 1 | E88: 1% less | H88: 1 | I88: 1% less | L88: 1 | M88: 1% less | O88: +30% Outflow | P88: 1 | Q88: 1% less | T88: 1 | U88: 1% less
C89: Historic Baseline (9%), +30% Outflow, -10% Outflow | D89: 0 | E89: No change from baseline | G89: Historic Baseline (8%), +30% Outflow, -10% Outflow | H89: 0 | I89: No change from baseline | K89: Historic Baseline (11%), +30% Outflow, -10% Outflow | L89: 0 | M89: No change from baseline | O89: Historic Baseline (5%) | P89: 0 | Q89: No change from baseline | S89: Historic Baseline (11%), +30% Outflow, -10% Outflow | T89: 0 | U89: No change from baseline
D90: -1 | E90: 1% more than baseline | H90: -1 | I90: 1% more than baseline | L90: -1 | M90: 1% more than baseline | O90: -10% Outflow | P90: -1 | Q90: 1% more than baseline | T90: -1 | U90: 1% more than baseline
D91: -2 | E91: 2% more | H91: -2 | I91: 2% more | L91: -2 | M91: 2% more | P91: -2 | Q91: 2% more | T91: -2 | U91: 2% more
D92: -3 | E92: 3% more | H92: -3 | I92: 3% more | L92: -3 | M92: 3% more | P92: -3 | Q92: 3% more | T92: -3 | U92: 3% more
D93: -4 | E93: 4% more | H93: -4 | I93: 4% more | L93: -4 | M93: 4% more | P93: -4 | Q93: 4% more | T93: -4 | U93: 4% more
D94: -5 | E94: greater than or equal to 5% more | H94: -5 | I94: greater than or equal to 5% more | L94: -5 | M94: greater than or equal to 5% more | P94: -5 | Q94: greater than or equal to 5% more | T94: -5 | U94: greater than or equal to 5% more
C96: Day Use & Boating
C97: Dry Seasons
C98: Delta-Wide | G98: Suisun | K98: Central Delta | O98: North Delta | S98: South Delta
C99: Results | D99: Ranking | E99: Scale | G99: Results | H99: Ranking | I99: Scale | K99: Results | L99: Ranking | M99: Scale | O99: Results | P99: Ranking | Q99: Scale | S99: Results | T99: Ranking | U99: Scale
C100: =_xlfn.TEXTJOIN(","&CHAR(10),TRUE,IF(D100=0,"Historic Baseline ("&TEXT(N$39,"0%")&")",""),IF(-MAX(-5,MIN(5,ROUND((N$48-N$39)*100,0)))=D100,"+30% Outflow",""),IF(-MAX(-5,MIN(5,ROUND((N$57-N$39)*100,0)))=D100,"-10% Outflow","")) | D100: 5 | E100: greater than or equal to 5% less | G100: =_xlfn.TEXTJOIN(","&CHAR(10),TRUE,IF(H100=0,"Historic Baseline ("&TEXT(O$39,"0%")&")",""),IF(-MAX(-5,MIN(5,ROUND((O$48-O$39)*100,0)))=H100,"+30% Outflow",""),IF(-MAX(-5,MIN(5,ROUND((O$57-O$39)*100,0)))=H100,"-10% Outflow","")) | H100: 5 | I100: greater than or equal to 5% less | K100: =_xlfn.TEXTJOIN(","&CHAR(10),TRUE,IF(L100=0,"Historic Baseline ("&TEXT(P$39,"0%")&")",""),IF(-MAX(-5,MIN(5,ROUND((P$48-P$39)*100,0)))=L100,"+30% Outflow",""),IF(-MAX(-5,MIN(5,ROUND((P$57-P$39)*100,0)))=L100,"-10% Outflow","")) | L100: 5 | M100: greater than or equal to 5% less | O100: =_xlfn.TEXTJOIN(","&CHAR(10),TRUE,IF(P100=0,"Historic Baseline ("&TEXT(Q$39,"0%")&")",""),IF(-MAX(-5,MIN(5,ROUND((Q$48-Q$39)*100,0)))=P100,"+30% Outflow",""),IF(-MAX(-5,MIN(5,ROUND((Q$57-Q$39)*100,0)))=P100,"-10% Outflow","")) | P100: 5 | Q100: greater than or equal to 5% less | S100: =_xlfn.TEXTJOIN(","&CHAR(10),TRUE,IF(T100=0,"Historic Baseline ("&TEXT(R$39,"0%")&")",""),IF(-MAX(-5,MIN(5,ROUND((R$48-R$39)*100,0)))=T100,"+30% Outflow",""),IF(-MAX(-5,MIN(5,ROUND((R$57-R$39)*100,0)))=T100,"-10% Outflow","")) | T100: 5 | U100: greater than or equal to 5% less
C101: =_xlfn.TEXTJOIN(","&CHAR(10),TRUE,IF(D101=0,"Historic Baseline ("&TEXT(N$39,"0%")&")",""),IF(-MAX(-5,MIN(5,ROUND((N$48-N$39)*100,0)))=D101,"+30% Outflow",""),IF(-MAX(-5,MIN(5,ROUND((N$57-N$39)*100,0)))=D101,"-10% Outflow","")) | D101: 4 | E101: 4% less | G101: =_xlfn.TEXTJOIN(","&CHAR(10),TRUE,IF(H101=0,"Historic Baseline ("&TEXT(O$39,"0%")&")",""),IF(-MAX(-5,MIN(5,ROUND((O$48-O$39)*100,0)))=H101,"+30% Outflow",""),IF(-MAX(-5,MIN(5,ROUND((O$57-O$39)*100,0)))=H101,"-10% Outflow","")) | H101: 4 | I101: 4% less | K101: =_xlfn.TEXTJOIN(","&CHAR(10),TRUE,IF(L101=0,"Historic Baseline ("&TEXT(P$39,"0%")&")",""),IF(-MAX(-5,MIN(5,ROUND((P$48-P$39)*100,0)))=L101,"+30% Outflow",""),IF(-MAX(-5,MIN(5,ROUND((P$57-P$39)*100,0)))=L101,"-10% Outflow","")) | L101: 4 | M101: 4% less | O101: =_xlfn.TEXTJOIN(","&CHAR(10),TRUE,IF(P101=0,"Historic Baseline ("&TEXT(Q$39,"0%")&")",""),IF(-MAX(-5,MIN(5,ROUND((Q$48-Q$39)*100,0)))=P101,"+30% Outflow",""),IF(-MAX(-5,MIN(5,ROUND((Q$57-Q$39)*100,0)))=P101,"-10% Outflow","")) | P101: 4 | Q101: 4% less | S101: =_xlfn.TEXTJOIN(","&CHAR(10),TRUE,IF(T101=0,"Historic Baseline ("&TEXT(R$39,"0%")&")",""),IF(-MAX(-5,MIN(5,ROUND((R$48-R$39)*100,0)))=T101,"+30% Outflow",""),IF(-MAX(-5,MIN(5,ROUND((R$57-R$39)*100,0)))=T101,"-10% Outflow","")) | T101: 4 | U101: 4% less
C102: =_xlfn.TEXTJOIN(","&CHAR(10),TRUE,IF(D102=0,"Historic Baseline ("&TEXT(N$39,"0%")&")",""),IF(-MAX(-5,MIN(5,ROUND((N$48-N$39)*100,0)))=D102,"+30% Outflow",""),IF(-MAX(-5,MIN(5,ROUND((N$57-N$39)*100,0)))=D102,"-10% Outflow","")) | D102: 3 | E102: 3% less | G102: =_xlfn.TEXTJOIN(","&CHAR(10),TRUE,IF(H102=0,"Historic Baseline ("&TEXT(O$39,"0%")&")",""),IF(-MAX(-5,MIN(5,ROUND((O$48-O$39)*100,0)))=H102,"+30% Outflow",""),IF(-MAX(-5,MIN(5,ROUND((O$57-O$39)*100,0)))=H102,"-10% Outflow","")) | H102: 3 | I102: 3% less | K102: =_xlfn.TEXTJOIN(","&CHAR(10),TRUE,IF(L102=0,"Historic Baseline ("&TEXT(P$39,"0%")&")",""),IF(-MAX(-5,MIN(5,ROUND((P$48-P$39)*100,0)))=L102,"+30% Outflow",""),IF(-MAX(-5,MIN(5,ROUND((P$57-P$39)*100,0)))=L102,"-10% Outflow","")) | L102: 3 | M102: 3% less | O102: =_xlfn.TEXTJOIN(","&CHAR(10),TRUE,IF(P102=0,"Historic Baseline ("&TEXT(Q$39,"0%")&")",""),IF(-MAX(-5,MIN(5,ROUND((Q$48-Q$39)*100,0)))=P102,"+30% Outflow",""),IF(-MAX(-5,MIN(5,ROUND((Q$57-Q$39)*100,0)))=P102,"-10% Outflow","")) | P102: 3 | Q102: 3% less | S102: =_xlfn.TEXTJOIN(","&CHAR(10),TRUE,IF(T102=0,"Historic Baseline ("&TEXT(R$39,"0%")&")",""),IF(-MAX(-5,MIN(5,ROUND((R$48-R$39)*100,0)))=T102,"+30% Outflow",""),IF(-MAX(-5,MIN(5,ROUND((R$57-R$39)*100,0)))=T102,"-10% Outflow","")) | T102: 3 | U102: 3% less
C103: =_xlfn.TEXTJOIN(","&CHAR(10),TRUE,IF(D103=0,"Historic Baseline ("&TEXT(N$39,"0%")&")",""),IF(-MAX(-5,MIN(5,ROUND((N$48-N$39)*100,0)))=D103,"+30% Outflow",""),IF(-MAX(-5,MIN(5,ROUND((N$57-N$39)*100,0)))=D103,"-10% Outflow","")) | D103: 2 | E103: 2% less | G103: =_xlfn.TEXTJOIN(","&CHAR(10),TRUE,IF(H103=0,"Historic Baseline ("&TEXT(O$39,"0%")&")",""),IF(-MAX(-5,MIN(5,ROUND((O$48-O$39)*100,0)))=H103,"+30% Outflow",""),IF(-MAX(-5,MIN(5,ROUND((O$57-O$39)*100,0)))=H103,"-10% Outflow","")) | H103: 2 | I103: 2% less | K103: =_xlfn.TEXTJOIN(","&CHAR(10),TRUE,IF(L103=0,"Historic Baseline ("&TEXT(P$39,"0%")&")",""),IF(-MAX(-5,MIN(5,ROUND((P$48-P$39)*100,0)))=L103,"+30% Outflow",""),IF(-MAX(-5,MIN(5,ROUND((P$57-P$39)*100,0)))=L103,"-10% Outflow","")) | L103: 2 | M103: 2% less | O103: =_xlfn.TEXTJOIN(","&CHAR(10),TRUE,IF(P103=0,"Historic Baseline ("&TEXT(Q$39,"0%")&")",""),IF(-MAX(-5,MIN(5,ROUND((Q$48-Q$39)*100,0)))=P103,"+30% Outflow",""),IF(-MAX(-5,MIN(5,ROUND((Q$57-Q$39)*100,0)))=P103,"-10% Outflow","")) | P103: 2 | Q103: 2% less | S103: =_xlfn.TEXTJOIN(","&CHAR(10),TRUE,IF(T103=0,"Historic Baseline ("&TEXT(R$39,"0%")&")",""),IF(-MAX(-5,MIN(5,ROUND((R$48-R$39)*100,0)))=T103,"+30% Outflow",""),IF(-MAX(-5,MIN(5,ROUND((R$57-R$39)*100,0)))=T103,"-10% Outflow","")) | T103: 2 | U103: 2% less
C104: =_xlfn.TEXTJOIN(","&CHAR(10),TRUE,IF(D104=0,"Historic Baseline ("&TEXT(N$39,"0%")&")",""),IF(-MAX(-5,MIN(5,ROUND((N$48-N$39)*100,0)))=D104,"+30% Outflow",""),IF(-MAX(-5,MIN(5,ROUND((N$57-N$39)*100,0)))=D104,"-10% Outflow","")) | D104: 1 | E104: 1% less | G104: =_xlfn.TEXTJOIN(","&CHAR(10),TRUE,IF(H104=0,"Historic Baseline ("&TEXT(O$39,"0%")&")",""),IF(-MAX(-5,MIN(5,ROUND((O$48-O$39)*100,0)))=H104,"+30% Outflow",""),IF(-MAX(-5,MIN(5,ROUND((O$57-O$39)*100,0)))=H104,"-10% Outflow","")) | H104: 1 | I104: 1% less | K104: =_xlfn.TEXTJOIN(","&CHAR(10),TRUE,IF(L104=0,"Historic Baseline ("&TEXT(P$39,"0%")&")",""),IF(-MAX(-5,MIN(5,ROUND((P$48-P$39)*100,0)))=L104,"+30% Outflow",""),IF(-MAX(-5,MIN(5,ROUND((P$57-P$39)*100,0)))=L104,"-10% Outflow","")) | L104: 1 | M104: 1% less | O104: =_xlfn.TEXTJOIN(","&CHAR(10),TRUE,IF(P104=0,"Historic Baseline ("&TEXT(Q$39,"0%")&")",""),IF(-MAX(-5,MIN(5,ROUND((Q$48-Q$39)*100,0)))=P104,"+30% Outflow",""),IF(-MAX(-5,MIN(5,ROUND((Q$57-Q$39)*100,0)))=P104,"-10% Outflow","")) | P104: 1 | Q104: 1% less | S104: =_xlfn.TEXTJOIN(","&CHAR(10),TRUE,IF(T104=0,"Historic Baseline ("&TEXT(R$39,"0%")&")",""),IF(-MAX(-5,MIN(5,ROUND((R$48-R$39)*100,0)))=T104,"+30% Outflow",""),IF(-MAX(-5,MIN(5,ROUND((R$57-R$39)*100,0)))=T104,"-10% Outflow","")) | T104: 1 | U104: 1% less
C105: =_xlfn.TEXTJOIN(","&CHAR(10),TRUE,IF(D105=0,"Historic Baseline ("&TEXT(N$39,"0%")&")",""),IF(-MAX(-5,MIN(5,ROUND((N$48-N$39)*100,0)))=D105,"+30% Outflow",""),IF(-MAX(-5,MIN(5,ROUND((N$57-N$39)*100,0)))=D105,"-10% Outflow","")) -> Historic Baseline (80%), -10% Outflow | D105: 0 | E105: No change from baseline | G105: =_xlfn.TEXTJOIN(","&CHAR(10),TRUE,IF(H105=0,"Historic Baseline ("&TEXT(O$39,"0%")&")",""),IF(-MAX(-5,MIN(5,ROUND((O$48-O$39)*100,0)))=H105,"+30% Outflow",""),IF(-MAX(-5,MIN(5,ROUND((O$57-O$39)*100,0)))=H105,"-10% Outflow","")) -> Historic Baseline (71%) | H105: 0 | I105: No change from baseline | K105: =_xlfn.TEXTJOIN(","&CHAR(10),TRUE,IF(L105=0,"Historic Baseline ("&TEXT(P$39,"0%")&")",""),IF(-MAX(-5,MIN(5,ROUND((P$48-P$39)*100,0)))=L105,"+30% Outflow",""),IF(-MAX(-5,MIN(5,ROUND((P$57-P$39)*100,0)))=L105,"-10% Outflow","")) -> Historic Baseline (81%), -10% Outflow | L105: 0 | M105: No change from baseline | O105: =_xlfn.TEXTJOIN(","&CHAR(10),TRUE,IF(P105=0,"Historic Baseline ("&TEXT(Q$39,"0%")&")",""),IF(-MAX(-5,MIN(5,ROUND((Q$48-Q$39)*100,0)))=P105,"+30% Outflow",""),IF(-MAX(-5,MIN(5,ROUND((Q$57-Q$39)*100,0)))=P105,"-10% Outflow","")) -> Historic Baseline (81%), +30% Outflow, -10% Outflow | P105: 0 | Q105: No change from baseline | S105: =_xlfn.TEXTJOIN(","&CHAR(10),TRUE,IF(T105=0,"Historic Baseline ("&TEXT(R$39,"0%")&")",""),IF(-MAX(-5,MIN(5,ROUND((R$48-R$39)*100,0)))=T105,"+30% Outflow",""),IF(-MAX(-5,MIN(5,ROUND((R$57-R$39)*100,0)))=T105,"-10% Outflow","")) -> Historic Baseline (84%), +30% Outflow, -10% Outflow | T105: 0 | U105: No change from baseline
C106: =_xlfn.TEXTJOIN(","&CHAR(10),TRUE,IF(D106=0,"Historic Baseline ("&TEXT(N$39,"0%")&")",""),IF(-MAX(-5,MIN(5,ROUND((N$48-N$39)*100,0)))=D106,"+30% Outflow",""),IF(-MAX(-5,MIN(5,ROUND((N$57-N$39)*100,0)))=D106,"-10% Outflow","")) -> +30% Outflow | D106: -1 | E106: 1% more than baseline | G106: =_xlfn.TEXTJOIN(","&CHAR(10),TRUE,IF(H106=0,"Historic Baseline ("&TEXT(O$39,"0%")&")",""),IF(-MAX(-5,MIN(5,ROUND((O$48-O$39)*100,0)))=H106,"+30% Outflow",""),IF(-MAX(-5,MIN(5,ROUND((O$57-O$39)*100,0)))=H106,"-10% Outflow","")) -> -10% Outflow | H106: -1 | I106: 1% more than baseline | K106: =_xlfn.TEXTJOIN(","&CHAR(10),TRUE,IF(L106=0,"Historic Baseline ("&TEXT(P$39,"0%")&")",""),IF(-MAX(-5,MIN(5,ROUND((P$48-P$39)*100,0)))=L106,"+30% Outflow",""),IF(-MAX(-5,MIN(5,ROUND((P$57-P$39)*100,0)))=L106,"-10% Outflow","")) -> +30% Outflow | L106: -1 | M106: 1% more than baseline | O106: =_xlfn.TEXTJOIN(","&CHAR(10),TRUE,IF(P106=0,"Historic Baseline ("&TEXT(Q$39,"0%")&")",""),IF(-MAX(-5,MIN(5,ROUND((Q$48-Q$39)*100,0)))=P106,"+30% Outflow",""),IF(-MAX(-5,MIN(5,ROUND((Q$57-Q$39)*100,0)))=P106,"-10% Outflow","")) | P106: -1 | Q106: 1% more than baseline | S106: =_xlfn.TEXTJOIN(","&CHAR(10),TRUE,IF(T106=0,"Historic Baseline ("&TEXT(R$39,"0%")&")",""),IF(-MAX(-5,MIN(5,ROUND((R$48-R$39)*100,0)))=T106,"+30% Outflow",""),IF(-MAX(-5,MIN(5,ROUND((R$57-R$39)*100,0)))=T106,"-10% Outflow","")) | T106: -1 | U106: 1% more than baseline
C107: =_xlfn.TEXTJOIN(","&CHAR(10),TRUE,IF(D107=0,"Historic Baseline ("&TEXT(N$39,"0%")&")",""),IF(-MAX(-5,MIN(5,ROUND((N$48-N$39)*100,0)))=D107,"+30% Outflow",""),IF(-MAX(-5,MIN(5,ROUND((N$57-N$39)*100,0)))=D107,"-10% Outflow","")) | D107: -2 | E107: 2% more | G107: =_xlfn.TEXTJOIN(","&CHAR(10),TRUE,IF(H107=0,"Historic Baseline ("&TEXT(O$39,"0%")&")",""),IF(-MAX(-5,MIN(5,ROUND((O$48-O$39)*100,0)))=H107,"+30% Outflow",""),IF(-MAX(-5,MIN(5,ROUND((O$57-O$39)*100,0)))=H107,"-10% Outflow","")) -> +30% Outflow | H107: -2 | I107: 2% more | K107: =_xlfn.TEXTJOIN(","&CHAR(10),TRUE,IF(L107=0,"Historic Baseline ("&TEXT(P$39,"0%")&")",""),IF(-MAX(-5,MIN(5,ROUND((P$48-P$39)*100,0)))=L107,"+30% Outflow",""),IF(-MAX(-5,MIN(5,ROUND((P$57-P$39)*100,0)))=L107,"-10% Outflow","")) | L107: -2 | M107: 2% more | O107: =_xlfn.TEXTJOIN(","&CHAR(10),TRUE,IF(P107=0,"Historic Baseline ("&TEXT(Q$39,"0%")&")",""),IF(-MAX(-5,MIN(5,ROUND((Q$48-Q$39)*100,0)))=P107,"+30% Outflow",""),IF(-MAX(-5,MIN(5,ROUND((Q$57-Q$39)*100,0)))=P107,"-10% Outflow","")) | P107: -2 | Q107: 2% more | S107: =_xlfn.TEXTJOIN(","&CHAR(10),TRUE,IF(T107=0,"Historic Baseline ("&TEXT(R$39,"0%")&")",""),IF(-MAX(-5,MIN(5,ROUND((R$48-R$39)*100,0)))=T107,"+30% Outflow",""),IF(-MAX(-5,MIN(5,ROUND((R$57-R$39)*100,0)))=T107,"-10% Outflow","")) | T107: -2 | U107: 2% more
C108: =_xlfn.TEXTJOIN(","&CHAR(10),TRUE,IF(D108=0,"Historic Baseline ("&TEXT(N$39,"0%")&")",""),IF(-MAX(-5,MIN(5,ROUND((N$48-N$39)*100,0)))=D108,"+30% Outflow",""),IF(-MAX(-5,MIN(5,ROUND((N$57-N$39)*100,0)))=D108,"-10% Outflow","")) | D108: -3 | E108: 3% more | G108: =_xlfn.TEXTJOIN(","&CHAR(10),TRUE,IF(H108=0,"Historic Baseline ("&TEXT(O$39,"0%")&")",""),IF(-MAX(-5,MIN(5,ROUND((O$48-O$39)*100,0)))=H108,"+30% Outflow",""),IF(-MAX(-5,MIN(5,ROUND((O$57-O$39)*100,0)))=H108,"-10% Outflow","")) | H108: -3 | I108: 3% more | K108: =_xlfn.TEXTJOIN(","&CHAR(10),TRUE,IF(L108=0,"Historic Baseline ("&TEXT(P$39,"0%")&")",""),IF(-MAX(-5,MIN(5,ROUND((P$48-P$39)*100,0)))=L108,"+30% Outflow",""),IF(-MAX(-5,MIN(5,ROUND((P$57-P$39)*100,0)))=L108,"-10% Outflow","")) | L108: -3 | M108: 3% more | O108: =_xlfn.TEXTJOIN(","&CHAR(10),TRUE,IF(P108=0,"Historic Baseline ("&TEXT(Q$39,"0%")&")",""),IF(-MAX(-5,MIN(5,ROUND((Q$48-Q$39)*100,0)))=P108,"+30% Outflow",""),IF(-MAX(-5,MIN(5,ROUND((Q$57-Q$39)*100,0)))=P108,"-10% Outflow","")) | P108: -3 | Q108: 3% more | S108: =_xlfn.TEXTJOIN(","&CHAR(10),TRUE,IF(T108=0,"Historic Baseline ("&TEXT(R$39,"0%")&")",""),IF(-MAX(-5,MIN(5,ROUND((R$48-R$39)*100,0)))=T108,"+30% Outflow",""),IF(-MAX(-5,MIN(5,ROUND((R$57-R$39)*100,0)))=T108,"-10% Outflow","")) | T108: -3 | U108: 3% more
C109: =_xlfn.TEXTJOIN(","&CHAR(10),TRUE,IF(D109=0,"Historic Baseline ("&TEXT(N$39,"0%")&")",""),IF(-MAX(-5,MIN(5,ROUND((N$48-N$39)*100,0)))=D109,"+30% Outflow",""),IF(-MAX(-5,MIN(5,ROUND((N$57-N$39)*100,0)))=D109,"-10% Outflow","")) | D109: -4 | E109: 4% more | G109: =_xlfn.TEXTJOIN(","&CHAR(10),TRUE,IF(H109=0,"Historic Baseline ("&TEXT(O$39,"0%")&")",""),IF(-MAX(-5,MIN(5,ROUND((O$48-O$39)*100,0)))=H109,"+30% Outflow",""),IF(-MAX(-5,MIN(5,ROUND((O$57-O$39)*100,0)))=H109,"-10% Outflow","")) | H109: -4 | I109: 4% more | K109: =_xlfn.TEXTJOIN(","&CHAR(10),TRUE,IF(L109=0,"Historic Baseline ("&TEXT(P$39,"0%")&")",""),IF(-MAX(-5,MIN(5,ROUND((P$48-P$39)*100,0)))=L109,"+30% Outflow",""),IF(-MAX(-5,MIN(5,ROUND((P$57-P$39)*100,0)))=L109,"-10% Outflow","")) | L109: -4 | M109: 4% more | O109: =_xlfn.TEXTJOIN(","&CHAR(10),TRUE,IF(P109=0,"Historic Baseline ("&TEXT(Q$39,"0%")&")",""),IF(-MAX(-5,MIN(5,ROUND((Q$48-Q$39)*100,0)))=P109,"+30% Outflow",""),IF(-MAX(-5,MIN(5,ROUND((Q$57-Q$39)*100,0)))=P109,"-10% Outflow","")) | P109: -4 | Q109: 4% more | S109: =_xlfn.TEXTJOIN(","&CHAR(10),TRUE,IF(T109=0,"Historic Baseline ("&TEXT(R$39,"0%")&")",""),IF(-MAX(-5,MIN(5,ROUND((R$48-R$39)*100,0)))=T109,"+30% Outflow",""),IF(-MAX(-5,MIN(5,ROUND((R$57-R$39)*100,0)))=T109,"-10% Outflow","")) | T109: -4 | U109: 4% more
...

Sheet Run 15 Temp
B1: Suisun | J1: Central Delta | S1: North Delta | Y1: South Delta
A2: Date | B2: CHADBOURNE SLOUGH AT SUNRISE DUCK CLUB | C2: MONTEZUMA SLOUGH AT NATIONAL STEEL | D2: MONTEZUMA SLOUGH NEAR BELDENS LANDING | E2: SUISUN SLOUGH 300' SOUTH OF VOLANTI SLOUGH | F2: HONKER BAY | G2: SUISUN BAY AT VAN SICKLE ISLAND | H2: SUISUN BAY WEST REACH | I2: GRIZZLY BAY BUOY | J2: DUTCH SL BELOW JERSEY ISLAND | K2: FALSE RIVER NEAR OAKLEY | L2: OLD RIVER AT FRANKS TRACT | M2: PITTSBURG | N2: SACRAMENTO RIVER AT EMMATON | O2: SAN ANDREAS LANDING | P2: SAN JOAQUIN RIVER AT JERSEY POINT | Q2: SUISUN BAY AT CHANNEL MARKER 5 AT COLLINSVILLE | R2: BRANNAN MARINAS AT SAN JOAQUIN RIVER | S2: LIBERTY CUT AT FIVE POINTS | T2: CACHE SLOUGH ABOVE RYER ISLAND FERRY | U2: DELTA CROSS CHANNEL NEAR WALNUT GROVE | V2: SACRAMENTO RIVER DOWNSTREAM OF ISLETON | W2: COURTLAND AT SACRAMENTO RIVER | X2: VIERAS RESORT AT SACRAMENTO RIVER | Y2: GRANT LINE CANAL NEAR CLIFTON COURT FORE | Z2: LITTLE POTATO SLOUGH AT TERMINOUS | AA2: MIDDLE RIVER AT MILDRED ISLAND | AB2: OLD RIVER AT CLIFTON COURT | AC2: SAN JOAQUIN RIVER AT BRANDT BRIDGE | AD2: SAN JOAQUIN RIVER AT PRISONERS POINT | AE2: SAN JOAQUIN RIVER NEAR VERNALIS | AF2: SAN JOAQUIN RVER AT ROUGH AND READY ISLAND | AG2: VICTORIA CANAL BEFORE CLIFTON COURT FORE
A3: 44054 | B3: 22.560719 | C3: 21.900648 | D3: 22.431389 | E3: 22.658714 | F3: 20.75524 | G3: 21.305857 | H3: 20.295202 | I3: 20.915861 | J3: 23.262445 | K3: 22.902473 | L3: 23.922964 | M3: 21.527151 | N3: 22.213202 | O3: 23.735006 | P3: 22.804567 | Q3: 21.600937 | R3: 23.54745 | S3: 22.026196 | T3: 23.29572 | U3: 23.667978 | V3: 23.213514 | W3: 23.66995 | X3: 23.269175 | Y3: 25.640173 | Z3: 24.26068 | AA3: 25.027071 | AB3: 25.589693 | AC3: 26.869522 | AD3: 24.10965 | AE3: 25.979967 | AF3: 26.154995 | AG3: 25.606325
A4: 44055 | B4: 22.739912 | C4: 22.155111 | D4: 22.397194 | E4: 22.5373 | F4: 21.16598 | G4: 21.157377 | H4: 20.243769 | I4: 20.55503 | J4: 23.011925 | K4: 22.667818 | L4: 23.85344 | M4: 21.424437 | N4: 22.068024 | O4: 23.59082 | P4: 22.581625 | Q4: 21.46926 | R4: 23.378042 | S4: 20.784887 | T4: 22.953972 | U4: 23.724304 | V4: 23.259924 | W4: 23.36482 | X4: 23.422892 | Y4: 25.615448 | Z4: 24.218538 | AA4: 25.272188 | AB4: 25.54409 | AC4: 26.657736 | AD4: 24.079405 | AE4: 25.707533 | AF4: 26.24801 | AG4: 25.345695
A5: 44056 | B5: 23.227676 | C5: 22.35205 | D5: 22.43637 | E5: 22.548384 | F5: 21.408422 | G5: 21.251328 | H5: 20.410093 | I5: 20.448364 | J5: 23.281563 | K5: 22.730005 | L5: 23.942904 | M5: 21.526625 | N5: 22.257273 | O5: 23.713293 | P5: 22.65417 | Q5: 21.508867 | R5: 23.5129 | S5: 20.763334 | T5: 23.121704 | U5: 22.964577 | V5: 23.730822 | W5: 22.521544 | X5: 23.964296 | Y5: 25.698175 | Z5: 24.458727 | AA5: 25.611536 | AB5: 25.637253 | AC5: 26.675486 | AD5: 24.163912 | AE5: 26.152246 | AF5: 26.414827 | AG5: 25.396624
A6: 44057 | B6: 23.840057 | C6: 22.694908 | D6: 22.733244 | E6: 22.770119 | F6: 21.935898 | G6: 21.548586 | H6: 20.724192 | I6: 21.006432 | J6: 24.054495 | K6: 23.0748 | L6: 24.251646 | M6: 21.839668 | N6: 22.685484 | O6: 24.096367 | P6: 22.984106 | Q6: 21.796463 | R6: 23.84558 | S6: 21.776558 | T6: 23.538622 | U6: 23.142832 | V6: 24.154821 | W6: 23.039896 | X6: 24.30001 | Y6: 25.989782 | Z6: 24.861982 | AA6: 25.995596 | AB6: 25.884329 | AC6: 26.967077 | AD6: 24.432518 | AE6: 26.818068 | AF6: 26.646027 | AG6: 25.840902
A7: 44058 | B7: 24.281813 | C7: 23.174995 | D7: 23.204924 | E7: 23.123146 | F7: 22.39657 | G7: 21.97497 | H7: 21.066353 | I7: 21.656698 | J7: 25.029356 | K7: 23.57975 | L7: 24.65758 | M7: 22.225037 | N7: 23.122927 | O7: 24.535685 | P7: 23.482897 | Q7: 22.21683 | R7: 24.237135 | S7: 22.918768 | T7: 23.999128 | U7: 23.634409 | V7: 24.141739 | W7: 23.389128 | X7: 24.08676 | Y7: 26.449183 | Z7: 25.438887 | AA7: 26.462904 | AB7: 26.328062 | AC7: 27.530146 | AD7: 24.795313 | AE7: 27.46213 | AF7: 26.986258 | AG7: 26.443237
A8: 44059 | B8: 24.509966 | C8: 23.590952 | D8: 23.614134 | E8: 23.450705 | F8: 22.67335 | G8: 22.303003 | H8: 21.381083 | I8: 21.962128 | J8: 25.597261 | K8: 23.951654 | L8: 24.969856 | M8: 22.554659 | N8: 23.469828 | O8: 24.815407 | P8: 23.863012 | Q8: 22.559542 | R8: 24.574678 | S8: 23.739466 | T8: 24.3893 | U8: 23.974413 | V8: 24.514875 | W8: 23.712234 | X8: 24.484407 | Y8: 26.965797 | Z8: 25.94053 | AA8: 26.871763 | AB8: 26.808157 | AC8: 28.098 | AD8: 25.131979 | AE8: 28.402702 | AF8: 27.327997 | AG8: 26.940863
A9: 44060 | B9: 24.85507 | C9: 24.0712 | D9: 24.047922 | E9: 23.837427 | F9: 23.09302 | G9: 22.710968 | H9: 21.832273 | I9: 22.50768 | J9: 26.115595 | K9: 24.362688 | L9: 25.32635 | M9: 22.971693 | N9: 23.957277 | O9: 25.136274 | P9: 24.279638 | Q9: 22.98346 | R9: 24.968393 | S9: 24.500174 | T9: 24.861044 | U9: 24.256035 | V9: 24.914984 | W9: 24.048447 | X9: 24.893 | Y9: 27.533842 | Z9: 26.23104 | AA9: 27.23993 | AB9: 27.370674 | AC9: 28.524664 | AD9: 25.48691 | AE9: 28.705622 | AF9: 27.580446 | AG9: 27.304735
A10: 44061 | B10: 25.198141 | C10: 24.541618 | D10: 24.43999 | E10: 24.188673 | F10: 23.452795 | G10: 23.15109 | H10: 22.2083 | I10: 22.917253 | J10: 26.573137 | K10: 24.804052 | L10: 25.70014 | M10: 23.390284 | N10: 24.40564 | O10: 25.495157 | P10: 24.734735 | Q10: 23.429277 | R10: 25.33979 | S10: 25.240845 | T10: 25.318077 | U10: 24.467108 | V10: 25.257345 | W10: 24.110903 | X10: 25.21148 | Y10: 27.936655 | Z10: 26.471693 | AA10: 27.553703 | AB10: 27.739882 | AC10: 28.836077 | AD10: 25.843393 | AE10: 28.104952 | AF10: 27.854095 | AG10: 27.595673
A11: 44062 | B11: 24.848429 | C11: 24.674429 | D11: 24.455687 | E11: 24.129639 | F11: 23.308508 | G11: 23.324371 | H11: 22.266718 | I11: 22.500954 | J11: 26.555681 | K11: 25.001135 | L11: 25.77772 | M11: 23.516459 | N11: 24.49459 | O11: 25.512346 | P11: 24.942802 | Q11: 23.605207 | R11: 25.408295 | S11: 24.888184 | T11: 25.387405 | U11: 24.063833 | V11: 25.26802 | W11: 23.568087 | X11: 25.244326 | Y11: 27.892027 | Z11: 26.448921 | AA11: 27.629526 | AB11: 27.712599 | AC11: 28.84313 | AD11: 25.948568 | AE11: 27.2163 | AF11: 28.002249 | AG11: 27.547499
A12: 44063 | B12: 24.178434 | C12: 24.29785 | D12: 24.039276 | E12: 23.705942 | F12: 22.916418 | G12: 23.134447 | H12: 22.10438 | I12: 21.778498 | J12: 25.513931 | K12: 24.699091 | L12: 25.50866 | M12: 23.276808 | N12: 24.093092 | O12: 25.239153 | P12: 24.659407 | Q12: 23.374428 | R12: 25.20356 | S12: 23.591848 | T12: 24.99254 | U12: 23.215128 | V12: 24.77482 | W12: 22.765879 | X12: 24.729406 | Y12: 27.474554 | Z12: 26.063576 | AA12: 27.376772 | AB12: 27.33925 | AC12: 28.325293 | AD12: 25.762466 | AE12: 25.900314 | AF12: 27.909018 | AG12: 27.241083
A13: 44064 | B13: 24.023169 | C13: 24.157736 | D13: 23.743187 | E13: 23.440458 | F13: 22.88079 | G13: 22.98615 | H13: 21.991135 | I13: 21.557655 | J13: 25.154442 | K13: 24.605589 | L13: 25.368517 | M13: 23.145395 | N13: 23.989935 | O13: 25.104034 | P13: 24.543526 | Q13: 23.240507 | R13: 25.12768 | S13: 22.895178 | T13: 24.628405 | U13: 22.349714 | V13: 24.228182 | W13: 22.040825 | X13: 24.0394 | Y13: 27.106047 | Z13: 25.616209 | AA13: 27.05285 | AB13: 27.036257 | AC13: 27.892324 | AD13: 25.585197 | AE13: 24.465899 | AF13: 27.822348 | AG13: 27.022058
A14: 44065 | B14: 24.176657 | C14: 24.264376 | D14: 23.727865 | E14: 23.485445 | F14: 23.01442 | G14: 23.055857 | H14: 22.03905 | I14: 21.68489 | J14: 25.41903 | K14: 24.70488 | L14: 25.412682 | M14: 23.236748 | N14: 24.180597 | O14: 25.043678 | P14: 24.63443 | Q14: 23.342237 | R14: 25.194723 | S14: 23.060776 | T14: 24.47654 | U14: 21.91371 | V14: 23.761095 | W14: 21.574099 | X14: 23.399553 | Y14: 27.22255 | Z14: 25.366083 | AA14: 27.084555 | AB14: 27.120428 | AC14: 28.017693 | AD14: 25.585375 | AE14: 24.230787 | AF14: 27.908964 | AG14: 27.072287
... A511: 44562 | B511: 7.4037156 | C511: 7.9538527 | D511: 7.816447 | E511: 7.833184 | F511: 8.022569 | G511: 8.187101 | H511: 8.421983 | I511: 7.537015 | J511: 7.2228208 | K511: 8.366747 | L511: 8.070345 | M511: 8.19537 | N511: 7.800579 | O511: 7.9759173 | P511: 8.18126 | Q511: 8.069019 | R511: 8.117914 | S511: 6.850876 | T511: 7.514671 | U511: 7.9121075 | V511: 7.8408065 | W511: 7.801318 | X511: 7.847797 | Y511: 9.836859 | Z511: 8.036249 | AA511: 8.0523205 | AB511: 8.920491 | AC511: 10.871181 | AD511: 8.134985 | AE511: 8.781851 | AF511: 8.149474 | AG511: 7.752743
A512: TOTAL EXCEEDANCES | B512: =COUNTIF(B$3:B$511,">=19") -> 199 | C512: =COUNTIF(C$3:C$511,">=19") -> 204 | D512: =COUNTIF(D$3:D$511,">=19") -> 196 | E512: =COUNTIF(E$3:E$511,">=19") -> 194 | F512: =COUNTIF(F$3:F$511,">=19") -> 198 | G512: =COUNTIF(G$3:G$511,">=19") -> 198 | H512: =COUNTIF(H$3:H$511,">=19") -> 158 | I512: =COUNTIF(I$3:I$511,">=19") -> 161 | ... AG512: =COUNTIF(AG$3:AG$511,">=19") -> 232
A513: WET 1 | B513: =COUNTIF(B$54:B$235,">=19") -> 22 | C513: =COUNTIF(C$54:C$235,">=19") -> 23 | D513: =COUNTIF(D$54:D$235,">=19") -> 23 | E513: =COUNTIF(E$54:E$235,">=19") -> 22 | F513: =COUNTIF(F$54:F$235,">=19") -> 22 | G513: =COUNTIF(G$54:G$235,">=19") -> 23 | H513: =COUNTIF(H$54:H$235,">=19") -> 12 | I513: =COUNTIF(I$54:I$235,">=19") -> 6 | ... AG513: =COUNTIF(AG$54:AG$235,">=19") -> 24 | AH513: OCTOBER 2020 - MARCH 2021
A514: WET 2 | B514: =COUNTIF(B$419:B$511,">=19") -> 5 | C514: =COUNTIF(C$419:C$511,">=19") -> 6 | D514: =COUNTIF(D$419:D$511,">=19") -> 5 | E514: =COUNTIF(E$419:E$511,">=19") -> 4 | F514: =COUNTIF(F$419:F$511,">=19") -> 5 | G514: =COUNTIF(G$419:G$511,">=19") -> 5 | H514: =COUNTIF(H$419:H$511,">=19") -> 0 | I514: =COUNTIF(I$419:I$511,">=19") -> 3 | ... AG514: =COUNTIF(AG$419:AG$511,">=19") -> 8 | AH514: OCTOBER 2021 - JANUARY 2022
A515: DRY 1 | B515: =COUNTIF(B$3:B$53,">=19") -> 51 | C515: =COUNTIF(C$3:C$53,">=19") -> 51 | D515: =COUNTIF(D$3:D$53,">=19") -> 51 | E515: =COUNTIF(E$3:E$53,">=19") -> 51 | F515: =COUNTIF(F$3:F$53,">=19") -> 51 | G515: =COUNTIF(G$3:G$53,">=19") -> 51 | H515: =COUNTIF(H$3:H$53,">=19") -> 51 | I515: =COUNTIF(I$3:I$53,">=19") -> 49 | ... AG515: =COUNTIF(AG$3:AG$53,">=19") -> 51 | AH515: AUGUST 2020 - SEPTEMBER 2020
A516: DRY 2 | B516: =COUNTIF(B$236:B$418,">=19") -> 121 | C516: =COUNTIF(C$236:C$418,">=19") -> 124 | D516: =COUNTIF(D$236:D$418,">=19") -> 117 | E516: =COUNTIF(E$236:E$418,">=19") -> 117 | F516: =COUNTIF(F$236:F$418,">=19") -> 120 | G516: =COUNTIF(G$236:G$418,">=19") -> 119 | H516: =COUNTIF(H$236:H$418,">=19") -> 95 | I516: =COUNTIF(I$236:I$418,">=19") -> 103 | ... AG516: =COUNTIF(AG$236:AG$418,">=19") -> 149 | AH516: APRIL 2021 - SEPTEMBER 2021
A517: ALL WET | B517: =SUM(B$513,B$514) -> 27 | C517: =SUM(C$513,C$514) -> 29 | D517: =SUM(D$513,D$514) -> 28 | E517: =SUM(E$513,E$514) -> 26 | F517: =SUM(F$513,F$514) -> 27 | G517: =SUM(G$513,G$514) -> 28 | H517: =SUM(H$513,H$514) -> 12 | I517: =SUM(I$513,I$514) -> 9 | ... AG517: =SUM(AG$513,AG$514) -> 32
A518: ALL DRY | B518: =SUM(B$515,B$516) -> 172 | C518: =SUM(C$515,C$516) -> 175 | D518: =SUM(D$515,D$516) -> 168 | E518: =SUM(E$515,E$516) -> 168 | F518: =SUM(F$515,F$516) -> 171 | G518: =SUM(G$515,G$516) -> 170 | H518: =SUM(H$515,H$516) -> 146 | I518: =SUM(I$515,I$516) -> 152 | ... AG518: =SUM(AG$515,AG$516) -> 200
D521: Day Use & Boating 19C | F521: THRESHOLD: 19C | S521: SP DAY USE & BOATING | AA521: SP DAY USE & BOATING | AE521: SP DAY USE & BOATING | AI521: SP DAY USE & BOATING | AQ521: SP DAY USE & BOATING | AY521: SP DAY USE & BOATING
F522: WET SEASON | S522: TOTAL RUN | AA522: WET SEASONS | AE522: DRY SEASONS | AI522: TOTAL RUN | AK522: Delta-Wide | AL522: Suisun | AM522: Central Delta | AN522: North Delta | AO522: South Delta | AQ522: WET SEASONS | AS522: Delta-Wide | AT522: Suisun | AU522: Central Delta | AV522: North Delta | AW522: South Delta | AY522: DRY SEASONS | BA522: Delta-Wide | BB522: Suisun | BC522: Central Delta | BD522: North Delta | BE522: South Delta
F523: OCTOBER 1 - MARCH 31 | M523: DRY SEASON | S523: Total points | U523: =COUNTIF(B2:AG2,"<>") -> 32 | AA523: Total points | AC523: =COUNTIF(B2:AG2,"<>") -> 32 | AE523: Total points | AG523: =COUNTIF(B2:AG2,"<>") -> 32 | AI523: Total points | AK523: =COUNTIF($B$2:$AG$2,"<>") -> 32 | AL523: =COUNTIF($B$2:$I$2,"<>") -> 8 | AM523: =COUNTIF($J$2:$R$2,"<>") -> 9 | AN523: =COUNTIF($S$2:$X$2,"<>") -> 6 | AO523: =COUNTIF($Y$2:$AG$2,"<>") -> 9 | AQ523: Total points | AS523: =COUNTIF($B$2:$AG$2,"<>") -> 32 | AT523: =COUNTIF($B$2:$I$2,"<>") -> 8 | AU523: =COUNTIF($J$2:$R$2,"<>") -> 9 | AV523: =COUNTIF($S$2:$X$2,"<>") -> 6 | AW523: =COUNTIF($Y$2:$AG$2,"<>") -> 9 | AY523: Total points | BA523: =COUNTIF($B$2:$AG$2,"<>") -> 32 | BB523: =COUNTIF($B$2:$I$2,"<>") -> 8 | BC523: =COUNTIF($J$2:$R$2,"<>") -> 9 | BD523: =COUNTIF($S$2:$X$2,"<>") -> 6 | BE523: =COUNTIF($Y$2:$AG$2,"<>") -> 9
F524: WET SEASON 1 | H524: 10/1/20 - 3/31/21 | J524: =COUNTIF($B$54:$B$235,"<>") -> 182 | M524: APRIL 1 - SEPTEMBER 30 | S524: Days in run | U524: =COUNTIF($A$3:$A$511,"<>") -> 509 | AA524: Days in run | AC524: =SUM($J$524:$J$525) -> 275 | AE524: Days in run | AG524: =SUM($Q$525:$Q$526) -> 234 | AI524: Days in run | AK524: =COUNTIF($A$3:$A$511,"<>") -> 509 | AL524: =COUNTIF($A$3:$A$511,"<>") -> 509 | AM524: =COUNTIF($A$3:$A$511,"<>") -> 509 | AN524: =COUNTIF($A$3:$A$511,"<>") -> 509 | AO524: =COUNTIF($A$3:$A$511,"<>") -> 509 | AQ524: Days in run | AS524: =SUM($J$524:$J$525) -> 275 | AT524: =SUM($J$524:$J$525) -> 275 | AU524: =SUM($J$524:$J$525) -> 275 | AV524: =SUM($J$524:$J$525) -> 275 | AW524: =SUM($J$524:$J$525) -> 275 | AY524: Days in run | BA524: =SUM($Q$525:$Q$526) -> 234 | BB524: =SUM($Q$525:$Q$526) -> 234 | BC524: =SUM($Q$525:$Q$526) -> 234 | BD524: =SUM($Q$525:$Q$526) -> 234 | BE524: =SUM($Q$525:$Q$526) -> 234
F525: WET SEASON 2 | H525: 10/1/21 - 1/1/22 | J525: =COUNTIF($B$419:$B$511,"<>") -> 93 | M525: DRY SEASON 1 | O525: 8/11/20 - 9/30/20 | Q525: =COUNTIF($B$3:$B$53,"<>") -> 51 | S525: Total measurements | U525: =U524*U523 -> 16288 | V525: DENOMINATOR FOR EXCEEDANCE % | AA525: Total measurements | AC525: =AC524*AC523 -> 8800 | AE525: Total measurements | AG525: =AG523*AG524 -> 7488 | AI525: Total measurements | AK525: =AK524*AK523 -> 16288 | AL525: =AL524*AL523 -> 4072 | AM525: =AM524*AM523 -> 4581 | AN525: =AN524*AN523 -> 3054 | AO525: =AO524*AO523 -> 4581 | AQ525: Total measurements | AS525: =AS524*AS523 -> 8800 | AT525: =AT524*AT523 -> 2200 | AU525: =AU524*AU523 -> 2475 | AV525: =AV524*AV523 -> 1650 | AW525: =AW524*AW523 -> 2475 | AY525: Total measurements | BA525: =BA524*BA523 -> 7488 | BB525: =BB524*BB523 -> 1872 | BC525: =BC524*BC523 -> 2106 | BD525: =BD524*BD523 -> 1404 | BE525: =BE524*BE523 -> 2106
F526: WET SEASON 3 | H526: N/A (outside run period) | J526: =COUNTIF($A$737:$A$798,"<>") -> 0 | M526: DRY SEASON 2 | O526: 4/1/21 - 9/30/21 | Q526: =COUNTIF($B$236:$B$418,"<>") -> 183 | S526: Measurements >= 19C | U526: =SUM(B512:AG512) -> 6750 | V526: NUMERATOR FOR EXCEEDANCE % | AA526: Measurements >= 19C | AC526: =SUM($B$517:$AG$517) -> 797 | AE526: Measurements >= 19C | AG526: =SUM($B$518:$AG$518) -> 5953 | AI526: Measurements >= 19C | AK526: =SUM(B512:AG512) -> 6750 | AL526: =SUM(B512:I512) -> 1508 | AM526: =SUM(J512:R512) -> 1989 | AN526: =SUM(S512:X512) -> 1221 | AO526: =SUM(Y512:AG512) -> 2032 | AQ526: Measurements >= 19C | AS526: =SUM(B517:AG517) -> 797 | AT526: =SUM(B517:I517) -> 186 | AU526: =SUM(J517:R517) -> 274 | AV526: =SUM(S517:X517) -> 77 | AW526: =SUM(Y517:AG517) -> 260 | AY526: Measurements >= 19C | BA526: =SUM($B518:$AG518) -> 5953 | BB526: =SUM(B518:I518) -> 1322 | BC526: =SUM(J518:R518) -> 1715 | BD526: =SUM(S518:X518) -> 1144 | BE526: =SUM(Y518:AG518) -> 1772
S527: % Total Run Exceedances | U527: =$U526/$U525 -> 0.41441552 | AA527: % WET Exceedances | AC527: =AC526/AC525 -> 0.090568182 | AE527: % DRY Exceedances | AG527: =AG526/AG525 -> 0.79500534 | AI527: % Total Run Exceedances | AK527: =AK526/AK525 -> 0.41441552 | AL527: =AL526/AL525 -> 0.37033399 | AM527: =AM526/AM525 -> 0.43418468 | AN527: =AN526/AN525 -> 0.39980354 | AO527: =AO526/AO525 -> 0.44357127 | AQ527: % WET Exceedances | AS527: =AS526/AS525 -> 0.090568182 | AT527: =AT526/AT525 -> 0.084545455 | AU527: =AU526/AU525 -> 0.11070707 | AV527: =AV526/AV525 -> 0.046666667 | AW527: =AW526/AW525 -> 0.10505051 | AY527: % DRY Exceedances | BA527: =BA526/BA525 -> 0.79500534 | BB527: =BB526/BB525 -> 0.70619658 | BC527: =BC526/BC525 -> 0.81433998 | BD527: =BD526/BD525 -> 0.81481481 | BE527: =BE526/BE525 -> 0.84140551
A529: TOTAL EXCEEDANCES | B529: =COUNTIF(B$3:B$511,">=20") -> 152 | C529: =COUNTIF(C$3:C$511,">=20") -> 172 | D529: =COUNTIF(D$3:D$511,">=20") -> 147 | E529: =COUNTIF(E$3:E$511,">=20") -> 139 | F529: =COUNTIF(F$3:F$511,">=20") -> 159 | G529: =COUNTIF(G$3:G$511,">=20") -> 161 | H529: =COUNTIF(H$3:H$511,">=20") -> 105 | I529: =COUNTIF(I$3:I$511,">=20") -> 103 | ... AG529: =COUNTIF(AG$3:AG$511,">=20") -> 221
A530: WET 1 | B530: =COUNTIF(B$54:B$235,">=20") -> 8 | C530: =COUNTIF(C$54:C$235,">=20") -> 9 | D530: =COUNTIF(D$54:D$235,">=20") -> 9 | E530: =COUNTIF(E$54:E$235,">=20") -> 7 | F530: =COUNTIF(F$54:F$235,">=20") -> 7 | G530: =COUNTIF(G$54:G$235,">=20") -> 8 | H530: =COUNTIF(H$54:H$235,">=20") -> 5 | I530: =COUNTIF(I$54:I$235,">=20") -> 3 | ... AG530: =COUNTIF(AG$54:AG$235,">=20") -> 21 | AH530: OCTOBER 2020 - MARCH 2021
A531: WET 2 | B531: =COUNTIF(B$419:B$511,">=20") -> 0 | C531: =COUNTIF(C$419:C$511,">=20") -> 0 | D531: =COUNTIF(D$419:D$511,">=20") -> 0 | E531: =COUNTIF(E$419:E$511,">=20") -> 0 | F531: =COUNTIF(F$419:F$511,">=20") -> 0 | G531: =COUNTIF(G$419:G$511,">=20") -> 0 | H531: =COUNTIF(H$419:H$511,">=20") -> 0 | I531: =COUNTIF(I$419:I$511,">=20") -> 0 | ... AG531: =COUNTIF(AG$419:AG$511,">=20") -> 6 | AH531: OCTOBER 2021 - JANUARY 2022
A532: DRY 1 | B532: =COUNTIF(B$3:B$53,">=20") -> 51 | C532: =COUNTIF(C$3:C$53,">=20") -> 51 | D532: =COUNTIF(D$3:D$53,">=20") -> 51 | E532: =COUNTIF(E$3:E$53,">=20") -> 51 | F532: =COUNTIF(F$3:F$53,">=20") -> 51 | G532: =COUNTIF(G$3:G$53,">=20") -> 51 | H532: =COUNTIF(H$3:H$53,">=20") -> 46 | I532: =COUNTIF(I$3:I$53,">=20") -> 24 | ... AG532: =COUNTIF(AG$3:AG$53,">=20") -> 51 | AH532: AUGUST 2020 - SEPTEMBER 2020
A533: DRY 2 | B533: =COUNTIF(B$236:B$418,">=20") -> 93 | C533: =COUNTIF(C$236:C$418,">=20") -> 112 | D533: =COUNTIF(D$236:D$418,">=20") -> 87 | E533: =COUNTIF(E$236:E$418,">=20") -> 81 | F533: =COUNTIF(F$236:F$418,">=20") -> 101 | G533: =COUNTIF(G$236:G$418,">=20") -> 102 | H533: =COUNTIF(H$236:H$418,">=20") -> 54 | I533: =COUNTIF(I$236:I$418,">=20") -> 76 | ... AG533: =COUNTIF(AG$236:AG$418,">=20") -> 143 | AH533: APRIL 2021 - SEPTEMBER 2021
A534: ALL WET | B534: =SUM(B530,B531) -> 8 | C534: =SUM(C530,C531) -> 9 | D534: =SUM(D530,D531) -> 9 | E534: =SUM(E530,E531) -> 7 | F534: =SUM(F530,F531) -> 7 | G534: =SUM(G530,G531) -> 8 | H534: =SUM(H530,H531) -> 5 | I534: =SUM(I530,I531) -> 3 | ... AG534: =SUM(AG530,AG531) -> 27
A535: ALL DRY | B535: =SUM(B532,B533) -> 144 | C535: =SUM(C532,C533) -> 163 | D535: =SUM(D532,D533) -> 138 | E535: =SUM(E532,E533) -> 132 | F535: =SUM(F532,F533) -> 152 | G535: =SUM(G532,G533) -> 153 | H535: =SUM(H532,H533) -> 100 | I535: =SUM(I532,I533) -> 100 | ... AG535: =SUM(AG532,AG533) -> 194
D538: Birding 20C | F538: THRESHOLD: 20C | S538: BIRDING | AA538: BIRDING | AE538: BIRDING | AI538: BIRDING | AQ538: BIRDING | AY538: BIRDING
F539: WET SEASON | S539: TOTAL RUN | AA539: WET SEASONS | AE539: DRY SEASONS | AI539: TOTAL RUN | AK539: Delta-Wide | AL539: Suisun | AM539: Central Delta | AN539: North Delta | AO539: South Delta | AQ539: WET SEASONS | AS539: Delta-Wide | AT539: Suisun | AU539: Central Delta | AV539: North Delta | AW539: South Delta | AY539: DRY SEASONS | BA539: Delta-Wide | BB539: Suisun | BC539: Central Delta | BD539: North Delta | BE539: South Delta
F540: OCTOBER 1 - MARCH 31 | M540: DRY SEASON | S540: Total points | U540: =COUNTIF(B18:AG18,"<>") -> 32 | AA540: Total points | AC540: =COUNTIF(B18:AG18,"<>") -> 32 | AE540: Total points | AG540: =COUNTIF(B18:AG18,"<>") -> 32 | AI540: Total points | AK540: =COUNTIF($B$2:$AG$2,"<>") -> 32 | AL540: =COUNTIF($B$2:$I$2,"<>") -> 8 | AM540: =COUNTIF($J$2:$R$2,"<>") -> 9 | AN540: =COUNTIF($S$2:$X$2,"<>") -> 6 | AO540: =COUNTIF($Y$2:$AG$2,"<>") -> 9 | AQ540: Total points | AS540: =COUNTIF($B$2:$AG$2,"<>") -> 32 | AT540: =COUNTIF($B$2:$I$2,"<>") -> 8 | AU540: =COUNTIF($J$2:$R$2,"<>") -> 9 | AV540: =COUNTIF($S$2:$X$2,"<>") -> 6 | AW540: =COUNTIF($Y$2:$AG$2,"<>") -> 9 | AY540: Total points | BA540: =COUNTIF($B$2:$AG$2,"<>") -> 32 | BB540: =COUNTIF($B$2:$I$2,"<>") -> 8 | BC540: =COUNTIF($J$2:$R$2,"<>") -> 9 | BD540: =COUNTIF($S$2:$X$2,"<>") -> 6 | BE540: =COUNTIF($Y$2:$AG$2,"<>") -> 9
F541: WET SEASON 1 | H541: 10/1/20 - 3/31/21 | J541: =COUNTIF($B$54:$B$235,"<>") -> 182 | M541: APRIL 1 - SEPTEMBER 30 | S541: Days in run | U541: =COUNTIF($A$3:$A$511,"<>") -> 509 | AA541: Days in run | AC541: =SUM($J$524:$J$525) -> 275 | AE541: Days in run | AG541: =SUM($Q$525:$Q$526) -> 234 | AI541: Days in run | AK541: =COUNTIF($A$3:$A$511,"<>") -> 509 | AL541: =COUNTIF($A$3:$A$511,"<>") -> 509 | AM541: =COUNTIF($A$3:$A$511,"<>") -> 509 | AN541: =COUNTIF($A$3:$A$511,"<>") -> 509 | AO541: =COUNTIF($A$3:$A$511,"<>") -> 509 | AQ541: Days in run | AS541: =SUM($J$524:$J$525) -> 275 | AT541: =SUM($J$524:$J$525) -> 275 | AU541: =SUM($J$524:$J$525) -> 275 | AV541: =SUM($J$524:$J$525) -> 275 | AW541: =SUM($J$524:$J$525) -> 275 | AY541: Days in run | BA541: =SUM($Q$525:$Q$526) -> 234 | BB541: =SUM($Q$525:$Q$526) -> 234 | BC541: =SUM($Q$525:$Q$526) -> 234 | BD541: =SUM($Q$525:$Q$526) -> 234 | BE541: =SUM($Q$525:$Q$526) -> 234
F542: WET SEASON 2 | H542: 10/1/21 - 1/1/22 | J542: =COUNTIF($B$419:$B$511,"<>") -> 93 | M542: DRY SEASON 1 | O542: 8/11/20 - 9/30/20 | Q542: =COUNTIF($B$3:$B$53,"<>") -> 51 | S542: Total measurements | U542: =U541*U540 -> 16288 | V542: DENOMINATOR FOR EXCEEDANCE % | AA542: Total measurements | AC542: =AC541*AC540 -> 8800 | AE542: Total measurements | AG542: =AG540*AG541 -> 7488 | AI542: Total measurements | AK542: =AK541*AK540 -> 16288 | AL542: =AL541*AL540 -> 4072 | AM542: =AM541*AM540 -> 4581 | AN542: =AN541*AN540 -> 3054 | AO542: =AO541*AO540 -> 4581 | AQ542: Total measurements | AS542: =AS541*AS540 -> 8800 | AT542: =AT541*AT540 -> 2200 | AU542: =AU541*AU540 -> 2475 | AV542: =AV541*AV540 -> 1650 | AW542: =AW541*AW540 -> 2475 | AY542: Total measurements | BA542: =BA541*BA540 -> 7488 | BB542: =BB541*BB540 -> 1872 | BC542: =BC541*BC540 -> 2106 | BD542: =BD541*BD540 -> 1404 | BE542: =BE541*BE540 -> 2106
F543: WET SEASON 3 | H543: N/A (outside run period) | J543: =COUNTIF($A$737:$A$798,"<>") -> 0 | M543: DRY SEASON 2 | O543: 4/1/21 - 9/30/21 | Q543: =COUNTIF($B$236:$B$418,"<>") -> 183 | S543: Measurements >= 20C | U543: =SUM(B529:AG529) -> 5705 | V543: NUMERATOR FOR EXCEEDANCE % | AA543: Measurements >= 20C | AC543: =SUM(B534:AG534) -> 408 | AE543: Measurements >= 20C | AG543: =SUM(B535:AG535) -> 5297 | AI543: Measurements >= 20C | AK543: =SUM(B529:AG529) -> 5705 | AL543: =SUM(B529:I529) -> 1138 | AM543: =SUM(J529:R529) -> 1711 | AN543: =SUM(S529:X529) -> 1032 | AO543: =SUM(Y529:AG529) -> 1824 | AQ543: Measurements >= 20C | AS543: =SUM(B534:AG534) -> 408 | AT543: =SUM(B534:I534) -> 56 | AU543: =SUM(J534:R534) -> 136 | AV543: =SUM(S534:X534) -> 28 | AW543: =SUM(Y534:AG534) -> 188 | AY543: Measurements >= 20C | BA543: =SUM($B535:$AG535) -> 5297 | BB543: =SUM(B535:I535) -> 1082 | BC543: =SUM(J535:R535) -> 1575 | BD543: =SUM(S535:X535) -> 1004 | BE543: =SUM(Y535:AG535) -> 1636
S544: % Total Run Exceedances | U544: =$U543/$U542 -> 0.35025786 | AA544: % WET Exceedances | AC544: =AC543/AC542 -> 0.046363636 | AE544: % DRY Exceedances | AG544: =AG543/AG542 -> 0.7073985 | AI544: % Total Run Exceedances | AK544: =AK543/AK542 -> 0.35025786 | AL544: =AL543/AL542 -> 0.27946955 | AM544: =AM543/AM542 -> 0.37349924 | AN544: =AN543/AN542 -> 0.33791749 | AO544: =AO543/AO542 -> 0.39816634 | AQ544: % WET Exceedances | AS544: =AS543/AS542 -> 0.046363636 | AT544: =AT543/AT542 -> 0.025454545 | AU544: =AU543/AU542 -> 0.054949495 | AV544: =AV543/AV542 -> 0.016969697 | AW544: =AW543/AW542 -> 0.075959596 | AY544: % DRY Exceedances | BA544: =BA543/BA542 -> 0.7073985 | BB544: =BB543/BB542 -> 0.57799145 | BC544: =BC543/BC542 -> 0.74786325 | BD544: =BD543/BD542 -> 0.71509972 | BE544: =BE543/BE542 -> 0.77682811
A546: TOTAL EXCEEDANCES | B546: =COUNTIF(B$3:B$511,">=23") -> 15 | C546: =COUNTIF(C$3:C$511,">=23") -> 14 | D546: =COUNTIF(D$3:D$511,">=23") -> 12 | E546: =COUNTIF(E$3:E$511,">=23") -> 11 | F546: =COUNTIF(F$3:F$511,">=23") -> 4 | G546: =COUNTIF(G$3:G$511,">=23") -> 4 | H546: =COUNTIF(H$3:H$511,">=23") -> 0 | I546: =COUNTIF(I$3:I$511,">=23") -> 0 | ... AG546: =COUNTIF(AG$3:AG$511,">=23") -> 148
A547: WET 1 | B547: =COUNTIF(B$54:B$235,">=23") -> 0 | C547: =COUNTIF(C$54:C$235,">=23") -> 0 | D547: =COUNTIF(D$54:D$235,">=23") -> 0 | E547: =COUNTIF(E$54:E$235,">=23") -> 0 | F547: =COUNTIF(F$54:F$235,">=23") -> 0 | G547: =COUNTIF(G$54:G$235,">=23") -> 0 | H547: =COUNTIF(H$54:H$235,">=23") -> 0 | I547: =COUNTIF(I$54:I$235,">=23") -> 0 | ... AG547: =COUNTIF(AG$54:AG$235,">=23") -> 1 | AH547: OCTOBER 2020 - MARCH 2021
A548: WET 2 | B548: =COUNTIF(B$419:B$511,">=23") -> 0 | C548: =COUNTIF(C$419:C$511,">=23") -> 0 | D548: =COUNTIF(D$419:D$511,">=23") -> 0 | E548: =COUNTIF(E$419:E$511,">=23") -> 0 | F548: =COUNTIF(F$419:F$511,">=23") -> 0 | G548: =COUNTIF(G$419:G$511,">=23") -> 0 | H548: =COUNTIF(H$419:H$511,">=23") -> 0 | I548: =COUNTIF(I$419:I$511,">=23") -> 0 | ... AG548: =COUNTIF(AG$419:AG$511,">=23") -> 0 | AH548: OCTOBER 2021 - JANUARY 2022
A549: DRY 1 | B549: =COUNTIF(B$3:B$53,">=23") -> 15 | C549: =COUNTIF(C$3:C$53,">=23") -> 13 | D549: =COUNTIF(D$3:D$53,">=23") -> 12 | E549: =COUNTIF(E$3:E$53,">=23") -> 11 | F549: =COUNTIF(F$3:F$53,">=23") -> 4 | G549: =COUNTIF(G$3:G$53,">=23") -> 4 | H549: =COUNTIF(H$3:H$53,">=23") -> 0 | I549: =COUNTIF(I$3:I$53,">=23") -> 0 | ... AG549: =COUNTIF(AG$3:AG$53,">=23") -> 44 | AH549: AUGUST 2020 - SEPTEMBER 2020
A550: DRY 2 | B550: =COUNTIF(B$236:B$418,">=23") -> 0 | C550: =COUNTIF(C$236:C$418,">=23") -> 1 | D550: =COUNTIF(D$236:D$418,">=23") -> 0 | E550: =COUNTIF(E$236:E$418,">=23") -> 0 | F550: =COUNTIF(F$236:F$418,">=23") -> 0 | G550: =COUNTIF(G$236:G$418,">=23") -> 0 | H550: =COUNTIF(H$236:H$418,">=23") -> 0 | I550: =COUNTIF(I$236:I$418,">=23") -> 0 | ... AG550: =COUNTIF(AG$236:AG$418,">=23") -> 103 | AH550: APRIL 2021 - SEPTEMBER 2021
A551: ALL WET | B551: =SUM(B547,B548) -> 0 | C551: =SUM(C547,C548) -> 0 | D551: =SUM(D547,D548) -> 0 | E551: =SUM(E547,E548) -> 0 | F551: =SUM(F547,F548) -> 0 | G551: =SUM(G547,G548) -> 0 | H551: =SUM(H547,H548) -> 0 | I551: =SUM(I547,I548) -> 0 | ... AG551: =SUM(AG547,AG548) -> 1
A552: ALL DRY | B552: =SUM(B549,B550) -> 15 | C552: =SUM(C549,C550) -> 14 | D552: =SUM(D549,D550) -> 12 | E552: =SUM(E549,E550) -> 11 | F552: =SUM(F549,F550) -> 4 | G552: =SUM(G549,G550) -> 4 | H552: =SUM(H549,H550) -> 0 | I552: =SUM(I549,I550) -> 0 | ... AG552: =SUM(AG549,AG550) -> 147
D555: Waterfowl 23C | F555: THRESHOLD: 23C | S555: WATERFOWL | AA555: WATERFOWL | AE555: WATERFOWL | AI555: WATERFOWL | AQ555: WATERFOWL | AY555: WATERFOWL
F556: WET SEASON | S556: TOTAL RUN | AA556: WET SEASONS | AE556: DRY SEASONS | AI556: TOTAL RUN | AK556: Delta-Wide | AL556: Suisun | AM556: Central Delta | AN556: North Delta | AO556: South Delta | AQ556: WET SEASONS | AS556: Delta-Wide | AT556: Suisun | AU556: Central Delta | AV556: North Delta | AW556: South Delta | AY556: DRY SEASONS | BA556: Delta-Wide | BB556: Suisun | BC556: Central Delta | BD556: North Delta | BE556: South Delta
F557: OCTOBER 1 - MARCH 31 | M557: DRY SEASON | S557: Total points | U557: =COUNTIF(B35:AG35,"<>") -> 32 | AA557: Total points | AC557: =COUNTIF(B35:AG35,"<>") -> 32 | AE557: Total points | AG557: =COUNTIF(B35:AG35,"<>") -> 32 | AI557: Total points | AK557: =COUNTIF($B$2:$AG$2,"<>") -> 32 | AL557: =COUNTIF($B$2:$I$2,"<>") -> 8 | AM557: =COUNTIF($J$2:$R$2,"<>") -> 9 | AN557: =COUNTIF($S$2:$X$2,"<>") -> 6 | AO557: =COUNTIF($Y$2:$AG$2,"<>") -> 9 | AQ557: Total points | AS557: =COUNTIF($B$2:$AG$2,"<>") -> 32 | AT557: =COUNTIF($B$2:$I$2,"<>") -> 8 | AU557: =COUNTIF($J$2:$R$2,"<>") -> 9 | AV557: =COUNTIF($S$2:$X$2,"<>") -> 6 | AW557: =COUNTIF($Y$2:$AG$2,"<>") -> 9 | AY557: Total points | BA557: =COUNTIF($B$2:$AG$2,"<>") -> 32 | BB557: =COUNTIF($B$2:$I$2,"<>") -> 8 | BC557: =COUNTIF($J$2:$R$2,"<>") -> 9 | BD557: =COUNTIF($S$2:$X$2,"<>") -> 6 | BE557: =COUNTIF($Y$2:$AG$2,"<>") -> 9
F558: WET SEASON 1 | H558: 10/1/20 - 3/31/21 | J558: =COUNTIF($B$54:$B$235,"<>") -> 182 | M558: APRIL 1 - SEPTEMBER 30 | S558: Days in run | U558: =COUNTIF($A$3:$A$511,"<>") -> 509 | AA558: Days in run | AC558: =SUM($J$524:$J$525) -> 275 | AE558: Days in run | AG558: =SUM($Q$525:$Q$526) -> 234 | AI558: Days in run | AK558: =COUNTIF($A$3:$A$511,"<>") -> 509 | AL558: =COUNTIF($A$3:$A$511,"<>") -> 509 | AM558: =COUNTIF($A$3:$A$511,"<>") -> 509 | AN558: =COUNTIF($A$3:$A$511,"<>") -> 509 | AO558: =COUNTIF($A$3:$A$511,"<>") -> 509 | AQ558: Days in run | AS558: =SUM($J$524:$J$525) -> 275 | AT558: =SUM($J$524:$J$525) -> 275 | AU558: =SUM($J$524:$J$525) -> 275 | AV558: =SUM($J$524:$J$525) -> 275 | AW558: =SUM($J$524:$J$525) -> 275 | AY558: Days in run | BA558: =SUM($Q$525:$Q$526) -> 234 | BB558: =SUM($Q$525:$Q$526) -> 234 | BC558: =SUM($Q$525:$Q$526) -> 234 | BD558: =SUM($Q$525:$Q$526) -> 234 | BE558: =SUM($Q$525:$Q$526) -> 234
F559: WET SEASON 2 | H559: 10/1/21 - 1/1/22 | J559: =COUNTIF($B$419:$B$511,"<>") -> 93 | M559: DRY SEASON 1 | O559: 8/11/20 - 9/30/20 | Q559: =COUNTIF($B$3:$B$53,"<>") -> 51 | S559: Total measurements | U559: =U558*U557 -> 16288 | V559: DENOMINATOR FOR EXCEEDANCE % | AA559: Total measurements | AC559: =AC558*AC557 -> 8800 | AE559: Total measurements | AG559: =AG557*AG558 -> 7488 | AI559: Total measurements | AK559: =AK558*AK557 -> 16288 | AL559: =AL558*AL557 -> 4072 | AM559: =AM558*AM557 -> 4581 | AN559: =AN558*AN557 -> 3054 | AO559: =AO558*AO557 -> 4581 | AQ559: Total measurements | AS559: =AS558*AS557 -> 8800 | AT559: =AT558*AT557 -> 2200 | AU559: =AU558*AU557 -> 2475 | AV559: =AV558*AV557 -> 1650 | AW559: =AW558*AW557 -> 2475 | AY559: Total measurements | BA559: =BA558*BA557 -> 7488 | BB559: =BB558*BB557 -> 1872 | BC559: =BC558*BC557 -> 2106 | BD559: =BD558*BD557 -> 1404 | BE559: =BE558*BE557 -> 2106
F560: WET SEASON 3 | H560: N/A (outside run period) | J560: =COUNTIF($A$737:$A$798,"<>") -> 0 | M560: DRY SEASON 2 | O560: 4/1/21 - 9/30/21 | Q560: =COUNTIF($B$236:$B$418,"<>") -> 183 | S560: Measurements >= 23C | U560: =SUM(B546:AG546) -> 2084 | V560: NUMERATOR FOR EXCEEDANCE % | AA560: Measurements >= 23C | AC560: =SUM(B551:AG551) -> 17 | AE560: Measurements >= 23C | AG560: =SUM(B552:AG552) -> 2067 | AI560: Measurements >= 23C | AK560: =SUM(B546:AG546) -> 2084 | AL560: =SUM(B546:I546) -> 60 | AM560: =SUM(J546:R546) -> 542 | AN560: =SUM(S546:X546) -> 342 | AO560: =SUM(Y546:AG546) -> 1140 | AQ560: Measurements >= 23C | AS560: =SUM(B551:AG551) -> 17 | AT560: =SUM(B551:I551) -> 0 | AU560: =SUM(J551:R551) -> 0 | AV560: =SUM(S551:X551) -> 0 | AW560: =SUM(Y551:AG551) -> 17 | AY560: Measurements >= 23C | BA560: =SUM($B552:$AG552) -> 2067 | BB560: =SUM(B552:I552) -> 60 | BC560: =SUM(J552:R552) -> 542 | BD560: =SUM(S552:X552) -> 342 | BE560: =SUM(Y552:AG552) -> 1123
S561: % Total Run Exceedances | U561: =$U560/$U559 -> 0.12794695 | AA561: % WET Exceedances | AC561: =AC560/AC559 -> 0.0019318182 | AE561: % DRY Exceedances | AG561: =AG560/AG559 -> 0.27604167 | AI561: % Total Run Exceedances | AK561: =AK560/AK559 -> 0.12794695 | AL561: =AL560/AL559 -> 0.014734774 | AM561: =AM560/AM559 -> 0.11831478 | AN561: =AN560/AN559 -> 0.11198428 | AO561: =AO560/AO559 -> 0.24885396 | AQ561: % WET Exceedances | AS561: =AS560/AS559 -> 0.0019318182 | AT561: =AT560/AT559 -> 0 | AU561: =AU560/AU559 -> 0 | AV561: =AV560/AV559 -> 0 | AW561: =AW560/AW559 -> 0.0068686869 | AY561: % DRY Exceedances | BA561: =BA560/BA559 -> 0.27604167 | BB561: =BB560/BB559 -> 0.032051282 | BC561: =BC560/BC559 -> 0.25735992 | BD561: =BD560/BD559 -> 0.24358974 | BE561: =BE560/BE559 -> 0.53323837
A563: TOTAL EXCEEDANCES | B563: =COUNTIF(B$3:B$511,">=18.42") -> 213 | C563: =COUNTIF(C$3:C$511,">=18.42") -> 221 | D563: =COUNTIF(D$3:D$511,">=18.42") -> 211 | E563: =COUNTIF(E$3:E$511,">=18.42") -> 209 | F563: =COUNTIF(F$3:F$511,">=18.42") -> 212 | G563: =COUNTIF(G$3:G$511,">=18.42") -> 216 | H563: =COUNTIF(H$3:H$511,">=18.42") -> 184 | I563: =COUNTIF(I$3:I$511,">=18.42") -> 189 | ... AG563: =COUNTIF(AG$3:AG$511,">=18.42") -> 245
A564: WET 1 | B564: =COUNTIF(B$54:B$235,">=18.42") -> 23 | C564: =COUNTIF(C$54:C$235,">=18.42") -> 24 | D564: =COUNTIF(D$54:D$235,">=18.42") -> 24 | E564: =COUNTIF(E$54:E$235,">=18.42") -> 23 | F564: =COUNTIF(F$54:F$235,">=18.42") -> 23 | G564: =COUNTIF(G$54:G$235,">=18.42") -> 24 | H564: =COUNTIF(H$54:H$235,">=18.42") -> 22 | I564: =COUNTIF(I$54:I$235,">=18.42") -> 12 | ... AG564: =COUNTIF(AG$54:AG$235,">=18.42") -> 25 | AH564: OCTOBER 2020 - MARCH 2021
A565: WET 2 | B565: =COUNTIF(B$419:B$511,">=18.42") -> 6 | C565: =COUNTIF(C$419:C$511,">=18.42") -> 7 | D565: =COUNTIF(D$419:D$511,">=18.42") -> 6 | E565: =COUNTIF(E$419:E$511,">=18.42") -> 6 | F565: =COUNTIF(F$419:F$511,">=18.42") -> 6 | G565: =COUNTIF(G$419:G$511,">=18.42") -> 7 | H565: =COUNTIF(H$419:H$511,">=18.42") -> 1 | I565: =COUNTIF(I$419:I$511,">=18.42") -> 5 | ... AG565: =COUNTIF(AG$419:AG$511,">=18.42") -> 10 | AH565: OCTOBER 2021 - JANUARY 2022
A566: DRY 1 | B566: =COUNTIF(B$3:B$53,">=18.42") -> 51 | C566: =COUNTIF(C$3:C$53,">=18.42") -> 51 | D566: =COUNTIF(D$3:D$53,">=18.42") -> 51 | E566: =COUNTIF(E$3:E$53,">=18.42") -> 51 | F566: =COUNTIF(F$3:F$53,">=18.42") -> 51 | G566: =COUNTIF(G$3:G$53,">=18.42") -> 51 | H566: =COUNTIF(H$3:H$53,">=18.42") -> 51 | I566: =COUNTIF(I$3:I$53,">=18.42") -> 51 | ... AG566: =COUNTIF(AG$3:AG$53,">=18.42") -> 51 | AH566: AUGUST 2020 - SEPTEMBER 2020
A567: DRY 2 | B567: =COUNTIF(B$236:B$418,">=18.42") -> 133 | C567: =COUNTIF(C$236:C$418,">=18.42") -> 139 | D567: =COUNTIF(D$236:D$418,">=18.42") -> 130 | E567: =COUNTIF(E$236:E$418,">=18.42") -> 129 | F567: =COUNTIF(F$236:F$418,">=18.42") -> 132 | G567: =COUNTIF(G$236:G$418,">=18.42") -> 134 | H567: =COUNTIF(H$236:H$418,">=18.42") -> 110 | I567: =COUNTIF(I$236:I$418,">=18.42") -> 121 | ... AG567: =COUNTIF(AG$236:AG$418,">=18.42") -> 159 | AH567: APRIL 2021 - SEPTEMBER 2021
A568: ALL WET | B568: =SUM(B564,B565) -> 29 | C568: =SUM(C564,C565) -> 31 | D568: =SUM(D564,D565) -> 30 | E568: =SUM(E564,E565) -> 29 | F568: =SUM(F564,F565) -> 29 | G568: =SUM(G564,G565) -> 31 | H568: =SUM(H564,H565) -> 23 | I568: =SUM(I564,I565) -> 17 | ... AG568: =SUM(AG564,AG565) -> 35
A569: ALL DRY | B569: =SUM(B566,B567) -> 184 | C569: =SUM(C566,C567) -> 190 | D569: =SUM(D566,D567) -> 181 | E569: =SUM(E566,E567) -> 180 | F569: =SUM(F566,F567) -> 183 | G569: =SUM(G566,G567) -> 185 | H569: =SUM(H566,H567) -> 161 | I569: =SUM(I566,I567) -> 172 | ... AG569: =SUM(AG566,AG567) -> 210
D572: Angling 18.42C | F572: THRESHOLD: 18.42C | S572: ANGLING | AA572: ANGLING | AE572: ANGLING | AI572: ANGLING | AQ572: ANGLING | AY572: ANGLING
F573: WET SEASON | S573: TOTAL RUN | AA573: WET SEASONS | AE573: DRY SEASONS | AI573: TOTAL RUN | AK573: Delta-Wide | AL573: Suisun | AM573: Central Delta | AN573: North Delta | AO573: South Delta | AQ573: WET SEASONS | AS573: Delta-Wide | AT573: Suisun | AU573: Central Delta | AV573: North Delta | AW573: South Delta | AY573: DRY SEASONS | BA573: Delta-Wide | BB573: Suisun | BC573: Central Delta | BD573: North Delta | BE573: South Delta
F574: OCTOBER 1 - MARCH 31 | M574: DRY SEASON | S574: Total points | U574: =COUNTIF(B52:AG52,"<>") -> 32 | AA574: Total points | AC574: =COUNTIF(B52:AG52,"<>") -> 32 | AE574: Total points | AG574: =COUNTIF(B52:AG52,"<>") -> 32 | AI574: Total points | AK574: =COUNTIF($B$2:$AG$2,"<>") -> 32 | AL574: =COUNTIF($B$2:$I$2,"<>") -> 8 | AM574: =COUNTIF($J$2:$R$2,"<>") -> 9 | AN574: =COUNTIF($S$2:$X$2,"<>") -> 6 | AO574: =COUNTIF($Y$2:$AG$2,"<>") -> 9 | AQ574: Total points | AS574: =COUNTIF($B$2:$AG$2,"<>") -> 32 | AT574: =COUNTIF($B$2:$I$2,"<>") -> 8 | AU574: =COUNTIF($J$2:$R$2,"<>") -> 9 | AV574: =COUNTIF($S$2:$X$2,"<>") -> 6 | AW574: =COUNTIF($Y$2:$AG$2,"<>") -> 9 | AY574: Total points | BA574: =COUNTIF($B$2:$AG$2,"<>") -> 32 | BB574: =COUNTIF($B$2:$I$2,"<>") -> 8 | BC574: =COUNTIF($J$2:$R$2,"<>") -> 9 | BD574: =COUNTIF($S$2:$X$2,"<>") -> 6 | BE574: =COUNTIF($Y$2:$AG$2,"<>") -> 9
F575: WET SEASON 1 | H575: 10/1/20 - 3/31/21 | J575: =COUNTIF($B$54:$B$235,"<>") -> 182 | M575: APRIL 1 - SEPTEMBER 30 | S575: Days in run | U575: =COUNTIF($A$3:$A$511,"<>") -> 509 | AA575: Days in run | AC575: =SUM($J$524:$J$525) -> 275 | AE575: Days in run | AG575: =SUM($Q$525:$Q$526) -> 234 | AI575: Days in run | AK575: =COUNTIF($A$3:$A$511,"<>") -> 509 | AL575: =COUNTIF($A$3:$A$511,"<>") -> 509 | AM575: =COUNTIF($A$3:$A$511,"<>") -> 509 | AN575: =COUNTIF($A$3:$A$511,"<>") -> 509 | AO575: =COUNTIF($A$3:$A$511,"<>") -> 509 | AQ575: Days in run | AS575: =SUM($J$524:$J$525) -> 275 | AT575: =SUM($J$524:$J$525) -> 275 | AU575: =SUM($J$524:$J$525) -> 275 | AV575: =SUM($J$524:$J$525) -> 275 | AW575: =SUM($J$524:$J$525) -> 275 | AY575: Days in run | BA575: =SUM($Q$525:$Q$526) -> 234 | BB575: =SUM($Q$525:$Q$526) -> 234 | BC575: =SUM($Q$525:$Q$526) -> 234 | BD575: =SUM($Q$525:$Q$526) -> 234 | BE575: =SUM($Q$525:$Q$526) -> 234
F576: WET SEASON 2 | H576: 10/1/21 - 1/1/22 | J576: =COUNTIF($B$419:$B$511,"<>") -> 93 | M576: DRY SEASON 1 | O576: 8/11/20 - 9/30/20 | Q576: =COUNTIF($B$3:$B$53,"<>") -> 51 | S576: Total measurements | U576: =U575*U574 -> 16288 | V576: DENOMINATOR FOR EXCEEDANCE % | AA576: Total measurements | AC576: =AC575*AC574 -> 8800 | AE576: Total measurements | AG576: =AG574*AG575 -> 7488 | AI576: Total measurements | AK576: =AK575*AK574 -> 16288 | AL576: =AL575*AL574 -> 4072 | AM576: =AM575*AM574 -> 4581 | AN576: =AN575*AN574 -> 3054 | AO576: =AO575*AO574 -> 4581 | AQ576: Total measurements | AS576: =AS575*AS574 -> 8800 | AT576: =AT575*AT574 -> 2200 | AU576: =AU575*AU574 -> 2475 | AV576: =AV575*AV574 -> 1650 | AW576: =AW575*AW574 -> 2475 | AY576: Total measurements | BA576: =BA575*BA574 -> 7488 | BB576: =BB575*BB574 -> 1872 | BC576: =BC575*BC574 -> 2106 | BD576: =BD575*BD574 -> 1404 | BE576: =BE575*BE574 -> 2106
F577: WET SEASON 3 | H577: N/A (outside run period) | J577: =COUNTIF($A$737:$A$798,"<>") -> 0 | M577: DRY SEASON 2 | O577: 4/1/21 - 9/30/21 | Q577: =COUNTIF($B$236:$B$418,"<>") -> 183 | S577: Measurements >= 18.42C | U577: =SUM(B563:AG563) -> 7184 | V577: NUMERATOR FOR EXCEEDANCE % | AA577: Measurements >= 18.42C | AC577: =SUM(B568:AG568) -> 934 | AE577: Measurements >= 1000 | AG577: =SUM(B569:AG569) -> 6250 | AI577: Measurements >= 18.42C | AK577: =SUM(B563:AG563) -> 7184 | AL577: =SUM(B563:I563) -> 1655 | AM577: =SUM(J563:R563) -> 2081 | AN577: =SUM(S563:X563) -> 1317 | AO577: =SUM(Y563:AG563) -> 2131 | AQ577: Measurements >= 18.42C | AS577: =SUM(B568:AG568) -> 934 | AT577: =SUM(B568:I568) -> 219 | AU577: =SUM(J568:R568) -> 300 | AV577: =SUM(S568:X568) -> 129 | AW577: =SUM(Y568:AG568) -> 286 | AY577: Measurements >= 18.42C | BA577: =SUM($B569:$AG569) -> 6250 | BB577: =SUM(B569:I569) -> 1436 | BC577: =SUM(J569:R569) -> 1781 | BD577: =SUM(S569:X569) -> 1188 | BE577: =SUM(Y569:AG569) -> 1845
S578: % Total Run Exceedances | U578: =$U577/$U576 -> 0.4410609 | AA578: % WET Exceedances | AC578: =AC577/AC576 -> 0.10613636 | AE578: % DRY Exceedances | AG578: =AG577/AG576 -> 0.8346688 | AI578: % Total Run Exceedances | AK578: =AK577/AK576 -> 0.4410609 | AL578: =AL577/AL576 -> 0.40643418 | AM578: =AM577/AM576 -> 0.45426763 | AN578: =AN577/AN576 -> 0.43123772 | AO578: =AO577/AO576 -> 0.46518227 | AQ578: % WET Exceedances | AS578: =AS577/AS576 -> 0.10613636 | AT578: =AT577/AT576 -> 0.099545455 | AU578: =AU577/AU576 -> 0.12121212 | AV578: =AV577/AV576 -> 0.078181818 | AW578: =AW577/AW576 -> 0.11555556 | AY578: % DRY Exceedances | BA578: =BA577/BA576 -> 0.8346688 | BB578: =BB577/BB576 -> 0.76709402 | BC578: =BC577/BC576 -> 0.84567901 | BD578: =BD577/BD576 -> 0.84615385 | BE578: =BE577/BE576 -> 0.87606838
A580: TOTAL EXCEEDANCES | B580: =COUNTIF(B$3:B$511,"<=18") -> 286 | C580: =COUNTIF(C$3:C$511,"<=18") -> 279 | D580: =COUNTIF(D$3:D$511,"<=18") -> 288 | E580: =COUNTIF(E$3:E$511,"<=18") -> 292 | F580: =COUNTIF(F$3:F$511,"<=18") -> 285 | G580: =COUNTIF(G$3:G$511,"<=18") -> 286 | H580: =COUNTIF(H$3:H$511,"<=18") -> 309 | I580: =COUNTIF(I$3:I$511,"<=18") -> 308 | ... AG580: =COUNTIF(AG$3:AG$511,"<=18") -> 261
A581: WET 1 | B581: =COUNTIF(B$54:B$235,"<=18") -> 158 | C581: =COUNTIF(C$54:C$235,"<=18") -> 157 | D581: =COUNTIF(D$54:D$235,"<=18") -> 157 | E581: =COUNTIF(E$54:E$235,"<=18") -> 158 | F581: =COUNTIF(F$54:F$235,"<=18") -> 157 | G581: =COUNTIF(G$54:G$235,"<=18") -> 157 | H581: =COUNTIF(H$54:H$235,"<=18") -> 158 | I581: =COUNTIF(I$54:I$235,"<=18") -> 164 | ... AG581: =COUNTIF(AG$54:AG$235,"<=18") -> 157 | AH581: OCTOBER 2020 - MARCH 2021
A582: WET 2 | B582: =COUNTIF(B$419:B$511,"<=18") -> 86 | C582: =COUNTIF(C$419:C$511,"<=18") -> 85 | D582: =COUNTIF(D$419:D$511,"<=18") -> 86 | E582: =COUNTIF(E$419:E$511,"<=18") -> 86 | F582: =COUNTIF(F$419:F$511,"<=18") -> 86 | G582: =COUNTIF(G$419:G$511,"<=18") -> 85 | H582: =COUNTIF(H$419:H$511,"<=18") -> 87 | I582: =COUNTIF(I$419:I$511,"<=18") -> 88 | ... AG582: =COUNTIF(AG$419:AG$511,"<=18") -> 83 | AH582: OCTOBER 2021 - JANUARY 2022
A583: DRY 1 | B583: =COUNTIF(B$3:B$53,"<=18") -> 0 | C583: =COUNTIF(C$3:C$53,"<=18") -> 0 | D583: =COUNTIF(D$3:D$53,"<=18") -> 0 | E583: =COUNTIF(E$3:E$53,"<=18") -> 0 | F583: =COUNTIF(F$3:F$53,"<=18") -> 0 | G583: =COUNTIF(G$3:G$53,"<=18") -> 0 | H583: =COUNTIF(H$3:H$53,"<=18") -> 0 | I583: =COUNTIF(I$3:I$53,"<=18") -> 0 | ... AG583: =COUNTIF(AG$3:AG$53,"<=18") -> 0 | AH583: AUGUST 2020 - SEPTEMBER 2020
A584: DRY 2 | B584: =COUNTIF(B$236:B$418,"<=18") -> 42 | C584: =COUNTIF(C$236:C$418,"<=18") -> 37 | D584: =COUNTIF(D$236:D$418,"<=18") -> 45 | E584: =COUNTIF(E$236:E$418,"<=18") -> 48 | F584: =COUNTIF(F$236:F$418,"<=18") -> 42 | G584: =COUNTIF(G$236:G$418,"<=18") -> 44 | H584: =COUNTIF(H$236:H$418,"<=18") -> 64 | I584: =COUNTIF(I$236:I$418,"<=18") -> 56 | ... AG584: =COUNTIF(AG$236:AG$418,"<=18") -> 21 | AH584: APRIL 2021 - SEPTEMBER 2021
A585: ALL WET | B585: =SUM(B$581,B$582) -> 244 | C585: =SUM(C$581,C$582) -> 242 | D585: =SUM(D$581,D$582) -> 243 | E585: =SUM(E$581,E$582) -> 244 | F585: =SUM(F$581,F$582) -> 243 | G585: =SUM(G$581,G$582) -> 242 | H585: =SUM(H$581,H$582) -> 245 | I585: =SUM(I$581,I$582) -> 252 | ... AG585: =SUM(AG$581,AG$582) -> 240
A586: ALL DRY | B586: =SUM(B$583,B$584) -> 42 | C586: =SUM(C$583,C$584) -> 37 | D586: =SUM(D$583,D$584) -> 45 | E586: =SUM(E$583,E$584) -> 48 | F586: =SUM(F$583,F$584) -> 42 | G586: =SUM(G$583,G$584) -> 44 | H586: =SUM(H$583,H$584) -> 64 | I586: =SUM(I$583,I$584) -> 56 | ... AG586: =SUM(AG$583,AG$584) -> 21
D589: Day Use <18C | F589: THRESHOLD:<18C | S589: DAY USE | AA589: DAY USE | AE589: DAY USE | AI589: DAY USE | AQ589: DAY USE | AY589: DAY USE
F590: WET SEASON | S590: TOTAL RUN | AA590: WET SEASONS | AE590: DRY SEASONS | AI590: TOTAL RUN | AK590: Delta-Wide | AL590: Suisun | AM590: Central Delta | AN590: North Delta | AO590: South Delta | AQ590: WET SEASONS | AS590: Delta-Wide | AT590: Suisun | AU590: Central Delta | AV590: North Delta | AW590: South Delta | AY590: DRY SEASONS | BA590: Delta-Wide | BB590: Suisun | BC590: Central Delta | BD590: North Delta | BE590: South Delta
F591: OCTOBER 1 - MARCH 31 | M591: DRY SEASON | S591: Total points | U591: =COUNTIF(B69:AG69,"<>") -> 32 | AA591: Total points | AC591: =COUNTIF(B69:AG69,"<>") -> 32 | AE591: Total points | AG591: =COUNTIF(B69:AG69,"<>") -> 32 | AI591: Total points | AK591: =COUNTIF($B$2:$AG$2,"<>") -> 32 | AL591: =COUNTIF($B$2:$I$2,"<>") -> 8 | AM591: =COUNTIF($J$2:$R$2,"<>") -> 9 | AN591: =COUNTIF($S$2:$X$2,"<>") -> 6 | AO591: =COUNTIF($Y$2:$AG$2,"<>") -> 9 | AQ591: Total points | AS591: =COUNTIF($B$2:$AG$2,"<>") -> 32 | AT591: =COUNTIF($B$2:$I$2,"<>") -> 8 | AU591: =COUNTIF($J$2:$R$2,"<>") -> 9 | AV591: =COUNTIF($S$2:$X$2,"<>") -> 6 | AW591: =COUNTIF($Y$2:$AG$2,"<>") -> 9 | AY591: Total points | BA591: =COUNTIF($B$2:$AG$2,"<>") -> 32 | BB591: =COUNTIF($B$2:$I$2,"<>") -> 8 | BC591: =COUNTIF($J$2:$R$2,"<>") -> 9 | BD591: =COUNTIF($S$2:$X$2,"<>") -> 6 | BE591: =COUNTIF($Y$2:$AG$2,"<>") -> 9
F592: WET SEASON 1 | H592: 10/1/20 - 3/31/21 | J592: =COUNTIF($B$54:$B$235,"<>") -> 182 | M592: APRIL 1 - SEPTEMBER 30 | S592: Days in run | U592: =COUNTIF($A$3:$A$511,"<>") -> 509 | AA592: Days in run | AC592: =SUM($J$524:$J$525) -> 275 | AE592: Days in run | AG592: =SUM($Q$525:$Q$526) -> 234 | AI592: Days in run | AK592: =COUNTIF($A$3:$A$511,"<>") -> 509 | AL592: =COUNTIF($A$3:$A$511,"<>") -> 509 | AM592: =COUNTIF($A$3:$A$511,"<>") -> 509 | AN592: =COUNTIF($A$3:$A$511,"<>") -> 509 | AO592: =COUNTIF($A$3:$A$511,"<>") -> 509 | AQ592: Days in run | AS592: =SUM($J$524:$J$525) -> 275 | AT592: =SUM($J$524:$J$525) -> 275 | AU592: =SUM($J$524:$J$525) -> 275 | AV592: =SUM($J$524:$J$525) -> 275 | AW592: =SUM($J$524:$J$525) -> 275 | AY592: Days in run | BA592: =SUM($Q$525:$Q$526) -> 234 | BB592: =SUM($Q$525:$Q$526) -> 234 | BC592: =SUM($Q$525:$Q$526) -> 234 | BD592: =SUM($Q$525:$Q$526) -> 234 | BE592: =SUM($Q$525:$Q$526) -> 234
F593: WET SEASON 2 | H593: 10/1/21 - 1/1/22 | J593: =COUNTIF($B$419:$B$511,"<>") -> 93 | M593: DRY SEASON 1 | O593: 8/11/20 - 9/30/20 | Q593: =COUNTIF($B$3:$B$53,"<>") -> 51 | S593: Total measurements | U593: =U592*U591 -> 16288 | V593: DENOMINATOR FOR EXCEEDANCE % | AA593: Total measurements | AC593: =AC592*AC591 -> 8800 | AE593: Total measurements | AG593: =AG591*AG592 -> 7488 | AI593: Total measurements | AK593: =AK592*AK591 -> 16288 | AL593: =AL592*AL591 -> 4072 | AM593: =AM592*AM591 -> 4581 | AN593: =AN592*AN591 -> 3054 | AO593: =AO592*AO591 -> 4581 | AQ593: Total measurements | AS593: =AS592*AS591 -> 8800 | AT593: =AT592*AT591 -> 2200 | AU593: =AU592*AU591 -> 2475 | AV593: =AV592*AV591 -> 1650 | AW593: =AW592*AW591 -> 2475 | AY593: Total measurements | BA593: =BA592*BA591 -> 7488 | BB593: =BB592*BB591 -> 1872 | BC593: =BC592*BC591 -> 2106 | BD593: =BD592*BD591 -> 1404 | BE593: =BE592*BE591 -> 2106
F594: WET SEASON 3 | H594: N/A (outside run period) | J594: =COUNTIF($A$737:$A$798,"<>") -> 0 | M594: DRY SEASON 2 | O594: 4/1/21 - 9/30/21 | Q594: =COUNTIF($B$236:$B$418,"<>") -> 183 | S594: Measurements <18C | U594: =SUM(B580:AG580) -> 8834 | V594: NUMERATOR FOR EXCEEDANCE % | AA594: Measurements <18C | AC594: =SUM(B585:AG585) -> 7786 | AE594: Measurements<18C | AG594: =SUM(B586:AG586) -> 1048 | AI594: Measurements <18C | AK594: =SUM(B580:AG580) -> 8834 | AL594: =SUM(B580:I580) -> 2333 | AM594: =SUM(J580:R580) -> 2441 | AN594: =SUM(S580:X580) -> 1674 | AO594: =SUM(Y580:AG580) -> 2386 | AQ594: Measurements <18C | AS594: =SUM(B585:AG585) -> 7786 | AT594: =SUM(B585:I585) -> 1955 | AU594: =SUM(J585:R585) -> 2167 | AV594: =SUM(S585:X585) -> 1491 | AW594: =SUM(Y585:AG585) -> 2173 | AY594: Measurements <18C | BA594: =SUM($B586:$AG586) -> 1048 | BB594: =SUM(B586:I586) -> 378 | BC594: =SUM(J586:R586) -> 274 | BD594: =SUM(S586:X586) -> 183 | BE594: =SUM(Y586:AG586) -> 213
S595: % Total Run Exceedances | U595: =$U594/$U593 -> 0.54236248 | AA595: % WET Exceedances | AC595: =AC594/AC593 -> 0.88477273 | AE595: % DRY Exceedances | AG595: =AG594/AG593 -> 0.13995726 | AI595: % Total Run Exceedances | AK595: =AK594/AK593 -> 0.54236248 | AL595: =AL594/AL593 -> 0.57293713 | AM595: =AM594/AM593 -> 0.53285309 | AN595: =AN594/AN593 -> 0.5481336 | AO595: =AO594/AO593 -> 0.52084698 | AQ595: % WET Exceedances | AS595: =AS594/AS593 -> 0.88477273 | AT595: =AT594/AT593 -> 0.88863636 | AU595: =AU594/AU593 -> 0.87555556 | AV595: =AV594/AV593 -> 0.90363636 | AW595: =AW594/AW593 -> 0.8779798 | AY595: % DRY Exceedances | BA595: =BA594/BA593 -> 0.13995726 | BB595: =BB594/BB593 -> 0.20192308 | BC595: =BC594/BC593 -> 0.13010446 | BD595: =BD594/BD593 -> 0.13034188 | BE595: =BE594/BE593 -> 0.1011396

Sheet Run 16 Temp
B1: Suisun | J1: Central Delta | S1: North Delta | Y1: South Delta
A2: Date | B2: CHADBOURNE SLOUGH AT SUNRISE DUCK CLUB | C2: MONTEZUMA SLOUGH AT NATIONAL STEEL | D2: MONTEZUMA SLOUGH NEAR BELDENS LANDING | E2: SUISUN SLOUGH 300' SOUTH OF VOLANTI SLOUGH | F2: HONKER BAY | G2: SUISUN BAY AT VAN SICKLE ISLAND | H2: SUISUN BAY WEST REACH | I2: GRIZZLY BAY BUOY | J2: DUTCH SL BELOW JERSEY ISLAND | K2: FALSE RIVER NEAR OAKLEY | L2: OLD RIVER AT FRANKS TRACT | M2: PITTSBURG | N2: SACRAMENTO RIVER AT EMMATON | O2: SAN ANDREAS LANDING | P2: SAN JOAQUIN RIVER AT JERSEY POINT | Q2: SUISUN BAY AT CHANNEL MARKER 5 AT COLLINSVILLE | R2: BRANNAN MARINAS AT SAN JOAQUIN RIVER | S2: LIBERTY CUT AT FIVE POINTS | T2: CACHE SLOUGH ABOVE RYER ISLAND FERRY | U2: DELTA CROSS CHANNEL NEAR WALNUT GROVE | V2: SACRAMENTO RIVER DOWNSTREAM OF ISLETON | W2: COURTLAND AT SACRAMENTO RIVER | X2: VIERAS RESORT AT SACRAMENTO RIVER | Y2: GRANT LINE CANAL NEAR CLIFTON COURT FORE | Z2: LITTLE POTATO SLOUGH AT TERMINOUS | AA2: MIDDLE RIVER AT MILDRED ISLAND | AB2: OLD RIVER AT CLIFTON COURT | AC2: SAN JOAQUIN RIVER AT BRANDT BRIDGE | AD2: SAN JOAQUIN RIVER AT PRISONERS POINT | AE2: SAN JOAQUIN RIVER NEAR VERNALIS | AF2: SAN JOAQUIN RVER AT ROUGH AND READY ISLAND | AG2: VICTORIA CANAL BEFORE CLIFTON COURT FORE
A3: 44054 | B3: 22.560764 | C3: 21.901028 | D3: 22.4312 | E3: 22.658598 | F3: 20.75539 | G3: 21.305948 | H3: 20.295216 | I3: 20.915659 | J3: 23.26238 | K3: 22.90294 | L3: 23.922787 | M3: 21.527235 | N3: 22.213596 | O3: 23.735483 | P3: 22.804697 | Q3: 21.601511 | R3: 23.547873 | S3: 22.027601 | T3: 23.297243 | U3: 23.66891 | V3: 23.21523 | W3: 23.670118 | X3: 23.27483 | Y3: 25.640064 | Z3: 24.2612 | AA3: 25.027302 | AB3: 25.589695 | AC3: 26.869406 | AD3: 24.109734 | AE3: 25.979967 | AF3: 26.154945 | AG3: 25.606352
A4: 44055 | B4: 22.74026 | C4: 22.16088 | D4: 22.396257 | E4: 22.537186 | F4: 21.16958 | G4: 21.16175 | H4: 20.25052 | I4: 20.55522 | J4: 23.017015 | K4: 22.673159 | L4: 23.855062 | M4: 21.429705 | N4: 22.086098 | O4: 23.60781 | P4: 22.58709 | Q4: 21.476517 | R4: 23.388723 | S4: 20.774557 | T4: 22.965813 | U4: 23.64268 | V4: 23.318651 | W4: 23.051378 | X4: 23.477995 | Y4: 25.61482 | Z4: 24.201597 | AA4: 25.273102 | AB4: 25.543482 | AC4: 26.659304 | AD4: 24.081526 | AE4: 25.70756 | AF4: 26.247673 | AG4: 25.344595
A5: 44056 | B5: 23.228073 | C5: 22.339315 | D5: 22.433441 | E5: 22.549416 | F5: 21.422049 | G5: 21.264738 | H5: 20.43134 | I5: 20.449097 | J5: 23.294321 | K5: 22.747 | L5: 23.951431 | M5: 21.545158 | N5: 22.320557 | O5: 23.746199 | P5: 22.671034 | Q5: 21.532883 | R5: 23.541008 | S5: 20.764603 | T5: 23.153511 | U5: 22.764887 | V5: 23.825712 | W5: 22.629766 | X5: 23.979155 | Y5: 25.697533 | Z5: 24.40624 | AA5: 25.613426 | AB5: 25.63624 | AC5: 26.678125 | AD5: 24.171957 | AE5: 26.15229 | AF5: 26.41411 | AG5: 25.39831
A6: 44057 | B6: 23.841951 | C6: 22.668238 | D6: 22.728258 | E6: 22.772902 | F6: 21.960457 | G6: 21.57727 | H6: 20.751507 | I6: 21.008295 | J6: 24.071884 | K6: 23.106833 | L6: 24.272509 | M6: 21.873283 | N6: 22.787416 | O6: 24.147898 | P6: 23.015291 | Q6: 21.841024 | R6: 23.893824 | S6: 21.783737 | T6: 23.509127 | U6: 23.068491 | V6: 23.667595 | W6: 23.059807 | X6: 23.5445 | Y6: 25.990313 | Z6: 24.791716 | AA6: 25.997332 | AB6: 25.884878 | AC6: 26.968628 | AD6: 24.453478 | AE6: 26.818085 | AF6: 26.645119 | AG6: 25.84265
A7: 44058 | B7: 24.282633 | C7: 23.144928 | D7: 23.201914 | E7: 23.128492 | F7: 22.431137 | G7: 22.022814 | H7: 21.105097 | I7: 21.660944 | J7: 25.048159 | K7: 23.626219 | L7: 24.680328 | M7: 22.276548 | N7: 23.243156 | O7: 24.551588 | P7: 23.530298 | Q7: 22.283571 | R7: 24.29923 | S7: 22.924967 | T7: 23.94551 | U7: 23.356192 | V7: 24.091797 | W7: 23.362852 | X7: 24.036806 | Y7: 26.452002 | Z7: 25.36624 | AA7: 26.463362 | AB7: 26.331007 | AC7: 27.530197 | AD7: 24.801788 | AE7: 27.462126 | AF7: 26.98506 | AG7: 26.444122
A8: 44059 | B8: 24.511553 | C8: 23.558043 | D8: 23.615625 | E8: 23.457327 | F8: 22.716246 | G8: 22.36535 | H8: 21.42375 | I8: 21.972761 | J8: 25.619974 | K8: 24.006134 | L8: 24.97956 | M8: 22.623062 | N8: 23.598162 | O8: 24.743021 | P8: 23.921164 | Q8: 22.645021 | R8: 24.603151 | S8: 23.745516 | T8: 24.32715 | U8: 23.653284 | V8: 24.438606 | W8: 23.576994 | X8: 24.402243 | Y8: 26.96913 | Z8: 25.72804 | AA8: 26.86989 | AB8: 26.81058 | AC8: 28.0981 | AD8: 25.133097 | AE8: 28.402681 | AF8: 27.326546 | AG8: 26.941017
A9: 44060 | B9: 24.85686 | C9: 24.033407 | D9: 24.052687 | E9: 23.843224 | F9: 23.14627 | G9: 22.789331 | H9: 21.880861 | I9: 22.524742 | J9: 26.141968 | K9: 24.422327 | L9: 25.314978 | M9: 23.056992 | N9: 24.08844 | O9: 25.087265 | P9: 24.344328 | Q9: 23.08755 | R9: 24.988703 | S9: 24.508545 | T9: 24.784311 | U9: 23.968636 | V9: 24.782694 | W9: 23.9217 | X9: 24.70414 | Y9: 27.538603 | Z9: 25.90671 | AA9: 27.236214 | AB9: 27.373941 | AC9: 28.523125 | AD9: 25.473557 | AE9: 28.705618 | AF9: 27.579254 | AG9: 27.304337
A10: 44061 | B10: 25.198862 | C10: 24.49031 | D10: 24.450106 | E10: 24.191694 | F10: 23.517641 | G10: 23.243582 | H10: 22.263247 | I10: 22.93872 | J10: 26.608551 | K10: 24.867676 | L10: 25.675987 | M10: 23.48989 | N10: 24.53449 | O10: 25.419203 | P10: 24.803148 | Q10: 23.547876 | R10: 25.345892 | S10: 25.24801 | T10: 25.220503 | U10: 24.032446 | V10: 25.076942 | W10: 23.670975 | X10: 24.962358 | Y10: 27.941727 | Z10: 26.1657 | AA10: 27.549492 | AB10: 27.743147 | AC10: 28.833565 | AD10: 25.817263 | AE10: 28.104956 | AF10: 27.85272 | AG10: 27.594496
A11: 44062 | B11: 24.849474 | C11: 24.584152 | D11: 24.469538 | E11: 24.136864 | F11: 23.379396 | G11: 23.424997 | H11: 22.325048 | I11: 22.526693 | J11: 26.596476 | K11: 25.062271 | L11: 25.743216 | M11: 23.625986 | N11: 24.6139 | O11: 25.41337 | P11: 25.010305 | Q11: 23.731232 | R11: 25.400438 | S11: 24.896223 | T11: 25.250742 | U11: 23.50763 | V11: 24.961884 | W11: 23.068542 | X11: 24.81096 | Y11: 27.898796 | Z11: 26.128 | AA11: 27.626877 | AB11: 27.719154 | AC11: 28.839968 | AD11: 25.908815 | AE11: 27.216301 | AF11: 28.001925 | AG11: 27.545258
A12: 44063 | B12: 24.181025 | C12: 24.190928 | D12: 24.054182 | E12: 23.722275 | F12: 22.9955 | G12: 23.241041 | H12: 22.163567 | I12: 21.805223 | J12: 25.559675 | K12: 24.754305 | L12: 25.460958 | M12: 23.393305 | N12: 24.198265 | O12: 25.107874 | P12: 24.72368 | Q12: 23.501165 | R12: 25.181997 | S12: 23.604044 | T12: 24.775286 | U12: 22.67867 | V12: 24.23918 | W12: 22.29455 | X12: 24.016058 | Y12: 27.481466 | Z12: 25.704996 | AA12: 27.376192 | AB12: 27.343744 | AC12: 28.322058 | AD12: 25.703506 | AE12: 25.900322 | AF12: 27.90954 | AG12: 27.239008
A13: 44064 | B13: 24.03367 | C13: 24.05277 | D13: 23.762474 | E13: 23.465853 | F13: 22.967981 | G13: 23.102026 | H13: 22.048706 | I13: 21.578987 | J13: 25.203253 | K13: 24.65799 | L13: 25.28081 | M13: 23.269087 | N13: 24.066282 | O13: 24.866686 | P13: 24.605555 | Q13: 23.374681 | R13: 25.069075 | S13: 22.910276 | T13: 24.308355 | U13: 21.991999 | V13: 23.523874 | W13: 21.6825 | X13: 23.207993 | Y13: 27.115082 | Z13: 25.151873 | AA13: 27.053368 | AB13: 27.040365 | AC13: 27.888601 | AD13: 25.482048 | AE13: 24.46592 | AF13: 27.823557 | AG13: 27.021057
A14: 44065 | B14: 24.19333 | C14: 24.177889 | D14: 23.746378 | E14: 23.51375 | F14: 23.113817 | G14: 23.181772 | H14: 22.10407 | I14: 21.709673 | J14: 25.465437 | K14: 24.745155 | L14: 25.23278 | M14: 23.374517 | N14: 24.183577 | O14: 24.688118 | P14: 24.686918 | Q14: 23.487831 | R14: 25.066374 | S14: 23.074623 | T14: 24.063133 | U14: 21.552675 | V14: 22.990992 | W14: 21.185953 | X14: 22.626669 | Y14: 27.232054 | Z14: 24.679049 | AA14: 27.084753 | AB14: 27.125933 | AC14: 28.016075 | AD14: 25.413351 | AE14: 24.230787 | AF14: 27.910486 | AG14: 27.071169
... A511: 44562 | B511: 7.4353485 | C511: 8.05548 | D511: 7.837817 | E511: 7.881651 | F511: 7.985317 | G511: 8.121688 | H511: 8.874166 | I511: 7.5504565 | J511: 7.202124 | K511: 8.403389 | L511: 8.053358 | M511: 8.230301 | N511: 7.7664433 | O511: 7.923712 | P511: 8.190391 | Q511: 7.966086 | R511: 8.083178 | S511: 6.853958 | T511: 7.549032 | U511: 7.9171634 | V511: 7.815271 | W511: 7.745185 | X511: 7.824097 | Y511: 8.213229 | Z511: 7.9778776 | AA511: 8.045062 | AB511: 7.7070727 | AC511: 11.915046 | AD511: 8.12681 | AE511: 8.781848 | AF511: 7.661792 | AG511: 7.7270126
A512: TOTAL EXCEEDANCES | B512: =COUNTIF(B$3:B$511,">=19") -> 199 | C512: =COUNTIF(C$3:C$511,">=19") -> 210 | D512: =COUNTIF(D$3:D$511,">=19") -> 199 | E512: =COUNTIF(E$3:E$511,">=19") -> 198 | F512: =COUNTIF(F$3:F$511,">=19") -> 201 | G512: =COUNTIF(G$3:G$511,">=19") -> 206 | H512: =COUNTIF(H$3:H$511,">=19") -> 171 | I512: =COUNTIF(I$3:I$511,">=19") -> 161 | ... AG512: =COUNTIF(AG$3:AG$511,">=19") -> 232
A513: WET 1 | B513: =COUNTIF(B$54:B$235,">=19") -> 22 | C513: =COUNTIF(C$54:C$235,">=19") -> 23 | D513: =COUNTIF(D$54:D$235,">=19") -> 23 | E513: =COUNTIF(E$54:E$235,">=19") -> 22 | F513: =COUNTIF(F$54:F$235,">=19") -> 22 | G513: =COUNTIF(G$54:G$235,">=19") -> 23 | H513: =COUNTIF(H$54:H$235,">=19") -> 8 | I513: =COUNTIF(I$54:I$235,">=19") -> 6 | ... AG513: =COUNTIF(AG$54:AG$235,">=19") -> 24 | AH513: OCTOBER 2020 - MARCH 2021
A514: WET 2 | B514: =COUNTIF(B$419:B$511,">=19") -> 5 | C514: =COUNTIF(C$419:C$511,">=19") -> 6 | D514: =COUNTIF(D$419:D$511,">=19") -> 5 | E514: =COUNTIF(E$419:E$511,">=19") -> 4 | F514: =COUNTIF(F$419:F$511,">=19") -> 5 | G514: =COUNTIF(G$419:G$511,">=19") -> 6 | H514: =COUNTIF(H$419:H$511,">=19") -> 4 | I514: =COUNTIF(I$419:I$511,">=19") -> 3 | ... AG514: =COUNTIF(AG$419:AG$511,">=19") -> 8 | AH514: OCTOBER 2021 - JANUARY 2022
A515: DRY 1 | B515: =COUNTIF(B$3:B$53,">=19") -> 51 | C515: =COUNTIF(C$3:C$53,">=19") -> 51 | D515: =COUNTIF(D$3:D$53,">=19") -> 51 | E515: =COUNTIF(E$3:E$53,">=19") -> 51 | F515: =COUNTIF(F$3:F$53,">=19") -> 51 | G515: =COUNTIF(G$3:G$53,">=19") -> 51 | H515: =COUNTIF(H$3:H$53,">=19") -> 51 | I515: =COUNTIF(I$3:I$53,">=19") -> 49 | ... AG515: =COUNTIF(AG$3:AG$53,">=19") -> 51 | AH515: AUGUST 2020 - SEPTEMBER 2020
A516: DRY 2 | B516: =COUNTIF(B$236:B$418,">=19") -> 121 | C516: =COUNTIF(C$236:C$418,">=19") -> 130 | D516: =COUNTIF(D$236:D$418,">=19") -> 120 | E516: =COUNTIF(E$236:E$418,">=19") -> 121 | F516: =COUNTIF(F$236:F$418,">=19") -> 123 | G516: =COUNTIF(G$236:G$418,">=19") -> 126 | H516: =COUNTIF(H$236:H$418,">=19") -> 108 | I516: =COUNTIF(I$236:I$418,">=19") -> 103 | ... AG516: =COUNTIF(AG$236:AG$418,">=19") -> 149 | AH516: APRIL 2021 - SEPTEMBER 2021
A517: ALL WET | B517: =SUM(B$513,B$514) -> 27 | C517: =SUM(C$513,C$514) -> 29 | D517: =SUM(D$513,D$514) -> 28 | E517: =SUM(E$513,E$514) -> 26 | F517: =SUM(F$513,F$514) -> 27 | G517: =SUM(G$513,G$514) -> 29 | H517: =SUM(H$513,H$514) -> 12 | I517: =SUM(I$513,I$514) -> 9 | ... AG517: =SUM(AG$513,AG$514) -> 32
A518: ALL DRY | B518: =SUM(B$515,B$516) -> 172 | C518: =SUM(C$515,C$516) -> 181 | D518: =SUM(D$515,D$516) -> 171 | E518: =SUM(E$515,E$516) -> 172 | F518: =SUM(F$515,F$516) -> 174 | G518: =SUM(G$515,G$516) -> 177 | H518: =SUM(H$515,H$516) -> 159 | I518: =SUM(I$515,I$516) -> 152 | ... AG518: =SUM(AG$515,AG$516) -> 200
D521: Day Use & Boating 19C | F521: THRESHOLD: 19C | S521: SP DAY USE & BOATING | AA521: SP DAY USE & BOATING | AE521: SP DAY USE & BOATING | AI521: SP DAY USE & BOATING | AQ521: SP DAY USE & BOATING | AY521: SP DAY USE & BOATING
F522: WET SEASON | S522: TOTAL RUN | AA522: WET SEASONS | AE522: DRY SEASONS | AI522: TOTAL RUN | AK522: Delta-Wide | AL522: Suisun | AM522: Central Delta | AN522: North Delta | AO522: South Delta | AQ522: WET SEASONS | AS522: Delta-Wide | AT522: Suisun | AU522: Central Delta | AV522: North Delta | AW522: South Delta | AY522: DRY SEASONS | BA522: Delta-Wide | BB522: Suisun | BC522: Central Delta | BD522: North Delta | BE522: South Delta
F523: OCTOBER 1 - MARCH 31 | M523: DRY SEASON | S523: Total points | U523: =COUNTIF(B2:AG2,"<>") -> 32 | AA523: Total points | AC523: =COUNTIF(B2:AG2,"<>") -> 32 | AE523: Total points | AG523: =COUNTIF(B2:AG2,"<>") -> 32 | AI523: Total points | AK523: =COUNTIF($B$2:$AG$2,"<>") -> 32 | AL523: =COUNTIF($B$2:$I$2,"<>") -> 8 | AM523: =COUNTIF($J$2:$R$2,"<>") -> 9 | AN523: =COUNTIF($S$2:$X$2,"<>") -> 6 | AO523: =COUNTIF($Y$2:$AG$2,"<>") -> 9 | AQ523: Total points | AS523: =COUNTIF($B$2:$AG$2,"<>") -> 32 | AT523: =COUNTIF($B$2:$I$2,"<>") -> 8 | AU523: =COUNTIF($J$2:$R$2,"<>") -> 9 | AV523: =COUNTIF($S$2:$X$2,"<>") -> 6 | AW523: =COUNTIF($Y$2:$AG$2,"<>") -> 9 | AY523: Total points | BA523: =COUNTIF($B$2:$AG$2,"<>") -> 32 | BB523: =COUNTIF($B$2:$I$2,"<>") -> 8 | BC523: =COUNTIF($J$2:$R$2,"<>") -> 9 | BD523: =COUNTIF($S$2:$X$2,"<>") -> 6 | BE523: =COUNTIF($Y$2:$AG$2,"<>") -> 9
F524: WET SEASON 1 | H524: 10/1/20 - 3/31/21 | J524: =COUNTIF($B$54:$B$235,"<>") -> 182 | M524: APRIL 1 - SEPTEMBER 30 | S524: Days in run | U524: =COUNTIF($A$3:$A$511,"<>") -> 509 | AA524: Days in run | AC524: =SUM($J$524:$J$525) -> 275 | AE524: Days in run | AG524: =SUM($Q$525:$Q$526) -> 234 | AI524: Days in run | AK524: =COUNTIF($A$3:$A$511,"<>") -> 509 | AL524: =COUNTIF($A$3:$A$511,"<>") -> 509 | AM524: =COUNTIF($A$3:$A$511,"<>") -> 509 | AN524: =COUNTIF($A$3:$A$511,"<>") -> 509 | AO524: =COUNTIF($A$3:$A$511,"<>") -> 509 | AQ524: Days in run | AS524: =SUM($J$524:$J$525) -> 275 | AT524: =SUM($J$524:$J$525) -> 275 | AU524: =SUM($J$524:$J$525) -> 275 | AV524: =SUM($J$524:$J$525) -> 275 | AW524: =SUM($J$524:$J$525) -> 275 | AY524: Days in run | BA524: =SUM($Q$525:$Q$526) -> 234 | BB524: =SUM($Q$525:$Q$526) -> 234 | BC524: =SUM($Q$525:$Q$526) -> 234 | BD524: =SUM($Q$525:$Q$526) -> 234 | BE524: =SUM($Q$525:$Q$526) -> 234
F525: WET SEASON 2 | H525: 10/1/21 - 1/1/22 | J525: =COUNTIF($B$419:$B$511,"<>") -> 93 | M525: DRY SEASON 1 | O525: 8/11/20 - 9/30/20 | Q525: =COUNTIF($B$3:$B$53,"<>") -> 51 | S525: Total measurements | U525: =U524*U523 -> 16288 | V525: DENOMINATOR FOR EXCEEDANCE % | AA525: Total measurements | AC525: =AC524*AC523 -> 8800 | AE525: Total measurements | AG525: =AG523*AG524 -> 7488 | AI525: Total measurements | AK525: =AK524*AK523 -> 16288 | AL525: =AL524*AL523 -> 4072 | AM525: =AM524*AM523 -> 4581 | AN525: =AN524*AN523 -> 3054 | AO525: =AO524*AO523 -> 4581 | AQ525: Total measurements | AS525: =AS524*AS523 -> 8800 | AT525: =AT524*AT523 -> 2200 | AU525: =AU524*AU523 -> 2475 | AV525: =AV524*AV523 -> 1650 | AW525: =AW524*AW523 -> 2475 | AY525: Total measurements | BA525: =BA524*BA523 -> 7488 | BB525: =BB524*BB523 -> 1872 | BC525: =BC524*BC523 -> 2106 | BD525: =BD524*BD523 -> 1404 | BE525: =BE524*BE523 -> 2106
F526: WET SEASON 3 | H526: N/A (outside run period) | J526: =COUNTIF($A$737:$A$798,"<>") -> 0 | M526: DRY SEASON 2 | O526: 4/1/21 - 9/30/21 | Q526: =COUNTIF($B$236:$B$418,"<>") -> 183 | S526: Measurements >= 19C | U526: =SUM(B512:AG512) -> 6781 | V526: NUMERATOR FOR EXCEEDANCE % | AA526: Measurements >= 19C | AC526: =SUM($B$517:$AG$517) -> 778 | AE526: Measurements >= 19C | AG526: =SUM($B$518:$AG$518) -> 6003 | AI526: Measurements >= 19C | AK526: =SUM(B512:AG512) -> 6781 | AL526: =SUM(B512:I512) -> 1545 | AM526: =SUM(J512:R512) -> 2001 | AN526: =SUM(S512:X512) -> 1206 | AO526: =SUM(Y512:AG512) -> 2029 | AQ526: Measurements >= 19C | AS526: =SUM(B517:AG517) -> 778 | AT526: =SUM(B517:I517) -> 187 | AU526: =SUM(J517:R517) -> 270 | AV526: =SUM(S517:X517) -> 62 | AW526: =SUM(Y517:AG517) -> 259 | AY526: Measurements >= 19C | BA526: =SUM($B518:$AG518) -> 6003 | BB526: =SUM(B518:I518) -> 1358 | BC526: =SUM(J518:R518) -> 1731 | BD526: =SUM(S518:X518) -> 1144 | BE526: =SUM(Y518:AG518) -> 1770
S527: % Total Run Exceedances | U527: =$U526/$U525 -> 0.41631876 | AA527: % WET Exceedances | AC527: =AC526/AC525 -> 0.088409091 | AE527: % DRY Exceedances | AG527: =AG526/AG525 -> 0.80168269 | AI527: % Total Run Exceedances | AK527: =AK526/AK525 -> 0.41631876 | AL527: =AL526/AL525 -> 0.37942043 | AM527: =AM526/AM525 -> 0.43680419 | AN527: =AN526/AN525 -> 0.39489194 | AO527: =AO526/AO525 -> 0.44291639 | AQ527: % WET Exceedances | AS527: =AS526/AS525 -> 0.088409091 | AT527: =AT526/AT525 -> 0.085 | AU527: =AU526/AU525 -> 0.10909091 | AV527: =AV526/AV525 -> 0.037575758 | AW527: =AW526/AW525 -> 0.10464646 | AY527: % DRY Exceedances | BA527: =BA526/BA525 -> 0.80168269 | BB527: =BB526/BB525 -> 0.72542735 | BC527: =BC526/BC525 -> 0.82193732 | BD527: =BD526/BD525 -> 0.81481481 | BE527: =BE526/BE525 -> 0.84045584
A529: TOTAL EXCEEDANCES | B529: =COUNTIF(B$3:B$511,">=20") -> 154 | C529: =COUNTIF(C$3:C$511,">=20") -> 173 | D529: =COUNTIF(D$3:D$511,">=20") -> 152 | E529: =COUNTIF(E$3:E$511,">=20") -> 144 | F529: =COUNTIF(F$3:F$511,">=20") -> 160 | G529: =COUNTIF(G$3:G$511,">=20") -> 166 | H529: =COUNTIF(H$3:H$511,">=20") -> 128 | I529: =COUNTIF(I$3:I$511,">=20") -> 104 | ... AG529: =COUNTIF(AG$3:AG$511,">=20") -> 221
A530: WET 1 | B530: =COUNTIF(B$54:B$235,">=20") -> 8 | C530: =COUNTIF(C$54:C$235,">=20") -> 9 | D530: =COUNTIF(D$54:D$235,">=20") -> 9 | E530: =COUNTIF(E$54:E$235,">=20") -> 7 | F530: =COUNTIF(F$54:F$235,">=20") -> 7 | G530: =COUNTIF(G$54:G$235,">=20") -> 8 | H530: =COUNTIF(H$54:H$235,">=20") -> 4 | I530: =COUNTIF(I$54:I$235,">=20") -> 3 | ... AG530: =COUNTIF(AG$54:AG$235,">=20") -> 21 | AH530: OCTOBER 2020 - MARCH 2021
A531: WET 2 | B531: =COUNTIF(B$419:B$511,">=20") -> 0 | C531: =COUNTIF(C$419:C$511,">=20") -> 0 | D531: =COUNTIF(D$419:D$511,">=20") -> 0 | E531: =COUNTIF(E$419:E$511,">=20") -> 0 | F531: =COUNTIF(F$419:F$511,">=20") -> 0 | G531: =COUNTIF(G$419:G$511,">=20") -> 0 | H531: =COUNTIF(H$419:H$511,">=20") -> 0 | I531: =COUNTIF(I$419:I$511,">=20") -> 0 | ... AG531: =COUNTIF(AG$419:AG$511,">=20") -> 6 | AH531: OCTOBER 2021 - JANUARY 2022
A532: DRY 1 | B532: =COUNTIF(B$3:B$53,">=20") -> 51 | C532: =COUNTIF(C$3:C$53,">=20") -> 51 | D532: =COUNTIF(D$3:D$53,">=20") -> 51 | E532: =COUNTIF(E$3:E$53,">=20") -> 51 | F532: =COUNTIF(F$3:F$53,">=20") -> 51 | G532: =COUNTIF(G$3:G$53,">=20") -> 51 | H532: =COUNTIF(H$3:H$53,">=20") -> 45 | I532: =COUNTIF(I$3:I$53,">=20") -> 24 | ... AG532: =COUNTIF(AG$3:AG$53,">=20") -> 51 | AH532: AUGUST 2020 - SEPTEMBER 2020
A533: DRY 2 | B533: =COUNTIF(B$236:B$418,">=20") -> 95 | C533: =COUNTIF(C$236:C$418,">=20") -> 113 | D533: =COUNTIF(D$236:D$418,">=20") -> 92 | E533: =COUNTIF(E$236:E$418,">=20") -> 86 | F533: =COUNTIF(F$236:F$418,">=20") -> 102 | G533: =COUNTIF(G$236:G$418,">=20") -> 107 | H533: =COUNTIF(H$236:H$418,">=20") -> 79 | I533: =COUNTIF(I$236:I$418,">=20") -> 77 | ... AG533: =COUNTIF(AG$236:AG$418,">=20") -> 143 | AH533: APRIL 2021 - SEPTEMBER 2021
A534: ALL WET | B534: =SUM(B530,B531) -> 8 | C534: =SUM(C530,C531) -> 9 | D534: =SUM(D530,D531) -> 9 | E534: =SUM(E530,E531) -> 7 | F534: =SUM(F530,F531) -> 7 | G534: =SUM(G530,G531) -> 8 | H534: =SUM(H530,H531) -> 4 | I534: =SUM(I530,I531) -> 3 | ... AG534: =SUM(AG530,AG531) -> 27
A535: ALL DRY | B535: =SUM(B532,B533) -> 146 | C535: =SUM(C532,C533) -> 164 | D535: =SUM(D532,D533) -> 143 | E535: =SUM(E532,E533) -> 137 | F535: =SUM(F532,F533) -> 153 | G535: =SUM(G532,G533) -> 158 | H535: =SUM(H532,H533) -> 124 | I535: =SUM(I532,I533) -> 101 | ... AG535: =SUM(AG532,AG533) -> 194
D538: Birding 20C | F538: THRESHOLD: 20C | S538: BIRDING | AA538: BIRDING | AE538: BIRDING | AI538: BIRDING | AQ538: BIRDING | AY538: BIRDING
F539: WET SEASON | S539: TOTAL RUN | AA539: WET SEASONS | AE539: DRY SEASONS | AI539: TOTAL RUN | AK539: Delta-Wide | AL539: Suisun | AM539: Central Delta | AN539: North Delta | AO539: South Delta | AQ539: WET SEASONS | AS539: Delta-Wide | AT539: Suisun | AU539: Central Delta | AV539: North Delta | AW539: South Delta | AY539: DRY SEASONS | BA539: Delta-Wide | BB539: Suisun | BC539: Central Delta | BD539: North Delta | BE539: South Delta
F540: OCTOBER 1 - MARCH 31 | M540: DRY SEASON | S540: Total points | U540: =COUNTIF(B18:AG18,"<>") -> 32 | AA540: Total points | AC540: =COUNTIF(B18:AG18,"<>") -> 32 | AE540: Total points | AG540: =COUNTIF(B18:AG18,"<>") -> 32 | AI540: Total points | AK540: =COUNTIF($B$2:$AG$2,"<>") -> 32 | AL540: =COUNTIF($B$2:$I$2,"<>") -> 8 | AM540: =COUNTIF($J$2:$R$2,"<>") -> 9 | AN540: =COUNTIF($S$2:$X$2,"<>") -> 6 | AO540: =COUNTIF($Y$2:$AG$2,"<>") -> 9 | AQ540: Total points | AS540: =COUNTIF($B$2:$AG$2,"<>") -> 32 | AT540: =COUNTIF($B$2:$I$2,"<>") -> 8 | AU540: =COUNTIF($J$2:$R$2,"<>") -> 9 | AV540: =COUNTIF($S$2:$X$2,"<>") -> 6 | AW540: =COUNTIF($Y$2:$AG$2,"<>") -> 9 | AY540: Total points | BA540: =COUNTIF($B$2:$AG$2,"<>") -> 32 | BB540: =COUNTIF($B$2:$I$2,"<>") -> 8 | BC540: =COUNTIF($J$2:$R$2,"<>") -> 9 | BD540: =COUNTIF($S$2:$X$2,"<>") -> 6 | BE540: =COUNTIF($Y$2:$AG$2,"<>") -> 9
F541: WET SEASON 1 | H541: 10/1/20 - 3/31/21 | J541: =COUNTIF($B$54:$B$235,"<>") -> 182 | M541: APRIL 1 - SEPTEMBER 30 | S541: Days in run | U541: =COUNTIF($A$3:$A$511,"<>") -> 509 | AA541: Days in run | AC541: =SUM($J$524:$J$525) -> 275 | AE541: Days in run | AG541: =SUM($Q$525:$Q$526) -> 234 | AI541: Days in run | AK541: =COUNTIF($A$3:$A$511,"<>") -> 509 | AL541: =COUNTIF($A$3:$A$511,"<>") -> 509 | AM541: =COUNTIF($A$3:$A$511,"<>") -> 509 | AN541: =COUNTIF($A$3:$A$511,"<>") -> 509 | AO541: =COUNTIF($A$3:$A$511,"<>") -> 509 | AQ541: Days in run | AS541: =SUM($J$524:$J$525) -> 275 | AT541: =SUM($J$524:$J$525) -> 275 | AU541: =SUM($J$524:$J$525) -> 275 | AV541: =SUM($J$524:$J$525) -> 275 | AW541: =SUM($J$524:$J$525) -> 275 | AY541: Days in run | BA541: =SUM($Q$525:$Q$526) -> 234 | BB541: =SUM($Q$525:$Q$526) -> 234 | BC541: =SUM($Q$525:$Q$526) -> 234 | BD541: =SUM($Q$525:$Q$526) -> 234 | BE541: =SUM($Q$525:$Q$526) -> 234
F542: WET SEASON 2 | H542: 10/1/21 - 1/1/22 | J542: =COUNTIF($B$419:$B$511,"<>") -> 93 | M542: DRY SEASON 1 | O542: 8/11/20 - 9/30/20 | Q542: =COUNTIF($B$3:$B$53,"<>") -> 51 | S542: Total measurements | U542: =U541*U540 -> 16288 | V542: DENOMINATOR FOR EXCEEDANCE % | AA542: Total measurements | AC542: =AC541*AC540 -> 8800 | AE542: Total measurements | AG542: =AG540*AG541 -> 7488 | AI542: Total measurements | AK542: =AK541*AK540 -> 16288 | AL542: =AL541*AL540 -> 4072 | AM542: =AM541*AM540 -> 4581 | AN542: =AN541*AN540 -> 3054 | AO542: =AO541*AO540 -> 4581 | AQ542: Total measurements | AS542: =AS541*AS540 -> 8800 | AT542: =AT541*AT540 -> 2200 | AU542: =AU541*AU540 -> 2475 | AV542: =AV541*AV540 -> 1650 | AW542: =AW541*AW540 -> 2475 | AY542: Total measurements | BA542: =BA541*BA540 -> 7488 | BB542: =BB541*BB540 -> 1872 | BC542: =BC541*BC540 -> 2106 | BD542: =BD541*BD540 -> 1404 | BE542: =BE541*BE540 -> 2106
F543: WET SEASON 3 | H543: N/A (outside run period) | J543: =COUNTIF($A$737:$A$798,"<>") -> 0 | M543: DRY SEASON 2 | O543: 4/1/21 - 9/30/21 | Q543: =COUNTIF($B$236:$B$418,"<>") -> 183 | S543: Measurements >= 20C | U543: =SUM(B529:AG529) -> 5717 | V543: NUMERATOR FOR EXCEEDANCE % | AA543: Measurements >= 20C | AC543: =SUM(B534:AG534) -> 372 | AE543: Measurements >= 20C | AG543: =SUM(B535:AG535) -> 5345 | AI543: Measurements >= 20C | AK543: =SUM(B529:AG529) -> 5717 | AL543: =SUM(B529:I529) -> 1181 | AM543: =SUM(J529:R529) -> 1699 | AN543: =SUM(S529:X529) -> 1021 | AO543: =SUM(Y529:AG529) -> 1816 | AQ543: Measurements >= 20C | AS543: =SUM(B534:AG534) -> 372 | AT543: =SUM(B534:I534) -> 55 | AU543: =SUM(J534:R534) -> 116 | AV543: =SUM(S534:X534) -> 22 | AW543: =SUM(Y534:AG534) -> 179 | AY543: Measurements >= 20C | BA543: =SUM($B535:$AG535) -> 5345 | BB543: =SUM(B535:I535) -> 1126 | BC543: =SUM(J535:R535) -> 1583 | BD543: =SUM(S535:X535) -> 999 | BE543: =SUM(Y535:AG535) -> 1637
S544: % Total Run Exceedances | U544: =$U543/$U542 -> 0.3509946 | AA544: % WET Exceedances | AC544: =AC543/AC542 -> 0.042272727 | AE544: % DRY Exceedances | AG544: =AG543/AG542 -> 0.71380876 | AI544: % Total Run Exceedances | AK544: =AK543/AK542 -> 0.3509946 | AL544: =AL543/AL542 -> 0.29002947 | AM544: =AM543/AM542 -> 0.37087972 | AN544: =AN543/AN542 -> 0.33431565 | AO544: =AO543/AO542 -> 0.39642 | AQ544: % WET Exceedances | AS544: =AS543/AS542 -> 0.042272727 | AT544: =AT543/AT542 -> 0.025 | AU544: =AU543/AU542 -> 0.046868687 | AV544: =AV543/AV542 -> 0.013333333 | AW544: =AW543/AW542 -> 0.072323232 | AY544: % DRY Exceedances | BA544: =BA543/BA542 -> 0.71380876 | BB544: =BB543/BB542 -> 0.60149573 | BC544: =BC543/BC542 -> 0.75166192 | BD544: =BD543/BD542 -> 0.71153846 | BE544: =BE543/BE542 -> 0.77730294
A546: TOTAL EXCEEDANCES | B546: =COUNTIF(B$3:B$511,">=23") -> 15 | C546: =COUNTIF(C$3:C$511,">=23") -> 15 | D546: =COUNTIF(D$3:D$511,">=23") -> 12 | E546: =COUNTIF(E$3:E$511,">=23") -> 12 | F546: =COUNTIF(F$3:F$511,">=23") -> 4 | G546: =COUNTIF(G$3:G$511,">=23") -> 6 | H546: =COUNTIF(H$3:H$511,">=23") -> 0 | I546: =COUNTIF(I$3:I$511,">=23") -> 0 | ... AG546: =COUNTIF(AG$3:AG$511,">=23") -> 146
A547: WET 1 | B547: =COUNTIF(B$54:B$235,">=23") -> 0 | C547: =COUNTIF(C$54:C$235,">=23") -> 0 | D547: =COUNTIF(D$54:D$235,">=23") -> 0 | E547: =COUNTIF(E$54:E$235,">=23") -> 0 | F547: =COUNTIF(F$54:F$235,">=23") -> 0 | G547: =COUNTIF(G$54:G$235,">=23") -> 0 | H547: =COUNTIF(H$54:H$235,">=23") -> 0 | I547: =COUNTIF(I$54:I$235,">=23") -> 0 | ... AG547: =COUNTIF(AG$54:AG$235,">=23") -> 0 | AH547: OCTOBER 2020 - MARCH 2021
A548: WET 2 | B548: =COUNTIF(B$419:B$511,">=23") -> 0 | C548: =COUNTIF(C$419:C$511,">=23") -> 0 | D548: =COUNTIF(D$419:D$511,">=23") -> 0 | E548: =COUNTIF(E$419:E$511,">=23") -> 0 | F548: =COUNTIF(F$419:F$511,">=23") -> 0 | G548: =COUNTIF(G$419:G$511,">=23") -> 0 | H548: =COUNTIF(H$419:H$511,">=23") -> 0 | I548: =COUNTIF(I$419:I$511,">=23") -> 0 | ... AG548: =COUNTIF(AG$419:AG$511,">=23") -> 0 | AH548: OCTOBER 2021 - JANUARY 2022
A549: DRY 1 | B549: =COUNTIF(B$3:B$53,">=23") -> 15 | C549: =COUNTIF(C$3:C$53,">=23") -> 13 | D549: =COUNTIF(D$3:D$53,">=23") -> 12 | E549: =COUNTIF(E$3:E$53,">=23") -> 12 | F549: =COUNTIF(F$3:F$53,">=23") -> 4 | G549: =COUNTIF(G$3:G$53,">=23") -> 6 | H549: =COUNTIF(H$3:H$53,">=23") -> 0 | I549: =COUNTIF(I$3:I$53,">=23") -> 0 | ... AG549: =COUNTIF(AG$3:AG$53,">=23") -> 43 | AH549: AUGUST 2020 - SEPTEMBER 2020
A550: DRY 2 | B550: =COUNTIF(B$236:B$418,">=23") -> 0 | C550: =COUNTIF(C$236:C$418,">=23") -> 2 | D550: =COUNTIF(D$236:D$418,">=23") -> 0 | E550: =COUNTIF(E$236:E$418,">=23") -> 0 | F550: =COUNTIF(F$236:F$418,">=23") -> 0 | G550: =COUNTIF(G$236:G$418,">=23") -> 0 | H550: =COUNTIF(H$236:H$418,">=23") -> 0 | I550: =COUNTIF(I$236:I$418,">=23") -> 0 | ... AG550: =COUNTIF(AG$236:AG$418,">=23") -> 103 | AH550: APRIL 2021 - SEPTEMBER 2021
A551: ALL WET | B551: =SUM(B547,B548) -> 0 | C551: =SUM(C547,C548) -> 0 | D551: =SUM(D547,D548) -> 0 | E551: =SUM(E547,E548) -> 0 | F551: =SUM(F547,F548) -> 0 | G551: =SUM(G547,G548) -> 0 | H551: =SUM(H547,H548) -> 0 | I551: =SUM(I547,I548) -> 0 | ... AG551: =SUM(AG547,AG548) -> 0
A552: ALL DRY | B552: =SUM(B549,B550) -> 15 | C552: =SUM(C549,C550) -> 15 | D552: =SUM(D549,D550) -> 12 | E552: =SUM(E549,E550) -> 12 | F552: =SUM(F549,F550) -> 4 | G552: =SUM(G549,G550) -> 6 | H552: =SUM(H549,H550) -> 0 | I552: =SUM(I549,I550) -> 0 | ... AG552: =SUM(AG549,AG550) -> 146
D555: Waterfowl 23C | F555: THRESHOLD: 23C | S555: WATERFOWL | AA555: WATERFOWL | AE555: WATERFOWL | AI555: WATERFOWL | AQ555: WATERFOWL | AY555: WATERFOWL
F556: WET SEASON | S556: TOTAL RUN | AA556: WET SEASONS | AE556: DRY SEASONS | AI556: TOTAL RUN | AK556: Delta-Wide | AL556: Suisun | AM556: Central Delta | AN556: North Delta | AO556: South Delta | AQ556: WET SEASONS | AS556: Delta-Wide | AT556: Suisun | AU556: Central Delta | AV556: North Delta | AW556: South Delta | AY556: DRY SEASONS | BA556: Delta-Wide | BB556: Suisun | BC556: Central Delta | BD556: North Delta | BE556: South Delta
F557: OCTOBER 1 - MARCH 31 | M557: DRY SEASON | S557: Total points | U557: =COUNTIF(B35:AG35,"<>") -> 32 | AA557: Total points | AC557: =COUNTIF(B35:AG35,"<>") -> 32 | AE557: Total points | AG557: =COUNTIF(B35:AG35,"<>") -> 32 | AI557: Total points | AK557: =COUNTIF($B$2:$AG$2,"<>") -> 32 | AL557: =COUNTIF($B$2:$I$2,"<>") -> 8 | AM557: =COUNTIF($J$2:$R$2,"<>") -> 9 | AN557: =COUNTIF($S$2:$X$2,"<>") -> 6 | AO557: =COUNTIF($Y$2:$AG$2,"<>") -> 9 | AQ557: Total points | AS557: =COUNTIF($B$2:$AG$2,"<>") -> 32 | AT557: =COUNTIF($B$2:$I$2,"<>") -> 8 | AU557: =COUNTIF($J$2:$R$2,"<>") -> 9 | AV557: =COUNTIF($S$2:$X$2,"<>") -> 6 | AW557: =COUNTIF($Y$2:$AG$2,"<>") -> 9 | AY557: Total points | BA557: =COUNTIF($B$2:$AG$2,"<>") -> 32 | BB557: =COUNTIF($B$2:$I$2,"<>") -> 8 | BC557: =COUNTIF($J$2:$R$2,"<>") -> 9 | BD557: =COUNTIF($S$2:$X$2,"<>") -> 6 | BE557: =COUNTIF($Y$2:$AG$2,"<>") -> 9
F558: WET SEASON 1 | H558: 10/1/20 - 3/31/21 | J558: =COUNTIF($B$54:$B$235,"<>") -> 182 | M558: APRIL 1 - SEPTEMBER 30 | S558: Days in run | U558: =COUNTIF($A$3:$A$511,"<>") -> 509 | AA558: Days in run | AC558: =SUM($J$524:$J$525) -> 275 | AE558: Days in run | AG558: =SUM($Q$525:$Q$526) -> 234 | AI558: Days in run | AK558: =COUNTIF($A$3:$A$511,"<>") -> 509 | AL558: =COUNTIF($A$3:$A$511,"<>") -> 509 | AM558: =COUNTIF($A$3:$A$511,"<>") -> 509 | AN558: =COUNTIF($A$3:$A$511,"<>") -> 509 | AO558: =COUNTIF($A$3:$A$511,"<>") -> 509 | AQ558: Days in run | AS558: =SUM($J$524:$J$525) -> 275 | AT558: =SUM($J$524:$J$525) -> 275 | AU558: =SUM($J$524:$J$525) -> 275 | AV558: =SUM($J$524:$J$525) -> 275 | AW558: =SUM($J$524:$J$525) -> 275 | AY558: Days in run | BA558: =SUM($Q$525:$Q$526) -> 234 | BB558: =SUM($Q$525:$Q$526) -> 234 | BC558: =SUM($Q$525:$Q$526) -> 234 | BD558: =SUM($Q$525:$Q$526) -> 234 | BE558: =SUM($Q$525:$Q$526) -> 234
F559: WET SEASON 2 | H559: 10/1/21 - 1/1/22 | J559: =COUNTIF($B$419:$B$511,"<>") -> 93 | M559: DRY SEASON 1 | O559: 8/11/20 - 9/30/20 | Q559: =COUNTIF($B$3:$B$53,"<>") -> 51 | S559: Total measurements | U559: =U558*U557 -> 16288 | V559: DENOMINATOR FOR EXCEEDANCE % | AA559: Total measurements | AC559: =AC558*AC557 -> 8800 | AE559: Total measurements | AG559: =AG557*AG558 -> 7488 | AI559: Total measurements | AK559: =AK558*AK557 -> 16288 | AL559: =AL558*AL557 -> 4072 | AM559: =AM558*AM557 -> 4581 | AN559: =AN558*AN557 -> 3054 | AO559: =AO558*AO557 -> 4581 | AQ559: Total measurements | AS559: =AS558*AS557 -> 8800 | AT559: =AT558*AT557 -> 2200 | AU559: =AU558*AU557 -> 2475 | AV559: =AV558*AV557 -> 1650 | AW559: =AW558*AW557 -> 2475 | AY559: Total measurements | BA559: =BA558*BA557 -> 7488 | BB559: =BB558*BB557 -> 1872 | BC559: =BC558*BC557 -> 2106 | BD559: =BD558*BD557 -> 1404 | BE559: =BE558*BE557 -> 2106
F560: WET SEASON 3 | H560: N/A (outside run period) | J560: =COUNTIF($A$737:$A$798,"<>") -> 0 | M560: DRY SEASON 2 | O560: 4/1/21 - 9/30/21 | Q560: =COUNTIF($B$236:$B$418,"<>") -> 183 | S560: Measurements >= 23C | U560: =SUM(B546:AG546) -> 2061 | V560: NUMERATOR FOR EXCEEDANCE % | AA560: Measurements >= 23C | AC560: =SUM(B551:AG551) -> 12 | AE560: Measurements >= 23C | AG560: =SUM(B552:AG552) -> 2049 | AI560: Measurements >= 23C | AK560: =SUM(B546:AG546) -> 2061 | AL560: =SUM(B546:I546) -> 64 | AM560: =SUM(J546:R546) -> 539 | AN560: =SUM(S546:X546) -> 341 | AO560: =SUM(Y546:AG546) -> 1117 | AQ560: Measurements >= 23C | AS560: =SUM(B551:AG551) -> 12 | AT560: =SUM(B551:I551) -> 0 | AU560: =SUM(J551:R551) -> 0 | AV560: =SUM(S551:X551) -> 0 | AW560: =SUM(Y551:AG551) -> 12 | AY560: Measurements >= 23C | BA560: =SUM($B552:$AG552) -> 2049 | BB560: =SUM(B552:I552) -> 64 | BC560: =SUM(J552:R552) -> 539 | BD560: =SUM(S552:X552) -> 341 | BE560: =SUM(Y552:AG552) -> 1105
S561: % Total Run Exceedances | U561: =$U560/$U559 -> 0.12653487 | AA561: % WET Exceedances | AC561: =AC560/AC559 -> 0.0013636364 | AE561: % DRY Exceedances | AG561: =AG560/AG559 -> 0.27363782 | AI561: % Total Run Exceedances | AK561: =AK560/AK559 -> 0.12653487 | AL561: =AL560/AL559 -> 0.015717092 | AM561: =AM560/AM559 -> 0.1176599 | AN561: =AN560/AN559 -> 0.11165684 | AO561: =AO560/AO559 -> 0.24383322 | AQ561: % WET Exceedances | AS561: =AS560/AS559 -> 0.0013636364 | AT561: =AT560/AT559 -> 0 | AU561: =AU560/AU559 -> 0 | AV561: =AV560/AV559 -> 0 | AW561: =AW560/AW559 -> 0.0048484848 | AY561: % DRY Exceedances | BA561: =BA560/BA559 -> 0.27363782 | BB561: =BB560/BB559 -> 0.034188034 | BC561: =BC560/BC559 -> 0.25593542 | BD561: =BD560/BD559 -> 0.24287749 | BE561: =BE560/BE559 -> 0.52469136
A563: TOTAL EXCEEDANCES | B563: =COUNTIF(B$3:B$511,">=18.42") -> 214 | C563: =COUNTIF(C$3:C$511,">=18.42") -> 222 | D563: =COUNTIF(D$3:D$511,">=18.42") -> 212 | E563: =COUNTIF(E$3:E$511,">=18.42") -> 211 | F563: =COUNTIF(F$3:F$511,">=18.42") -> 216 | G563: =COUNTIF(G$3:G$511,">=18.42") -> 217 | H563: =COUNTIF(H$3:H$511,">=18.42") -> 203 | I563: =COUNTIF(I$3:I$511,">=18.42") -> 190 | ... AG563: =COUNTIF(AG$3:AG$511,">=18.42") -> 245
A564: WET 1 | B564: =COUNTIF(B$54:B$235,">=18.42") -> 23 | C564: =COUNTIF(C$54:C$235,">=18.42") -> 24 | D564: =COUNTIF(D$54:D$235,">=18.42") -> 24 | E564: =COUNTIF(E$54:E$235,">=18.42") -> 23 | F564: =COUNTIF(F$54:F$235,">=18.42") -> 23 | G564: =COUNTIF(G$54:G$235,">=18.42") -> 24 | H564: =COUNTIF(H$54:H$235,">=18.42") -> 22 | I564: =COUNTIF(I$54:I$235,">=18.42") -> 12 | ... AG564: =COUNTIF(AG$54:AG$235,">=18.42") -> 25 | AH564: OCTOBER 2020 - MARCH 2021
A565: WET 2 | B565: =COUNTIF(B$419:B$511,">=18.42") -> 6 | C565: =COUNTIF(C$419:C$511,">=18.42") -> 7 | D565: =COUNTIF(D$419:D$511,">=18.42") -> 6 | E565: =COUNTIF(E$419:E$511,">=18.42") -> 6 | F565: =COUNTIF(F$419:F$511,">=18.42") -> 6 | G565: =COUNTIF(G$419:G$511,">=18.42") -> 7 | H565: =COUNTIF(H$419:H$511,">=18.42") -> 7 | I565: =COUNTIF(I$419:I$511,">=18.42") -> 5 | ... AG565: =COUNTIF(AG$419:AG$511,">=18.42") -> 10 | AH565: OCTOBER 2021 - JANUARY 2022
A566: DRY 1 | B566: =COUNTIF(B$3:B$53,">=18.42") -> 51 | C566: =COUNTIF(C$3:C$53,">=18.42") -> 51 | D566: =COUNTIF(D$3:D$53,">=18.42") -> 51 | E566: =COUNTIF(E$3:E$53,">=18.42") -> 51 | F566: =COUNTIF(F$3:F$53,">=18.42") -> 51 | G566: =COUNTIF(G$3:G$53,">=18.42") -> 51 | H566: =COUNTIF(H$3:H$53,">=18.42") -> 51 | I566: =COUNTIF(I$3:I$53,">=18.42") -> 51 | ... AG566: =COUNTIF(AG$3:AG$53,">=18.42") -> 51 | AH566: AUGUST 2020 - SEPTEMBER 2020
A567: DRY 2 | B567: =COUNTIF(B$236:B$418,">=18.42") -> 134 | C567: =COUNTIF(C$236:C$418,">=18.42") -> 140 | D567: =COUNTIF(D$236:D$418,">=18.42") -> 131 | E567: =COUNTIF(E$236:E$418,">=18.42") -> 131 | F567: =COUNTIF(F$236:F$418,">=18.42") -> 136 | G567: =COUNTIF(G$236:G$418,">=18.42") -> 135 | H567: =COUNTIF(H$236:H$418,">=18.42") -> 123 | I567: =COUNTIF(I$236:I$418,">=18.42") -> 122 | ... AG567: =COUNTIF(AG$236:AG$418,">=18.42") -> 159 | AH567: APRIL 2021 - SEPTEMBER 2021
A568: ALL WET | B568: =SUM(B564,B565) -> 29 | C568: =SUM(C564,C565) -> 31 | D568: =SUM(D564,D565) -> 30 | E568: =SUM(E564,E565) -> 29 | F568: =SUM(F564,F565) -> 29 | G568: =SUM(G564,G565) -> 31 | H568: =SUM(H564,H565) -> 29 | I568: =SUM(I564,I565) -> 17 | ... AG568: =SUM(AG564,AG565) -> 35
A569: ALL DRY | B569: =SUM(B566,B567) -> 185 | C569: =SUM(C566,C567) -> 191 | D569: =SUM(D566,D567) -> 182 | E569: =SUM(E566,E567) -> 182 | F569: =SUM(F566,F567) -> 187 | G569: =SUM(G566,G567) -> 186 | H569: =SUM(H566,H567) -> 174 | I569: =SUM(I566,I567) -> 173 | ... AG569: =SUM(AG566,AG567) -> 210
D572: Angling 18.42C | F572: THRESHOLD: 18.42C | S572: ANGLING | AA572: ANGLING | AE572: SP DAY USE | AI572: ANGLING | AQ572: ANGLING | AY572: ANGLING
F573: WET SEASON | S573: TOTAL RUN | AA573: WET SEASONS | AE573: DRY SEASONS | AI573: TOTAL RUN | AK573: Delta-Wide | AL573: Suisun | AM573: Central Delta | AN573: North Delta | AO573: South Delta | AQ573: WET SEASONS | AS573: Delta-Wide | AT573: Suisun | AU573: Central Delta | AV573: North Delta | AW573: South Delta | AY573: DRY SEASONS | BA573: Delta-Wide | BB573: Suisun | BC573: Central Delta | BD573: North Delta | BE573: South Delta
F574: OCTOBER 1 - MARCH 31 | M574: DRY SEASON | S574: Total points | U574: =COUNTIF(B52:AG52,"<>") -> 32 | AA574: Total points | AC574: =COUNTIF(B52:AG52,"<>") -> 32 | AE574: Total points | AG574: =COUNTIF(B52:AG52,"<>") -> 32 | AI574: Total points | AK574: =COUNTIF($B$2:$AG$2,"<>") -> 32 | AL574: =COUNTIF($B$2:$I$2,"<>") -> 8 | AM574: =COUNTIF($J$2:$R$2,"<>") -> 9 | AN574: =COUNTIF($S$2:$X$2,"<>") -> 6 | AO574: =COUNTIF($Y$2:$AG$2,"<>") -> 9 | AQ574: Total points | AS574: =COUNTIF($B$2:$AG$2,"<>") -> 32 | AT574: =COUNTIF($B$2:$I$2,"<>") -> 8 | AU574: =COUNTIF($J$2:$R$2,"<>") -> 9 | AV574: =COUNTIF($S$2:$X$2,"<>") -> 6 | AW574: =COUNTIF($Y$2:$AG$2,"<>") -> 9 | AY574: Total points | BA574: =COUNTIF($B$2:$AG$2,"<>") -> 32 | BB574: =COUNTIF($B$2:$I$2,"<>") -> 8 | BC574: =COUNTIF($J$2:$R$2,"<>") -> 9 | BD574: =COUNTIF($S$2:$X$2,"<>") -> 6 | BE574: =COUNTIF($Y$2:$AG$2,"<>") -> 9
F575: WET SEASON 1 | H575: 10/1/20 - 3/31/21 | J575: =COUNTIF($B$54:$B$235,"<>") -> 182 | M575: APRIL 1 - SEPTEMBER 30 | S575: Days in run | U575: =COUNTIF($A$3:$A$511,"<>") -> 509 | AA575: Days in run | AC575: =SUM($J$524:$J$525) -> 275 | AE575: Days in run | AG575: =SUM($Q$525:$Q$526) -> 234 | AI575: Days in run | AK575: =COUNTIF($A$3:$A$511,"<>") -> 509 | AL575: =COUNTIF($A$3:$A$511,"<>") -> 509 | AM575: =COUNTIF($A$3:$A$511,"<>") -> 509 | AN575: =COUNTIF($A$3:$A$511,"<>") -> 509 | AO575: =COUNTIF($A$3:$A$511,"<>") -> 509 | AQ575: Days in run | AS575: =SUM($J$524:$J$525) -> 275 | AT575: =SUM($J$524:$J$525) -> 275 | AU575: =SUM($J$524:$J$525) -> 275 | AV575: =SUM($J$524:$J$525) -> 275 | AW575: =SUM($J$524:$J$525) -> 275 | AY575: Days in run | BA575: =SUM($Q$525:$Q$526) -> 234 | BB575: =SUM($Q$525:$Q$526) -> 234 | BC575: =SUM($Q$525:$Q$526) -> 234 | BD575: =SUM($Q$525:$Q$526) -> 234 | BE575: =SUM($Q$525:$Q$526) -> 234
F576: WET SEASON 2 | H576: 10/1/21 - 1/1/22 | J576: =COUNTIF($B$419:$B$511,"<>") -> 93 | M576: DRY SEASON 1 | O576: 8/11/20 - 9/30/20 | Q576: =COUNTIF($B$3:$B$53,"<>") -> 51 | S576: Total measurements | U576: =U575*U574 -> 16288 | V576: DENOMINATOR FOR EXCEEDANCE % | AA576: Total measurements | AC576: =AC575*AC574 -> 8800 | AE576: Total measurements | AG576: =AG574*AG575 -> 7488 | AI576: Total measurements | AK576: =AK575*AK574 -> 16288 | AL576: =AL575*AL574 -> 4072 | AM576: =AM575*AM574 -> 4581 | AN576: =AN575*AN574 -> 3054 | AO576: =AO575*AO574 -> 4581 | AQ576: Total measurements | AS576: =AS575*AS574 -> 8800 | AT576: =AT575*AT574 -> 2200 | AU576: =AU575*AU574 -> 2475 | AV576: =AV575*AV574 -> 1650 | AW576: =AW575*AW574 -> 2475 | AY576: Total measurements | BA576: =BA575*BA574 -> 7488 | BB576: =BB575*BB574 -> 1872 | BC576: =BC575*BC574 -> 2106 | BD576: =BD575*BD574 -> 1404 | BE576: =BE575*BE574 -> 2106
F577: WET SEASON 3 | H577: N/A (outside run period) | J577: =COUNTIF($A$737:$A$798,"<>") -> 0 | M577: DRY SEASON 2 | O577: 4/1/21 - 9/30/21 | Q577: =COUNTIF($B$236:$B$418,"<>") -> 183 | S577: Measurements >= 18.42C | U577: =SUM(B563:AG563) -> 7217 | V577: NUMERATOR FOR EXCEEDANCE % | AA577: Measurements >= 18.42C | AC577: =SUM(B568:AG568) -> 922 | AE577: Measurements >= 1000 | AG577: =SUM(B569:AG569) -> 6295 | AI577: Measurements >= 18.42C | AK577: =SUM(B563:AG563) -> 7217 | AL577: =SUM(B563:I563) -> 1685 | AM577: =SUM(J563:R563) -> 2094 | AN577: =SUM(S563:X563) -> 1309 | AO577: =SUM(Y563:AG563) -> 2129 | AQ577: Measurements >= 18.42C | AS577: =SUM(B568:AG568) -> 922 | AT577: =SUM(B568:I568) -> 225 | AU577: =SUM(J568:R568) -> 300 | AV577: =SUM(S568:X568) -> 113 | AW577: =SUM(Y568:AG568) -> 284 | AY577: Measurements >= 18.42C | BA577: =SUM($B569:$AG569) -> 6295 | BB577: =SUM(B569:I569) -> 1460 | BC577: =SUM(J569:R569) -> 1794 | BD577: =SUM(S569:X569) -> 1196 | BE577: =SUM(Y569:AG569) -> 1845
S578: % Total Run Exceedances | U578: =$U577/$U576 -> 0.44308694 | AA578: % WET Exceedances | AC578: =AC577/AC576 -> 0.10477273 | AE578: % DRY Exceedances | AG578: =AG577/AG576 -> 0.84067842 | AI578: % Total Run Exceedances | AK578: =AK577/AK576 -> 0.44308694 | AL578: =AL577/AL576 -> 0.41380157 | AM578: =AM577/AM576 -> 0.45710544 | AN578: =AN577/AN576 -> 0.42861821 | AO578: =AO577/AO576 -> 0.46474569 | AQ578: % WET Exceedances | AS578: =AS577/AS576 -> 0.10477273 | AT578: =AT577/AT576 -> 0.10227273 | AU578: =AU577/AU576 -> 0.12121212 | AV578: =AV577/AV576 -> 0.068484848 | AW578: =AW577/AW576 -> 0.11474747 | AY578: % DRY Exceedances | BA578: =BA577/BA576 -> 0.84067842 | BB578: =BB577/BB576 -> 0.77991453 | BC578: =BC577/BC576 -> 0.85185185 | BD578: =BD577/BD576 -> 0.85185185 | BE578: =BE577/BE576 -> 0.87606838
A580: TOTAL EXCEEDANCES | B580: =COUNTIF(B$3:B$511,"<=18") -> 285 | C580: =COUNTIF(C$3:C$511,"<=18") -> 276 | D580: =COUNTIF(D$3:D$511,"<=18") -> 286 | E580: =COUNTIF(E$3:E$511,"<=18") -> 291 | F580: =COUNTIF(F$3:F$511,"<=18") -> 283 | G580: =COUNTIF(G$3:G$511,"<=18") -> 280 | H580: =COUNTIF(H$3:H$511,"<=18") -> 291 | I580: =COUNTIF(I$3:I$511,"<=18") -> 305 | ... AG580: =COUNTIF(AG$3:AG$511,"<=18") -> 261
A581: WET 1 | B581: =COUNTIF(B$54:B$235,"<=18") -> 158 | C581: =COUNTIF(C$54:C$235,"<=18") -> 157 | D581: =COUNTIF(D$54:D$235,"<=18") -> 157 | E581: =COUNTIF(E$54:E$235,"<=18") -> 158 | F581: =COUNTIF(F$54:F$235,"<=18") -> 157 | G581: =COUNTIF(G$54:G$235,"<=18") -> 157 | H581: =COUNTIF(H$54:H$235,"<=18") -> 158 | I581: =COUNTIF(I$54:I$235,"<=18") -> 164 | ... AG581: =COUNTIF(AG$54:AG$235,"<=18") -> 157 | AH581: OCTOBER 2020 - MARCH 2021
A582: WET 2 | B582: =COUNTIF(B$419:B$511,"<=18") -> 86 | C582: =COUNTIF(C$419:C$511,"<=18") -> 85 | D582: =COUNTIF(D$419:D$511,"<=18") -> 86 | E582: =COUNTIF(E$419:E$511,"<=18") -> 86 | F582: =COUNTIF(F$419:F$511,"<=18") -> 86 | G582: =COUNTIF(G$419:G$511,"<=18") -> 85 | H582: =COUNTIF(H$419:H$511,"<=18") -> 85 | I582: =COUNTIF(I$419:I$511,"<=18") -> 88 | ... AG582: =COUNTIF(AG$419:AG$511,"<=18") -> 83 | AH582: OCTOBER 2021 - JANUARY 2022
A583: DRY 1 | B583: =COUNTIF(B$3:B$53,"<=18") -> 0 | C583: =COUNTIF(C$3:C$53,"<=18") -> 0 | D583: =COUNTIF(D$3:D$53,"<=18") -> 0 | E583: =COUNTIF(E$3:E$53,"<=18") -> 0 | F583: =COUNTIF(F$3:F$53,"<=18") -> 0 | G583: =COUNTIF(G$3:G$53,"<=18") -> 0 | H583: =COUNTIF(H$3:H$53,"<=18") -> 0 | I583: =COUNTIF(I$3:I$53,"<=18") -> 0 | ... AG583: =COUNTIF(AG$3:AG$53,"<=18") -> 0 | AH583: AUGUST 2020 - SEPTEMBER 2020
A584: DRY 2 | B584: =COUNTIF(B$236:B$418,"<=18") -> 41 | C584: =COUNTIF(C$236:C$418,"<=18") -> 34 | D584: =COUNTIF(D$236:D$418,"<=18") -> 43 | E584: =COUNTIF(E$236:E$418,"<=18") -> 47 | F584: =COUNTIF(F$236:F$418,"<=18") -> 40 | G584: =COUNTIF(G$236:G$418,"<=18") -> 38 | H584: =COUNTIF(H$236:H$418,"<=18") -> 48 | I584: =COUNTIF(I$236:I$418,"<=18") -> 53 | ... AG584: =COUNTIF(AG$236:AG$418,"<=18") -> 21 | AH584: APRIL 2021 - SEPTEMBER 2021
A585: ALL WET | B585: =SUM(B$581,B$582) -> 244 | C585: =SUM(C$581,C$582) -> 242 | D585: =SUM(D$581,D$582) -> 243 | E585: =SUM(E$581,E$582) -> 244 | F585: =SUM(F$581,F$582) -> 243 | G585: =SUM(G$581,G$582) -> 242 | H585: =SUM(H$581,H$582) -> 243 | I585: =SUM(I$581,I$582) -> 252 | ... AG585: =SUM(AG$581,AG$582) -> 240
A586: ALL DRY | B586: =SUM(B$583,B$584) -> 41 | C586: =SUM(C$583,C$584) -> 34 | D586: =SUM(D$583,D$584) -> 43 | E586: =SUM(E$583,E$584) -> 47 | F586: =SUM(F$583,F$584) -> 40 | G586: =SUM(G$583,G$584) -> 38 | H586: =SUM(H$583,H$584) -> 48 | I586: =SUM(I$583,I$584) -> 53 | ... AG586: =SUM(AG$583,AG$584) -> 21
D589: Day Use <18C | F589: THRESHOLD:<18C | S589: DAY USE | AA589: DAY USE | AE589: DAY USE | AI589: DAY USE | AQ589: DAY USE | AY589: DAY USE
F590: WET SEASON | S590: TOTAL RUN | AA590: WET SEASONS | AE590: DRY SEASONS | AI590: TOTAL RUN | AK590: Delta-Wide | AL590: Suisun | AM590: Central Delta | AN590: North Delta | AO590: South Delta | AQ590: WET SEASONS | AS590: Delta-Wide | AT590: Suisun | AU590: Central Delta | AV590: North Delta | AW590: South Delta | AY590: DRY SEASONS | BA590: Delta-Wide | BB590: Suisun | BC590: Central Delta | BD590: North Delta | BE590: South Delta
F591: OCTOBER 1 - MARCH 31 | M591: DRY SEASON | S591: Total points | U591: =COUNTIF(B69:AG69,"<>") -> 32 | AA591: Total points | AC591: =COUNTIF(B69:AG69,"<>") -> 32 | AE591: Total points | AG591: =COUNTIF(B69:AG69,"<>") -> 32 | AI591: Total points | AK591: =COUNTIF($B$2:$AG$2,"<>") -> 32 | AL591: =COUNTIF($B$2:$I$2,"<>") -> 8 | AM591: =COUNTIF($J$2:$R$2,"<>") -> 9 | AN591: =COUNTIF($S$2:$X$2,"<>") -> 6 | AO591: =COUNTIF($Y$2:$AG$2,"<>") -> 9 | AQ591: Total points | AS591: =COUNTIF($B$2:$AG$2,"<>") -> 32 | AT591: =COUNTIF($B$2:$I$2,"<>") -> 8 | AU591: =COUNTIF($J$2:$R$2,"<>") -> 9 | AV591: =COUNTIF($S$2:$X$2,"<>") -> 6 | AW591: =COUNTIF($Y$2:$AG$2,"<>") -> 9 | AY591: Total points | BA591: =COUNTIF($B$2:$AG$2,"<>") -> 32 | BB591: =COUNTIF($B$2:$I$2,"<>") -> 8 | BC591: =COUNTIF($J$2:$R$2,"<>") -> 9 | BD591: =COUNTIF($S$2:$X$2,"<>") -> 6 | BE591: =COUNTIF($Y$2:$AG$2,"<>") -> 9
F592: WET SEASON 1 | H592: 10/1/20 - 3/31/21 | J592: =COUNTIF($B$54:$B$235,"<>") -> 182 | M592: APRIL 1 - SEPTEMBER 30 | S592: Days in run | U592: =COUNTIF($A$3:$A$511,"<>") -> 509 | AA592: Days in run | AC592: =SUM($J$524:$J$525) -> 275 | AE592: Days in run | AG592: =SUM($Q$525:$Q$526) -> 234 | AI592: Days in run | AK592: =COUNTIF($A$3:$A$511,"<>") -> 509 | AL592: =COUNTIF($A$3:$A$511,"<>") -> 509 | AM592: =COUNTIF($A$3:$A$511,"<>") -> 509 | AN592: =COUNTIF($A$3:$A$511,"<>") -> 509 | AO592: =COUNTIF($A$3:$A$511,"<>") -> 509 | AQ592: Days in run | AS592: =SUM($J$524:$J$525) -> 275 | AT592: =SUM($J$524:$J$525) -> 275 | AU592: =SUM($J$524:$J$525) -> 275 | AV592: =SUM($J$524:$J$525) -> 275 | AW592: =SUM($J$524:$J$525) -> 275 | AY592: Days in run | BA592: =SUM($Q$525:$Q$526) -> 234 | BB592: =SUM($Q$525:$Q$526) -> 234 | BC592: =SUM($Q$525:$Q$526) -> 234 | BD592: =SUM($Q$525:$Q$526) -> 234 | BE592: =SUM($Q$525:$Q$526) -> 234
F593: WET SEASON 2 | H593: 10/1/21 - 1/1/22 | J593: =COUNTIF($B$419:$B$511,"<>") -> 93 | M593: DRY SEASON 1 | O593: 8/11/20 - 9/30/20 | Q593: =COUNTIF($B$3:$B$53,"<>") -> 51 | S593: Total measurements | U593: =U592*U591 -> 16288 | V593: DENOMINATOR FOR EXCEEDANCE % | AA593: Total measurements | AC593: =AC592*AC591 -> 8800 | AE593: Total measurements | AG593: =AG591*AG592 -> 7488 | AI593: Total measurements | AK593: =AK592*AK591 -> 16288 | AL593: =AL592*AL591 -> 4072 | AM593: =AM592*AM591 -> 4581 | AN593: =AN592*AN591 -> 3054 | AO593: =AO592*AO591 -> 4581 | AQ593: Total measurements | AS593: =AS592*AS591 -> 8800 | AT593: =AT592*AT591 -> 2200 | AU593: =AU592*AU591 -> 2475 | AV593: =AV592*AV591 -> 1650 | AW593: =AW592*AW591 -> 2475 | AY593: Total measurements | BA593: =BA592*BA591 -> 7488 | BB593: =BB592*BB591 -> 1872 | BC593: =BC592*BC591 -> 2106 | BD593: =BD592*BD591 -> 1404 | BE593: =BE592*BE591 -> 2106
F594: WET SEASON 3 | H594: N/A (outside run period) | J594: =COUNTIF($A$737:$A$798,"<>") -> 0 | M594: DRY SEASON 2 | O594: 4/1/21 - 9/30/21 | Q594: =COUNTIF($B$236:$B$418,"<>") -> 183 | S594: Measurements <18C | U594: =SUM(B580:AG580) -> 8783 | V594: NUMERATOR FOR EXCEEDANCE % | AA594: Measurements <18C | AC594: =SUM(B585:AG585) -> 7792 | AE594: Measurements<18C | AG594: =SUM(B586:AG586) -> 991 | AI594: Measurements <18C | AK594: =SUM(B580:AG580) -> 8783 | AL594: =SUM(B580:I580) -> 2297 | AM594: =SUM(J580:R580) -> 2433 | AN594: =SUM(S580:X580) -> 1668 | AO594: =SUM(Y580:AG580) -> 2385 | AQ594: Measurements <18C | AS594: =SUM(B585:AG585) -> 7792 | AT594: =SUM(B585:I585) -> 1953 | AU594: =SUM(J585:R585) -> 2168 | AV594: =SUM(S585:X585) -> 1497 | AW594: =SUM(Y585:AG585) -> 2174 | AY594: Measurements <18C | BA594: =SUM($B586:$AG586) -> 991 | BB594: =SUM(B586:I586) -> 344 | BC594: =SUM(J586:R586) -> 265 | BD594: =SUM(S586:X586) -> 171 | BE594: =SUM(Y586:AG586) -> 211
S595: % Total Run Exceedances | U595: =$U594/$U593 -> 0.53923134 | AA595: % WET Exceedances | AC595: =AC594/AC593 -> 0.88545455 | AE595: % DRY Exceedances | AG595: =AG594/AG593 -> 0.13234509 | AI595: % Total Run Exceedances | AK595: =AK594/AK593 -> 0.53923134 | AL595: =AL594/AL593 -> 0.56409627 | AM595: =AM594/AM593 -> 0.53110675 | AN595: =AN594/AN593 -> 0.54616896 | AO595: =AO594/AO593 -> 0.52062868 | AQ595: % WET Exceedances | AS595: =AS594/AS593 -> 0.88545455 | AT595: =AT594/AT593 -> 0.88772727 | AU595: =AU594/AU593 -> 0.8759596 | AV595: =AV594/AV593 -> 0.90727273 | AW595: =AW594/AW593 -> 0.87838384 | AY595: % DRY Exceedances | BA595: =BA594/BA593 -> 0.13234509 | BB595: =BB594/BB593 -> 0.18376068 | BC595: =BC594/BC593 -> 0.12583096 | BD595: =BD594/BD593 -> 0.12179487 | BE595: =BE594/BE593 -> 0.10018993

Sheet Run 17 Temp
B1: Suisun | J1: Central Delta | S1: North Delta | Y1: South Delta
A2: Date | B2: CHADBOURNE SLOUGH AT SUNRISE DUCK CLUB | C2: MONTEZUMA SLOUGH AT NATIONAL STEEL | D2: MONTEZUMA SLOUGH NEAR BELDENS LANDING | E2: SUISUN SLOUGH 300' SOUTH OF VOLANTI SLOUGH | F2: HONKER BAY | G2: SUISUN BAY AT VAN SICKLE ISLAND | H2: SUISUN BAY WEST REACH | I2: GRIZZLY BAY BUOY | J2: DUTCH SL BELOW JERSEY ISLAND | K2: FALSE RIVER NEAR OAKLEY | L2: OLD RIVER AT FRANKS TRACT | M2: PITTSBURG | N2: SACRAMENTO RIVER AT EMMATON | O2: SAN ANDREAS LANDING | P2: SAN JOAQUIN RIVER AT JERSEY POINT | Q2: SUISUN BAY AT CHANNEL MARKER 5 AT COLLINSVILLE | R2: BRANNAN MARINAS AT SAN JOAQUIN RIVER | S2: LIBERTY CUT AT FIVE POINTS | T2: CACHE SLOUGH ABOVE RYER ISLAND FERRY | U2: DELTA CROSS CHANNEL NEAR WALNUT GROVE | V2: SACRAMENTO RIVER DOWNSTREAM OF ISLETON | W2: COURTLAND AT SACRAMENTO RIVER | X2: VIERAS RESORT AT SACRAMENTO RIVER | Y2: GRANT LINE CANAL NEAR CLIFTON COURT FORE | Z2: LITTLE POTATO SLOUGH AT TERMINOUS | AA2: MIDDLE RIVER AT MILDRED ISLAND | AB2: OLD RIVER AT CLIFTON COURT | AC2: SAN JOAQUIN RIVER AT BRANDT BRIDGE | AD2: SAN JOAQUIN RIVER AT PRISONERS POINT | AE2: SAN JOAQUIN RIVER NEAR VERNALIS | AF2: SAN JOAQUIN RVER AT ROUGH AND READY ISLAND | AG2: VICTORIA CANAL BEFORE CLIFTON COURT FORE
A3: 44054 | B3: 22.561167 | C3: 21.900866 | D3: 22.431374 | E3: 22.658657 | F3: 20.755604 | G3: 21.305943 | H3: 20.295063 | I3: 20.915884 | J3: 23.26236 | K3: 22.902151 | L3: 23.922974 | M3: 21.527105 | N3: 22.212929 | O3: 23.734663 | P3: 22.804358 | Q3: 21.600945 | R3: 23.547197 | S3: 22.02603 | T3: 23.2951 | U3: 23.667925 | V3: 23.212555 | W3: 23.668299 | X3: 23.267376 | Y3: 25.63996 | Z3: 24.260311 | AA3: 25.027056 | AB3: 25.589602 | AC3: 26.869795 | AD3: 24.109625 | AE3: 25.979979 | AF3: 26.154972 | AG3: 25.606394
A4: 44055 | B4: 22.74042 | C4: 22.153915 | D4: 22.397398 | E4: 22.537117 | F4: 21.165087 | G4: 21.15589 | H4: 20.241066 | I4: 20.554796 | J4: 23.01026 | K4: 22.665533 | L4: 23.853231 | M4: 21.423048 | N4: 22.061743 | O4: 23.584513 | P4: 22.57969 | Q4: 21.466574 | R4: 23.374191 | S4: 20.789713 | T4: 22.949898 | U4: 23.722029 | V4: 23.241037 | W4: 23.462023 | X4: 23.407469 | Y4: 25.61545 | Z4: 24.224226 | AA4: 25.271826 | AB4: 25.544226 | AC4: 26.656715 | AD4: 24.078562 | AE4: 25.707542 | AF4: 26.248161 | AG4: 25.346062
A5: 44056 | B5: 23.22746 | C5: 22.35589 | D5: 22.437582 | E5: 22.548113 | F5: 21.40407 | G5: 21.24692 | H5: 20.402895 | I5: 20.447798 | J5: 23.277903 | K5: 22.724203 | L5: 23.940252 | M5: 21.520294 | N5: 22.237602 | O5: 23.701136 | P5: 22.648384 | Q5: 21.500998 | R5: 23.502935 | S5: 20.76454 | T5: 23.10492 | U5: 23.10276 | V5: 23.687098 | W5: 22.540497 | X5: 23.942427 | Y5: 25.69858 | Z5: 24.476133 | AA5: 25.6109 | AB5: 25.637503 | AC5: 26.674868 | AD5: 24.160742 | AE5: 26.152246 | AF5: 26.415037 | AG5: 25.395338
A6: 44057 | B6: 23.840677 | C6: 22.704184 | D6: 22.734663 | E6: 22.77083 | F6: 21.927412 | G6: 21.539238 | H6: 20.715693 | I6: 21.005316 | J6: 24.049723 | K6: 23.06357 | L6: 24.244005 | M6: 21.828493 | N6: 22.651405 | O6: 24.07914 | P6: 22.973356 | Q6: 21.781836 | R6: 23.82911 | S6: 21.773895 | T6: 23.541243 | U6: 23.073294 | V6: 24.202682 | W6: 23.107145 | X6: 24.431532 | Y6: 25.988953 | Z6: 24.885595 | AA6: 25.994942 | AB6: 25.883934 | AC6: 26.965876 | AD6: 24.42552 | AE6: 26.818064 | AF6: 26.646385 | AG6: 25.840479
A7: 44058 | B7: 24.282236 | C7: 23.18678 | D7: 23.206526 | E7: 23.124146 | F7: 22.385191 | G7: 21.959532 | H7: 21.054142 | I7: 21.654673 | J7: 25.023363 | K7: 23.563372 | L7: 24.6454 | M7: 22.208044 | N7: 23.080315 | O7: 24.504091 | P7: 23.46667 | Q7: 22.195421 | R7: 24.212385 | S7: 22.914206 | T7: 24.014328 | U7: 23.630762 | V7: 24.231436 | W7: 23.424751 | X7: 24.138178 | Y7: 26.448961 | Z7: 25.463623 | AA7: 26.462534 | AB7: 26.32744 | AC7: 27.530289 | AD7: 24.785173 | AE7: 27.46213 | AF7: 26.986723 | AG7: 26.443024
A8: 44059 | B8: 24.509687 | C8: 23.606615 | D8: 23.61468 | E8: 23.45086 | F8: 22.65991 | G8: 22.282974 | H8: 21.366705 | I8: 21.958391 | J8: 25.589598 | K8: 23.931475 | L8: 24.962221 | M8: 22.532957 | N8: 23.42611 | O8: 24.832888 | P8: 23.841965 | Q8: 22.532598 | R8: 24.55661 | S8: 23.737272 | T8: 24.403954 | U8: 24.002777 | V8: 24.588966 | W8: 23.733446 | X8: 24.64094 | Y8: 26.965073 | Z8: 25.980833 | AA8: 26.872084 | AB8: 26.807665 | AC8: 28.098993 | AD8: 25.12583 | AE8: 28.402702 | AF8: 27.328545 | AG8: 26.94069
A9: 44060 | B9: 24.856874 | C9: 24.091919 | D9: 24.046423 | E9: 23.83435 | F9: 23.076136 | G9: 22.686426 | H9: 21.81621 | I9: 22.50225 | J9: 26.110147 | K9: 24.340425 | L9: 25.322937 | M9: 22.944643 | N9: 23.913717 | O9: 25.140203 | P9: 24.25621 | Q9: 22.950935 | R9: 24.955078 | S9: 24.498728 | T9: 24.884218 | U9: 24.310953 | V9: 25.048813 | W9: 24.041334 | X9: 25.072128 | Y9: 27.53242 | Z9: 26.348892 | AA9: 27.240953 | AB9: 27.36962 | AC9: 28.527365 | AD9: 25.485235 | AE9: 28.705614 | AF9: 27.581038 | AG9: 27.304548
A10: 44061 | B10: 25.200186 | C10: 24.568731 | D10: 24.435905 | E10: 24.184778 | F10: 23.431421 | G10: 23.122065 | H10: 22.190008 | I10: 22.91007 | J10: 26.567366 | K10: 24.780228 | L10: 25.699074 | M10: 23.358511 | N10: 24.361834 | O10: 25.497469 | P10: 24.709648 | Q10: 23.391626 | R10: 25.32707 | S10: 25.239365 | T10: 25.352491 | U10: 24.59818 | V10: 25.370184 | W10: 24.189049 | X10: 25.358759 | Y10: 27.934776 | Z10: 26.609833 | AA10: 27.555079 | AB10: 27.738419 | AC10: 28.835861 | AD10: 25.842806 | AE10: 28.104952 | AF10: 27.854546 | AG10: 27.596346
A11: 44062 | B11: 24.848785 | C11: 24.697779 | D11: 24.450567 | E11: 24.124886 | F11: 23.285204 | G11: 23.29288 | H11: 22.247404 | I11: 22.49263 | J11: 26.544867 | K11: 24.978205 | L11: 25.776728 | M11: 23.481535 | N11: 24.451033 | O11: 25.516603 | P11: 24.917574 | Q11: 23.56517 | R11: 25.39653 | S11: 24.886673 | T11: 25.427816 | U11: 24.33912 | V11: 25.341093 | W11: 23.727427 | X11: 25.340338 | Y11: 27.89005 | Z11: 26.537819 | AA11: 27.629791 | AB11: 27.710485 | AC11: 28.843462 | AD11: 25.948023 | AE11: 27.2163 | AF11: 28.002428 | AG11: 27.54917
A12: 44063 | B12: 24.175156 | C12: 24.328156 | D12: 24.032068 | E12: 23.69631 | F12: 22.891554 | G12: 23.10079 | H12: 22.084923 | I12: 21.770386 | J12: 25.49985 | K12: 24.677185 | L12: 25.50775 | M12: 23.23947 | N12: 24.051622 | O12: 25.247961 | P12: 24.633041 | Q12: 23.33426 | R12: 25.19487 | S12: 23.587683 | T12: 25.049002 | U12: 23.508322 | V12: 24.888985 | W12: 22.898775 | X12: 24.876543 | Y12: 27.470955 | Z12: 26.142832 | AA12: 27.376328 | AB12: 27.33786 | AC12: 28.322662 | AD12: 25.762976 | AE12: 25.900312 | AF12: 27.908882 | AG12: 27.241379
A13: 44064 | B13: 24.015373 | C13: 24.189829 | D13: 23.734133 | E13: 23.426828 | F13: 22.853247 | G13: 22.949457 | H13: 21.97184 | I13: 21.551712 | J13: 25.141161 | K13: 24.58136 | L13: 25.371328 | M13: 23.106237 | N13: 23.950113 | O13: 25.144218 | P13: 24.515776 | Q13: 23.19744 | R13: 25.127562 | S13: 22.889992 | T13: 24.717834 | U13: 22.601976 | V13: 24.416636 | W13: 22.149649 | X13: 24.280563 | Y13: 27.101997 | Z13: 25.71903 | AA13: 27.05145 | AB13: 27.03421 | AC13: 27.887245 | AD13: 25.593386 | AE13: 24.46589 | AF13: 27.821909 | AG13: 27.021727
A14: 44065 | B14: 24.165932 | C14: 24.302557 | D14: 23.719252 | E14: 23.471323 | F14: 22.98232 | G14: 23.01593 | H14: 22.01729 | I14: 21.677414 | J14: 25.405558 | K14: 24.681715 | L14: 25.44049 | M14: 23.192606 | N14: 24.154242 | O14: 25.150068 | P14: 24.60672 | Q14: 23.294548 | R14: 25.217676 | S14: 23.054886 | T14: 24.606577 | U14: 22.016474 | V14: 24.026527 | W14: 21.69848 | X14: 23.724554 | Y14: 27.21866 | Z14: 25.56228 | AA14: 27.082499 | AB14: 27.117523 | AC14: 28.011902 | AD14: 25.61946 | AE14: 24.230791 | AF14: 27.908384 | AG14: 27.071571
... A511: 44562 | B511: 7.4512224 | C511: 7.9089413 | D511: 7.854232 | E511: 7.895437 | F511: 8.026818 | G511: 8.233116 | H511: 9.000897 | I511: 7.555749 | J511: 7.1689143 | K511: 8.326251 | L511: 8.064293 | M511: 8.2099495 | N511: 7.8749576 | O511: 8.008956 | P511: 8.171949 | Q511: 8.128116 | R511: 8.1327 | S511: 6.862642 | T511: 7.54694 | U511: 7.8994536 | V511: 7.8875384 | W511: 7.8869977 | X511: 7.9009876 | Y511: 8.236285 | Z511: 8.071252 | AA511: 8.023618 | AB511: 7.6834583 | AC511: 11.638221 | AD511: 8.129757 | AE511: 8.781846 | AF511: 7.5903707 | AG511: 7.7042274
A512: TOTAL EXCEEDANCES | B512: =COUNTIF(B$3:B$511,">=19") -> 199 | C512: =COUNTIF(C$3:C$511,">=19") -> 206 | D512: =COUNTIF(D$3:D$511,">=19") -> 196 | E512: =COUNTIF(E$3:E$511,">=19") -> 197 | F512: =COUNTIF(F$3:F$511,">=19") -> 200 | G512: =COUNTIF(G$3:G$511,">=19") -> 203 | H512: =COUNTIF(H$3:H$511,">=19") -> 174 | I512: =COUNTIF(I$3:I$511,">=19") -> 161 | ... AG512: =COUNTIF(AG$3:AG$511,">=19") -> 232
A513: WET 1 | B513: =COUNTIF(B$54:B$235,">=19") -> 22 | C513: =COUNTIF(C$54:C$235,">=19") -> 23 | D513: =COUNTIF(D$54:D$235,">=19") -> 23 | E513: =COUNTIF(E$54:E$235,">=19") -> 22 | F513: =COUNTIF(F$54:F$235,">=19") -> 22 | G513: =COUNTIF(G$54:G$235,">=19") -> 23 | H513: =COUNTIF(H$54:H$235,">=19") -> 15 | I513: =COUNTIF(I$54:I$235,">=19") -> 6 | ... AG513: =COUNTIF(AG$54:AG$235,">=19") -> 24 | AH513: OCTOBER 2020 - MARCH 2021
A514: WET 2 | B514: =COUNTIF(B$419:B$511,">=19") -> 5 | C514: =COUNTIF(C$419:C$511,">=19") -> 6 | D514: =COUNTIF(D$419:D$511,">=19") -> 5 | E514: =COUNTIF(E$419:E$511,">=19") -> 4 | F514: =COUNTIF(F$419:F$511,">=19") -> 5 | G514: =COUNTIF(G$419:G$511,">=19") -> 6 | H514: =COUNTIF(H$419:H$511,">=19") -> 1 | I514: =COUNTIF(I$419:I$511,">=19") -> 3 | ... AG514: =COUNTIF(AG$419:AG$511,">=19") -> 8 | AH514: OCTOBER 2021 - JANUARY 2022
A515: DRY 1 | B515: =COUNTIF(B$3:B$53,">=19") -> 51 | C515: =COUNTIF(C$3:C$53,">=19") -> 51 | D515: =COUNTIF(D$3:D$53,">=19") -> 51 | E515: =COUNTIF(E$3:E$53,">=19") -> 51 | F515: =COUNTIF(F$3:F$53,">=19") -> 51 | G515: =COUNTIF(G$3:G$53,">=19") -> 51 | H515: =COUNTIF(H$3:H$53,">=19") -> 51 | I515: =COUNTIF(I$3:I$53,">=19") -> 49 | ... AG515: =COUNTIF(AG$3:AG$53,">=19") -> 51 | AH515: AUGUST 2020 - SEPTEMBER 2020
A516: DRY 2 | B516: =COUNTIF(B$236:B$418,">=19") -> 121 | C516: =COUNTIF(C$236:C$418,">=19") -> 126 | D516: =COUNTIF(D$236:D$418,">=19") -> 117 | E516: =COUNTIF(E$236:E$418,">=19") -> 120 | F516: =COUNTIF(F$236:F$418,">=19") -> 122 | G516: =COUNTIF(G$236:G$418,">=19") -> 123 | H516: =COUNTIF(H$236:H$418,">=19") -> 107 | I516: =COUNTIF(I$236:I$418,">=19") -> 103 | ... AG516: =COUNTIF(AG$236:AG$418,">=19") -> 149 | AH516: APRIL 2021 - SEPTEMBER 2021
A517: ALL WET | B517: =SUM(B$513,B$514) -> 27 | C517: =SUM(C$513,C$514) -> 29 | D517: =SUM(D$513,D$514) -> 28 | E517: =SUM(E$513,E$514) -> 26 | F517: =SUM(F$513,F$514) -> 27 | G517: =SUM(G$513,G$514) -> 29 | H517: =SUM(H$513,H$514) -> 16 | I517: =SUM(I$513,I$514) -> 9 | ... AG517: =SUM(AG$513,AG$514) -> 32
A518: ALL DRY | B518: =SUM(B$515,B$516) -> 172 | C518: =SUM(C$515,C$516) -> 177 | D518: =SUM(D$515,D$516) -> 168 | E518: =SUM(E$515,E$516) -> 171 | F518: =SUM(F$515,F$516) -> 173 | G518: =SUM(G$515,G$516) -> 174 | H518: =SUM(H$515,H$516) -> 158 | I518: =SUM(I$515,I$516) -> 152 | ... AG518: =SUM(AG$515,AG$516) -> 200
D521: Day Use & Boating 19C | F521: THRESHOLD: 19C | S521: SP DAY USE & BOATING | AA521: SP DAY USE & BOATING | AE521: SP DAY USE & BOATING | AI521: SP DAY USE & BOATING | AQ521: SP DAY USE & BOATING | AY521: SP DAY USE & BOATING
F522: WET SEASON | S522: TOTAL RUN | AA522: WET SEASONS | AE522: DRY SEASONS | AI522: TOTAL RUN | AK522: Delta-Wide | AL522: Suisun | AM522: Central Delta | AN522: North Delta | AO522: South Delta | AQ522: WET SEASONS | AS522: Delta-Wide | AT522: Suisun | AU522: Central Delta | AV522: North Delta | AW522: South Delta | AY522: DRY SEASONS | BA522: Delta-Wide | BB522: Suisun | BC522: Central Delta | BD522: North Delta | BE522: South Delta
F523: OCTOBER 1 - MARCH 31 | M523: DRY SEASON | S523: Total points | U523: =COUNTIF(B2:AG2,"<>") -> 32 | AA523: Total points | AC523: =COUNTIF(B2:AG2,"<>") -> 32 | AE523: Total points | AG523: =COUNTIF(B2:AG2,"<>") -> 32 | AI523: Total points | AK523: =COUNTIF($B$2:$AG$2,"<>") -> 32 | AL523: =COUNTIF($B$2:$I$2,"<>") -> 8 | AM523: =COUNTIF($J$2:$R$2,"<>") -> 9 | AN523: =COUNTIF($S$2:$X$2,"<>") -> 6 | AO523: =COUNTIF($Y$2:$AG$2,"<>") -> 9 | AQ523: Total points | AS523: =COUNTIF($B$2:$AG$2,"<>") -> 32 | AT523: =COUNTIF($B$2:$I$2,"<>") -> 8 | AU523: =COUNTIF($J$2:$R$2,"<>") -> 9 | AV523: =COUNTIF($S$2:$X$2,"<>") -> 6 | AW523: =COUNTIF($Y$2:$AG$2,"<>") -> 9 | AY523: Total points | BA523: =COUNTIF($B$2:$AG$2,"<>") -> 32 | BB523: =COUNTIF($B$2:$I$2,"<>") -> 8 | BC523: =COUNTIF($J$2:$R$2,"<>") -> 9 | BD523: =COUNTIF($S$2:$X$2,"<>") -> 6 | BE523: =COUNTIF($Y$2:$AG$2,"<>") -> 9
F524: WET SEASON 1 | H524: 10/1/20 - 3/31/21 | J524: =COUNTIF($B$54:$B$235,"<>") -> 182 | M524: APRIL 1 - SEPTEMBER 30 | S524: Days in run | U524: =COUNTIF($A$3:$A$511,"<>") -> 509 | AA524: Days in run | AC524: =SUM($J$524:$J$525) -> 275 | AE524: Days in run | AG524: =SUM($Q$525:$Q$526) -> 234 | AI524: Days in run | AK524: =COUNTIF($A$3:$A$511,"<>") -> 509 | AL524: =COUNTIF($A$3:$A$511,"<>") -> 509 | AM524: =COUNTIF($A$3:$A$511,"<>") -> 509 | AN524: =COUNTIF($A$3:$A$511,"<>") -> 509 | AO524: =COUNTIF($A$3:$A$511,"<>") -> 509 | AQ524: Days in run | AS524: =SUM($J$524:$J$525) -> 275 | AT524: =SUM($J$524:$J$525) -> 275 | AU524: =SUM($J$524:$J$525) -> 275 | AV524: =SUM($J$524:$J$525) -> 275 | AW524: =SUM($J$524:$J$525) -> 275 | AY524: Days in run | BA524: =SUM($Q$525:$Q$526) -> 234 | BB524: =SUM($Q$525:$Q$526) -> 234 | BC524: =SUM($Q$525:$Q$526) -> 234 | BD524: =SUM($Q$525:$Q$526) -> 234 | BE524: =SUM($Q$525:$Q$526) -> 234
F525: WET SEASON 2 | H525: 10/1/21 - 1/1/22 | J525: =COUNTIF($B$419:$B$511,"<>") -> 93 | M525: DRY SEASON 1 | O525: 8/11/20 - 9/30/20 | Q525: =COUNTIF($B$3:$B$53,"<>") -> 51 | S525: Total measurements | U525: =U524*U523 -> 16288 | V525: DENOMINATOR FOR EXCEEDANCE % | AA525: Total measurements | AC525: =AC524*AC523 -> 8800 | AE525: Total measurements | AG525: =AG523*AG524 -> 7488 | AI525: Total measurements | AK525: =AK524*AK523 -> 16288 | AL525: =AL524*AL523 -> 4072 | AM525: =AM524*AM523 -> 4581 | AN525: =AN524*AN523 -> 3054 | AO525: =AO524*AO523 -> 4581 | AQ525: Total measurements | AS525: =AS524*AS523 -> 8800 | AT525: =AT524*AT523 -> 2200 | AU525: =AU524*AU523 -> 2475 | AV525: =AV524*AV523 -> 1650 | AW525: =AW524*AW523 -> 2475 | AY525: Total measurements | BA525: =BA524*BA523 -> 7488 | BB525: =BB524*BB523 -> 1872 | BC525: =BC524*BC523 -> 2106 | BD525: =BD524*BD523 -> 1404 | BE525: =BE524*BE523 -> 2106
F526: WET SEASON 3 | H526: N/A (outside run period) | J526: =COUNTIF($A$737:$A$798,"<>") -> 0 | M526: DRY SEASON 2 | O526: 4/1/21 - 9/30/21 | Q526: =COUNTIF($B$236:$B$418,"<>") -> 183 | S526: Measurements >= 19C | U526: =SUM(B512:AG512) -> 6788 | V526: NUMERATOR FOR EXCEEDANCE % | AA526: Measurements >= 19C | AC526: =SUM($B$517:$AG$517) -> 811 | AE526: Measurements >= 19C | AG526: =SUM($B$518:$AG$518) -> 5977 | AI526: Measurements >= 19C | AK526: =SUM(B512:AG512) -> 6788 | AL526: =SUM(B512:I512) -> 1536 | AM526: =SUM(J512:R512) -> 1994 | AN526: =SUM(S512:X512) -> 1230 | AO526: =SUM(Y512:AG512) -> 2028 | AQ526: Measurements >= 19C | AS526: =SUM(B517:AG517) -> 811 | AT526: =SUM(B517:I517) -> 191 | AU526: =SUM(J517:R517) -> 274 | AV526: =SUM(S517:X517) -> 87 | AW526: =SUM(Y517:AG517) -> 259 | AY526: Measurements >= 19C | BA526: =SUM($B518:$AG518) -> 5977 | BB526: =SUM(B518:I518) -> 1345 | BC526: =SUM(J518:R518) -> 1720 | BD526: =SUM(S518:X518) -> 1143 | BE526: =SUM(Y518:AG518) -> 1769
S527: % Total Run Exceedances | U527: =$U526/$U525 -> 0.41674853 | AA527: % WET Exceedances | AC527: =AC526/AC525 -> 0.092159091 | AE527: % DRY Exceedances | AG527: =AG526/AG525 -> 0.79821047 | AI527: % Total Run Exceedances | AK527: =AK526/AK525 -> 0.41674853 | AL527: =AL526/AL525 -> 0.37721022 | AM527: =AM526/AM525 -> 0.43527614 | AN527: =AN526/AN525 -> 0.40275049 | AO527: =AO526/AO525 -> 0.4426981 | AQ527: % WET Exceedances | AS527: =AS526/AS525 -> 0.092159091 | AT527: =AT526/AT525 -> 0.086818182 | AU527: =AU526/AU525 -> 0.11070707 | AV527: =AV526/AV525 -> 0.052727273 | AW527: =AW526/AW525 -> 0.10464646 | AY527: % DRY Exceedances | BA527: =BA526/BA525 -> 0.79821047 | BB527: =BB526/BB525 -> 0.71848291 | BC527: =BC526/BC525 -> 0.81671415 | BD527: =BD526/BD525 -> 0.81410256 | BE527: =BE526/BE525 -> 0.83998101
A529: TOTAL EXCEEDANCES | B529: =COUNTIF(B$3:B$511,">=20") -> 153 | C529: =COUNTIF(C$3:C$511,">=20") -> 172 | D529: =COUNTIF(D$3:D$511,">=20") -> 152 | E529: =COUNTIF(E$3:E$511,">=20") -> 142 | F529: =COUNTIF(F$3:F$511,">=20") -> 159 | G529: =COUNTIF(G$3:G$511,">=20") -> 163 | H529: =COUNTIF(H$3:H$511,">=20") -> 127 | I529: =COUNTIF(I$3:I$511,">=20") -> 104 | ... AG529: =COUNTIF(AG$3:AG$511,">=20") -> 222
A530: WET 1 | B530: =COUNTIF(B$54:B$235,">=20") -> 8 | C530: =COUNTIF(C$54:C$235,">=20") -> 9 | D530: =COUNTIF(D$54:D$235,">=20") -> 9 | E530: =COUNTIF(E$54:E$235,">=20") -> 7 | F530: =COUNTIF(F$54:F$235,">=20") -> 7 | G530: =COUNTIF(G$54:G$235,">=20") -> 8 | H530: =COUNTIF(H$54:H$235,">=20") -> 5 | I530: =COUNTIF(I$54:I$235,">=20") -> 3 | ... AG530: =COUNTIF(AG$54:AG$235,">=20") -> 22 | AH530: OCTOBER 2020 - MARCH 2021
A531: WET 2 | B531: =COUNTIF(B$419:B$511,">=20") -> 0 | C531: =COUNTIF(C$419:C$511,">=20") -> 0 | D531: =COUNTIF(D$419:D$511,">=20") -> 0 | E531: =COUNTIF(E$419:E$511,">=20") -> 0 | F531: =COUNTIF(F$419:F$511,">=20") -> 0 | G531: =COUNTIF(G$419:G$511,">=20") -> 0 | H531: =COUNTIF(H$419:H$511,">=20") -> 0 | I531: =COUNTIF(I$419:I$511,">=20") -> 0 | ... AG531: =COUNTIF(AG$419:AG$511,">=20") -> 6 | AH531: OCTOBER 2021 - JANUARY 2022
A532: DRY 1 | B532: =COUNTIF(B$3:B$53,">=20") -> 51 | C532: =COUNTIF(C$3:C$53,">=20") -> 51 | D532: =COUNTIF(D$3:D$53,">=20") -> 51 | E532: =COUNTIF(E$3:E$53,">=20") -> 51 | F532: =COUNTIF(F$3:F$53,">=20") -> 51 | G532: =COUNTIF(G$3:G$53,">=20") -> 51 | H532: =COUNTIF(H$3:H$53,">=20") -> 46 | I532: =COUNTIF(I$3:I$53,">=20") -> 24 | ... AG532: =COUNTIF(AG$3:AG$53,">=20") -> 51 | AH532: AUGUST 2020 - SEPTEMBER 2020
A533: DRY 2 | B533: =COUNTIF(B$236:B$418,">=20") -> 94 | C533: =COUNTIF(C$236:C$418,">=20") -> 112 | D533: =COUNTIF(D$236:D$418,">=20") -> 92 | E533: =COUNTIF(E$236:E$418,">=20") -> 84 | F533: =COUNTIF(F$236:F$418,">=20") -> 101 | G533: =COUNTIF(G$236:G$418,">=20") -> 104 | H533: =COUNTIF(H$236:H$418,">=20") -> 76 | I533: =COUNTIF(I$236:I$418,">=20") -> 77 | ... AG533: =COUNTIF(AG$236:AG$418,">=20") -> 143 | AH533: APRIL 2021 - SEPTEMBER 2021
A534: ALL WET | B534: =SUM(B530,B531) -> 8 | C534: =SUM(C530,C531) -> 9 | D534: =SUM(D530,D531) -> 9 | E534: =SUM(E530,E531) -> 7 | F534: =SUM(F530,F531) -> 7 | G534: =SUM(G530,G531) -> 8 | H534: =SUM(H530,H531) -> 5 | I534: =SUM(I530,I531) -> 3 | ... AG534: =SUM(AG530,AG531) -> 28
A535: ALL DRY | B535: =SUM(B532,B533) -> 145 | C535: =SUM(C532,C533) -> 163 | D535: =SUM(D532,D533) -> 143 | E535: =SUM(E532,E533) -> 135 | F535: =SUM(F532,F533) -> 152 | G535: =SUM(G532,G533) -> 155 | H535: =SUM(H532,H533) -> 122 | I535: =SUM(I532,I533) -> 101 | ... AG535: =SUM(AG532,AG533) -> 194
D538: Birding 20C | F538: THRESHOLD: 20C | S538: BIRDING | AA538: BIRDING | AE538: BIRDING | AI538: BIRDING | AQ538: BIRDING | AY538: BIRDING
F539: WET SEASON | S539: TOTAL RUN | AA539: WET SEASONS | AE539: DRY SEASONS | AI539: TOTAL RUN | AK539: Delta-Wide | AL539: Suisun | AM539: Central Delta | AN539: North Delta | AO539: South Delta | AQ539: WET SEASONS | AS539: Delta-Wide | AT539: Suisun | AU539: Central Delta | AV539: North Delta | AW539: South Delta | AY539: DRY SEASONS | BA539: Delta-Wide | BB539: Suisun | BC539: Central Delta | BD539: North Delta | BE539: South Delta
F540: OCTOBER 1 - MARCH 31 | M540: DRY SEASON | S540: Total points | U540: =COUNTIF(B18:AG18,"<>") -> 32 | AA540: Total points | AC540: =COUNTIF(B18:AG18,"<>") -> 32 | AE540: Total points | AG540: =COUNTIF(B18:AG18,"<>") -> 32 | AI540: Total points | AK540: =COUNTIF($B$2:$AG$2,"<>") -> 32 | AL540: =COUNTIF($B$2:$I$2,"<>") -> 8 | AM540: =COUNTIF($J$2:$R$2,"<>") -> 9 | AN540: =COUNTIF($S$2:$X$2,"<>") -> 6 | AO540: =COUNTIF($Y$2:$AG$2,"<>") -> 9 | AQ540: Total points | AS540: =COUNTIF($B$2:$AG$2,"<>") -> 32 | AT540: =COUNTIF($B$2:$I$2,"<>") -> 8 | AU540: =COUNTIF($J$2:$R$2,"<>") -> 9 | AV540: =COUNTIF($S$2:$X$2,"<>") -> 6 | AW540: =COUNTIF($Y$2:$AG$2,"<>") -> 9 | AY540: Total points | BA540: =COUNTIF($B$2:$AG$2,"<>") -> 32 | BB540: =COUNTIF($B$2:$I$2,"<>") -> 8 | BC540: =COUNTIF($J$2:$R$2,"<>") -> 9 | BD540: =COUNTIF($S$2:$X$2,"<>") -> 6 | BE540: =COUNTIF($Y$2:$AG$2,"<>") -> 9
F541: WET SEASON 1 | H541: 10/1/20 - 3/31/21 | J541: =COUNTIF($B$54:$B$235,"<>") -> 182 | M541: APRIL 1 - SEPTEMBER 30 | S541: Days in run | U541: =COUNTIF($A$3:$A$511,"<>") -> 509 | AA541: Days in run | AC541: =SUM($J$524:$J$525) -> 275 | AE541: Days in run | AG541: =SUM($Q$525:$Q$526) -> 234 | AI541: Days in run | AK541: =COUNTIF($A$3:$A$511,"<>") -> 509 | AL541: =COUNTIF($A$3:$A$511,"<>") -> 509 | AM541: =COUNTIF($A$3:$A$511,"<>") -> 509 | AN541: =COUNTIF($A$3:$A$511,"<>") -> 509 | AO541: =COUNTIF($A$3:$A$511,"<>") -> 509 | AQ541: Days in run | AS541: =SUM($J$524:$J$525) -> 275 | AT541: =SUM($J$524:$J$525) -> 275 | AU541: =SUM($J$524:$J$525) -> 275 | AV541: =SUM($J$524:$J$525) -> 275 | AW541: =SUM($J$524:$J$525) -> 275 | AY541: Days in run | BA541: =SUM($Q$525:$Q$526) -> 234 | BB541: =SUM($Q$525:$Q$526) -> 234 | BC541: =SUM($Q$525:$Q$526) -> 234 | BD541: =SUM($Q$525:$Q$526) -> 234 | BE541: =SUM($Q$525:$Q$526) -> 234
F542: WET SEASON 2 | H542: 10/1/21 - 1/1/22 | J542: =COUNTIF($B$419:$B$511,"<>") -> 93 | M542: DRY SEASON 1 | O542: 8/11/20 - 9/30/20 | Q542: =COUNTIF($B$3:$B$53,"<>") -> 51 | S542: Total measurements | U542: =U541*U540 -> 16288 | V542: DENOMINATOR FOR EXCEEDANCE % | AA542: Total measurements | AC542: =AC541*AC540 -> 8800 | AE542: Total measurements | AG542: =AG540*AG541 -> 7488 | AI542: Total measurements | AK542: =AK541*AK540 -> 16288 | AL542: =AL541*AL540 -> 4072 | AM542: =AM541*AM540 -> 4581 | AN542: =AN541*AN540 -> 3054 | AO542: =AO541*AO540 -> 4581 | AQ542: Total measurements | AS542: =AS541*AS540 -> 8800 | AT542: =AT541*AT540 -> 2200 | AU542: =AU541*AU540 -> 2475 | AV542: =AV541*AV540 -> 1650 | AW542: =AW541*AW540 -> 2475 | AY542: Total measurements | BA542: =BA541*BA540 -> 7488 | BB542: =BB541*BB540 -> 1872 | BC542: =BC541*BC540 -> 2106 | BD542: =BD541*BD540 -> 1404 | BE542: =BE541*BE540 -> 2106
F543: WET SEASON 3 | H543: N/A (outside run period) | J543: =COUNTIF($A$737:$A$798,"<>") -> 0 | M543: DRY SEASON 2 | O543: 4/1/21 - 9/30/21 | Q543: =COUNTIF($B$236:$B$418,"<>") -> 183 | S543: Measurements >= 20C | U543: =SUM(B529:AG529) -> 5744 | V543: NUMERATOR FOR EXCEEDANCE % | AA543: Measurements >= 20C | AC543: =SUM(B534:AG534) -> 421 | AE543: Measurements >= 20C | AG543: =SUM(B535:AG535) -> 5323 | AI543: Measurements >= 20C | AK543: =SUM(B529:AG529) -> 5744 | AL543: =SUM(B529:I529) -> 1172 | AM543: =SUM(J529:R529) -> 1712 | AN543: =SUM(S529:X529) -> 1035 | AO543: =SUM(Y529:AG529) -> 1825 | AQ543: Measurements >= 20C | AS543: =SUM(B534:AG534) -> 421 | AT543: =SUM(B534:I534) -> 56 | AU543: =SUM(J534:R534) -> 143 | AV543: =SUM(S534:X534) -> 32 | AW543: =SUM(Y534:AG534) -> 190 | AY543: Measurements >= 20C | BA543: =SUM($B535:$AG535) -> 5323 | BB543: =SUM(B535:I535) -> 1116 | BC543: =SUM(J535:R535) -> 1569 | BD543: =SUM(S535:X535) -> 1003 | BE543: =SUM(Y535:AG535) -> 1635
S544: % Total Run Exceedances | U544: =$U543/$U542 -> 0.35265226 | AA544: % WET Exceedances | AC544: =AC543/AC542 -> 0.047840909 | AE544: % DRY Exceedances | AG544: =AG543/AG542 -> 0.71087073 | AI544: % Total Run Exceedances | AK544: =AK543/AK542 -> 0.35265226 | AL544: =AL543/AL542 -> 0.28781925 | AM544: =AM543/AM542 -> 0.37371753 | AN544: =AN543/AN542 -> 0.3388998 | AO544: =AO543/AO542 -> 0.39838463 | AQ544: % WET Exceedances | AS544: =AS543/AS542 -> 0.047840909 | AT544: =AT543/AT542 -> 0.025454545 | AU544: =AU543/AU542 -> 0.057777778 | AV544: =AV543/AV542 -> 0.019393939 | AW544: =AW543/AW542 -> 0.076767677 | AY544: % DRY Exceedances | BA544: =BA543/BA542 -> 0.71087073 | BB544: =BB543/BB542 -> 0.59615385 | BC544: =BC543/BC542 -> 0.74501425 | BD544: =BD543/BD542 -> 0.71438746 | BE544: =BE543/BE542 -> 0.77635328
A546: TOTAL EXCEEDANCES | B546: =COUNTIF(B$3:B$511,">=23") -> 15 | C546: =COUNTIF(C$3:C$511,">=23") -> 16 | D546: =COUNTIF(D$3:D$511,">=23") -> 12 | E546: =COUNTIF(E$3:E$511,">=23") -> 11 | F546: =COUNTIF(F$3:F$511,">=23") -> 3 | G546: =COUNTIF(G$3:G$511,">=23") -> 4 | H546: =COUNTIF(H$3:H$511,">=23") -> 0 | I546: =COUNTIF(I$3:I$511,">=23") -> 0 | ... AG546: =COUNTIF(AG$3:AG$511,">=23") -> 150
A547: WET 1 | B547: =COUNTIF(B$54:B$235,">=23") -> 0 | C547: =COUNTIF(C$54:C$235,">=23") -> 0 | D547: =COUNTIF(D$54:D$235,">=23") -> 0 | E547: =COUNTIF(E$54:E$235,">=23") -> 0 | F547: =COUNTIF(F$54:F$235,">=23") -> 0 | G547: =COUNTIF(G$54:G$235,">=23") -> 0 | H547: =COUNTIF(H$54:H$235,">=23") -> 0 | I547: =COUNTIF(I$54:I$235,">=23") -> 0 | ... AG547: =COUNTIF(AG$54:AG$235,">=23") -> 2 | AH547: OCTOBER 2020 - MARCH 2021
A548: WET 2 | B548: =COUNTIF(B$419:B$511,">=23") -> 0 | C548: =COUNTIF(C$419:C$511,">=23") -> 0 | D548: =COUNTIF(D$419:D$511,">=23") -> 0 | E548: =COUNTIF(E$419:E$511,">=23") -> 0 | F548: =COUNTIF(F$419:F$511,">=23") -> 0 | G548: =COUNTIF(G$419:G$511,">=23") -> 0 | H548: =COUNTIF(H$419:H$511,">=23") -> 0 | I548: =COUNTIF(I$419:I$511,">=23") -> 0 | ... AG548: =COUNTIF(AG$419:AG$511,">=23") -> 0 | AH548: OCTOBER 2021 - JANUARY 2022
A549: DRY 1 | B549: =COUNTIF(B$3:B$53,">=23") -> 15 | C549: =COUNTIF(C$3:C$53,">=23") -> 14 | D549: =COUNTIF(D$3:D$53,">=23") -> 12 | E549: =COUNTIF(E$3:E$53,">=23") -> 11 | F549: =COUNTIF(F$3:F$53,">=23") -> 3 | G549: =COUNTIF(G$3:G$53,">=23") -> 4 | H549: =COUNTIF(H$3:H$53,">=23") -> 0 | I549: =COUNTIF(I$3:I$53,">=23") -> 0 | ... AG549: =COUNTIF(AG$3:AG$53,">=23") -> 45 | AH549: AUGUST 2020 - SEPTEMBER 2020
A550: DRY 2 | B550: =COUNTIF(B$236:B$418,">=23") -> 0 | C550: =COUNTIF(C$236:C$418,">=23") -> 2 | D550: =COUNTIF(D$236:D$418,">=23") -> 0 | E550: =COUNTIF(E$236:E$418,">=23") -> 0 | F550: =COUNTIF(F$236:F$418,">=23") -> 0 | G550: =COUNTIF(G$236:G$418,">=23") -> 0 | H550: =COUNTIF(H$236:H$418,">=23") -> 0 | I550: =COUNTIF(I$236:I$418,">=23") -> 0 | ... AG550: =COUNTIF(AG$236:AG$418,">=23") -> 103 | AH550: APRIL 2021 - SEPTEMBER 2021
A551: ALL WET | B551: =SUM(B547,B548) -> 0 | C551: =SUM(C547,C548) -> 0 | D551: =SUM(D547,D548) -> 0 | E551: =SUM(E547,E548) -> 0 | F551: =SUM(F547,F548) -> 0 | G551: =SUM(G547,G548) -> 0 | H551: =SUM(H547,H548) -> 0 | I551: =SUM(I547,I548) -> 0 | ... AG551: =SUM(AG547,AG548) -> 2
A552: ALL DRY | B552: =SUM(B549,B550) -> 15 | C552: =SUM(C549,C550) -> 16 | D552: =SUM(D549,D550) -> 12 | E552: =SUM(E549,E550) -> 11 | F552: =SUM(F549,F550) -> 3 | G552: =SUM(G549,G550) -> 4 | H552: =SUM(H549,H550) -> 0 | I552: =SUM(I549,I550) -> 0 | ... AG552: =SUM(AG549,AG550) -> 148
D555: Waterfowl 23C | F555: THRESHOLD: 23C | S555: WATERFOWL | AA555: WATERFOWL | AE555: WATERFOWL | AI555: WATERFOWL | AQ555: WATERFOWL | AY555: WATERFOWL
F556: WET SEASON | S556: TOTAL RUN | AA556: WET SEASONS | AE556: DRY SEASONS | AI556: TOTAL RUN | AK556: Delta-Wide | AL556: Suisun | AM556: Central Delta | AN556: North Delta | AO556: South Delta | AQ556: WET SEASONS | AS556: Delta-Wide | AT556: Suisun | AU556: Central Delta | AV556: North Delta | AW556: South Delta | AY556: DRY SEASONS | BA556: Delta-Wide | BB556: Suisun | BC556: Central Delta | BD556: North Delta | BE556: South Delta
F557: OCTOBER 1 - MARCH 31 | M557: DRY SEASON | S557: Total points | U557: =COUNTIF(B35:AG35,"<>") -> 32 | AA557: Total points | AC557: =COUNTIF(B35:AG35,"<>") -> 32 | AE557: Total points | AG557: =COUNTIF(B35:AG35,"<>") -> 32 | AI557: Total points | AK557: =COUNTIF($B$2:$AG$2,"<>") -> 32 | AL557: =COUNTIF($B$2:$I$2,"<>") -> 8 | AM557: =COUNTIF($J$2:$R$2,"<>") -> 9 | AN557: =COUNTIF($S$2:$X$2,"<>") -> 6 | AO557: =COUNTIF($Y$2:$AG$2,"<>") -> 9 | AQ557: Total points | AS557: =COUNTIF($B$2:$AG$2,"<>") -> 32 | AT557: =COUNTIF($B$2:$I$2,"<>") -> 8 | AU557: =COUNTIF($J$2:$R$2,"<>") -> 9 | AV557: =COUNTIF($S$2:$X$2,"<>") -> 6 | AW557: =COUNTIF($Y$2:$AG$2,"<>") -> 9 | AY557: Total points | BA557: =COUNTIF($B$2:$AG$2,"<>") -> 32 | BB557: =COUNTIF($B$2:$I$2,"<>") -> 8 | BC557: =COUNTIF($J$2:$R$2,"<>") -> 9 | BD557: =COUNTIF($S$2:$X$2,"<>") -> 6 | BE557: =COUNTIF($Y$2:$AG$2,"<>") -> 9
F558: WET SEASON 1 | H558: 10/1/20 - 3/31/21 | J558: =COUNTIF($B$54:$B$235,"<>") -> 182 | M558: APRIL 1 - SEPTEMBER 30 | S558: Days in run | U558: =COUNTIF($A$3:$A$511,"<>") -> 509 | AA558: Days in run | AC558: =SUM($J$524:$J$525) -> 275 | AE558: Days in run | AG558: =SUM($Q$525:$Q$526) -> 234 | AI558: Days in run | AK558: =COUNTIF($A$3:$A$511,"<>") -> 509 | AL558: =COUNTIF($A$3:$A$511,"<>") -> 509 | AM558: =COUNTIF($A$3:$A$511,"<>") -> 509 | AN558: =COUNTIF($A$3:$A$511,"<>") -> 509 | AO558: =COUNTIF($A$3:$A$511,"<>") -> 509 | AQ558: Days in run | AS558: =SUM($J$524:$J$525) -> 275 | AT558: =SUM($J$524:$J$525) -> 275 | AU558: =SUM($J$524:$J$525) -> 275 | AV558: =SUM($J$524:$J$525) -> 275 | AW558: =SUM($J$524:$J$525) -> 275 | AY558: Days in run | BA558: =SUM($Q$525:$Q$526) -> 234 | BB558: =SUM($Q$525:$Q$526) -> 234 | BC558: =SUM($Q$525:$Q$526) -> 234 | BD558: =SUM($Q$525:$Q$526) -> 234 | BE558: =SUM($Q$525:$Q$526) -> 234
F559: WET SEASON 2 | H559: 10/1/21 - 1/1/22 | J559: =COUNTIF($B$419:$B$511,"<>") -> 93 | M559: DRY SEASON 1 | O559: 8/11/20 - 9/30/20 | Q559: =COUNTIF($B$3:$B$53,"<>") -> 51 | S559: Total measurements | U559: =U558*U557 -> 16288 | V559: DENOMINATOR FOR EXCEEDANCE % | AA559: Total measurements | AC559: =AC558*AC557 -> 8800 | AE559: Total measurements | AG559: =AG557*AG558 -> 7488 | AI559: Total measurements | AK559: =AK558*AK557 -> 16288 | AL559: =AL558*AL557 -> 4072 | AM559: =AM558*AM557 -> 4581 | AN559: =AN558*AN557 -> 3054 | AO559: =AO558*AO557 -> 4581 | AQ559: Total measurements | AS559: =AS558*AS557 -> 8800 | AT559: =AT558*AT557 -> 2200 | AU559: =AU558*AU557 -> 2475 | AV559: =AV558*AV557 -> 1650 | AW559: =AW558*AW557 -> 2475 | AY559: Total measurements | BA559: =BA558*BA557 -> 7488 | BB559: =BB558*BB557 -> 1872 | BC559: =BC558*BC557 -> 2106 | BD559: =BD558*BD557 -> 1404 | BE559: =BE558*BE557 -> 2106
F560: WET SEASON 3 | H560: N/A (outside run period) | J560: =COUNTIF($A$737:$A$798,"<>") -> 0 | M560: DRY SEASON 2 | O560: 4/1/21 - 9/30/21 | Q560: =COUNTIF($B$236:$B$418,"<>") -> 183 | S560: Measurements >= 23C | U560: =SUM(B546:AG546) -> 2072 | V560: NUMERATOR FOR EXCEEDANCE % | AA560: Measurements >= 23C | AC560: =SUM(B551:AG551) -> 18 | AE560: Measurements >= 23C | AG560: =SUM(B552:AG552) -> 2054 | AI560: Measurements >= 23C | AK560: =SUM(B546:AG546) -> 2072 | AL560: =SUM(B546:I546) -> 61 | AM560: =SUM(J546:R546) -> 537 | AN560: =SUM(S546:X546) -> 334 | AO560: =SUM(Y546:AG546) -> 1140 | AQ560: Measurements >= 23C | AS560: =SUM(B551:AG551) -> 18 | AT560: =SUM(B551:I551) -> 0 | AU560: =SUM(J551:R551) -> 0 | AV560: =SUM(S551:X551) -> 0 | AW560: =SUM(Y551:AG551) -> 18 | AY560: Measurements >= 23C | BA560: =SUM($B552:$AG552) -> 2054 | BB560: =SUM(B552:I552) -> 61 | BC560: =SUM(J552:R552) -> 537 | BD560: =SUM(S552:X552) -> 334 | BE560: =SUM(Y552:AG552) -> 1122
S561: % Total Run Exceedances | U561: =$U560/$U559 -> 0.12721022 | AA561: % WET Exceedances | AC561: =AC560/AC559 -> 0.0020454545 | AE561: % DRY Exceedances | AG561: =AG560/AG559 -> 0.27430556 | AI561: % Total Run Exceedances | AK561: =AK560/AK559 -> 0.12721022 | AL561: =AL560/AL559 -> 0.014980354 | AM561: =AM560/AM559 -> 0.11722331 | AN561: =AN560/AN559 -> 0.10936477 | AO561: =AO560/AO559 -> 0.24885396 | AQ561: % WET Exceedances | AS561: =AS560/AS559 -> 0.0020454545 | AT561: =AT560/AT559 -> 0 | AU561: =AU560/AU559 -> 0 | AV561: =AV560/AV559 -> 0 | AW561: =AW560/AW559 -> 0.0072727273 | AY561: % DRY Exceedances | BA561: =BA560/BA559 -> 0.27430556 | BB561: =BB560/BB559 -> 0.03258547 | BC561: =BC560/BC559 -> 0.25498575 | BD561: =BD560/BD559 -> 0.23789174 | BE561: =BE560/BE559 -> 0.53276353
A563: TOTAL EXCEEDANCES | B563: =COUNTIF(B$3:B$511,">=18.42") -> 214 | C563: =COUNTIF(C$3:C$511,">=18.42") -> 221 | D563: =COUNTIF(D$3:D$511,">=18.42") -> 211 | E563: =COUNTIF(E$3:E$511,">=18.42") -> 211 | F563: =COUNTIF(F$3:F$511,">=18.42") -> 215 | G563: =COUNTIF(G$3:G$511,">=18.42") -> 217 | H563: =COUNTIF(H$3:H$511,">=18.42") -> 202 | I563: =COUNTIF(I$3:I$511,">=18.42") -> 189 | ... AG563: =COUNTIF(AG$3:AG$511,">=18.42") -> 245
A564: WET 1 | B564: =COUNTIF(B$54:B$235,">=18.42") -> 23 | C564: =COUNTIF(C$54:C$235,">=18.42") -> 24 | D564: =COUNTIF(D$54:D$235,">=18.42") -> 24 | E564: =COUNTIF(E$54:E$235,">=18.42") -> 23 | F564: =COUNTIF(F$54:F$235,">=18.42") -> 24 | G564: =COUNTIF(G$54:G$235,">=18.42") -> 24 | H564: =COUNTIF(H$54:H$235,">=18.42") -> 23 | I564: =COUNTIF(I$54:I$235,">=18.42") -> 12 | ... AG564: =COUNTIF(AG$54:AG$235,">=18.42") -> 25 | AH564: OCTOBER 2020 - MARCH 2021
A565: WET 2 | B565: =COUNTIF(B$419:B$511,">=18.42") -> 6 | C565: =COUNTIF(C$419:C$511,">=18.42") -> 7 | D565: =COUNTIF(D$419:D$511,">=18.42") -> 6 | E565: =COUNTIF(E$419:E$511,">=18.42") -> 6 | F565: =COUNTIF(F$419:F$511,">=18.42") -> 6 | G565: =COUNTIF(G$419:G$511,">=18.42") -> 7 | H565: =COUNTIF(H$419:H$511,">=18.42") -> 6 | I565: =COUNTIF(I$419:I$511,">=18.42") -> 5 | ... AG565: =COUNTIF(AG$419:AG$511,">=18.42") -> 10 | AH565: OCTOBER 2021 - JANUARY 2022
A566: DRY 1 | B566: =COUNTIF(B$3:B$53,">=18.42") -> 51 | C566: =COUNTIF(C$3:C$53,">=18.42") -> 51 | D566: =COUNTIF(D$3:D$53,">=18.42") -> 51 | E566: =COUNTIF(E$3:E$53,">=18.42") -> 51 | F566: =COUNTIF(F$3:F$53,">=18.42") -> 51 | G566: =COUNTIF(G$3:G$53,">=18.42") -> 51 | H566: =COUNTIF(H$3:H$53,">=18.42") -> 51 | I566: =COUNTIF(I$3:I$53,">=18.42") -> 51 | ... AG566: =COUNTIF(AG$3:AG$53,">=18.42") -> 51 | AH566: AUGUST 2020 - SEPTEMBER 2020
A567: DRY 2 | B567: =COUNTIF(B$236:B$418,">=18.42") -> 134 | C567: =COUNTIF(C$236:C$418,">=18.42") -> 139 | D567: =COUNTIF(D$236:D$418,">=18.42") -> 130 | E567: =COUNTIF(E$236:E$418,">=18.42") -> 131 | F567: =COUNTIF(F$236:F$418,">=18.42") -> 134 | G567: =COUNTIF(G$236:G$418,">=18.42") -> 135 | H567: =COUNTIF(H$236:H$418,">=18.42") -> 122 | I567: =COUNTIF(I$236:I$418,">=18.42") -> 121 | ... AG567: =COUNTIF(AG$236:AG$418,">=18.42") -> 159 | AH567: APRIL 2021 - SEPTEMBER 2021
A568: ALL WET | B568: =SUM(B564,B565) -> 29 | C568: =SUM(C564,C565) -> 31 | D568: =SUM(D564,D565) -> 30 | E568: =SUM(E564,E565) -> 29 | F568: =SUM(F564,F565) -> 30 | G568: =SUM(G564,G565) -> 31 | H568: =SUM(H564,H565) -> 29 | I568: =SUM(I564,I565) -> 17 | ... AG568: =SUM(AG564,AG565) -> 35
A569: ALL DRY | B569: =SUM(B566,B567) -> 185 | C569: =SUM(C566,C567) -> 190 | D569: =SUM(D566,D567) -> 181 | E569: =SUM(E566,E567) -> 182 | F569: =SUM(F566,F567) -> 185 | G569: =SUM(G566,G567) -> 186 | H569: =SUM(H566,H567) -> 173 | I569: =SUM(I566,I567) -> 172 | ... AG569: =SUM(AG566,AG567) -> 210
D572: Angling 18.42C | F572: THRESHOLD: 18.42C | S572: ANGLING | AA572: ANGLING | AE572: SP DAY USE | AI572: ANGLING | AQ572: ANGLING | AY572: ANGLING
F573: WET SEASON | S573: TOTAL RUN | AA573: WET SEASONS | AE573: DRY SEASONS | AI573: TOTAL RUN | AK573: Delta-Wide | AL573: Suisun | AM573: Central Delta | AN573: North Delta | AO573: South Delta | AQ573: WET SEASONS | AS573: Delta-Wide | AT573: Suisun | AU573: Central Delta | AV573: North Delta | AW573: South Delta | AY573: DRY SEASONS | BA573: Delta-Wide | BB573: Suisun | BC573: Central Delta | BD573: North Delta | BE573: South Delta
F574: OCTOBER 1 - MARCH 31 | M574: DRY SEASON | S574: Total points | U574: =COUNTIF(B52:AG52,"<>") -> 32 | AA574: Total points | AC574: =COUNTIF(B52:AG52,"<>") -> 32 | AE574: Total points | AG574: =COUNTIF(B52:AG52,"<>") -> 32 | AI574: Total points | AK574: =COUNTIF($B$2:$AG$2,"<>") -> 32 | AL574: =COUNTIF($B$2:$I$2,"<>") -> 8 | AM574: =COUNTIF($J$2:$R$2,"<>") -> 9 | AN574: =COUNTIF($S$2:$X$2,"<>") -> 6 | AO574: =COUNTIF($Y$2:$AG$2,"<>") -> 9 | AQ574: Total points | AS574: =COUNTIF($B$2:$AG$2,"<>") -> 32 | AT574: =COUNTIF($B$2:$I$2,"<>") -> 8 | AU574: =COUNTIF($J$2:$R$2,"<>") -> 9 | AV574: =COUNTIF($S$2:$X$2,"<>") -> 6 | AW574: =COUNTIF($Y$2:$AG$2,"<>") -> 9 | AY574: Total points | BA574: =COUNTIF($B$2:$AG$2,"<>") -> 32 | BB574: =COUNTIF($B$2:$I$2,"<>") -> 8 | BC574: =COUNTIF($J$2:$R$2,"<>") -> 9 | BD574: =COUNTIF($S$2:$X$2,"<>") -> 6 | BE574: =COUNTIF($Y$2:$AG$2,"<>") -> 9
F575: WET SEASON 1 | H575: 10/1/20 - 3/31/21 | J575: =COUNTIF($B$54:$B$235,"<>") -> 182 | M575: APRIL 1 - SEPTEMBER 30 | S575: Days in run | U575: =COUNTIF($A$3:$A$511,"<>") -> 509 | AA575: Days in run | AC575: =SUM($J$524:$J$525) -> 275 | AE575: Days in run | AG575: =SUM($Q$525:$Q$526) -> 234 | AI575: Days in run | AK575: =COUNTIF($A$3:$A$511,"<>") -> 509 | AL575: =COUNTIF($A$3:$A$511,"<>") -> 509 | AM575: =COUNTIF($A$3:$A$511,"<>") -> 509 | AN575: =COUNTIF($A$3:$A$511,"<>") -> 509 | AO575: =COUNTIF($A$3:$A$511,"<>") -> 509 | AQ575: Days in run | AS575: =SUM($J$524:$J$525) -> 275 | AT575: =SUM($J$524:$J$525) -> 275 | AU575: =SUM($J$524:$J$525) -> 275 | AV575: =SUM($J$524:$J$525) -> 275 | AW575: =SUM($J$524:$J$525) -> 275 | AY575: Days in run | BA575: =SUM($Q$525:$Q$526) -> 234 | BB575: =SUM($Q$525:$Q$526) -> 234 | BC575: =SUM($Q$525:$Q$526) -> 234 | BD575: =SUM($Q$525:$Q$526) -> 234 | BE575: =SUM($Q$525:$Q$526) -> 234
F576: WET SEASON 2 | H576: 10/1/21 - 1/1/22 | J576: =COUNTIF($B$419:$B$511,"<>") -> 93 | M576: DRY SEASON 1 | O576: 8/11/20 - 9/30/20 | Q576: =COUNTIF($B$3:$B$53,"<>") -> 51 | S576: Total measurements | U576: =U575*U574 -> 16288 | V576: DENOMINATOR FOR EXCEEDANCE % | AA576: Total measurements | AC576: =AC575*AC574 -> 8800 | AE576: Total measurements | AG576: =AG574*AG575 -> 7488 | AI576: Total measurements | AK576: =AK575*AK574 -> 16288 | AL576: =AL575*AL574 -> 4072 | AM576: =AM575*AM574 -> 4581 | AN576: =AN575*AN574 -> 3054 | AO576: =AO575*AO574 -> 4581 | AQ576: Total measurements | AS576: =AS575*AS574 -> 8800 | AT576: =AT575*AT574 -> 2200 | AU576: =AU575*AU574 -> 2475 | AV576: =AV575*AV574 -> 1650 | AW576: =AW575*AW574 -> 2475 | AY576: Total measurements | BA576: =BA575*BA574 -> 7488 | BB576: =BB575*BB574 -> 1872 | BC576: =BC575*BC574 -> 2106 | BD576: =BD575*BD574 -> 1404 | BE576: =BE575*BE574 -> 2106
F577: WET SEASON 3 | H577: N/A (outside run period) | J577: =COUNTIF($A$737:$A$798,"<>") -> 0 | M577: DRY SEASON 2 | O577: 4/1/21 - 9/30/21 | Q577: =COUNTIF($B$236:$B$418,"<>") -> 183 | S577: Measurements >= 18.42C | U577: =SUM(B563:AG563) -> 7203 | V577: NUMERATOR FOR EXCEEDANCE % | AA577: Measurements >= 18.42C | AC577: =SUM(B568:AG568) -> 942 | AE577: Measurements >= 1000 | AG577: =SUM(B569:AG569) -> 6261 | AI577: Measurements >= 18.42C | AK577: =SUM(B563:AG563) -> 7203 | AL577: =SUM(B563:I563) -> 1680 | AM577: =SUM(J563:R563) -> 2079 | AN577: =SUM(S563:X563) -> 1320 | AO577: =SUM(Y563:AG563) -> 2124 | AQ577: Measurements >= 18.42C | AS577: =SUM(B568:AG568) -> 942 | AT577: =SUM(B568:I568) -> 226 | AU577: =SUM(J568:R568) -> 300 | AV577: =SUM(S568:X568) -> 136 | AW577: =SUM(Y568:AG568) -> 280 | AY577: Measurements >= 18.42C | BA577: =SUM($B569:$AG569) -> 6261 | BB577: =SUM(B569:I569) -> 1454 | BC577: =SUM(J569:R569) -> 1779 | BD577: =SUM(S569:X569) -> 1184 | BE577: =SUM(Y569:AG569) -> 1844
S578: % Total Run Exceedances | U578: =$U577/$U576 -> 0.44222741 | AA578: % WET Exceedances | AC578: =AC577/AC576 -> 0.10704545 | AE578: % DRY Exceedances | AG578: =AG577/AG576 -> 0.83613782 | AI578: % Total Run Exceedances | AK578: =AK577/AK576 -> 0.44222741 | AL578: =AL577/AL576 -> 0.41257367 | AM578: =AM577/AM576 -> 0.45383104 | AN578: =AN577/AN576 -> 0.43222004 | AO578: =AO577/AO576 -> 0.46365422 | AQ578: % WET Exceedances | AS578: =AS577/AS576 -> 0.10704545 | AT578: =AT577/AT576 -> 0.10272727 | AU578: =AU577/AU576 -> 0.12121212 | AV578: =AV577/AV576 -> 0.082424242 | AW578: =AW577/AW576 -> 0.11313131 | AY578: % DRY Exceedances | BA578: =BA577/BA576 -> 0.83613782 | BB578: =BB577/BB576 -> 0.7767094 | BC578: =BC577/BC576 -> 0.84472934 | BD578: =BD577/BD576 -> 0.84330484 | BE578: =BE577/BE576 -> 0.87559354
A580: TOTAL EXCEEDANCES | B580: =COUNTIF(B$3:B$511,"<=18") -> 285 | C580: =COUNTIF(C$3:C$511,"<=18") -> 279 | D580: =COUNTIF(D$3:D$511,"<=18") -> 286 | E580: =COUNTIF(E$3:E$511,"<=18") -> 291 | F580: =COUNTIF(F$3:F$511,"<=18") -> 285 | G580: =COUNTIF(G$3:G$511,"<=18") -> 283 | H580: =COUNTIF(H$3:H$511,"<=18") -> 294 | I580: =COUNTIF(I$3:I$511,"<=18") -> 307 | ... AG580: =COUNTIF(AG$3:AG$511,"<=18") -> 261
A581: WET 1 | B581: =COUNTIF(B$54:B$235,"<=18") -> 158 | C581: =COUNTIF(C$54:C$235,"<=18") -> 157 | D581: =COUNTIF(D$54:D$235,"<=18") -> 157 | E581: =COUNTIF(E$54:E$235,"<=18") -> 158 | F581: =COUNTIF(F$54:F$235,"<=18") -> 157 | G581: =COUNTIF(G$54:G$235,"<=18") -> 157 | H581: =COUNTIF(H$54:H$235,"<=18") -> 158 | I581: =COUNTIF(I$54:I$235,"<=18") -> 164 | ... AG581: =COUNTIF(AG$54:AG$235,"<=18") -> 157 | AH581: OCTOBER 2020 - MARCH 2021
A582: WET 2 | B582: =COUNTIF(B$419:B$511,"<=18") -> 86 | C582: =COUNTIF(C$419:C$511,"<=18") -> 85 | D582: =COUNTIF(D$419:D$511,"<=18") -> 86 | E582: =COUNTIF(E$419:E$511,"<=18") -> 86 | F582: =COUNTIF(F$419:F$511,"<=18") -> 86 | G582: =COUNTIF(G$419:G$511,"<=18") -> 85 | H582: =COUNTIF(H$419:H$511,"<=18") -> 86 | I582: =COUNTIF(I$419:I$511,"<=18") -> 88 | ... AG582: =COUNTIF(AG$419:AG$511,"<=18") -> 83 | AH582: OCTOBER 2021 - JANUARY 2022
A583: DRY 1 | B583: =COUNTIF(B$3:B$53,"<=18") -> 0 | C583: =COUNTIF(C$3:C$53,"<=18") -> 0 | D583: =COUNTIF(D$3:D$53,"<=18") -> 0 | E583: =COUNTIF(E$3:E$53,"<=18") -> 0 | F583: =COUNTIF(F$3:F$53,"<=18") -> 0 | G583: =COUNTIF(G$3:G$53,"<=18") -> 0 | H583: =COUNTIF(H$3:H$53,"<=18") -> 0 | I583: =COUNTIF(I$3:I$53,"<=18") -> 0 | ... AG583: =COUNTIF(AG$3:AG$53,"<=18") -> 0 | AH583: AUGUST 2020 - SEPTEMBER 2020
A584: DRY 2 | B584: =COUNTIF(B$236:B$418,"<=18") -> 41 | C584: =COUNTIF(C$236:C$418,"<=18") -> 37 | D584: =COUNTIF(D$236:D$418,"<=18") -> 43 | E584: =COUNTIF(E$236:E$418,"<=18") -> 47 | F584: =COUNTIF(F$236:F$418,"<=18") -> 42 | G584: =COUNTIF(G$236:G$418,"<=18") -> 41 | H584: =COUNTIF(H$236:H$418,"<=18") -> 50 | I584: =COUNTIF(I$236:I$418,"<=18") -> 55 | ... AG584: =COUNTIF(AG$236:AG$418,"<=18") -> 21 | AH584: APRIL 2021 - SEPTEMBER 2021
A585: ALL WET | B585: =SUM(B$581,B$582) -> 244 | C585: =SUM(C$581,C$582) -> 242 | D585: =SUM(D$581,D$582) -> 243 | E585: =SUM(E$581,E$582) -> 244 | F585: =SUM(F$581,F$582) -> 243 | G585: =SUM(G$581,G$582) -> 242 | H585: =SUM(H$581,H$582) -> 244 | I585: =SUM(I$581,I$582) -> 252 | ... AG585: =SUM(AG$581,AG$582) -> 240
A586: ALL DRY | B586: =SUM(B$583,B$584) -> 41 | C586: =SUM(C$583,C$584) -> 37 | D586: =SUM(D$583,D$584) -> 43 | E586: =SUM(E$583,E$584) -> 47 | F586: =SUM(F$583,F$584) -> 42 | G586: =SUM(G$583,G$584) -> 41 | H586: =SUM(H$583,H$584) -> 50 | I586: =SUM(I$583,I$584) -> 55 | ... AG586: =SUM(AG$583,AG$584) -> 21
D589: Day Use <18C | F589: THRESHOLD:<18C | S589: DAY USE | AA589: DAY USE | AE589: DAY USE | AI589: DAY USE | AQ589: DAY USE | AY589: DAY USE
F590: WET SEASON | S590: TOTAL RUN | AA590: WET SEASONS | AE590: DRY SEASONS | AI590: TOTAL RUN | AK590: Delta-Wide | AL590: Suisun | AM590: Central Delta | AN590: North Delta | AO590: South Delta | AQ590: WET SEASONS | AS590: Delta-Wide | AT590: Suisun | AU590: Central Delta | AV590: North Delta | AW590: South Delta | AY590: DRY SEASONS | BA590: Delta-Wide | BB590: Suisun | BC590: Central Delta | BD590: North Delta | BE590: South Delta
F591: OCTOBER 1 - MARCH 31 | M591: DRY SEASON | S591: Total points | U591: =COUNTIF(B69:AG69,"<>") -> 32 | AA591: Total points | AC591: =COUNTIF(B69:AG69,"<>") -> 32 | AE591: Total points | AG591: =COUNTIF(B69:AG69,"<>") -> 32 | AI591: Total points | AK591: =COUNTIF($B$2:$AG$2,"<>") -> 32 | AL591: =COUNTIF($B$2:$I$2,"<>") -> 8 | AM591: =COUNTIF($J$2:$R$2,"<>") -> 9 | AN591: =COUNTIF($S$2:$X$2,"<>") -> 6 | AO591: =COUNTIF($Y$2:$AG$2,"<>") -> 9 | AQ591: Total points | AS591: =COUNTIF($B$2:$AG$2,"<>") -> 32 | AT591: =COUNTIF($B$2:$I$2,"<>") -> 8 | AU591: =COUNTIF($J$2:$R$2,"<>") -> 9 | AV591: =COUNTIF($S$2:$X$2,"<>") -> 6 | AW591: =COUNTIF($Y$2:$AG$2,"<>") -> 9 | AY591: Total points | BA591: =COUNTIF($B$2:$AG$2,"<>") -> 32 | BB591: =COUNTIF($B$2:$I$2,"<>") -> 8 | BC591: =COUNTIF($J$2:$R$2,"<>") -> 9 | BD591: =COUNTIF($S$2:$X$2,"<>") -> 6 | BE591: =COUNTIF($Y$2:$AG$2,"<>") -> 9
F592: WET SEASON 1 | H592: 10/1/20 - 3/31/21 | J592: =COUNTIF($B$54:$B$235,"<>") -> 182 | M592: APRIL 1 - SEPTEMBER 30 | S592: Days in run | U592: =COUNTIF($A$3:$A$511,"<>") -> 509 | AA592: Days in run | AC592: =SUM($J$524:$J$525) -> 275 | AE592: Days in run | AG592: =SUM($Q$525:$Q$526) -> 234 | AI592: Days in run | AK592: =COUNTIF($A$3:$A$511,"<>") -> 509 | AL592: =COUNTIF($A$3:$A$511,"<>") -> 509 | AM592: =COUNTIF($A$3:$A$511,"<>") -> 509 | AN592: =COUNTIF($A$3:$A$511,"<>") -> 509 | AO592: =COUNTIF($A$3:$A$511,"<>") -> 509 | AQ592: Days in run | AS592: =SUM($J$524:$J$525) -> 275 | AT592: =SUM($J$524:$J$525) -> 275 | AU592: =SUM($J$524:$J$525) -> 275 | AV592: =SUM($J$524:$J$525) -> 275 | AW592: =SUM($J$524:$J$525) -> 275 | AY592: Days in run | BA592: =SUM($Q$525:$Q$526) -> 234 | BB592: =SUM($Q$525:$Q$526) -> 234 | BC592: =SUM($Q$525:$Q$526) -> 234 | BD592: =SUM($Q$525:$Q$526) -> 234 | BE592: =SUM($Q$525:$Q$526) -> 234
F593: WET SEASON 2 | H593: 10/1/21 - 1/1/22 | J593: =COUNTIF($B$419:$B$511,"<>") -> 93 | M593: DRY SEASON 1 | O593: 8/11/20 - 9/30/20 | Q593: =COUNTIF($B$3:$B$53,"<>") -> 51 | S593: Total measurements | U593: =U592*U591 -> 16288 | V593: DENOMINATOR FOR EXCEEDANCE % | AA593: Total measurements | AC593: =AC592*AC591 -> 8800 | AE593: Total measurements | AG593: =AG591*AG592 -> 7488 | AI593: Total measurements | AK593: =AK592*AK591 -> 16288 | AL593: =AL592*AL591 -> 4072 | AM593: =AM592*AM591 -> 4581 | AN593: =AN592*AN591 -> 3054 | AO593: =AO592*AO591 -> 4581 | AQ593: Total measurements | AS593: =AS592*AS591 -> 8800 | AT593: =AT592*AT591 -> 2200 | AU593: =AU592*AU591 -> 2475 | AV593: =AV592*AV591 -> 1650 | AW593: =AW592*AW591 -> 2475 | AY593: Total measurements | BA593: =BA592*BA591 -> 7488 | BB593: =BB592*BB591 -> 1872 | BC593: =BC592*BC591 -> 2106 | BD593: =BD592*BD591 -> 1404 | BE593: =BE592*BE591 -> 2106
F594: WET SEASON 3 | H594: N/A (outside run period) | J594: =COUNTIF($A$737:$A$798,"<>") -> 0 | M594: DRY SEASON 2 | O594: 4/1/21 - 9/30/21 | Q594: =COUNTIF($B$236:$B$418,"<>") -> 183 | S594: Measurements <18C | U594: =SUM(B580:AG580) -> 8820 | V594: NUMERATOR FOR EXCEEDANCE % | AA594: Measurements <18C | AC594: =SUM(B585:AG585) -> 7783 | AE594: Measurements<18C | AG594: =SUM(B586:AG586) -> 1037 | AI594: Measurements <18C | AK594: =SUM(B580:AG580) -> 8820 | AL594: =SUM(B580:I580) -> 2310 | AM594: =SUM(J580:R580) -> 2442 | AN594: =SUM(S580:X580) -> 1675 | AO594: =SUM(Y580:AG580) -> 2393 | AQ594: Measurements <18C | AS594: =SUM(B585:AG585) -> 7783 | AT594: =SUM(B585:I585) -> 1954 | AU594: =SUM(J585:R585) -> 2166 | AV594: =SUM(S585:X585) -> 1488 | AW594: =SUM(Y585:AG585) -> 2175 | AY594: Measurements <18C | BA594: =SUM($B586:$AG586) -> 1037 | BB594: =SUM(B586:I586) -> 356 | BC594: =SUM(J586:R586) -> 276 | BD594: =SUM(S586:X586) -> 187 | BE594: =SUM(Y586:AG586) -> 218
S595: % Total Run Exceedances | U595: =$U594/$U593 -> 0.54150295 | AA595: % WET Exceedances | AC595: =AC594/AC593 -> 0.88443182 | AE595: % DRY Exceedances | AG595: =AG594/AG593 -> 0.13848825 | AI595: % Total Run Exceedances | AK595: =AK594/AK593 -> 0.54150295 | AL595: =AL594/AL593 -> 0.5672888 | AM595: =AM594/AM593 -> 0.53307138 | AN595: =AN594/AN593 -> 0.54846103 | AO595: =AO594/AO593 -> 0.52237503 | AQ595: % WET Exceedances | AS595: =AS594/AS593 -> 0.88443182 | AT595: =AT594/AT593 -> 0.88818182 | AU595: =AU594/AU593 -> 0.87515152 | AV595: =AV594/AV593 -> 0.90181818 | AW595: =AW594/AW593 -> 0.87878788 | AY595: % DRY Exceedances | BA595: =BA594/BA593 -> 0.13848825 | BB595: =BB594/BB593 -> 0.19017094 | BC595: =BC594/BC593 -> 0.13105413 | BD595: =BD594/BD593 -> 0.13319088 | BE595: =BE594/BE593 -> 0.10351377
