Workbook

Sheet Overall Acres
A1: OVERALL ACRES — Restoration Scenario Scores (-5 to 5 vs 50% Baseline)
A2: RESTORED ACRES SCORES | G2: Notes: Score = % change in restored acres vs 50% Baseline, rounded to whole %, capped at ±5 (1% = 1 step). Positive = more acres restored. Delta-Wide = Suisun + Central + North + South + Upland. Brannan Island counted in Central; Terminous Tract in South. Upland 50% = midpoint of Upper (100%) and Lower (25%) bounds ('50% Restoration ($)' rows 42–44). North Delta has 0 restored acres at baseline: any gain = +5, none = 0.
B3: REGION | C3: 50% Restoration (Baseline) | D3: 100% Restoration | E3: 25% Restoration
A4: RESTORED ACRES | B4: Delta-Wide | C4: =IF($C14=0,IF(C14>0,5,IF(C14<0,-5,0)),MAX(-5,MIN(5,ROUND((C14-$C14)/$C14*100,0)))) -> 0 | D4: =IF($C14=0,IF(D14>0,5,IF(D14<0,-5,0)),MAX(-5,MIN(5,ROUND((D14-$C14)/$C14*100,0)))) -> 5 | E4: =IF($C14=0,IF(E14>0,5,IF(E14<0,-5,0)),MAX(-5,MIN(5,ROUND((E14-$C14)/$C14*100,0)))) -> -5
B5: Suisun | C5: =IF($C15=0,IF(C15>0,5,IF(C15<0,-5,0)),MAX(-5,MIN(5,ROUND((C15-$C15)/$C15*100,0)))) -> 0 | D5: =IF($C15=0,IF(D15>0,5,IF(D15<0,-5,0)),MAX(-5,MIN(5,ROUND((D15-$C15)/$C15*100,0)))) -> 0 | E5: =IF($C15=0,IF(E15>0,5,IF(E15<0,-5,0)),MAX(-5,MIN(5,ROUND((E15-$C15)/$C15*100,0)))) -> 0
B6: Central | C6: =IF($C16=0,IF(C16>0,5,IF(C16<0,-5,0)),MAX(-5,MIN(5,ROUND((C16-$C16)/$C16*100,0)))) -> 0 | D6: =IF($C16=0,IF(D16>0,5,IF(D16<0,-5,0)),MAX(-5,MIN(5,ROUND((D16-$C16)/$C16*100,0)))) -> 0 | E6: =IF($C16=0,IF(E16>0,5,IF(E16<0,-5,0)),MAX(-5,MIN(5,ROUND((E16-$C16)/$C16*100,0)))) -> -5
B7: North | C7: =IF($C17=0,IF(C17>0,5,IF(C17<0,-5,0)),MAX(-5,MIN(5,ROUND((C17-$C17)/$C17*100,0)))) -> 0 | D7: =IF($C17=0,IF(D17>0,5,IF(D17<0,-5,0)),MAX(-5,MIN(5,ROUND((D17-$C17)/$C17*100,0)))) -> 5 | E7: =IF($C17=0,IF(E17>0,5,IF(E17<0,-5,0)),MAX(-5,MIN(5,ROUND((E17-$C17)/$C17*100,0)))) -> 0
B8: South | C8: =IF($C18=0,IF(C18>0,5,IF(C18<0,-5,0)),MAX(-5,MIN(5,ROUND((C18-$C18)/$C18*100,0)))) -> 0 | D8: =IF($C18=0,IF(D18>0,5,IF(D18<0,-5,0)),MAX(-5,MIN(5,ROUND((D18-$C18)/$C18*100,0)))) -> 5 | E8: =IF($C18=0,IF(E18>0,5,IF(E18<0,-5,0)),MAX(-5,MIN(5,ROUND((E18-$C18)/$C18*100,0)))) -> -5
B9: Upland | C9: =IF($C19=0,IF(C19>0,5,IF(C19<0,-5,0)),MAX(-5,MIN(5,ROUND((C19-$C19)/$C19*100,0)))) -> 0 | D9: =IF($C19=0,IF(D19>0,5,IF(D19<0,-5,0)),MAX(-5,MIN(5,ROUND((D19-$C19)/$C19*100,0)))) -> 5 | E9: =IF($C19=0,IF(E19>0,5,IF(E19<0,-5,0)),MAX(-5,MIN(5,ROUND((E19-$C19)/$C19*100,0)))) -> -5
A12: RESTORED ACRES BY SCENARIO (acres) | B12: Restored Acres
B13: Region | C13: 50% Restoration (Baseline) | D13: 100% Restoration | E13: 25% Restoration
B14: Delta-Wide | C14: =SUM(C15:C19) -> 608339.11 | D14: =SUM(D15:D19) -> 1150076.1 | E14: =SUM(E15:E19) -> 165739.11
B15: Suisun | C15: ='Restoration ($) Combined'!Q51 -> 41914.112 | D15: ='Restoration ($) Combined'!Q4 -> 41914.112 | E15: ='Restoration ($) Combined'!Q94 -> 41914.112
B16: Central | C16: =SUM('Restoration ($) Combined'!Q52:Q58)+'Restoration ($) Combined'!Q67 -> 42274 | D16: =SUM('Restoration ($) Combined'!Q5:Q11)+'Restoration ($) Combined'!Q20 -> 42274 | E16: =SUM('Restoration ($) Combined'!Q95:Q101)+'Restoration ($) Combined'!Q110 -> 29367
B17: North | C17: =SUM('Restoration ($) Combined'!Q59:Q66) -> 0 | D17: =SUM('Restoration ($) Combined'!Q12:Q19) -> 61120 | E17: =SUM('Restoration ($) Combined'!Q102:Q109) -> 0
B18: South | C18: ='Restoration ($) Combined'!Q68+SUM('Restoration ($) Combined'!Q69:Q89) -> 62088 | D18: ='Restoration ($) Combined'!Q21+SUM('Restoration ($) Combined'!Q22:Q42) -> 146801 | E18: ='Restoration ($) Combined'!Q111+SUM('Restoration ($) Combined'!Q112:Q130) -> 28299
B19: Upland | C19: =SUM('50% Restoration ($)'!D42:D44) -> 462063 | D19: =SUM('Restoration ($) Combined'!Q43:Q45) -> 857967 | E19: =SUM('Restoration ($) Combined'!Q131:Q133) -> 66159
A22: RANKINGS — Restored Acres (vs 50% Baseline)
A23: Delta-Wide | E23: Suisun | I23: Central | M23: North | Q23: South | U23: Upland
A24: Results | B24: Ranking | C24: Scale | E24: Results | F24: Ranking | G24: Scale | I24: Results | J24: Ranking | K24: Scale | M24: Results | N24: Ranking | O24: Scale | Q24: Results | R24: Ranking | S24: Scale | U24: Results | V24: Ranking | W24: Scale
A25: =_xlfn.TEXTJOIN(", ",TRUE,IF($C$4=B25,$C$3&" ("&TEXT($C$14,"#,##0")&" ac)",""),IF($D$4=B25,$D$3,""),IF($E$4=B25,$E$3,"")) -> 100% Restoration | B25: 5 | C25: greater than or equal to 5% more acres | E25: =_xlfn.TEXTJOIN(", ",TRUE,IF($C$5=F25,$C$3&" ("&TEXT($C$15,"#,##0")&" ac)",""),IF($D$5=F25,$D$3,""),IF($E$5=F25,$E$3,"")) | F25: 5 | G25: greater than or equal to 5% more acres | I25: =_xlfn.TEXTJOIN(", ",TRUE,IF($C$6=J25,$C$3&" ("&TEXT($C$16,"#,##0")&" ac)",""),IF($D$6=J25,$D$3,""),IF($E$6=J25,$E$3,"")) | J25: 5 | K25: greater than or equal to 5% more acres | M25: =_xlfn.TEXTJOIN(", ",TRUE,IF($C$7=N25,$C$3&" ("&TEXT($C$17,"#,##0")&" ac)",""),IF($D$7=N25,$D$3,""),IF($E$7=N25,$E$3,"")) -> 100% Restoration | N25: 5 | O25: greater than or equal to 5% more acres | Q25: =_xlfn.TEXTJOIN(", ",TRUE,IF($C$8=R25,$C$3&" ("&TEXT($C$18,"#,##0")&" ac)",""),IF($D$8=R25,$D$3,""),IF($E$8=R25,$E$3,"")) -> 100% Restoration | R25: 5 | S25: greater than or equal to 5% more acres | U25: =_xlfn.TEXTJOIN(", ",TRUE,IF($C$9=V25,$C$3&" ("&TEXT($C$19,"#,##0")&" ac)",""),IF($D$9=V25,$D$3,""),IF($E$9=V25,$E$3,"")) -> 100% Restoration | V25: 5 | W25: greater than or equal to 5% more acres
A26: =_xlfn.TEXTJOIN(", ",TRUE,IF($C$4=B26,$C$3&" ("&TEXT($C$14,"#,##0")&" ac)",""),IF($D$4=B26,$D$3,""),IF($E$4=B26,$E$3,"")) | B26: 4 | C26: 4% more | E26: =_xlfn.TEXTJOIN(", ",TRUE,IF($C$5=F26,$C$3&" ("&TEXT($C$15,"#,##0")&" ac)",""),IF($D$5=F26,$D$3,""),IF($E$5=F26,$E$3,"")) | F26: 4 | G26: 4% more | I26: =_xlfn.TEXTJOIN(", ",TRUE,IF($C$6=J26,$C$3&" ("&TEXT($C$16,"#,##0")&" ac)",""),IF($D$6=J26,$D$3,""),IF($E$6=J26,$E$3,"")) | J26: 4 | K26: 4% more | M26: =_xlfn.TEXTJOIN(", ",TRUE,IF($C$7=N26,$C$3&" ("&TEXT($C$17,"#,##0")&" ac)",""),IF($D$7=N26,$D$3,""),IF($E$7=N26,$E$3,"")) | N26: 4 | O26: 4% more | Q26: =_xlfn.TEXTJOIN(", ",TRUE,IF($C$8=R26,$C$3&" ("&TEXT($C$18,"#,##0")&" ac)",""),IF($D$8=R26,$D$3,""),IF($E$8=R26,$E$3,"")) | R26: 4 | S26: 4% more | U26: =_xlfn.TEXTJOIN(", ",TRUE,IF($C$9=V26,$C$3&" ("&TEXT($C$19,"#,##0")&" ac)",""),IF($D$9=V26,$D$3,""),IF($E$9=V26,$E$3,"")) | V26: 4 | W26: 4% more
A27: =_xlfn.TEXTJOIN(", ",TRUE,IF($C$4=B27,$C$3&" ("&TEXT($C$14,"#,##0")&" ac)",""),IF($D$4=B27,$D$3,""),IF($E$4=B27,$E$3,"")) | B27: 3 | C27: 3% more | E27: =_xlfn.TEXTJOIN(", ",TRUE,IF($C$5=F27,$C$3&" ("&TEXT($C$15,"#,##0")&" ac)",""),IF($D$5=F27,$D$3,""),IF($E$5=F27,$E$3,"")) | F27: 3 | G27: 3% more | I27: =_xlfn.TEXTJOIN(", ",TRUE,IF($C$6=J27,$C$3&" ("&TEXT($C$16,"#,##0")&" ac)",""),IF($D$6=J27,$D$3,""),IF($E$6=J27,$E$3,"")) | J27: 3 | K27: 3% more | M27: =_xlfn.TEXTJOIN(", ",TRUE,IF($C$7=N27,$C$3&" ("&TEXT($C$17,"#,##0")&" ac)",""),IF($D$7=N27,$D$3,""),IF($E$7=N27,$E$3,"")) | N27: 3 | O27: 3% more | Q27: =_xlfn.TEXTJOIN(", ",TRUE,IF($C$8=R27,$C$3&" ("&TEXT($C$18,"#,##0")&" ac)",""),IF($D$8=R27,$D$3,""),IF($E$8=R27,$E$3,"")) | R27: 3 | S27: 3% more | U27: =_xlfn.TEXTJOIN(", ",TRUE,IF($C$9=V27,$C$3&" ("&TEXT($C$19,"#,##0")&" ac)",""),IF($D$9=V27,$D$3,""),IF($E$9=V27,$E$3,"")) | V27: 3 | W27: 3% more
A28: =_xlfn.TEXTJOIN(", ",TRUE,IF($C$4=B28,$C$3&" ("&TEXT($C$14,"#,##0")&" ac)",""),IF($D$4=B28,$D$3,""),IF($E$4=B28,$E$3,"")) | B28: 2 | C28: 2% more | E28: =_xlfn.TEXTJOIN(", ",TRUE,IF($C$5=F28,$C$3&" ("&TEXT($C$15,"#,##0")&" ac)",""),IF($D$5=F28,$D$3,""),IF($E$5=F28,$E$3,"")) | F28: 2 | G28: 2% more | I28: =_xlfn.TEXTJOIN(", ",TRUE,IF($C$6=J28,$C$3&" ("&TEXT($C$16,"#,##0")&" ac)",""),IF($D$6=J28,$D$3,""),IF($E$6=J28,$E$3,"")) | J28: 2 | K28: 2% more | M28: =_xlfn.TEXTJOIN(", ",TRUE,IF($C$7=N28,$C$3&" ("&TEXT($C$17,"#,##0")&" ac)",""),IF($D$7=N28,$D$3,""),IF($E$7=N28,$E$3,"")) | N28: 2 | O28: 2% more | Q28: =_xlfn.TEXTJOIN(", ",TRUE,IF($C$8=R28,$C$3&" ("&TEXT($C$18,"#,##0")&" ac)",""),IF($D$8=R28,$D$3,""),IF($E$8=R28,$E$3,"")) | R28: 2 | S28: 2% more | U28: =_xlfn.TEXTJOIN(", ",TRUE,IF($C$9=V28,$C$3&" ("&TEXT($C$19,"#,##0")&" ac)",""),IF($D$9=V28,$D$3,""),IF($E$9=V28,$E$3,"")) | V28: 2 | W28: 2% more
A29: =_xlfn.TEXTJOIN(", ",TRUE,IF($C$4=B29,$C$3&" ("&TEXT($C$14,"#,##0")&" ac)",""),IF($D$4=B29,$D$3,""),IF($E$4=B29,$E$3,"")) | B29: 1 | C29: 1% more than baseline | E29: =_xlfn.TEXTJOIN(", ",TRUE,IF($C$5=F29,$C$3&" ("&TEXT($C$15,"#,##0")&" ac)",""),IF($D$5=F29,$D$3,""),IF($E$5=F29,$E$3,"")) | F29: 1 | G29: 1% more than baseline | I29: =_xlfn.TEXTJOIN(", ",TRUE,IF($C$6=J29,$C$3&" ("&TEXT($C$16,"#,##0")&" ac)",""),IF($D$6=J29,$D$3,""),IF($E$6=J29,$E$3,"")) | J29: 1 | K29: 1% more than baseline | M29: =_xlfn.TEXTJOIN(", ",TRUE,IF($C$7=N29,$C$3&" ("&TEXT($C$17,"#,##0")&" ac)",""),IF($D$7=N29,$D$3,""),IF($E$7=N29,$E$3,"")) | N29: 1 | O29: 1% more than baseline | Q29: =_xlfn.TEXTJOIN(", ",TRUE,IF($C$8=R29,$C$3&" ("&TEXT($C$18,"#,##0")&" ac)",""),IF($D$8=R29,$D$3,""),IF($E$8=R29,$E$3,"")) | R29: 1 | S29: 1% more than baseline | U29: =_xlfn.TEXTJOIN(", ",TRUE,IF($C$9=V29,$C$3&" ("&TEXT($C$19,"#,##0")&" ac)",""),IF($D$9=V29,$D$3,""),IF($E$9=V29,$E$3,"")) | V29: 1 | W29: 1% more than baseline
A30: =_xlfn.TEXTJOIN(", ",TRUE,IF($C$4=B30,$C$3&" ("&TEXT($C$14,"#,##0")&" ac)",""),IF($D$4=B30,$D$3,""),IF($E$4=B30,$E$3,"")) -> 50% Restoration (Baseline) (608,339 ac) | B30: 0 | C30: No change from baseline | E30: =_xlfn.TEXTJOIN(", ",TRUE,IF($C$5=F30,$C$3&" ("&TEXT($C$15,"#,##0")&" ac)",""),IF($D$5=F30,$D$3,""),IF($E$5=F30,$E$3,"")) -> 50% Restoration (Baseline) (41,914 ac), 100% Restoration, 25% Restoration | F30: 0 | G30: No change from baseline | I30: =_xlfn.TEXTJOIN(", ",TRUE,IF($C$6=J30,$C$3&" ("&TEXT($C$16,"#,##0")&" ac)",""),IF($D$6=J30,$D$3,""),IF($E$6=J30,$E$3,"")) -> 50% Restoration (Baseline) (42,274 ac), 100% Restoration | J30: 0 | K30: No change from baseline | M30: =_xlfn.TEXTJOIN(", ",TRUE,IF($C$7=N30,$C$3&" ("&TEXT($C$17,"#,##0")&" ac)",""),IF($D$7=N30,$D$3,""),IF($E$7=N30,$E$3,"")) -> 50% Restoration (Baseline) (0 ac), 25% Restoration | N30: 0 | O30: No change from baseline | Q30: =_xlfn.TEXTJOIN(", ",TRUE,IF($C$8=R30,$C$3&" ("&TEXT($C$18,"#,##0")&" ac)",""),IF($D$8=R30,$D$3,""),IF($E$8=R30,$E$3,"")) -> 50% Restoration (Baseline) (62,088 ac) | R30: 0 | S30: No change from baseline | U30: =_xlfn.TEXTJOIN(", ",TRUE,IF($C$9=V30,$C$3&" ("&TEXT($C$19,"#,##0")&" ac)",""),IF($D$9=V30,$D$3,""),IF($E$9=V30,$E$3,"")) -> 50% Restoration (Baseline) (462,063 ac) | V30: 0 | W30: No change from baseline
A31: =_xlfn.TEXTJOIN(", ",TRUE,IF($C$4=B31,$C$3&" ("&TEXT($C$14,"#,##0")&" ac)",""),IF($D$4=B31,$D$3,""),IF($E$4=B31,$E$3,"")) | B31: -1 | C31: 1% less than baseline | E31: =_xlfn.TEXTJOIN(", ",TRUE,IF($C$5=F31,$C$3&" ("&TEXT($C$15,"#,##0")&" ac)",""),IF($D$5=F31,$D$3,""),IF($E$5=F31,$E$3,"")) | F31: -1 | G31: 1% less than baseline | I31: =_xlfn.TEXTJOIN(", ",TRUE,IF($C$6=J31,$C$3&" ("&TEXT($C$16,"#,##0")&" ac)",""),IF($D$6=J31,$D$3,""),IF($E$6=J31,$E$3,"")) | J31: -1 | K31: 1% less than baseline | M31: =_xlfn.TEXTJOIN(", ",TRUE,IF($C$7=N31,$C$3&" ("&TEXT($C$17,"#,##0")&" ac)",""),IF($D$7=N31,$D$3,""),IF($E$7=N31,$E$3,"")) | N31: -1 | O31: 1% less than baseline | Q31: =_xlfn.TEXTJOIN(", ",TRUE,IF($C$8=R31,$C$3&" ("&TEXT($C$18,"#,##0")&" ac)",""),IF($D$8=R31,$D$3,""),IF($E$8=R31,$E$3,"")) | R31: -1 | S31: 1% less than baseline | U31: =_xlfn.TEXTJOIN(", ",TRUE,IF($C$9=V31,$C$3&" ("&TEXT($C$19,"#,##0")&" ac)",""),IF($D$9=V31,$D$3,""),IF($E$9=V31,$E$3,"")) | V31: -1 | W31: 1% less than baseline
A32: =_xlfn.TEXTJOIN(", ",TRUE,IF($C$4=B32,$C$3&" ("&TEXT($C$14,"#,##0")&" ac)",""),IF($D$4=B32,$D$3,""),IF($E$4=B32,$E$3,"")) | B32: -2 | C32: 2% less | E32: =_xlfn.TEXTJOIN(", ",TRUE,IF($C$5=F32,$C$3&" ("&TEXT($C$15,"#,##0")&" ac)",""),IF($D$5=F32,$D$3,""),IF($E$5=F32,$E$3,"")) | F32: -2 | G32: 2% less | I32: =_xlfn.TEXTJOIN(", ",TRUE,IF($C$6=J32,$C$3&" ("&TEXT($C$16,"#,##0")&" ac)",""),IF($D$6=J32,$D$3,""),IF($E$6=J32,$E$3,"")) | J32: -2 | K32: 2% less | M32: =_xlfn.TEXTJOIN(", ",TRUE,IF($C$7=N32,$C$3&" ("&TEXT($C$17,"#,##0")&" ac)",""),IF($D$7=N32,$D$3,""),IF($E$7=N32,$E$3,"")) | N32: -2 | O32: 2% less | Q32: =_xlfn.TEXTJOIN(", ",TRUE,IF($C$8=R32,$C$3&" ("&TEXT($C$18,"#,##0")&" ac)",""),IF($D$8=R32,$D$3,""),IF($E$8=R32,$E$3,"")) | R32: -2 | S32: 2% less | U32: =_xlfn.TEXTJOIN(", ",TRUE,IF($C$9=V32,$C$3&" ("&TEXT($C$19,"#,##0")&" ac)",""),IF($D$9=V32,$D$3,""),IF($E$9=V32,$E$3,"")) | V32: -2 | W32: 2% less
A33: =_xlfn.TEXTJOIN(", ",TRUE,IF($C$4=B33,$C$3&" ("&TEXT($C$14,"#,##0")&" ac)",""),IF($D$4=B33,$D$3,""),IF($E$4=B33,$E$3,"")) | B33: -3 | C33: 3% less | E33: =_xlfn.TEXTJOIN(", ",TRUE,IF($C$5=F33,$C$3&" ("&TEXT($C$15,"#,##0")&" ac)",""),IF($D$5=F33,$D$3,""),IF($E$5=F33,$E$3,"")) | F33: -3 | G33: 3% less | I33: =_xlfn.TEXTJOIN(", ",TRUE,IF($C$6=J33,$C$3&" ("&TEXT($C$16,"#,##0")&" ac)",""),IF($D$6=J33,$D$3,""),IF($E$6=J33,$E$3,"")) | J33: -3 | K33: 3% less | M33: =_xlfn.TEXTJOIN(", ",TRUE,IF($C$7=N33,$C$3&" ("&TEXT($C$17,"#,##0")&" ac)",""),IF($D$7=N33,$D$3,""),IF($E$7=N33,$E$3,"")) | N33: -3 | O33: 3% less | Q33: =_xlfn.TEXTJOIN(", ",TRUE,IF($C$8=R33,$C$3&" ("&TEXT($C$18,"#,##0")&" ac)",""),IF($D$8=R33,$D$3,""),IF($E$8=R33,$E$3,"")) | R33: -3 | S33: 3% less | U33: =_xlfn.TEXTJOIN(", ",TRUE,IF($C$9=V33,$C$3&" ("&TEXT($C$19,"#,##0")&" ac)",""),IF($D$9=V33,$D$3,""),IF($E$9=V33,$E$3,"")) | V33: -3 | W33: 3% less
A34: =_xlfn.TEXTJOIN(", ",TRUE,IF($C$4=B34,$C$3&" ("&TEXT($C$14,"#,##0")&" ac)",""),IF($D$4=B34,$D$3,""),IF($E$4=B34,$E$3,"")) | B34: -4 | C34: 4% less | E34: =_xlfn.TEXTJOIN(", ",TRUE,IF($C$5=F34,$C$3&" ("&TEXT($C$15,"#,##0")&" ac)",""),IF($D$5=F34,$D$3,""),IF($E$5=F34,$E$3,"")) | F34: -4 | G34: 4% less | I34: =_xlfn.TEXTJOIN(", ",TRUE,IF($C$6=J34,$C$3&" ("&TEXT($C$16,"#,##0")&" ac)",""),IF($D$6=J34,$D$3,""),IF($E$6=J34,$E$3,"")) | J34: -4 | K34: 4% less | M34: =_xlfn.TEXTJOIN(", ",TRUE,IF($C$7=N34,$C$3&" ("&TEXT($C$17,"#,##0")&" ac)",""),IF($D$7=N34,$D$3,""),IF($E$7=N34,$E$3,"")) | N34: -4 | O34: 4% less | Q34: =_xlfn.TEXTJOIN(", ",TRUE,IF($C$8=R34,$C$3&" ("&TEXT($C$18,"#,##0")&" ac)",""),IF($D$8=R34,$D$3,""),IF($E$8=R34,$E$3,"")) | R34: -4 | S34: 4% less | U34: =_xlfn.TEXTJOIN(", ",TRUE,IF($C$9=V34,$C$3&" ("&TEXT($C$19,"#,##0")&" ac)",""),IF($D$9=V34,$D$3,""),IF($E$9=V34,$E$3,"")) | V34: -4 | W34: 4% less
A35: =_xlfn.TEXTJOIN(", ",TRUE,IF($C$4=B35,$C$3&" ("&TEXT($C$14,"#,##0")&" ac)",""),IF($D$4=B35,$D$3,""),IF($E$4=B35,$E$3,"")) -> 25% Restoration | B35: -5 | C35: greater than or equal to 5% less acres | E35: =_xlfn.TEXTJOIN(", ",TRUE,IF($C$5=F35,$C$3&" ("&TEXT($C$15,"#,##0")&" ac)",""),IF($D$5=F35,$D$3,""),IF($E$5=F35,$E$3,"")) | F35: -5 | G35: greater than or equal to 5% less acres | I35: =_xlfn.TEXTJOIN(", ",TRUE,IF($C$6=J35,$C$3&" ("&TEXT($C$16,"#,##0")&" ac)",""),IF($D$6=J35,$D$3,""),IF($E$6=J35,$E$3,"")) -> 25% Restoration | J35: -5 | K35: greater than or equal to 5% less acres | M35: =_xlfn.TEXTJOIN(", ",TRUE,IF($C$7=N35,$C$3&" ("&TEXT($C$17,"#,##0")&" ac)",""),IF($D$7=N35,$D$3,""),IF($E$7=N35,$E$3,"")) | N35: -5 | O35: greater than or equal to 5% less acres | Q35: =_xlfn.TEXTJOIN(", ",TRUE,IF($C$8=R35,$C$3&" ("&TEXT($C$18,"#,##0")&" ac)",""),IF($D$8=R35,$D$3,""),IF($E$8=R35,$E$3,"")) -> 25% Restoration | R35: -5 | S35: greater than or equal to 5% less acres | U35: =_xlfn.TEXTJOIN(", ",TRUE,IF($C$9=V35,$C$3&" ("&TEXT($C$19,"#,##0")&" ac)",""),IF($D$9=V35,$D$3,""),IF($E$9=V35,$E$3,"")) -> 25% Restoration | V35: -5 | W35: greater than or equal to 5% less acres

Sheet Overall $
C2: ECOSYSTEM SERVICE $ SCORES | H2: Notes: 1. BAU baseline is derived from CA Protected Areas Shapefile acres broken down by region (as current available inventory). 25%, 50%, and 100% Restoration measures are measured as differences from BAU (current acreage inventory). Citation: GreenInfo Network. (2026). California Protected Areas Database (CPAD), version 2024 [GIS shapefile]. www.calands.org
C3: REGION | D3: 25% Restoration | E3: 50% Restoration | F3: 100% Restoration | G3: BAU Baseline | M3: RECREATION: ECONOMY SCORE (D) — Restoration Scenarios NGW and ECO
B4: AMENITY/RECREATION (SP Day Use & Boating) | C4: Delta-Wide | D4: =IF($G35=0,IF(F35>0,5,IF(F35<0,-5,0)),MAX(-5,MIN(5,ROUND((F35-$G35)/$G35*100,0)))) -> 5 | E4: =IF($G35=0,IF(D35>0,5,IF(D35<0,-5,0)),MAX(-5,MIN(5,ROUND((D35-$G35)/$G35*100,0)))) -> 5 | F4: =IF($G35=0,IF(E35>0,5,IF(E35<0,-5,0)),MAX(-5,MIN(5,ROUND((E35-$G35)/$G35*100,0)))) -> 5 | G4: =IF($G35=0,IF(G35>0,5,IF(G35<0,-5,0)),MAX(-5,MIN(5,ROUND((G35-$G35)/$G35*100,0)))) -> 0 | M4: Workflow: (1) Each activity = its Delta-Wide ecosystem service $ score (-5 to 5) from the grid at left. No sub-region rows, to avoid double counting. (2) Sum the activity scores. (3) Divide by # of activities = Economy Score (D). Scores are % change in $/yr vs BAU Baseline, rounded, capped at ±5. Final Recreation Score = (A Salinity + B Temperature + C Habitat + D Economy) / 4.
C5: Suisun | D5: =IF($G36=0,IF(F36>0,5,IF(F36<0,-5,0)),MAX(-5,MIN(5,ROUND((F36-$G36)/$G36*100,0)))) -> 5 | E5: =IF($G36=0,IF(D36>0,5,IF(D36<0,-5,0)),MAX(-5,MIN(5,ROUND((D36-$G36)/$G36*100,0)))) -> 5 | F5: =IF($G36=0,IF(E36>0,5,IF(E36<0,-5,0)),MAX(-5,MIN(5,ROUND((E36-$G36)/$G36*100,0)))) -> 5 | G5: =IF($G36=0,IF(G36>0,5,IF(G36<0,-5,0)),MAX(-5,MIN(5,ROUND((G36-$G36)/$G36*100,0)))) -> 0
C6: Central | D6: =IF($G37=0,IF(F37>0,5,IF(F37<0,-5,0)),MAX(-5,MIN(5,ROUND((F37-$G37)/$G37*100,0)))) -> 5 | E6: =IF($G37=0,IF(D37>0,5,IF(D37<0,-5,0)),MAX(-5,MIN(5,ROUND((D37-$G37)/$G37*100,0)))) -> 5 | F6: =IF($G37=0,IF(E37>0,5,IF(E37<0,-5,0)),MAX(-5,MIN(5,ROUND((E37-$G37)/$G37*100,0)))) -> 5 | G6: =IF($G37=0,IF(G37>0,5,IF(G37<0,-5,0)),MAX(-5,MIN(5,ROUND((G37-$G37)/$G37*100,0)))) -> 0 | M6: ACTIVITY | N6: SOURCE | O6: 25% Restoration | P6: 50% Restoration | Q6: 100% Restoration | R6: BAU Baseline
C7: North | D7: =IF($G38=0,IF(F38>0,5,IF(F38<0,-5,0)),MAX(-5,MIN(5,ROUND((F38-$G38)/$G38*100,0)))) -> 0 | E7: =IF($G38=0,IF(D38>0,5,IF(D38<0,-5,0)),MAX(-5,MIN(5,ROUND((D38-$G38)/$G38*100,0)))) -> 0 | F7: =IF($G38=0,IF(E38>0,5,IF(E38<0,-5,0)),MAX(-5,MIN(5,ROUND((E38-$G38)/$G38*100,0)))) -> 5 | G7: =IF($G38=0,IF(G38>0,5,IF(G38<0,-5,0)),MAX(-5,MIN(5,ROUND((G38-$G38)/$G38*100,0)))) -> 0 | M7: Day Use & Boating | N7: Row 4 | O7: =D$4 -> 5 | P7: =E$4 -> 5 | Q7: =F$4 -> 5 | R7: =G$4 -> 0
C8: South | D8: =IF($G39=0,IF(F39>0,5,IF(F39<0,-5,0)),MAX(-5,MIN(5,ROUND((F39-$G39)/$G39*100,0)))) -> 5 | E8: =IF($G39=0,IF(D39>0,5,IF(D39<0,-5,0)),MAX(-5,MIN(5,ROUND((D39-$G39)/$G39*100,0)))) -> 5 | F8: =IF($G39=0,IF(E39>0,5,IF(E39<0,-5,0)),MAX(-5,MIN(5,ROUND((E39-$G39)/$G39*100,0)))) -> 5 | G8: =IF($G39=0,IF(G39>0,5,IF(G39<0,-5,0)),MAX(-5,MIN(5,ROUND((G39-$G39)/$G39*100,0)))) -> 0 | M8: Birding | N8: Row 11 | O8: =D$11 -> 5 | P8: =E$11 -> 5 | Q8: =F$11 -> 5 | R8: =G$11 -> 0
C9: Upland | D9: =IF($G40=0,IF(F40>0,5,IF(F40<0,-5,0)),MAX(-5,MIN(5,ROUND((F40-$G40)/$G40*100,0)))) -> 5 | E9: =IF($G40=0,IF(D40>0,5,IF(D40<0,-5,0)),MAX(-5,MIN(5,ROUND((D40-$G40)/$G40*100,0)))) -> 5 | F9: =IF($G40=0,IF(E40>0,5,IF(E40<0,-5,0)),MAX(-5,MIN(5,ROUND((E40-$G40)/$G40*100,0)))) -> 5 | G9: =IF($G40=0,IF(G40>0,5,IF(G40<0,-5,0)),MAX(-5,MIN(5,ROUND((G40-$G40)/$G40*100,0)))) -> 0 | M9: Waterfowl | N9: Row 18 | O9: =D$18 -> 5 | P9: =E$18 -> 5 | Q9: =F$18 -> 5 | R9: =G$18 -> 0
C10: REGION | D10: 25% Restoration | E10: 50% Restoration | F10: 100% Restoration | G10: BAU Baseline | M10: Angling | N10: Row 25 | O10: =D$25 -> 5 | P10: =E$25 -> 5 | Q10: =F$25 -> 5 | R10: =G$25 -> 0
B11: BIODIVERSITY (Birding) | C11: Delta-Wide | D11: =IF($G43=0,IF(F43>0,5,IF(F43<0,-5,0)),MAX(-5,MIN(5,ROUND((F43-$G43)/$G43*100,0)))) -> 5 | E11: =IF($G43=0,IF(D43>0,5,IF(D43<0,-5,0)),MAX(-5,MIN(5,ROUND((D43-$G43)/$G43*100,0)))) -> 5 | F11: =IF($G43=0,IF(E43>0,5,IF(E43<0,-5,0)),MAX(-5,MIN(5,ROUND((E43-$G43)/$G43*100,0)))) -> 5 | G11: =IF($G43=0,IF(G43>0,5,IF(G43<0,-5,0)),MAX(-5,MIN(5,ROUND((G43-$G43)/$G43*100,0)))) -> 0 | M11: Sum of scores | O11: =SUM(O7:O10) -> 20 | P11: =SUM(P7:P10) -> 20 | Q11: =SUM(Q7:Q10) -> 20 | R11: =SUM(R7:R10) -> 0
C12: Suisun | D12: =IF($G44=0,IF(F44>0,5,IF(F44<0,-5,0)),MAX(-5,MIN(5,ROUND((F44-$G44)/$G44*100,0)))) -> 5 | E12: =IF($G44=0,IF(D44>0,5,IF(D44<0,-5,0)),MAX(-5,MIN(5,ROUND((D44-$G44)/$G44*100,0)))) -> 5 | F12: =IF($G44=0,IF(E44>0,5,IF(E44<0,-5,0)),MAX(-5,MIN(5,ROUND((E44-$G44)/$G44*100,0)))) -> 5 | G12: =IF($G44=0,IF(G44>0,5,IF(G44<0,-5,0)),MAX(-5,MIN(5,ROUND((G44-$G44)/$G44*100,0)))) -> 0 | M12: # of activities | O12: =COUNT(O7:O10) -> 4 | P12: =COUNT(P7:P10) -> 4 | Q12: =COUNT(Q7:Q10) -> 4 | R12: =COUNT(R7:R10) -> 4
C13: Central | D13: =IF($G45=0,IF(F45>0,5,IF(F45<0,-5,0)),MAX(-5,MIN(5,ROUND((F45-$G45)/$G45*100,0)))) -> 5 | E13: =IF($G45=0,IF(D45>0,5,IF(D45<0,-5,0)),MAX(-5,MIN(5,ROUND((D45-$G45)/$G45*100,0)))) -> 5 | F13: =IF($G45=0,IF(E45>0,5,IF(E45<0,-5,0)),MAX(-5,MIN(5,ROUND((E45-$G45)/$G45*100,0)))) -> 5 | G13: =IF($G45=0,IF(G45>0,5,IF(G45<0,-5,0)),MAX(-5,MIN(5,ROUND((G45-$G45)/$G45*100,0)))) -> 0 | M13: ECONOMY SCORE (D) | O13: =IFERROR(O11/O12,0) -> 5 | P13: =IFERROR(P11/P12,0) -> 5 | Q13: =IFERROR(Q11/Q12,0) -> 5 | R13: =IFERROR(R11/R12,0) -> 0
C14: North | D14: =IF($G46=0,IF(F46>0,5,IF(F46<0,-5,0)),MAX(-5,MIN(5,ROUND((F46-$G46)/$G46*100,0)))) -> 0 | E14: =IF($G46=0,IF(D46>0,5,IF(D46<0,-5,0)),MAX(-5,MIN(5,ROUND((D46-$G46)/$G46*100,0)))) -> 0 | F14: =IF($G46=0,IF(E46>0,5,IF(E46<0,-5,0)),MAX(-5,MIN(5,ROUND((E46-$G46)/$G46*100,0)))) -> 5 | G14: =IF($G46=0,IF(G46>0,5,IF(G46<0,-5,0)),MAX(-5,MIN(5,ROUND((G46-$G46)/$G46*100,0)))) -> 0
C15: South | D15: =IF($G47=0,IF(F47>0,5,IF(F47<0,-5,0)),MAX(-5,MIN(5,ROUND((F47-$G47)/$G47*100,0)))) -> 5 | E15: =IF($G47=0,IF(D47>0,5,IF(D47<0,-5,0)),MAX(-5,MIN(5,ROUND((D47-$G47)/$G47*100,0)))) -> 5 | F15: =IF($G47=0,IF(E47>0,5,IF(E47<0,-5,0)),MAX(-5,MIN(5,ROUND((E47-$G47)/$G47*100,0)))) -> 5 | G15: =IF($G47=0,IF(G47>0,5,IF(G47<0,-5,0)),MAX(-5,MIN(5,ROUND((G47-$G47)/$G47*100,0)))) -> 0
C16: Upland | D16: =IF($G48=0,IF(F48>0,5,IF(F48<0,-5,0)),MAX(-5,MIN(5,ROUND((F48-$G48)/$G48*100,0)))) -> 5 | E16: =IF($G48=0,IF(D48>0,5,IF(D48<0,-5,0)),MAX(-5,MIN(5,ROUND((D48-$G48)/$G48*100,0)))) -> 5 | F16: =IF($G48=0,IF(E48>0,5,IF(E48<0,-5,0)),MAX(-5,MIN(5,ROUND((E48-$G48)/$G48*100,0)))) -> 5 | G16: =IF($G48=0,IF(G48>0,5,IF(G48<0,-5,0)),MAX(-5,MIN(5,ROUND((G48-$G48)/$G48*100,0)))) -> 0 | J16: California Protected Areas (Current Inventory) used as BAU | K16: Sum of Acres
C17: REGION | D17: 25% Restoration | E17: 50% Restoration | F17: 100% Restoration | G17: BAU Baseline | J17: Convergence Zone | K17: 23825.864
B18: RECREATIONAL HUNTING (Waterfowl) | C18: Delta-Wide | D18: =IF($G51=0,IF(F51>0,5,IF(F51<0,-5,0)),MAX(-5,MIN(5,ROUND((F51-$G51)/$G51*100,0)))) -> 5 | E18: =IF($G51=0,IF(D51>0,5,IF(D51<0,-5,0)),MAX(-5,MIN(5,ROUND((D51-$G51)/$G51*100,0)))) -> 5 | F18: =IF($G51=0,IF(E51>0,5,IF(E51<0,-5,0)),MAX(-5,MIN(5,ROUND((E51-$G51)/$G51*100,0)))) -> 5 | G18: =IF($G51=0,IF(G51>0,5,IF(G51<0,-5,0)),MAX(-5,MIN(5,ROUND((G51-$G51)/$G51*100,0)))) -> 0 | J18: North Delta | K18: 56014.074
C19: Suisun | D19: =IF($G52=0,IF(F52>0,5,IF(F52<0,-5,0)),MAX(-5,MIN(5,ROUND((F52-$G52)/$G52*100,0)))) -> 5 | E19: =IF($G52=0,IF(D52>0,5,IF(D52<0,-5,0)),MAX(-5,MIN(5,ROUND((D52-$G52)/$G52*100,0)))) -> 5 | F19: =IF($G52=0,IF(E52>0,5,IF(E52<0,-5,0)),MAX(-5,MIN(5,ROUND((E52-$G52)/$G52*100,0)))) -> 5 | G19: =IF($G52=0,IF(G52>0,5,IF(G52<0,-5,0)),MAX(-5,MIN(5,ROUND((G52-$G52)/$G52*100,0)))) -> 0 | J19: South Delta | K19: 10321.817
C20: Central | D20: =IF($G53=0,IF(F53>0,5,IF(F53<0,-5,0)),MAX(-5,MIN(5,ROUND((F53-$G53)/$G53*100,0)))) -> 5 | E20: =IF($G53=0,IF(D53>0,5,IF(D53<0,-5,0)),MAX(-5,MIN(5,ROUND((D53-$G53)/$G53*100,0)))) -> 5 | F20: =IF($G53=0,IF(E53>0,5,IF(E53<0,-5,0)),MAX(-5,MIN(5,ROUND((E53-$G53)/$G53*100,0)))) -> 5 | G20: =IF($G53=0,IF(G53>0,5,IF(G53<0,-5,0)),MAX(-5,MIN(5,ROUND((G53-$G53)/$G53*100,0)))) -> 0 | J20: Suisun Marsh | K20: 18138.948
C21: North | D21: =IF($G54=0,IF(F54>0,5,IF(F54<0,-5,0)),MAX(-5,MIN(5,ROUND((F54-$G54)/$G54*100,0)))) -> 0 | E21: =IF($G54=0,IF(D54>0,5,IF(D54<0,-5,0)),MAX(-5,MIN(5,ROUND((D54-$G54)/$G54*100,0)))) -> 0 | F21: =IF($G54=0,IF(E54>0,5,IF(E54<0,-5,0)),MAX(-5,MIN(5,ROUND((E54-$G54)/$G54*100,0)))) -> 5 | G21: =IF($G54=0,IF(G54>0,5,IF(G54<0,-5,0)),MAX(-5,MIN(5,ROUND((G54-$G54)/$G54*100,0)))) -> 0 | J21: (blank)
C22: South | D22: =IF($G55=0,IF(F55>0,5,IF(F55<0,-5,0)),MAX(-5,MIN(5,ROUND((F55-$G55)/$G55*100,0)))) -> 5 | E22: =IF($G55=0,IF(D55>0,5,IF(D55<0,-5,0)),MAX(-5,MIN(5,ROUND((D55-$G55)/$G55*100,0)))) -> 5 | F22: =IF($G55=0,IF(E55>0,5,IF(E55<0,-5,0)),MAX(-5,MIN(5,ROUND((E55-$G55)/$G55*100,0)))) -> 5 | G22: =IF($G55=0,IF(G55>0,5,IF(G55<0,-5,0)),MAX(-5,MIN(5,ROUND((G55-$G55)/$G55*100,0)))) -> 0 | J22: Grand Total | K22: 108300.7
C23: Upland | D23: =IF($G56=0,IF(F56>0,5,IF(F56<0,-5,0)),MAX(-5,MIN(5,ROUND((F56-$G56)/$G56*100,0)))) -> 5 | E23: =IF($G56=0,IF(D56>0,5,IF(D56<0,-5,0)),MAX(-5,MIN(5,ROUND((D56-$G56)/$G56*100,0)))) -> 5 | F23: =IF($G56=0,IF(E56>0,5,IF(E56<0,-5,0)),MAX(-5,MIN(5,ROUND((E56-$G56)/$G56*100,0)))) -> 5 | G23: =IF($G56=0,IF(G56>0,5,IF(G56<0,-5,0)),MAX(-5,MIN(5,ROUND((G56-$G56)/$G56*100,0)))) -> 0
C24: REGION | D24: 25% Restoration | E24: 50% Restoration | F24: 100% Restoration | G24: BAU Baseline
B25: RECREATIONAL FISHING (Angling) | C25: Delta-Wide | D25: =IF($G59=0,IF(F59>0,5,IF(F59<0,-5,0)),MAX(-5,MIN(5,ROUND((F59-$G59)/$G59*100,0)))) -> 5 | E25: =IF($G59=0,IF(D59>0,5,IF(D59<0,-5,0)),MAX(-5,MIN(5,ROUND((D59-$G59)/$G59*100,0)))) -> 5 | F25: =IF($G59=0,IF(E59>0,5,IF(E59<0,-5,0)),MAX(-5,MIN(5,ROUND((E59-$G59)/$G59*100,0)))) -> 5 | G25: =IF($G59=0,IF(G59>0,5,IF(G59<0,-5,0)),MAX(-5,MIN(5,ROUND((G59-$G59)/$G59*100,0)))) -> 0
C26: Suisun | D26: =IF($G60=0,IF(F60>0,5,IF(F60<0,-5,0)),MAX(-5,MIN(5,ROUND((F60-$G60)/$G60*100,0)))) -> 5 | E26: =IF($G60=0,IF(D60>0,5,IF(D60<0,-5,0)),MAX(-5,MIN(5,ROUND((D60-$G60)/$G60*100,0)))) -> 5 | F26: =IF($G60=0,IF(E60>0,5,IF(E60<0,-5,0)),MAX(-5,MIN(5,ROUND((E60-$G60)/$G60*100,0)))) -> 5 | G26: =IF($G60=0,IF(G60>0,5,IF(G60<0,-5,0)),MAX(-5,MIN(5,ROUND((G60-$G60)/$G60*100,0)))) -> 0
C27: Central | D27: =IF($G61=0,IF(F61>0,5,IF(F61<0,-5,0)),MAX(-5,MIN(5,ROUND((F61-$G61)/$G61*100,0)))) -> 5 | E27: =IF($G61=0,IF(D61>0,5,IF(D61<0,-5,0)),MAX(-5,MIN(5,ROUND((D61-$G61)/$G61*100,0)))) -> 5 | F27: =IF($G61=0,IF(E61>0,5,IF(E61<0,-5,0)),MAX(-5,MIN(5,ROUND((E61-$G61)/$G61*100,0)))) -> 5 | G27: =IF($G61=0,IF(G61>0,5,IF(G61<0,-5,0)),MAX(-5,MIN(5,ROUND((G61-$G61)/$G61*100,0)))) -> 0
C28: North | D28: =IF($G62=0,IF(F62>0,5,IF(F62<0,-5,0)),MAX(-5,MIN(5,ROUND((F62-$G62)/$G62*100,0)))) -> 0 | E28: =IF($G62=0,IF(D62>0,5,IF(D62<0,-5,0)),MAX(-5,MIN(5,ROUND((D62-$G62)/$G62*100,0)))) -> 0 | F28: =IF($G62=0,IF(E62>0,5,IF(E62<0,-5,0)),MAX(-5,MIN(5,ROUND((E62-$G62)/$G62*100,0)))) -> 5 | G28: =IF($G62=0,IF(G62>0,5,IF(G62<0,-5,0)),MAX(-5,MIN(5,ROUND((G62-$G62)/$G62*100,0)))) -> 0
C29: South | D29: =IF($G63=0,IF(F63>0,5,IF(F63<0,-5,0)),MAX(-5,MIN(5,ROUND((F63-$G63)/$G63*100,0)))) -> 5 | E29: =IF($G63=0,IF(D63>0,5,IF(D63<0,-5,0)),MAX(-5,MIN(5,ROUND((D63-$G63)/$G63*100,0)))) -> 5 | F29: =IF($G63=0,IF(E63>0,5,IF(E63<0,-5,0)),MAX(-5,MIN(5,ROUND((E63-$G63)/$G63*100,0)))) -> 5 | G29: =IF($G63=0,IF(G63>0,5,IF(G63<0,-5,0)),MAX(-5,MIN(5,ROUND((G63-$G63)/$G63*100,0)))) -> 0
C30: Upland | D30: =IF($G64=0,IF(F64>0,5,IF(F64<0,-5,0)),MAX(-5,MIN(5,ROUND((F64-$G64)/$G64*100,0)))) -> 5 | E30: =IF($G64=0,IF(D64>0,5,IF(D64<0,-5,0)),MAX(-5,MIN(5,ROUND((D64-$G64)/$G64*100,0)))) -> 5 | F30: =IF($G64=0,IF(E64>0,5,IF(E64<0,-5,0)),MAX(-5,MIN(5,ROUND((E64-$G64)/$G64*100,0)))) -> 5 | G30: =IF($G64=0,IF(G64>0,5,IF(G64<0,-5,0)),MAX(-5,MIN(5,ROUND((G64-$G64)/$G64*100,0)))) -> 0
B33: ECOSYSTEM SERVICE VALUE BY SCENARIO (US$/yr, 2025)
B34: AMENITY/RECREATION (SP Day Use & Boating) | C34: REGION | D34: 50% Restoration | E34: 100% Restoration | F34: 25% Restoration | G34: BAU
C35: Delta-Wide | D35: =SUM(D36:D40) -> 2.4746492e+08 | E35: =SUM(E36:E40) -> 4.2839185e+08 | F35: =SUM(F36:F40) -> 82600844 | G35: =SUM(G36:G40) -> 40340929
C36: Suisun | D36: ='Restoration ($) Combined'!F51 -> 15612588 | E36: ='Restoration ($) Combined'!F4 -> 15612588 | F36: ='Restoration ($) Combined'!F94 -> 15612588 | G36: ='Overall Restoration (Acres)'!$H$19*'Restoration ($) Combined'!$F$2 -> 6756576.7
C37: Central | D37: =SUM('Restoration ($) Combined'!F52:F58)+'Restoration ($) Combined'!F67 -> 15746642 | E37: =SUM('Restoration ($) Combined'!F5:F11)+'Restoration ($) Combined'!F20 -> 15746642 | F37: =SUM('Restoration ($) Combined'!F95:F101)+'Restoration ($) Combined'!F110 -> 10938914 | G37: ='Overall Restoration (Acres)'!$I$19*'Restoration ($) Combined'!$F$2 -> 8874896.1
C38: North | D38: 20864682 | E38: =SUM('Restoration ($) Combined'!F12:F19) -> 22766589 | F38: 20864682 | G38: ='Overall Restoration (Acres)'!$J$19*'Restoration ($) Combined'!$F$2 -> 20864682
C39: South | D39: ='Restoration ($) Combined'!F68+SUM('Restoration ($) Combined'!F69:F89) -> 23127159 | E39: ='Restoration ($) Combined'!F21+SUM('Restoration ($) Combined'!F22:F42) -> 54681904 | F39: ='Restoration ($) Combined'!F111+SUM('Restoration ($) Combined'!F112:F130) -> 10541095 | G39: ='Overall Restoration (Acres)'!$K$19*'Restoration ($) Combined'!$F$2 -> 3844773.6
C40: Upland | D40: =SUM('50% Restoration ($)'!J42:J44) -> 1.7211385e+08 | E40: =SUM('Restoration ($) Combined'!F43:F45) -> 3.1958413e+08 | F40: =SUM('Restoration ($) Combined'!F131:F133) -> 24643566 | G40: ='Overall Restoration (Acres)'!$L$19*'Restoration ($) Combined'!$F$2 -> 0
B42: BIODIVERSITY (Birding) | C42: REGION | D42: 50% Restoration | E42: 100% Restoration | F42: 25% Restoration | G42: BAU
C43: Delta-Wide | D43: =SUM(D44:D48) -> 1.076385e+08 | E43: =SUM(E44:E48) -> 1.8633533e+08 | F43: =SUM(F44:F48) -> 35928451 | G43: =SUM(G44:G48) -> 17546880
C44: Suisun | D44: ='Restoration ($) Combined'!H51 -> 6790924.4 | E44: ='Restoration ($) Combined'!H4 -> 6790924.4 | F44: ='Restoration ($) Combined'!H94 -> 6790924.4 | G44: ='Overall Restoration (Acres)'!$H$19*'Restoration ($) Combined'!$H$2 -> 2938872.4
C45: Central | D45: =SUM('Restoration ($) Combined'!H52:H58)+'Restoration ($) Combined'!H67 -> 6849233.5 | E45: =SUM('Restoration ($) Combined'!H5:H11)+'Restoration ($) Combined'!H20 -> 6849233.5 | F45: =SUM('Restoration ($) Combined'!H95:H101)+'Restoration ($) Combined'!H110 -> 4758041.3 | G45: ='Overall Restoration (Acres)'!$I$19*'Restoration ($) Combined'!$H$2 -> 3860266.5
C46: North | D46: ='Overall Restoration (Acres)'!$J$19*'Restoration ($) Combined'!$H$2 -> 9075400.3 | E46: =SUM('Restoration ($) Combined'!H12:H19) -> 9902662.4 | F46: ='Overall Restoration (Acres)'!$J$19*'Restoration ($) Combined'!$H$2 -> 9075400.3 | G46: ='Overall Restoration (Acres)'!$J$19*'Restoration ($) Combined'!$H$2 -> 9075400.3
C47: South | D47: ='Restoration ($) Combined'!H68+SUM('Restoration ($) Combined'!H69:H89) -> 10059498 | E47: ='Restoration ($) Combined'!H21+SUM('Restoration ($) Combined'!H22:H42) -> 23784698 | F47: ='Restoration ($) Combined'!H111+SUM('Restoration ($) Combined'!H112:H130) -> 4585004 | G47: ='Overall Restoration (Acres)'!$K$19*'Restoration ($) Combined'!$H$2 -> 1672340.8
C48: Upland | D48: =SUM('50% Restoration ($)'!L42:L44) -> 74863447 | E48: =SUM('Restoration ($) Combined'!H43:H45) -> 1.3900781e+08 | F48: =SUM('Restoration ($) Combined'!H131:H133) -> 10719081 | G48: ='Overall Restoration (Acres)'!$L$19*'Restoration ($) Combined'!$H$2 -> 0
B50: RECREATIONAL HUNTING (Waterfowl) | C50: REGION | D50: 50% Restoration | E50: 100% Restoration | F50: 25% Restoration | G50: BAU
C51: Delta-Wide | D51: =SUM(D52:D56) -> 61864569 | E51: =SUM(E52:E56) -> 1.0709509e+08 | F51: =SUM(F52:F56) -> 20649657 | G51: =SUM(G52:G56) -> 10084961
C52: Suisun | D52: ='Restoration ($) Combined'!J51 -> 3903042.1 | E52: ='Restoration ($) Combined'!J4 -> 3903042.1 | F52: ='Restoration ($) Combined'!J94 -> 3903042.1 | G52: ='Overall Restoration (Acres)'!$H$19*'Restoration ($) Combined'!$J$2 -> 1689098.8
C53: Central | D53: =SUM('Restoration ($) Combined'!J52:J58)+'Restoration ($) Combined'!J67 -> 3936554.9 | E53: =SUM('Restoration ($) Combined'!J5:J11)+'Restoration ($) Combined'!J20 -> 3936554.9 | F53: =SUM('Restoration ($) Combined'!J95:J101)+'Restoration ($) Combined'!J110 -> 2734655 | G53: ='Overall Restoration (Acres)'!$I$19*'Restoration ($) Combined'!$J$2 -> 2218664.5
C54: North | D54: ='Overall Restoration (Acres)'!$J$19*'Restoration ($) Combined'!$J$2 -> 5216030.6 | E54: =SUM('Restoration ($) Combined'!J12:J19) -> 5691494.4 | F54: ='Overall Restoration (Acres)'!$J$19*'Restoration ($) Combined'!$J$2 -> 5216030.6 | G54: ='Overall Restoration (Acres)'!$J$19*'Restoration ($) Combined'!$J$2 -> 5216030.6
C55: South | D55: ='Restoration ($) Combined'!J68+SUM('Restoration ($) Combined'!J69:J89) -> 5781634.6 | E55: ='Restoration ($) Combined'!J21+SUM('Restoration ($) Combined'!J22:J42) -> 13670109 | F55: ='Restoration ($) Combined'!J111+SUM('Restoration ($) Combined'!J112:J130) -> 2635202.9 | G55: ='Overall Restoration (Acres)'!$K$19*'Restoration ($) Combined'!$J$2 -> 961167.6
C56: Upland | D56: =SUM('50% Restoration ($)'!N42:N44) -> 43027307 | E56: =SUM('Restoration ($) Combined'!J43:J45) -> 79893887 | F56: =SUM('Restoration ($) Combined'!J131:J133) -> 6160726.1 | G56: ='Overall Restoration (Acres)'!$L$19*'Restoration ($) Combined'!$J$2 -> 0
B58: RECREATIONAL FISHING (Angling) | C58: REGION | D58: 50% Restoration | E58: 100% Restoration | F58: 25% Restoration | G58: BAU
C59: Delta-Wide | D59: =SUM(D60:D64) -> 1.881116e+08 | E59: =SUM(E60:E64) -> 3.2564405e+08 | F59: =SUM(F60:F64) -> 62789415 | G59: =SUM(G60:G64) -> 30665344
C60: Suisun | D60: ='Restoration ($) Combined'!E51 -> 11867981 | E60: ='Restoration ($) Combined'!E4 -> 11867981 | F60: ='Restoration ($) Combined'!E94 -> 11867981 | G60: ='Overall Restoration (Acres)'!$H$19*'Restoration ($) Combined'!$E$2 -> 5136043.1
C61: Central | D61: =SUM('Restoration ($) Combined'!E52:E58)+'Restoration ($) Combined'!E67 -> 11969883 | E61: =SUM('Restoration ($) Combined'!E5:E11)+'Restoration ($) Combined'!E20 -> 11969883 | F61: =SUM('Restoration ($) Combined'!E95:E101)+'Restoration ($) Combined'!E110 -> 8315266 | G61: ='Overall Restoration (Acres)'!$I$19*'Restoration ($) Combined'!$E$2 -> 6746293.4
C62: North | D62: ='Overall Restoration (Acres)'!$J$19*'Restoration ($) Combined'!$E$2 -> 15860385 | E62: =SUM('Restoration ($) Combined'!E12:E19) -> 17306128 | F62: ='Overall Restoration (Acres)'!$J$19*'Restoration ($) Combined'!$E$2 -> 15860385 | G62: ='Overall Restoration (Acres)'!$J$19*'Restoration ($) Combined'!$E$2 -> 15860385
C63: South | D63: ='Restoration ($) Combined'!E68+SUM('Restoration ($) Combined'!E69:E89) -> 17580217 | E63: ='Restoration ($) Combined'!E21+SUM('Restoration ($) Combined'!E22:E42) -> 41566703 | F63: ='Restoration ($) Combined'!E111+SUM('Restoration ($) Combined'!E112:E130) -> 8012861.8 | G63: ='Overall Restoration (Acres)'!$K$19*'Restoration ($) Combined'!$E$2 -> 2922622.5
C64: Upland | D64: =SUM('50% Restoration ($)'!I42:I44) -> 1.3083314e+08 | E64: =SUM('Restoration ($) Combined'!E43:E45) -> 2.4293336e+08 | F64: =SUM('Restoration ($) Combined'!E131:E133) -> 18732921 | G64: ='Overall Restoration (Acres)'!$L$19*'Restoration ($) Combined'!$E$2 -> 0
B66: RANKINGS — Ecosystem Service $ (vs BAU Baseline)
B67: Amenity/Recreation (SP Day Use & Boating)
B68: Delta-Wide | F68: Suisun | J68: Central | N68: North | R68: South | V68: Upland
B69: Results | C69: Ranking | D69: Scale | F69: Results | G69: Ranking | H69: Scale | J69: Results | K69: Ranking | L69: Scale | N69: Results | O69: Ranking | P69: Scale | R69: Results | S69: Ranking | T69: Scale | V69: Results | W69: Ranking | X69: Scale
B70: =_xlfn.TEXTJOIN(", ",TRUE,IF($G$4=C70,$G$3&" ("&TEXT($G$35,"$#,##0")&")",""),IF($D$4=C70,$D$3,""),IF($E$4=C70,$E$3,""),IF($F$4=C70,$F$3,"")) -> 25% Restoration, 50% Restoration, 100% Restoration | C70: 5 | D70: greater than or equal to 5% more $ | F70: =_xlfn.TEXTJOIN(", ",TRUE,IF($G$5=G70,$G$3&" ("&TEXT($G$36,"$#,##0")&")",""),IF($D$5=G70,$D$3,""),IF($E$5=G70,$E$3,""),IF($F$5=G70,$F$3,"")) -> 25% Restoration, 50% Restoration, 100% Restoration | G70: 5 | H70: greater than or equal to 5% more $ | J70: =_xlfn.TEXTJOIN(", ",TRUE,IF($G$6=K70,$G$3&" ("&TEXT($G$37,"$#,##0")&")",""),IF($D$6=K70,$D$3,""),IF($E$6=K70,$E$3,""),IF($F$6=K70,$F$3,"")) -> 25% Restoration, 50% Restoration, 100% Restoration | K70: 5 | L70: greater than or equal to 5% more $ | N70: =_xlfn.TEXTJOIN(", ",TRUE,IF($G$7=O70,$G$3&" ("&TEXT($G$38,"$#,##0")&")",""),IF($D$7=O70,$D$3,""),IF($E$7=O70,$E$3,""),IF($F$7=O70,$F$3,"")) -> 100% Restoration | O70: 5 | P70: greater than or equal to 5% more $ | R70: =_xlfn.TEXTJOIN(", ",TRUE,IF($G$8=S70,$G$3&" ("&TEXT($G$39,"$#,##0")&")",""),IF($D$8=S70,$D$3,""),IF($E$8=S70,$E$3,""),IF($F$8=S70,$F$3,"")) -> 25% Restoration, 50% Restoration, 100% Restoration | S70: 5 | T70: greater than or equal to 5% more $ | V70: =_xlfn.TEXTJOIN(", ",TRUE,IF($G$9=W70,$G$3&" ("&TEXT($G$40,"$#,##0")&")",""),IF($D$9=W70,$D$3,""),IF($E$9=W70,$E$3,""),IF($F$9=W70,$F$3,"")) -> 25% Restoration, 50% Restoration, 100% Restoration | W70: 5 | X70: greater than or equal to 5% more $
B71: =_xlfn.TEXTJOIN(", ",TRUE,IF($G$4=C71,$G$3&" ("&TEXT($G$35,"$#,##0")&")",""),IF($D$4=C71,$D$3,""),IF($E$4=C71,$E$3,""),IF($F$4=C71,$F$3,"")) | C71: 4 | D71: 4% more | F71: =_xlfn.TEXTJOIN(", ",TRUE,IF($G$5=G71,$G$3&" ("&TEXT($G$36,"$#,##0")&")",""),IF($D$5=G71,$D$3,""),IF($E$5=G71,$E$3,""),IF($F$5=G71,$F$3,"")) | G71: 4 | H71: 4% more | J71: =_xlfn.TEXTJOIN(", ",TRUE,IF($G$6=K71,$G$3&" ("&TEXT($G$37,"$#,##0")&")",""),IF($D$6=K71,$D$3,""),IF($E$6=K71,$E$3,""),IF($F$6=K71,$F$3,"")) | K71: 4 | L71: 4% more | N71: =_xlfn.TEXTJOIN(", ",TRUE,IF($G$7=O71,$G$3&" ("&TEXT($G$38,"$#,##0")&")",""),IF($D$7=O71,$D$3,""),IF($E$7=O71,$E$3,""),IF($F$7=O71,$F$3,"")) | O71: 4 | P71: 4% more | R71: =_xlfn.TEXTJOIN(", ",TRUE,IF($G$8=S71,$G$3&" ("&TEXT($G$39,"$#,##0")&")",""),IF($D$8=S71,$D$3,""),IF($E$8=S71,$E$3,""),IF($F$8=S71,$F$3,"")) | S71: 4 | T71: 4% more | V71: =_xlfn.TEXTJOIN(", ",TRUE,IF($G$9=W71,$G$3&" ("&TEXT($G$40,"$#,##0")&")",""),IF($D$9=W71,$D$3,""),IF($E$9=W71,$E$3,""),IF($F$9=W71,$F$3,"")) | W71: 4 | X71: 4% more
B72: =_xlfn.TEXTJOIN(", ",TRUE,IF($G$4=C72,$G$3&" ("&TEXT($G$35,"$#,##0")&")",""),IF($D$4=C72,$D$3,""),IF($E$4=C72,$E$3,""),IF($F$4=C72,$F$3,"")) | C72: 3 | D72: 3% more | F72: =_xlfn.TEXTJOIN(", ",TRUE,IF($G$5=G72,$G$3&" ("&TEXT($G$36,"$#,##0")&")",""),IF($D$5=G72,$D$3,""),IF($E$5=G72,$E$3,""),IF($F$5=G72,$F$3,"")) | G72: 3 | H72: 3% more | J72: =_xlfn.TEXTJOIN(", ",TRUE,IF($G$6=K72,$G$3&" ("&TEXT($G$37,"$#,##0")&")",""),IF($D$6=K72,$D$3,""),IF($E$6=K72,$E$3,""),IF($F$6=K72,$F$3,"")) | K72: 3 | L72: 3% more | N72: =_xlfn.TEXTJOIN(", ",TRUE,IF($G$7=O72,$G$3&" ("&TEXT($G$38,"$#,##0")&")",""),IF($D$7=O72,$D$3,""),IF($E$7=O72,$E$3,""),IF($F$7=O72,$F$3,"")) | O72: 3 | P72: 3% more | R72: =_xlfn.TEXTJOIN(", ",TRUE,IF($G$8=S72,$G$3&" ("&TEXT($G$39,"$#,##0")&")",""),IF($D$8=S72,$D$3,""),IF($E$8=S72,$E$3,""),IF($F$8=S72,$F$3,"")) | S72: 3 | T72: 3% more | V72: =_xlfn.TEXTJOIN(", ",TRUE,IF($G$9=W72,$G$3&" ("&TEXT($G$40,"$#,##0")&")",""),IF($D$9=W72,$D$3,""),IF($E$9=W72,$E$3,""),IF($F$9=W72,$F$3,"")) | W72: 3 | X72: 3% more
B73: =_xlfn.TEXTJOIN(", ",TRUE,IF($G$4=C73,$G$3&" ("&TEXT($G$35,"$#,##0")&")",""),IF($D$4=C73,$D$3,""),IF($E$4=C73,$E$3,""),IF($F$4=C73,$F$3,"")) | C73: 2 | D73: 2% more | F73: =_xlfn.TEXTJOIN(", ",TRUE,IF($G$5=G73,$G$3&" ("&TEXT($G$36,"$#,##0")&")",""),IF($D$5=G73,$D$3,""),IF($E$5=G73,$E$3,""),IF($F$5=G73,$F$3,"")) | G73: 2 | H73: 2% more | J73: =_xlfn.TEXTJOIN(", ",TRUE,IF($G$6=K73,$G$3&" ("&TEXT($G$37,"$#,##0")&")",""),IF($D$6=K73,$D$3,""),IF($E$6=K73,$E$3,""),IF($F$6=K73,$F$3,"")) | K73: 2 | L73: 2% more | N73: =_xlfn.TEXTJOIN(", ",TRUE,IF($G$7=O73,$G$3&" ("&TEXT($G$38,"$#,##0")&")",""),IF($D$7=O73,$D$3,""),IF($E$7=O73,$E$3,""),IF($F$7=O73,$F$3,"")) | O73: 2 | P73: 2% more | R73: =_xlfn.TEXTJOIN(", ",TRUE,IF($G$8=S73,$G$3&" ("&TEXT($G$39,"$#,##0")&")",""),IF($D$8=S73,$D$3,""),IF($E$8=S73,$E$3,""),IF($F$8=S73,$F$3,"")) | S73: 2 | T73: 2% more | V73: =_xlfn.TEXTJOIN(", ",TRUE,IF($G$9=W73,$G$3&" ("&TEXT($G$40,"$#,##0")&")",""),IF($D$9=W73,$D$3,""),IF($E$9=W73,$E$3,""),IF($F$9=W73,$F$3,"")) | W73: 2 | X73: 2% more
B74: =_xlfn.TEXTJOIN(", ",TRUE,IF($G$4=C74,$G$3&" ("&TEXT($G$35,"$#,##0")&")",""),IF($D$4=C74,$D$3,""),IF($E$4=C74,$E$3,""),IF($F$4=C74,$F$3,"")) | C74: 1 | D74: 1% more than baseline | F74: =_xlfn.TEXTJOIN(", ",TRUE,IF($G$5=G74,$G$3&" ("&TEXT($G$36,"$#,##0")&")",""),IF($D$5=G74,$D$3,""),IF($E$5=G74,$E$3,""),IF($F$5=G74,$F$3,"")) | G74: 1 | H74: 1% more than baseline | J74: =_xlfn.TEXTJOIN(", ",TRUE,IF($G$6=K74,$G$3&" ("&TEXT($G$37,"$#,##0")&")",""),IF($D$6=K74,$D$3,""),IF($E$6=K74,$E$3,""),IF($F$6=K74,$F$3,"")) | K74: 1 | L74: 1% more than baseline | N74: =_xlfn.TEXTJOIN(", ",TRUE,IF($G$7=O74,$G$3&" ("&TEXT($G$38,"$#,##0")&")",""),IF($D$7=O74,$D$3,""),IF($E$7=O74,$E$3,""),IF($F$7=O74,$F$3,"")) | O74: 1 | P74: 1% more than baseline | R74: =_xlfn.TEXTJOIN(", ",TRUE,IF($G$8=S74,$G$3&" ("&TEXT($G$39,"$#,##0")&")",""),IF($D$8=S74,$D$3,""),IF($E$8=S74,$E$3,""),IF($F$8=S74,$F$3,"")) | S74: 1 | T74: 1% more than baseline | V74: =_xlfn.TEXTJOIN(", ",TRUE,IF($G$9=W74,$G$3&" ("&TEXT($G$40,"$#,##0")&")",""),IF($D$9=W74,$D$3,""),IF($E$9=W74,$E$3,""),IF($F$9=W74,$F$3,"")) | W74: 1 | X74: 1% more than baseline
B75: =_xlfn.TEXTJOIN(", ",TRUE,IF($G$4=C75,$G$3&" ("&TEXT($G$35,"$#,##0")&")",""),IF($D$4=C75,$D$3,""),IF($E$4=C75,$E$3,""),IF($F$4=C75,$F$3,"")) -> BAU Baseline ($40,340,929) | C75: 0 | D75: No change from baseline | F75: =_xlfn.TEXTJOIN(", ",TRUE,IF($G$5=G75,$G$3&" ("&TEXT($G$36,"$#,##0")&")",""),IF($D$5=G75,$D$3,""),IF($E$5=G75,$E$3,""),IF($F$5=G75,$F$3,"")) -> BAU Baseline ($6,756,577) | G75: 0 | H75: No change from baseline | J75: =_xlfn.TEXTJOIN(", ",TRUE,IF($G$6=K75,$G$3&" ("&TEXT($G$37,"$#,##0")&")",""),IF($D$6=K75,$D$3,""),IF($E$6=K75,$E$3,""),IF($F$6=K75,$F$3,"")) -> BAU Baseline ($8,874,896) | K75: 0 | L75: No change from baseline | N75: =_xlfn.TEXTJOIN(", ",TRUE,IF($G$7=O75,$G$3&" ("&TEXT($G$38,"$#,##0")&")",""),IF($D$7=O75,$D$3,""),IF($E$7=O75,$E$3,""),IF($F$7=O75,$F$3,"")) -> BAU Baseline ($20,864,682), 25% Restoration, 50% Restoration | O75: 0 | P75: No change from baseline | R75: =_xlfn.TEXTJOIN(", ",TRUE,IF($G$8=S75,$G$3&" ("&TEXT($G$39,"$#,##0")&")",""),IF($D$8=S75,$D$3,""),IF($E$8=S75,$E$3,""),IF($F$8=S75,$F$3,"")) -> BAU Baseline ($3,844,774) | S75: 0 | T75: No change from baseline | V75: =_xlfn.TEXTJOIN(", ",TRUE,IF($G$9=W75,$G$3&" ("&TEXT($G$40,"$#,##0")&")",""),IF($D$9=W75,$D$3,""),IF($E$9=W75,$E$3,""),IF($F$9=W75,$F$3,"")) -> BAU Baseline ($0) | W75: 0 | X75: No change from baseline
B76: =_xlfn.TEXTJOIN(", ",TRUE,IF($G$4=C76,$G$3&" ("&TEXT($G$35,"$#,##0")&")",""),IF($D$4=C76,$D$3,""),IF($E$4=C76,$E$3,""),IF($F$4=C76,$F$3,"")) | C76: -1 | D76: 1% less than baseline | F76: =_xlfn.TEXTJOIN(", ",TRUE,IF($G$5=G76,$G$3&" ("&TEXT($G$36,"$#,##0")&")",""),IF($D$5=G76,$D$3,""),IF($E$5=G76,$E$3,""),IF($F$5=G76,$F$3,"")) | G76: -1 | H76: 1% less than baseline | J76: =_xlfn.TEXTJOIN(", ",TRUE,IF($G$6=K76,$G$3&" ("&TEXT($G$37,"$#,##0")&")",""),IF($D$6=K76,$D$3,""),IF($E$6=K76,$E$3,""),IF($F$6=K76,$F$3,"")) | K76: -1 | L76: 1% less than baseline | N76: =_xlfn.TEXTJOIN(", ",TRUE,IF($G$7=O76,$G$3&" ("&TEXT($G$38,"$#,##0")&")",""),IF($D$7=O76,$D$3,""),IF($E$7=O76,$E$3,""),IF($F$7=O76,$F$3,"")) | O76: -1 | P76: 1% less than baseline | R76: =_xlfn.TEXTJOIN(", ",TRUE,IF($G$8=S76,$G$3&" ("&TEXT($G$39,"$#,##0")&")",""),IF($D$8=S76,$D$3,""),IF($E$8=S76,$E$3,""),IF($F$8=S76,$F$3,"")) | S76: -1 | T76: 1% less than baseline | V76: =_xlfn.TEXTJOIN(", ",TRUE,IF($G$9=W76,$G$3&" ("&TEXT($G$40,"$#,##0")&")",""),IF($D$9=W76,$D$3,""),IF($E$9=W76,$E$3,""),IF($F$9=W76,$F$3,"")) | W76: -1 | X76: 1% less than baseline
B77: =_xlfn.TEXTJOIN(", ",TRUE,IF($G$4=C77,$G$3&" ("&TEXT($G$35,"$#,##0")&")",""),IF($D$4=C77,$D$3,""),IF($E$4=C77,$E$3,""),IF($F$4=C77,$F$3,"")) | C77: -2 | D77: 2% less | F77: =_xlfn.TEXTJOIN(", ",TRUE,IF($G$5=G77,$G$3&" ("&TEXT($G$36,"$#,##0")&")",""),IF($D$5=G77,$D$3,""),IF($E$5=G77,$E$3,""),IF($F$5=G77,$F$3,"")) | G77: -2 | H77: 2% less | J77: =_xlfn.TEXTJOIN(", ",TRUE,IF($G$6=K77,$G$3&" ("&TEXT($G$37,"$#,##0")&")",""),IF($D$6=K77,$D$3,""),IF($E$6=K77,$E$3,""),IF($F$6=K77,$F$3,"")) | K77: -2 | L77: 2% less | N77: =_xlfn.TEXTJOIN(", ",TRUE,IF($G$7=O77,$G$3&" ("&TEXT($G$38,"$#,##0")&")",""),IF($D$7=O77,$D$3,""),IF($E$7=O77,$E$3,""),IF($F$7=O77,$F$3,"")) | O77: -2 | P77: 2% less | R77: =_xlfn.TEXTJOIN(", ",TRUE,IF($G$8=S77,$G$3&" ("&TEXT($G$39,"$#,##0")&")",""),IF($D$8=S77,$D$3,""),IF($E$8=S77,$E$3,""),IF($F$8=S77,$F$3,"")) | S77: -2 | T77: 2% less | V77: =_xlfn.TEXTJOIN(", ",TRUE,IF($G$9=W77,$G$3&" ("&TEXT($G$40,"$#,##0")&")",""),IF($D$9=W77,$D$3,""),IF($E$9=W77,$E$3,""),IF($F$9=W77,$F$3,"")) | W77: -2 | X77: 2% less
B78: =_xlfn.TEXTJOIN(", ",TRUE,IF($G$4=C78,$G$3&" ("&TEXT($G$35,"$#,##0")&")",""),IF($D$4=C78,$D$3,""),IF($E$4=C78,$E$3,""),IF($F$4=C78,$F$3,"")) | C78: -3 | D78: 3% less | F78: =_xlfn.TEXTJOIN(", ",TRUE,IF($G$5=G78,$G$3&" ("&TEXT($G$36,"$#,##0")&")",""),IF($D$5=G78,$D$3,""),IF($E$5=G78,$E$3,""),IF($F$5=G78,$F$3,"")) | G78: -3 | H78: 3% less | J78: =_xlfn.TEXTJOIN(", ",TRUE,IF($G$6=K78,$G$3&" ("&TEXT($G$37,"$#,##0")&")",""),IF($D$6=K78,$D$3,""),IF($E$6=K78,$E$3,""),IF($F$6=K78,$F$3,"")) | K78: -3 | L78: 3% less | N78: =_xlfn.TEXTJOIN(", ",TRUE,IF($G$7=O78,$G$3&" ("&TEXT($G$38,"$#,##0")&")",""),IF($D$7=O78,$D$3,""),IF($E$7=O78,$E$3,""),IF($F$7=O78,$F$3,"")) | O78: -3 | P78: 3% less | R78: =_xlfn.TEXTJOIN(", ",TRUE,IF($G$8=S78,$G$3&" ("&TEXT($G$39,"$#,##0")&")",""),IF($D$8=S78,$D$3,""),IF($E$8=S78,$E$3,""),IF($F$8=S78,$F$3,"")) | S78: -3 | T78: 3% less | V78: =_xlfn.TEXTJOIN(", ",TRUE,IF($G$9=W78,$G$3&" ("&TEXT($G$40,"$#,##0")&")",""),IF($D$9=W78,$D$3,""),IF($E$9=W78,$E$3,""),IF($F$9=W78,$F$3,"")) | W78: -3 | X78: 3% less
B79: =_xlfn.TEXTJOIN(", ",TRUE,IF($G$4=C79,$G$3&" ("&TEXT($G$35,"$#,##0")&")",""),IF($D$4=C79,$D$3,""),IF($E$4=C79,$E$3,""),IF($F$4=C79,$F$3,"")) | C79: -4 | D79: 4% less | F79: =_xlfn.TEXTJOIN(", ",TRUE,IF($G$5=G79,$G$3&" ("&TEXT($G$36,"$#,##0")&")",""),IF($D$5=G79,$D$3,""),IF($E$5=G79,$E$3,""),IF($F$5=G79,$F$3,"")) | G79: -4 | H79: 4% less | J79: =_xlfn.TEXTJOIN(", ",TRUE,IF($G$6=K79,$G$3&" ("&TEXT($G$37,"$#,##0")&")",""),IF($D$6=K79,$D$3,""),IF($E$6=K79,$E$3,""),IF($F$6=K79,$F$3,"")) | K79: -4 | L79: 4% less | N79: =_xlfn.TEXTJOIN(", ",TRUE,IF($G$7=O79,$G$3&" ("&TEXT($G$38,"$#,##0")&")",""),IF($D$7=O79,$D$3,""),IF($E$7=O79,$E$3,""),IF($F$7=O79,$F$3,"")) | O79: -4 | P79: 4% less | R79: =_xlfn.TEXTJOIN(", ",TRUE,IF($G$8=S79,$G$3&" ("&TEXT($G$39,"$#,##0")&")",""),IF($D$8=S79,$D$3,""),IF($E$8=S79,$E$3,""),IF($F$8=S79,$F$3,"")) | S79: -4 | T79: 4% less | V79: =_xlfn.TEXTJOIN(", ",TRUE,IF($G$9=W79,$G$3&" ("&TEXT($G$40,"$#,##0")&")",""),IF($D$9=W79,$D$3,""),IF($E$9=W79,$E$3,""),IF($F$9=W79,$F$3,"")) | W79: -4 | X79: 4% less
B80: =_xlfn.TEXTJOIN(", ",TRUE,IF($G$4=C80,$G$3&" ("&TEXT($G$35,"$#,##0")&")",""),IF($D$4=C80,$D$3,""),IF($E$4=C80,$E$3,""),IF($F$4=C80,$F$3,"")) | C80: -5 | D80: greater than or equal to 5% less $ | F80: =_xlfn.TEXTJOIN(", ",TRUE,IF($G$5=G80,$G$3&" ("&TEXT($G$36,"$#,##0")&")",""),IF($D$5=G80,$D$3,""),IF($E$5=G80,$E$3,""),IF($F$5=G80,$F$3,"")) | G80: -5 | H80: greater than or equal to 5% less $ | J80: =_xlfn.TEXTJOIN(", ",TRUE,IF($G$6=K80,$G$3&" ("&TEXT($G$37,"$#,##0")&")",""),IF($D$6=K80,$D$3,""),IF($E$6=K80,$E$3,""),IF($F$6=K80,$F$3,"")) | K80: -5 | L80: greater than or equal to 5% less $ | N80: =_xlfn.TEXTJOIN(", ",TRUE,IF($G$7=O80,$G$3&" ("&TEXT($G$38,"$#,##0")&")",""),IF($D$7=O80,$D$3,""),IF($E$7=O80,$E$3,""),IF($F$7=O80,$F$3,"")) | O80: -5 | P80: greater than or equal to 5% less $ | R80: =_xlfn.TEXTJOIN(", ",TRUE,IF($G$8=S80,$G$3&" ("&TEXT($G$39,"$#,##0")&")",""),IF($D$8=S80,$D$3,""),IF($E$8=S80,$E$3,""),IF($F$8=S80,$F$3,"")) | S80: -5 | T80: greater than or equal to 5% less $ | V80: =_xlfn.TEXTJOIN(", ",TRUE,IF($G$9=W80,$G$3&" ("&TEXT($G$40,"$#,##0")&")",""),IF($D$9=W80,$D$3,""),IF($E$9=W80,$E$3,""),IF($F$9=W80,$F$3,"")) | W80: -5 | X80: greater than or equal to 5% less $
B82: Biodiversity (Birding)
B83: Delta-Wide | F83: Suisun | J83: Central | N83: North | R83: South | V83: Upland
B84: Results | C84: Ranking | D84: Scale | F84: Results | G84: Ranking | H84: Scale | J84: Results | K84: Ranking | L84: Scale | N84: Results | O84: Ranking | P84: Scale | R84: Results | S84: Ranking | T84: Scale | V84: Results | W84: Ranking | X84: Scale
B85: =_xlfn.TEXTJOIN(", ",TRUE,IF($G$11=C85,$G$10&" ("&TEXT($G$43,"$#,##0")&")",""),IF($D$11=C85,$D$10,""),IF($E$11=C85,$E$10,""),IF($F$11=C85,$F$10,"")) -> 25% Restoration, 50% Restoration, 100% Restoration | C85: 5 | D85: greater than or equal to 5% more $ | F85: =_xlfn.TEXTJOIN(", ",TRUE,IF($G$12=G85,$G$10&" ("&TEXT($G$44,"$#,##0")&")",""),IF($D$12=G85,$D$10,""),IF($E$12=G85,$E$10,""),IF($F$12=G85,$F$10,"")) -> 25% Restoration, 50% Restoration, 100% Restoration | G85: 5 | H85: greater than or equal to 5% more $ | J85: =_xlfn.TEXTJOIN(", ",TRUE,IF($G$13=K85,$G$10&" ("&TEXT($G$45,"$#,##0")&")",""),IF($D$13=K85,$D$10,""),IF($E$13=K85,$E$10,""),IF($F$13=K85,$F$10,"")) -> 25% Restoration, 50% Restoration, 100% Restoration | K85: 5 | L85: greater than or equal to 5% more $ | N85: =_xlfn.TEXTJOIN(", ",TRUE,IF($G$14=O85,$G$10&" ("&TEXT($G$46,"$#,##0")&")",""),IF($D$14=O85,$D$10,""),IF($E$14=O85,$E$10,""),IF($F$14=O85,$F$10,"")) -> 100% Restoration | O85: 5 | P85: greater than or equal to 5% more $ | R85: =_xlfn.TEXTJOIN(", ",TRUE,IF($G$15=S85,$G$10&" ("&TEXT($G$47,"$#,##0")&")",""),IF($D$15=S85,$D$10,""),IF($E$15=S85,$E$10,""),IF($F$15=S85,$F$10,"")) -> 25% Restoration, 50% Restoration, 100% Restoration | S85: 5 | T85: greater than or equal to 5% more $ | V85: =_xlfn.TEXTJOIN(", ",TRUE,IF($G$16=W85,$G$10&" ("&TEXT($G$48,"$#,##0")&")",""),IF($D$16=W85,$D$10,""),IF($E$16=W85,$E$10,""),IF($F$16=W85,$F$10,"")) -> 25% Restoration, 50% Restoration, 100% Restoration | W85: 5 | X85: greater than or equal to 5% more $
B86: =_xlfn.TEXTJOIN(", ",TRUE,IF($G$11=C86,$G$10&" ("&TEXT($G$43,"$#,##0")&")",""),IF($D$11=C86,$D$10,""),IF($E$11=C86,$E$10,""),IF($F$11=C86,$F$10,"")) | C86: 4 | D86: 4% more | F86: =_xlfn.TEXTJOIN(", ",TRUE,IF($G$12=G86,$G$10&" ("&TEXT($G$44,"$#,##0")&")",""),IF($D$12=G86,$D$10,""),IF($E$12=G86,$E$10,""),IF($F$12=G86,$F$10,"")) | G86: 4 | H86: 4% more | J86: =_xlfn.TEXTJOIN(", ",TRUE,IF($G$13=K86,$G$10&" ("&TEXT($G$45,"$#,##0")&")",""),IF($D$13=K86,$D$10,""),IF($E$13=K86,$E$10,""),IF($F$13=K86,$F$10,"")) | K86: 4 | L86: 4% more | N86: =_xlfn.TEXTJOIN(", ",TRUE,IF($G$14=O86,$G$10&" ("&TEXT($G$46,"$#,##0")&")",""),IF($D$14=O86,$D$10,""),IF($E$14=O86,$E$10,""),IF($F$14=O86,$F$10,"")) | O86: 4 | P86: 4% more | R86: =_xlfn.TEXTJOIN(", ",TRUE,IF($G$15=S86,$G$10&" ("&TEXT($G$47,"$#,##0")&")",""),IF($D$15=S86,$D$10,""),IF($E$15=S86,$E$10,""),IF($F$15=S86,$F$10,"")) | S86: 4 | T86: 4% more | V86: =_xlfn.TEXTJOIN(", ",TRUE,IF($G$16=W86,$G$10&" ("&TEXT($G$48,"$#,##0")&")",""),IF($D$16=W86,$D$10,""),IF($E$16=W86,$E$10,""),IF($F$16=W86,$F$10,"")) | W86: 4 | X86: 4% more
B87: =_xlfn.TEXTJOIN(", ",TRUE,IF($G$11=C87,$G$10&" ("&TEXT($G$43,"$#,##0")&")",""),IF($D$11=C87,$D$10,""),IF($E$11=C87,$E$10,""),IF($F$11=C87,$F$10,"")) | C87: 3 | D87: 3% more | F87: =_xlfn.TEXTJOIN(", ",TRUE,IF($G$12=G87,$G$10&" ("&TEXT($G$44,"$#,##0")&")",""),IF($D$12=G87,$D$10,""),IF($E$12=G87,$E$10,""),IF($F$12=G87,$F$10,"")) | G87: 3 | H87: 3% more | J87: =_xlfn.TEXTJOIN(", ",TRUE,IF($G$13=K87,$G$10&" ("&TEXT($G$45,"$#,##0")&")",""),IF($D$13=K87,$D$10,""),IF($E$13=K87,$E$10,""),IF($F$13=K87,$F$10,"")) | K87: 3 | L87: 3% more | N87: =_xlfn.TEXTJOIN(", ",TRUE,IF($G$14=O87,$G$10&" ("&TEXT($G$46,"$#,##0")&")",""),IF($D$14=O87,$D$10,""),IF($E$14=O87,$E$10,""),IF($F$14=O87,$F$10,"")) | O87: 3 | P87: 3% more | R87: =_xlfn.TEXTJOIN(", ",TRUE,IF($G$15=S87,$G$10&" ("&TEXT($G$47,"$#,##0")&")",""),IF($D$15=S87,$D$10,""),IF($E$15=S87,$E$10,""),IF($F$15=S87,$F$10,"")) | S87: 3 | T87: 3% more | V87: =_xlfn.TEXTJOIN(", ",TRUE,IF($G$16=W87,$G$10&" ("&TEXT($G$48,"$#,##0")&")",""),IF($D$16=W87,$D$10,""),IF($E$16=W87,$E$10,""),IF($F$16=W87,$F$10,"")) | W87: 3 | X87: 3% more
B88: =_xlfn.TEXTJOIN(", ",TRUE,IF($G$11=C88,$G$10&" ("&TEXT($G$43,"$#,##0")&")",""),IF($D$11=C88,$D$10,""),IF($E$11=C88,$E$10,""),IF($F$11=C88,$F$10,"")) | C88: 2 | D88: 2% more | F88: =_xlfn.TEXTJOIN(", ",TRUE,IF($G$12=G88,$G$10&" ("&TEXT($G$44,"$#,##0")&")",""),IF($D$12=G88,$D$10,""),IF($E$12=G88,$E$10,""),IF($F$12=G88,$F$10,"")) | G88: 2 | H88: 2% more | J88: =_xlfn.TEXTJOIN(", ",TRUE,IF($G$13=K88,$G$10&" ("&TEXT($G$45,"$#,##0")&")",""),IF($D$13=K88,$D$10,""),IF($E$13=K88,$E$10,""),IF($F$13=K88,$F$10,"")) | K88: 2 | L88: 2% more | N88: =_xlfn.TEXTJOIN(", ",TRUE,IF($G$14=O88,$G$10&" ("&TEXT($G$46,"$#,##0")&")",""),IF($D$14=O88,$D$10,""),IF($E$14=O88,$E$10,""),IF($F$14=O88,$F$10,"")) | O88: 2 | P88: 2% more | R88: =_xlfn.TEXTJOIN(", ",TRUE,IF($G$15=S88,$G$10&" ("&TEXT($G$47,"$#,##0")&")",""),IF($D$15=S88,$D$10,""),IF($E$15=S88,$E$10,""),IF($F$15=S88,$F$10,"")) | S88: 2 | T88: 2% more | V88: =_xlfn.TEXTJOIN(", ",TRUE,IF($G$16=W88,$G$10&" ("&TEXT($G$48,"$#,##0")&")",""),IF($D$16=W88,$D$10,""),IF($E$16=W88,$E$10,""),IF($F$16=W88,$F$10,"")) | W88: 2 | X88: 2% more
B89: =_xlfn.TEXTJOIN(", ",TRUE,IF($G$11=C89,$G$10&" ("&TEXT($G$43,"$#,##0")&")",""),IF($D$11=C89,$D$10,""),IF($E$11=C89,$E$10,""),IF($F$11=C89,$F$10,"")) | C89: 1 | D89: 1% more than baseline | F89: =_xlfn.TEXTJOIN(", ",TRUE,IF($G$12=G89,$G$10&" ("&TEXT($G$44,"$#,##0")&")",""),IF($D$12=G89,$D$10,""),IF($E$12=G89,$E$10,""),IF($F$12=G89,$F$10,"")) | G89: 1 | H89: 1% more than baseline | J89: =_xlfn.TEXTJOIN(", ",TRUE,IF($G$13=K89,$G$10&" ("&TEXT($G$45,"$#,##0")&")",""),IF($D$13=K89,$D$10,""),IF($E$13=K89,$E$10,""),IF($F$13=K89,$F$10,"")) | K89: 1 | L89: 1% more than baseline | N89: =_xlfn.TEXTJOIN(", ",TRUE,IF($G$14=O89,$G$10&" ("&TEXT($G$46,"$#,##0")&")",""),IF($D$14=O89,$D$10,""),IF($E$14=O89,$E$10,""),IF($F$14=O89,$F$10,"")) | O89: 1 | P89: 1% more than baseline | R89: =_xlfn.TEXTJOIN(", ",TRUE,IF($G$15=S89,$G$10&" ("&TEXT($G$47,"$#,##0")&")",""),IF($D$15=S89,$D$10,""),IF($E$15=S89,$E$10,""),IF($F$15=S89,$F$10,"")) | S89: 1 | T89: 1% more than baseline | V89: =_xlfn.TEXTJOIN(", ",TRUE,IF($G$16=W89,$G$10&" ("&TEXT($G$48,"$#,##0")&")",""),IF($D$16=W89,$D$10,""),IF($E$16=W89,$E$10,""),IF($F$16=W89,$F$10,"")) | W89: 1 | X89: 1% more than baseline
B90: =_xlfn.TEXTJOIN(", ",TRUE,IF($G$11=C90,$G$10&" ("&TEXT($G$43,"$#,##0")&")",""),IF($D$11=C90,$D$10,""),IF($E$11=C90,$E$10,""),IF($F$11=C90,$F$10,"")) -> BAU Baseline ($17,546,880) | C90: 0 | D90: No change from baseline | F90: =_xlfn.TEXTJOIN(", ",TRUE,IF($G$12=G90,$G$10&" ("&TEXT($G$44,"$#,##0")&")",""),IF($D$12=G90,$D$10,""),IF($E$12=G90,$E$10,""),IF($F$12=G90,$F$10,"")) -> BAU Baseline ($2,938,872) | G90: 0 | H90: No change from baseline | J90: =_xlfn.TEXTJOIN(", ",TRUE,IF($G$13=K90,$G$10&" ("&TEXT($G$45,"$#,##0")&")",""),IF($D$13=K90,$D$10,""),IF($E$13=K90,$E$10,""),IF($F$13=K90,$F$10,"")) -> BAU Baseline ($3,860,266) | K90: 0 | L90: No change from baseline | N90: =_xlfn.TEXTJOIN(", ",TRUE,IF($G$14=O90,$G$10&" ("&TEXT($G$46,"$#,##0")&")",""),IF($D$14=O90,$D$10,""),IF($E$14=O90,$E$10,""),IF($F$14=O90,$F$10,"")) -> BAU Baseline ($9,075,400), 25% Restoration, 50% Restoration | O90: 0 | P90: No change from baseline | R90: =_xlfn.TEXTJOIN(", ",TRUE,IF($G$15=S90,$G$10&" ("&TEXT($G$47,"$#,##0")&")",""),IF($D$15=S90,$D$10,""),IF($E$15=S90,$E$10,""),IF($F$15=S90,$F$10,"")) -> BAU Baseline ($1,672,341) | S90: 0 | T90: No change from baseline | V90: =_xlfn.TEXTJOIN(", ",TRUE,IF($G$16=W90,$G$10&" ("&TEXT($G$48,"$#,##0")&")",""),IF($D$16=W90,$D$10,""),IF($E$16=W90,$E$10,""),IF($F$16=W90,$F$10,"")) -> BAU Baseline ($0) | W90: 0 | X90: No change from baseline
B91: =_xlfn.TEXTJOIN(", ",TRUE,IF($G$11=C91,$G$10&" ("&TEXT($G$43,"$#,##0")&")",""),IF($D$11=C91,$D$10,""),IF($E$11=C91,$E$10,""),IF($F$11=C91,$F$10,"")) | C91: -1 | D91: 1% less than baseline | F91: =_xlfn.TEXTJOIN(", ",TRUE,IF($G$12=G91,$G$10&" ("&TEXT($G$44,"$#,##0")&")",""),IF($D$12=G91,$D$10,""),IF($E$12=G91,$E$10,""),IF($F$12=G91,$F$10,"")) | G91: -1 | H91: 1% less than baseline | J91: =_xlfn.TEXTJOIN(", ",TRUE,IF($G$13=K91,$G$10&" ("&TEXT($G$45,"$#,##0")&")",""),IF($D$13=K91,$D$10,""),IF($E$13=K91,$E$10,""),IF($F$13=K91,$F$10,"")) | K91: -1 | L91: 1% less than baseline | N91: =_xlfn.TEXTJOIN(", ",TRUE,IF($G$14=O91,$G$10&" ("&TEXT($G$46,"$#,##0")&")",""),IF($D$14=O91,$D$10,""),IF($E$14=O91,$E$10,""),IF($F$14=O91,$F$10,"")) | O91: -1 | P91: 1% less than baseline | R91: =_xlfn.TEXTJOIN(", ",TRUE,IF($G$15=S91,$G$10&" ("&TEXT($G$47,"$#,##0")&")",""),IF($D$15=S91,$D$10,""),IF($E$15=S91,$E$10,""),IF($F$15=S91,$F$10,"")) | S91: -1 | T91: 1% less than baseline | V91: =_xlfn.TEXTJOIN(", ",TRUE,IF($G$16=W91,$G$10&" ("&TEXT($G$48,"$#,##0")&")",""),IF($D$16=W91,$D$10,""),IF($E$16=W91,$E$10,""),IF($F$16=W91,$F$10,"")) | W91: -1 | X91: 1% less than baseline
B92: =_xlfn.TEXTJOIN(", ",TRUE,IF($G$11=C92,$G$10&" ("&TEXT($G$43,"$#,##0")&")",""),IF($D$11=C92,$D$10,""),IF($E$11=C92,$E$10,""),IF($F$11=C92,$F$10,"")) | C92: -2 | D92: 2% less | F92: =_xlfn.TEXTJOIN(", ",TRUE,IF($G$12=G92,$G$10&" ("&TEXT($G$44,"$#,##0")&")",""),IF($D$12=G92,$D$10,""),IF($E$12=G92,$E$10,""),IF($F$12=G92,$F$10,"")) | G92: -2 | H92: 2% less | J92: =_xlfn.TEXTJOIN(", ",TRUE,IF($G$13=K92,$G$10&" ("&TEXT($G$45,"$#,##0")&")",""),IF($D$13=K92,$D$10,""),IF($E$13=K92,$E$10,""),IF($F$13=K92,$F$10,"")) | K92: -2 | L92: 2% less | N92: =_xlfn.TEXTJOIN(", ",TRUE,IF($G$14=O92,$G$10&" ("&TEXT($G$46,"$#,##0")&")",""),IF($D$14=O92,$D$10,""),IF($E$14=O92,$E$10,""),IF($F$14=O92,$F$10,"")) | O92: -2 | P92: 2% less | R92: =_xlfn.TEXTJOIN(", ",TRUE,IF($G$15=S92,$G$10&" ("&TEXT($G$47,"$#,##0")&")",""),IF($D$15=S92,$D$10,""),IF($E$15=S92,$E$10,""),IF($F$15=S92,$F$10,"")) | S92: -2 | T92: 2% less | V92: =_xlfn.TEXTJOIN(", ",TRUE,IF($G$16=W92,$G$10&" ("&TEXT($G$48,"$#,##0")&")",""),IF($D$16=W92,$D$10,""),IF($E$16=W92,$E$10,""),IF($F$16=W92,$F$10,"")) | W92: -2 | X92: 2% less
B93: =_xlfn.TEXTJOIN(", ",TRUE,IF($G$11=C93,$G$10&" ("&TEXT($G$43,"$#,##0")&")",""),IF($D$11=C93,$D$10,""),IF($E$11=C93,$E$10,""),IF($F$11=C93,$F$10,"")) | C93: -3 | D93: 3% less | F93: =_xlfn.TEXTJOIN(", ",TRUE,IF($G$12=G93,$G$10&" ("&TEXT($G$44,"$#,##0")&")",""),IF($D$12=G93,$D$10,""),IF($E$12=G93,$E$10,""),IF($F$12=G93,$F$10,"")) | G93: -3 | H93: 3% less | J93: =_xlfn.TEXTJOIN(", ",TRUE,IF($G$13=K93,$G$10&" ("&TEXT($G$45,"$#,##0")&")",""),IF($D$13=K93,$D$10,""),IF($E$13=K93,$E$10,""),IF($F$13=K93,$F$10,"")) | K93: -3 | L93: 3% less | N93: =_xlfn.TEXTJOIN(", ",TRUE,IF($G$14=O93,$G$10&" ("&TEXT($G$46,"$#,##0")&")",""),IF($D$14=O93,$D$10,""),IF($E$14=O93,$E$10,""),IF($F$14=O93,$F$10,"")) | O93: -3 | P93: 3% less | R93: =_xlfn.TEXTJOIN(", ",TRUE,IF($G$15=S93,$G$10&" ("&TEXT($G$47,"$#,##0")&")",""),IF($D$15=S93,$D$10,""),IF($E$15=S93,$E$10,""),IF($F$15=S93,$F$10,"")) | S93: -3 | T93: 3% less | V93: =_xlfn.TEXTJOIN(", ",TRUE,IF($G$16=W93,$G$10&" ("&TEXT($G$48,"$#,##0")&")",""),IF($D$16=W93,$D$10,""),IF($E$16=W93,$E$10,""),IF($F$16=W93,$F$10,"")) | W93: -3 | X93: 3% less
B94: =_xlfn.TEXTJOIN(", ",TRUE,IF($G$11=C94,$G$10&" ("&TEXT($G$43,"$#,##0")&")",""),IF($D$11=C94,$D$10,""),IF($E$11=C94,$E$10,""),IF($F$11=C94,$F$10,"")) | C94: -4 | D94: 4% less | F94: =_xlfn.TEXTJOIN(", ",TRUE,IF($G$12=G94,$G$10&" ("&TEXT($G$44,"$#,##0")&")",""),IF($D$12=G94,$D$10,""),IF($E$12=G94,$E$10,""),IF($F$12=G94,$F$10,"")) | G94: -4 | H94: 4% less | J94: =_xlfn.TEXTJOIN(", ",TRUE,IF($G$13=K94,$G$10&" ("&TEXT($G$45,"$#,##0")&")",""),IF($D$13=K94,$D$10,""),IF($E$13=K94,$E$10,""),IF($F$13=K94,$F$10,"")) | K94: -4 | L94: 4% less | N94: =_xlfn.TEXTJOIN(", ",TRUE,IF($G$14=O94,$G$10&" ("&TEXT($G$46,"$#,##0")&")",""),IF($D$14=O94,$D$10,""),IF($E$14=O94,$E$10,""),IF($F$14=O94,$F$10,"")) | O94: -4 | P94: 4% less | R94: =_xlfn.TEXTJOIN(", ",TRUE,IF($G$15=S94,$G$10&" ("&TEXT($G$47,"$#,##0")&")",""),IF($D$15=S94,$D$10,""),IF($E$15=S94,$E$10,""),IF($F$15=S94,$F$10,"")) | S94: -4 | T94: 4% less | V94: =_xlfn.TEXTJOIN(", ",TRUE,IF($G$16=W94,$G$10&" ("&TEXT($G$48,"$#,##0")&")",""),IF($D$16=W94,$D$10,""),IF($E$16=W94,$E$10,""),IF($F$16=W94,$F$10,"")) | W94: -4 | X94: 4% less
B95: =_xlfn.TEXTJOIN(", ",TRUE,IF($G$11=C95,$G$10&" ("&TEXT($G$43,"$#,##0")&")",""),IF($D$11=C95,$D$10,""),IF($E$11=C95,$E$10,""),IF($F$11=C95,$F$10,"")) | C95: -5 | D95: greater than or equal to 5% less $ | F95: =_xlfn.TEXTJOIN(", ",TRUE,IF($G$12=G95,$G$10&" ("&TEXT($G$44,"$#,##0")&")",""),IF($D$12=G95,$D$10,""),IF($E$12=G95,$E$10,""),IF($F$12=G95,$F$10,"")) | G95: -5 | H95: greater than or equal to 5% less $ | J95: =_xlfn.TEXTJOIN(", ",TRUE,IF($G$13=K95,$G$10&" ("&TEXT($G$45,"$#,##0")&")",""),IF($D$13=K95,$D$10,""),IF($E$13=K95,$E$10,""),IF($F$13=K95,$F$10,"")) | K95: -5 | L95: greater than or equal to 5% less $ | N95: =_xlfn.TEXTJOIN(", ",TRUE,IF($G$14=O95,$G$10&" ("&TEXT($G$46,"$#,##0")&")",""),IF($D$14=O95,$D$10,""),IF($E$14=O95,$E$10,""),IF($F$14=O95,$F$10,"")) | O95: -5 | P95: greater than or equal to 5% less $ | R95: =_xlfn.TEXTJOIN(", ",TRUE,IF($G$15=S95,$G$10&" ("&TEXT($G$47,"$#,##0")&")",""),IF($D$15=S95,$D$10,""),IF($E$15=S95,$E$10,""),IF($F$15=S95,$F$10,"")) | S95: -5 | T95: greater than or equal to 5% less $ | V95: =_xlfn.TEXTJOIN(", ",TRUE,IF($G$16=W95,$G$10&" ("&TEXT($G$48,"$#,##0")&")",""),IF($D$16=W95,$D$10,""),IF($E$16=W95,$E$10,""),IF($F$16=W95,$F$10,"")) | W95: -5 | X95: greater than or equal to 5% less $
B97: Recreational Hunting (Waterfowl)
B98: Delta-Wide | F98: Suisun | J98: Central | N98: North | R98: South | V98: Upland
B99: Results | C99: Ranking | D99: Scale | F99: Results | G99: Ranking | H99: Scale | J99: Results | K99: Ranking | L99: Scale | N99: Results | O99: Ranking | P99: Scale | R99: Results | S99: Ranking | T99: Scale | V99: Results | W99: Ranking | X99: Scale
B100: =_xlfn.TEXTJOIN(", ",TRUE,IF($G$18=C100,$G$17&" ("&TEXT($G$51,"$#,##0")&")",""),IF($D$18=C100,$D$17,""),IF($E$18=C100,$E$17,""),IF($F$18=C100,$F$17,"")) -> 25% Restoration, 50% Restoration, 100% Restoration | C100: 5 | D100: greater than or equal to 5% more $ | F100: =_xlfn.TEXTJOIN(", ",TRUE,IF($G$19=G100,$G$17&" ("&TEXT($G$52,"$#,##0")&")",""),IF($D$19=G100,$D$17,""),IF($E$19=G100,$E$17,""),IF($F$19=G100,$F$17,"")) -> 25% Restoration, 50% Restoration, 100% Restoration | G100: 5 | H100: greater than or equal to 5% more $ | J100: =_xlfn.TEXTJOIN(", ",TRUE,IF($G$20=K100,$G$17&" ("&TEXT($G$53,"$#,##0")&")",""),IF($D$20=K100,$D$17,""),IF($E$20=K100,$E$17,""),IF($F$20=K100,$F$17,"")) -> 25% Restoration, 50% Restoration, 100% Restoration | K100: 5 | L100: greater than or equal to 5% more $ | N100: =_xlfn.TEXTJOIN(", ",TRUE,IF($G$21=O100,$G$17&" ("&TEXT($G$54,"$#,##0")&")",""),IF($D$21=O100,$D$17,""),IF($E$21=O100,$E$17,""),IF($F$21=O100,$F$17,"")) -> 100% Restoration | O100: 5 | P100: greater than or equal to 5% more $ | R100: =_xlfn.TEXTJOIN(", ",TRUE,IF($G$22=S100,$G$17&" ("&TEXT($G$55,"$#,##0")&")",""),IF($D$22=S100,$D$17,""),IF($E$22=S100,$E$17,""),IF($F$22=S100,$F$17,"")) -> 25% Restoration, 50% Restoration, 100% Restoration | S100: 5 | T100: greater than or equal to 5% more $ | V100: =_xlfn.TEXTJOIN(", ",TRUE,IF($G$23=W100,$G$17&" ("&TEXT($G$56,"$#,##0")&")",""),IF($D$23=W100,$D$17,""),IF($E$23=W100,$E$17,""),IF($F$23=W100,$F$17,"")) -> 25% Restoration, 50% Restoration, 100% Restoration | W100: 5 | X100: greater than or equal to 5% more $
B101: =_xlfn.TEXTJOIN(", ",TRUE,IF($G$18=C101,$G$17&" ("&TEXT($G$51,"$#,##0")&")",""),IF($D$18=C101,$D$17,""),IF($E$18=C101,$E$17,""),IF($F$18=C101,$F$17,"")) | C101: 4 | D101: 4% more | F101: =_xlfn.TEXTJOIN(", ",TRUE,IF($G$19=G101,$G$17&" ("&TEXT($G$52,"$#,##0")&")",""),IF($D$19=G101,$D$17,""),IF($E$19=G101,$E$17,""),IF($F$19=G101,$F$17,"")) | G101: 4 | H101: 4% more | J101: =_xlfn.TEXTJOIN(", ",TRUE,IF($G$20=K101,$G$17&" ("&TEXT($G$53,"$#,##0")&")",""),IF($D$20=K101,$D$17,""),IF($E$20=K101,$E$17,""),IF($F$20=K101,$F$17,"")) | K101: 4 | L101: 4% more | N101: =_xlfn.TEXTJOIN(", ",TRUE,IF($G$21=O101,$G$17&" ("&TEXT($G$54,"$#,##0")&")",""),IF($D$21=O101,$D$17,""),IF($E$21=O101,$E$17,""),IF($F$21=O101,$F$17,"")) | O101: 4 | P101: 4% more | R101: =_xlfn.TEXTJOIN(", ",TRUE,IF($G$22=S101,$G$17&" ("&TEXT($G$55,"$#,##0")&")",""),IF($D$22=S101,$D$17,""),IF($E$22=S101,$E$17,""),IF($F$22=S101,$F$17,"")) | S101: 4 | T101: 4% more | V101: =_xlfn.TEXTJOIN(", ",TRUE,IF($G$23=W101,$G$17&" ("&TEXT($G$56,"$#,##0")&")",""),IF($D$23=W101,$D$17,""),IF($E$23=W101,$E$17,""),IF($F$23=W101,$F$17,"")) | W101: 4 | X101: 4% more
B102: =_xlfn.TEXTJOIN(", ",TRUE,IF($G$18=C102,$G$17&" ("&TEXT($G$51,"$#,##0")&")",""),IF($D$18=C102,$D$17,""),IF($E$18=C102,$E$17,""),IF($F$18=C102,$F$17,"")) | C102: 3 | D102: 3% more | F102: =_xlfn.TEXTJOIN(", ",TRUE,IF($G$19=G102,$G$17&" ("&TEXT($G$52,"$#,##0")&")",""),IF($D$19=G102,$D$17,""),IF($E$19=G102,$E$17,""),IF($F$19=G102,$F$17,"")) | G102: 3 | H102: 3% more | J102: =_xlfn.TEXTJOIN(", ",TRUE,IF($G$20=K102,$G$17&" ("&TEXT($G$53,"$#,##0")&")",""),IF($D$20=K102,$D$17,""),IF($E$20=K102,$E$17,""),IF($F$20=K102,$F$17,"")) | K102: 3 | L102: 3% more | N102: =_xlfn.TEXTJOIN(", ",TRUE,IF($G$21=O102,$G$17&" ("&TEXT($G$54,"$#,##0")&")",""),IF($D$21=O102,$D$17,""),IF($E$21=O102,$E$17,""),IF($F$21=O102,$F$17,"")) | O102: 3 | P102: 3% more | R102: =_xlfn.TEXTJOIN(", ",TRUE,IF($G$22=S102,$G$17&" ("&TEXT($G$55,"$#,##0")&")",""),IF($D$22=S102,$D$17,""),IF($E$22=S102,$E$17,""),IF($F$22=S102,$F$17,"")) | S102: 3 | T102: 3% more | V102: =_xlfn.TEXTJOIN(", ",TRUE,IF($G$23=W102,$G$17&" ("&TEXT($G$56,"$#,##0")&")",""),IF($D$23=W102,$D$17,""),IF($E$23=W102,$E$17,""),IF($F$23=W102,$F$17,"")) | W102: 3 | X102: 3% more
B103: =_xlfn.TEXTJOIN(", ",TRUE,IF($G$18=C103,$G$17&" ("&TEXT($G$51,"$#,##0")&")",""),IF($D$18=C103,$D$17,""),IF($E$18=C103,$E$17,""),IF($F$18=C103,$F$17,"")) | C103: 2 | D103: 2% more | F103: =_xlfn.TEXTJOIN(", ",TRUE,IF($G$19=G103,$G$17&" ("&TEXT($G$52,"$#,##0")&")",""),IF($D$19=G103,$D$17,""),IF($E$19=G103,$E$17,""),IF($F$19=G103,$F$17,"")) | G103: 2 | H103: 2% more | J103: =_xlfn.TEXTJOIN(", ",TRUE,IF($G$20=K103,$G$17&" ("&TEXT($G$53,"$#,##0")&")",""),IF($D$20=K103,$D$17,""),IF($E$20=K103,$E$17,""),IF($F$20=K103,$F$17,"")) | K103: 2 | L103: 2% more | N103: =_xlfn.TEXTJOIN(", ",TRUE,IF($G$21=O103,$G$17&" ("&TEXT($G$54,"$#,##0")&")",""),IF($D$21=O103,$D$17,""),IF($E$21=O103,$E$17,""),IF($F$21=O103,$F$17,"")) | O103: 2 | P103: 2% more | R103: =_xlfn.TEXTJOIN(", ",TRUE,IF($G$22=S103,$G$17&" ("&TEXT($G$55,"$#,##0")&")",""),IF($D$22=S103,$D$17,""),IF($E$22=S103,$E$17,""),IF($F$22=S103,$F$17,"")) | S103: 2 | T103: 2% more | V103: =_xlfn.TEXTJOIN(", ",TRUE,IF($G$23=W103,$G$17&" ("&TEXT($G$56,"$#,##0")&")",""),IF($D$23=W103,$D$17,""),IF($E$23=W103,$E$17,""),IF($F$23=W103,$F$17,"")) | W103: 2 | X103: 2% more
B104: =_xlfn.TEXTJOIN(", ",TRUE,IF($G$18=C104,$G$17&" ("&TEXT($G$51,"$#,##0")&")",""),IF($D$18=C104,$D$17,""),IF($E$18=C104,$E$17,""),IF($F$18=C104,$F$17,"")) | C104: 1 | D104: 1% more than baseline | F104: =_xlfn.TEXTJOIN(", ",TRUE,IF($G$19=G104,$G$17&" ("&TEXT($G$52,"$#,##0")&")",""),IF($D$19=G104,$D$17,""),IF($E$19=G104,$E$17,""),IF($F$19=G104,$F$17,"")) | G104: 1 | H104: 1% more than baseline | J104: =_xlfn.TEXTJOIN(", ",TRUE,IF($G$20=K104,$G$17&" ("&TEXT($G$53,"$#,##0")&")",""),IF($D$20=K104,$D$17,""),IF($E$20=K104,$E$17,""),IF($F$20=K104,$F$17,"")) | K104: 1 | L104: 1% more than baseline | N104: =_xlfn.TEXTJOIN(", ",TRUE,IF($G$21=O104,$G$17&" ("&TEXT($G$54,"$#,##0")&")",""),IF($D$21=O104,$D$17,""),IF($E$21=O104,$E$17,""),IF($F$21=O104,$F$17,"")) | O104: 1 | P104: 1% more than baseline | R104: =_xlfn.TEXTJOIN(", ",TRUE,IF($G$22=S104,$G$17&" ("&TEXT($G$55,"$#,##0")&")",""),IF($D$22=S104,$D$17,""),IF($E$22=S104,$E$17,""),IF($F$22=S104,$F$17,"")) | S104: 1 | T104: 1% more than baseline | V104: =_xlfn.TEXTJOIN(", ",TRUE,IF($G$23=W104,$G$17&" ("&TEXT($G$56,"$#,##0")&")",""),IF($D$23=W104,$D$17,""),IF($E$23=W104,$E$17,""),IF($F$23=W104,$F$17,"")) | W104: 1 | X104: 1% more than baseline
B105: =_xlfn.TEXTJOIN(", ",TRUE,IF($G$18=C105,$G$17&" ("&TEXT($G$51,"$#,##0")&")",""),IF($D$18=C105,$D$17,""),IF($E$18=C105,$E$17,""),IF($F$18=C105,$F$17,"")) -> BAU Baseline ($10,084,961) | C105: 0 | D105: No change from baseline | F105: =_xlfn.TEXTJOIN(", ",TRUE,IF($G$19=G105,$G$17&" ("&TEXT($G$52,"$#,##0")&")",""),IF($D$19=G105,$D$17,""),IF($E$19=G105,$E$17,""),IF($F$19=G105,$F$17,"")) -> BAU Baseline ($1,689,099) | G105: 0 | H105: No change from baseline | J105: =_xlfn.TEXTJOIN(", ",TRUE,IF($G$20=K105,$G$17&" ("&TEXT($G$53,"$#,##0")&")",""),IF($D$20=K105,$D$17,""),IF($E$20=K105,$E$17,""),IF($F$20=K105,$F$17,"")) -> BAU Baseline ($2,218,664) | K105: 0 | L105: No change from baseline | N105: =_xlfn.TEXTJOIN(", ",TRUE,IF($G$21=O105,$G$17&" ("&TEXT($G$54,"$#,##0")&")",""),IF($D$21=O105,$D$17,""),IF($E$21=O105,$E$17,""),IF($F$21=O105,$F$17,"")) -> BAU Baseline ($5,216,031), 25% Restoration, 50% Restoration | O105: 0 | P105: No change from baseline | R105: =_xlfn.TEXTJOIN(", ",TRUE,IF($G$22=S105,$G$17&" ("&TEXT($G$55,"$#,##0")&")",""),IF($D$22=S105,$D$17,""),IF($E$22=S105,$E$17,""),IF($F$22=S105,$F$17,"")) -> BAU Baseline ($961,168) | S105: 0 | T105: No change from baseline | V105: =_xlfn.TEXTJOIN(", ",TRUE,IF($G$23=W105,$G$17&" ("&TEXT($G$56,"$#,##0")&")",""),IF($D$23=W105,$D$17,""),IF($E$23=W105,$E$17,""),IF($F$23=W105,$F$17,"")) -> BAU Baseline ($0) | W105: 0 | X105: No change from baseline
B106: =_xlfn.TEXTJOIN(", ",TRUE,IF($G$18=C106,$G$17&" ("&TEXT($G$51,"$#,##0")&")",""),IF($D$18=C106,$D$17,""),IF($E$18=C106,$E$17,""),IF($F$18=C106,$F$17,"")) | C106: -1 | D106: 1% less than baseline | F106: =_xlfn.TEXTJOIN(", ",TRUE,IF($G$19=G106,$G$17&" ("&TEXT($G$52,"$#,##0")&")",""),IF($D$19=G106,$D$17,""),IF($E$19=G106,$E$17,""),IF($F$19=G106,$F$17,"")) | G106: -1 | H106: 1% less than baseline | J106: =_xlfn.TEXTJOIN(", ",TRUE,IF($G$20=K106,$G$17&" ("&TEXT($G$53,"$#,##0")&")",""),IF($D$20=K106,$D$17,""),IF($E$20=K106,$E$17,""),IF($F$20=K106,$F$17,"")) | K106: -1 | L106: 1% less than baseline | N106: =_xlfn.TEXTJOIN(", ",TRUE,IF($G$21=O106,$G$17&" ("&TEXT($G$54,"$#,##0")&")",""),IF($D$21=O106,$D$17,""),IF($E$21=O106,$E$17,""),IF($F$21=O106,$F$17,"")) | O106: -1 | P106: 1% less than baseline | R106: =_xlfn.TEXTJOIN(", ",TRUE,IF($G$22=S106,$G$17&" ("&TEXT($G$55,"$#,##0")&")",""),IF($D$22=S106,$D$17,""),IF($E$22=S106,$E$17,""),IF($F$22=S106,$F$17,"")) | S106: -1 | T106: 1% less than baseline | V106: =_xlfn.TEXTJOIN(", ",TRUE,IF($G$23=W106,$G$17&" ("&TEXT($G$56,"$#,##0")&")",""),IF($D$23=W106,$D$17,""),IF($E$23=W106,$E$17,""),IF($F$23=W106,$F$17,"")) | W106: -1 | X106: 1% less than baseline
B107: =_xlfn.TEXTJOIN(", ",TRUE,IF($G$18=C107,$G$17&" ("&TEXT($G$51,"$#,##0")&")",""),IF($D$18=C107,$D$17,""),IF($E$18=C107,$E$17,""),IF($F$18=C107,$F$17,"")) | C107: -2 | D107: 2% less | F107: =_xlfn.TEXTJOIN(", ",TRUE,IF($G$19=G107,$G$17&" ("&TEXT($G$52,"$#,##0")&")",""),IF($D$19=G107,$D$17,""),IF($E$19=G107,$E$17,""),IF($F$19=G107,$F$17,"")) | G107: -2 | H107: 2% less | J107: =_xlfn.TEXTJOIN(", ",TRUE,IF($G$20=K107,$G$17&" ("&TEXT($G$53,"$#,##0")&")",""),IF($D$20=K107,$D$17,""),IF($E$20=K107,$E$17,""),IF($F$20=K107,$F$17,"")) | K107: -2 | L107: 2% less | N107: =_xlfn.TEXTJOIN(", ",TRUE,IF($G$21=O107,$G$17&" ("&TEXT($G$54,"$#,##0")&")",""),IF($D$21=O107,$D$17,""),IF($E$21=O107,$E$17,""),IF($F$21=O107,$F$17,"")) | O107: -2 | P107: 2% less | R107: =_xlfn.TEXTJOIN(", ",TRUE,IF($G$22=S107,$G$17&" ("&TEXT($G$55,"$#,##0")&")",""),IF($D$22=S107,$D$17,""),IF($E$22=S107,$E$17,""),IF($F$22=S107,$F$17,"")) | S107: -2 | T107: 2% less | V107: =_xlfn.TEXTJOIN(", ",TRUE,IF($G$23=W107,$G$17&" ("&TEXT($G$56,"$#,##0")&")",""),IF($D$23=W107,$D$17,""),IF($E$23=W107,$E$17,""),IF($F$23=W107,$F$17,"")) | W107: -2 | X107: 2% less
B108: =_xlfn.TEXTJOIN(", ",TRUE,IF($G$18=C108,$G$17&" ("&TEXT($G$51,"$#,##0")&")",""),IF($D$18=C108,$D$17,""),IF($E$18=C108,$E$17,""),IF($F$18=C108,$F$17,"")) | C108: -3 | D108: 3% less | F108: =_xlfn.TEXTJOIN(", ",TRUE,IF($G$19=G108,$G$17&" ("&TEXT($G$52,"$#,##0")&")",""),IF($D$19=G108,$D$17,""),IF($E$19=G108,$E$17,""),IF($F$19=G108,$F$17,"")) | G108: -3 | H108: 3% less | J108: =_xlfn.TEXTJOIN(", ",TRUE,IF($G$20=K108,$G$17&" ("&TEXT($G$53,"$#,##0")&")",""),IF($D$20=K108,$D$17,""),IF($E$20=K108,$E$17,""),IF($F$20=K108,$F$17,"")) | K108: -3 | L108: 3% less | N108: =_xlfn.TEXTJOIN(", ",TRUE,IF($G$21=O108,$G$17&" ("&TEXT($G$54,"$#,##0")&")",""),IF($D$21=O108,$D$17,""),IF($E$21=O108,$E$17,""),IF($F$21=O108,$F$17,"")) | O108: -3 | P108: 3% less | R108: =_xlfn.TEXTJOIN(", ",TRUE,IF($G$22=S108,$G$17&" ("&TEXT($G$55,"$#,##0")&")",""),IF($D$22=S108,$D$17,""),IF($E$22=S108,$E$17,""),IF($F$22=S108,$F$17,"")) | S108: -3 | T108: 3% less | V108: =_xlfn.TEXTJOIN(", ",TRUE,IF($G$23=W108,$G$17&" ("&TEXT($G$56,"$#,##0")&")",""),IF($D$23=W108,$D$17,""),IF($E$23=W108,$E$17,""),IF($F$23=W108,$F$17,"")) | W108: -3 | X108: 3% less
B109: =_xlfn.TEXTJOIN(", ",TRUE,IF($G$18=C109,$G$17&" ("&TEXT($G$51,"$#,##0")&")",""),IF($D$18=C109,$D$17,""),IF($E$18=C109,$E$17,""),IF($F$18=C109,$F$17,"")) | C109: -4 | D109: 4% less | F109: =_xlfn.TEXTJOIN(", ",TRUE,IF($G$19=G109,$G$17&" ("&TEXT($G$52,"$#,##0")&")",""),IF($D$19=G109,$D$17,""),IF($E$19=G109,$E$17,""),IF($F$19=G109,$F$17,"")) | G109: -4 | H109: 4% less | J109: =_xlfn.TEXTJOIN(", ",TRUE,IF($G$20=K109,$G$17&" ("&TEXT($G$53,"$#,##0")&")",""),IF($D$20=K109,$D$17,""),IF($E$20=K109,$E$17,""),IF($F$20=K109,$F$17,"")) | K109: -4 | L109: 4% less | N109: =_xlfn.TEXTJOIN(", ",TRUE,IF($G$21=O109,$G$17&" ("&TEXT($G$54,"$#,##0")&")",""),IF($D$21=O109,$D$17,""),IF($E$21=O109,$E$17,""),IF($F$21=O109,$F$17,"")) | O109: -4 | P109: 4% less | R109: =_xlfn.TEXTJOIN(", ",TRUE,IF($G$22=S109,$G$17&" ("&TEXT($G$55,"$#,##0")&")",""),IF($D$22=S109,$D$17,""),IF($E$22=S109,$E$17,""),IF($F$22=S109,$F$17,"")) | S109: -4 | T109: 4% less | V109: =_xlfn.TEXTJOIN(", ",TRUE,IF($G$23=W109,$G$17&" ("&TEXT($G$56,"$#,##0")&")",""),IF($D$23=W109,$D$17,""),IF($E$23=W109,$E$17,""),IF($F$23=W109,$F$17,"")) | W109: -4 | X109: 4% less
...

Sheet Overall Restoration (Acres)
A1: Habitat Type | B1: Region_Nam | C1: Region_Code | D1: Regional Acres | F1: Use These for landscape restoration | G1: Habitat / Delta-Wide Total | H1: Suisun | I1: Central | J1: North | K1: South | L1: Upland
A2: Transitional | B2: South Delta | C2: South | D2: 67259.975 | F2: Full Restoration (In-Delta ECO + NGW) (100%) | G2: Transitional | H2: =SUMIFS($D$2:$D$14,$A$2:$A$14,$G2,$C$2:$C$14,H$1) -> 0 | I2: =SUMIFS($D$2:$D$14,$A$2:$A$14,$G2,$C$2:$C$14,I$1) -> 0 | J2: =SUMIFS($D$2:$D$14,$A$2:$A$14,$G2,$C$2:$C$14,J$1) -> 80428.56 | K2: =SUMIFS($D$2:$D$14,$A$2:$A$14,$G2,$C$2:$C$14,K$1) -> 67259.975
A3: Transitional | B3: North Delta | C3: North | D3: 80428.56 | G3: Soil | H3: =SUMIFS($D$2:$D$14,$A$2:$A$14,$G3,$C$2:$C$14,H$1) -> 0 | I3: =SUMIFS($D$2:$D$14,$A$2:$A$14,$G3,$C$2:$C$14,I$1) -> 34255.257 | J3: =SUMIFS($D$2:$D$14,$A$2:$A$14,$G3,$C$2:$C$14,J$1) -> 93152.202 | K3: =SUMIFS($D$2:$D$14,$A$2:$A$14,$G3,$C$2:$C$14,K$1) -> 79914.462
A4: Soil | B4: North Delta | C4: North | D4: 93152.202 | G4: Tidal | H4: =41720 -> 41720 | I4: =SUMIFS($D$2:$D$14,$A$2:$A$14,$G4,$C$2:$C$14,I$1) -> 3324.5082 | J4: =SUMIFS($D$2:$D$14,$A$2:$A$14,$G4,$C$2:$C$14,J$1) -> 25938.422 | K4: =SUMIFS($D$2:$D$14,$A$2:$A$14,$G4,$C$2:$C$14,K$1) -> 0
A5: Soil | B5: South Delta | C5: South | D5: 79914.462 | G5: MW | H5: =SUMIFS($D$2:$D$14,$A$2:$A$14,$G5,$C$2:$C$14,H$1) -> 0 | I5: =SUMIFS($D$2:$D$14,$A$2:$A$14,$G5,$C$2:$C$14,I$1) -> 29367 | J5: =SUMIFS($D$2:$D$14,$A$2:$A$14,$G5,$C$2:$C$14,J$1) -> 84385 | K5: =SUMIFS($D$2:$D$14,$A$2:$A$14,$G5,$C$2:$C$14,K$1) -> 130507 | M5: Franks Tract (ECO) | N5: 1380
A6: Soil | B6: Convergence Zone | C6: Central | D6: 34255.257 | F6: Upland Upper Bound (100%) | G6: Meadows | L6: =SUMIFS($D$2:$D$14,$A$2:$A$14,$G6,$C$2:$C$14,L$1) -> 347591
A7: Tidal | B7: North Delta | C7: North | D7: 25938.422 | G7: Floodplain | L7: =SUMIFS($D$2:$D$14,$A$2:$A$14,$G7,$C$2:$C$14,L$1) -> 303372
A8: Tidal | B8: Convergence Zone | C8: Central | D8: 3324.5082 | G8: Wetland | L8: 207004
A9: Tidal | B9: Suisun Marsh | C9: Suisun | D9: 41914.112 | F9: Upland Middle Bound (50%) | G9: Meadows | L9: =AVERAGE(L6,L12) -> 179588.5
A10: MW | B10: North Delta | C10: North | D10: 84385 | G10: Floodplain | L10: =AVERAGE(L7,L13) -> 154866
A11: MW | B11: Convergence Zone | C11: Central | D11: 29367 | G11: Wetland | L11: =AVERAGE(L8,L14) -> 127608.5
A12: MW | B12: South Delta | C12: South | D12: 130507 | F12: Upland Lower Bound (25%) | G12: Meadows | L12: 11586
A13: Meadows | B13: Non-Delta | C13: Upland | D13: 347591 | G13: Floodplain | L13: 6360 | O13: RESTORED ACRES SCORES (-5 to 5 vs BAU Protected Areas, row 19)
A14: Floodplain | B14: Non-Delta | C14: Upland | D14: 303372 | G14: Wetland | L14: 48213 | O14: SCENARIO | P14: BAU Baseline (Delta-Wide acres) | Q14: Delta-Wide | R14: Suisun | S14: Central | T14: North | U14: South | V14: Upland
A15: Wetlands | B15: Non-Delta | C15: Upland | D15: 207004 | F15: NGW Total (Upper, 100%) | G15: =SUM(H15:L15) -> 1528219.4 | H15: =SUM(H$2:H$5)+SUM(H$6:H$8) -> 41720 | I15: =SUM(I$2:I$5)+SUM(I$6:I$8) -> 66946.765 | J15: =SUM(J$2:J$5)+SUM(J$6:J$8) -> 283904.18 | K15: =SUM(K$2:K$5)+SUM(K$6:K$8) -> 277681.44 | L15: =SUM(L$2:L$5)+SUM(L$6:L$8) -> 857967 | O15: =F15 -> NGW Total (Upper, 100%) | P15: =$G$19 -> 108300.7 | Q15: =IF($P15=0,IF(N($G15)>0,5,0),MAX(-5,MIN(5,ROUND(N($G15)/$P15*100,0)))) -> 5 | R15: =IF(H$19=0,IF(N(H15)>0,5,0),MAX(-5,MIN(5,ROUND(N(H15)/H$19*100,0)))) -> 5 | S15: =IF(I$19=0,IF(N(I15)>0,5,0),MAX(-5,MIN(5,ROUND(N(I15)/I$19*100,0)))) -> 5 | T15: =IF(J$19=0,IF(N(J15)>0,5,0),MAX(-5,MIN(5,ROUND(N(J15)/J$19*100,0)))) -> 5 | U15: =IF(K$19=0,IF(N(K15)>0,5,0),MAX(-5,MIN(5,ROUND(N(K15)/K$19*100,0)))) -> 5 | V15: =IF(L$19=0,IF(N(L15)>0,5,0),MAX(-5,MIN(5,ROUND(N(L15)/L$19*100,0)))) -> 5
F16: NGW Total (Middle, 50%) | G16: =SUM(H16:L16) -> 1132315.4 | H16: =SUM(H$2:H$5)+SUM(H$9:H$11) -> 41720 | I16: =SUM(I$2:I$5)+SUM(I$9:I$11) -> 66946.765 | J16: =SUM(J$2:J$5)+SUM(J$9:J$11) -> 283904.18 | K16: =SUM(K$2:K$5)+SUM(K$9:K$11) -> 277681.44 | L16: =SUM(L$2:L$5)+SUM(L$9:L$11) -> 462063 | O16: =F16 -> NGW Total (Middle, 50%) | P16: =$G$19 -> 108300.7 | Q16: =IF($P16=0,IF(N($G16)>0,5,0),MAX(-5,MIN(5,ROUND(N($G16)/$P16*100,0)))) -> 5 | R16: =IF(H$19=0,IF(N(H16)>0,5,0),MAX(-5,MIN(5,ROUND(N(H16)/H$19*100,0)))) -> 5 | S16: =IF(I$19=0,IF(N(I16)>0,5,0),MAX(-5,MIN(5,ROUND(N(I16)/I$19*100,0)))) -> 5 | T16: =IF(J$19=0,IF(N(J16)>0,5,0),MAX(-5,MIN(5,ROUND(N(J16)/J$19*100,0)))) -> 5 | U16: =IF(K$19=0,IF(N(K16)>0,5,0),MAX(-5,MIN(5,ROUND(N(K16)/K$19*100,0)))) -> 5 | V16: =IF(L$19=0,IF(N(L16)>0,5,0),MAX(-5,MIN(5,ROUND(N(L16)/L$19*100,0)))) -> 5
F17: NGW Total (Lower, 25%) | G17: =SUM(H17:L17) -> 736411.39 | H17: =SUM(H$2:H$5)+SUM(H$12:H$14) -> 41720 | I17: =SUM(I$2:I$5)+SUM(I$12:I$14) -> 66946.765 | J17: =SUM(J$2:J$5)+SUM(J$12:J$14) -> 283904.18 | K17: =SUM(K$2:K$5)+SUM(K$12:K$14) -> 277681.44 | L17: =SUM(L$2:L$5)+SUM(L$12:L$14) -> 66159 | O17: =F17 -> NGW Total (Lower, 25%) | P17: =$G$19 -> 108300.7 | Q17: =IF($P17=0,IF(N($G17)>0,5,0),MAX(-5,MIN(5,ROUND(N($G17)/$P17*100,0)))) -> 5 | R17: =IF(H$19=0,IF(N(H17)>0,5,0),MAX(-5,MIN(5,ROUND(N(H17)/H$19*100,0)))) -> 5 | S17: =IF(I$19=0,IF(N(I17)>0,5,0),MAX(-5,MIN(5,ROUND(N(I17)/I$19*100,0)))) -> 5 | T17: =IF(J$19=0,IF(N(J17)>0,5,0),MAX(-5,MIN(5,ROUND(N(J17)/J$19*100,0)))) -> 5 | U17: =IF(K$19=0,IF(N(K17)>0,5,0),MAX(-5,MIN(5,ROUND(N(K17)/K$19*100,0)))) -> 5 | V17: =IF(L$19=0,IF(N(L17)>0,5,0),MAX(-5,MIN(5,ROUND(N(L17)/L$19*100,0)))) -> 5
C18: =SUM(D2:D12) -> 670446.5 | F18: ECO Total (Only One Scenario) | G18: =SUM(H18:L18) -> 43100 | H18: =SUM(H$2:H$5) -> 41720 | I18: =N5 -> 1380 | J18: NA | K18: NA | L18: NA | O18: =F18 -> ECO Total (Only One Scenario) | P18: =$G$19 -> 108300.7 | Q18: =IF($P18=0,IF(N($G18)>0,5,0),MAX(-5,MIN(5,ROUND(N($G18)/$P18*100,0)))) -> 5 | R18: =IF(H$19=0,IF(N(H18)>0,5,0),MAX(-5,MIN(5,ROUND(N(H18)/H$19*100,0)))) -> 5 | S18: =IF(I$19=0,IF(N(I18)>0,5,0),MAX(-5,MIN(5,ROUND(N(I18)/I$19*100,0)))) -> 5 | T18: =IF(J$19=0,IF(N(J18)>0,5,0),MAX(-5,MIN(5,ROUND(N(J18)/J$19*100,0)))) -> 0 | U18: =IF(K$19=0,IF(N(K18)>0,5,0),MAX(-5,MIN(5,ROUND(N(K18)/K$19*100,0)))) -> 0 | V18: =IF(L$19=0,IF(N(L18)>0,5,0),MAX(-5,MIN(5,ROUND(N(L18)/L$19*100,0)))) -> 0
F19: BAU — Existing Protected Areas (Current Inventory) NOT NEEDED FOR WEBSITE. | G19: =SUM(H19:L19) -> 108300.7 | H19: =SUMIFS($H$57:$H$60,$G$57:$G$60,H$1) -> 18138.948 | I19: =SUMIFS($H$57:$H$60,$G$57:$G$60,I$1) -> 23825.864 | J19: =SUMIFS($H$57:$H$60,$G$57:$G$60,J$1) -> 56014.074 | K19: =SUMIFS($H$57:$H$60,$G$57:$G$60,K$1) -> 10321.817 | L19: =SUMIFS($H$57:$H$60,$G$57:$G$60,L$1) -> 0 | O19: BAU — Existing Protected Areas (Baseline) | P19: =$G$19 -> 108300.7 | Q19: 0 | R19: 0 | S19: 0 | T19: 0 | U19: 0 | V19: 0
F20: NGW = In-Delta + Upland band; ECO = In-Delta only (Upland excluded). Middle Bound = average of Upper and Lower. | O20: Score = % gain over BAU protected acres (row 19), rounded, capped at ±5 (1% = 1 step). Scenario acres are ADDED on top of BAU: (BAU + restored − BAU) / BAU. NA = no restoration in that region, so BAU is unchanged = 0. BAU = 0 (Upland): any gain = +5. BAU row = 0 by definition.
A22: 1. In-Delta Values derive from NGW and Eco Machine in-Delta Acres, and these sheets, used 100% Restoration for this slide 2. Upland (Upper Bound and Lower Bound) restoration values derive from Slide 56 BDSC Presentation Note: only Full Restoration analyzed with In-Delta restoration Objectives (This sheet), while upper and lower bounds are included for upland restoration (Reflected on Restoration ($) Combined sheet 100% and 25% sums Figures here are for Rec Criterion Manuscript and don't serve any other purpose, feel free to map at will for website.
F40: Region_Nam | G40: Region | H40: Habitat Type | I40: Regional Acres
F41: Suisun Marsh | G41: Suisun | H41: Tidal | I41: 41914.112
F42: Convergence Zone | G42: Central | H42: Tidal | I42: 3324.5082
F43: Convergence Zone | H43: Managed Wetland | I43: 29367
F44: Convergence Zone | H44: Soil | I44: 34255.257
F45: North Delta | G45: North | H45: Tidal | I45: 25938.422
F46: North Delta | H46: Managed Wetland | I46: 84385
F47: North Delta | H47: Soil | I47: 93152.202
F48: North Delta | H48: Transitional | I48: 80428.56
F49: South Delta | G49: South | H49: Managed Wetland | I49: 130507
F50: South Delta | H50: Soil | I50: 79914.462
F51: South Delta | H51: Transitional | I51: 67259.975
F52: Non-Delta | G52: Upland | H52: Meadows | I52: 347591
F53: Non-Delta | H53: Floodplain | I53: 303372
F54: Non-Delta | H54: Wetlands | I54: 207004
F56: Region_Nam | G56: Region | H56: Protected Acres (BAU)
F57: Convergence Zone | G57: Central | H57: 23825.864
F58: North Delta | G58: North | H58: 56014.074
F59: South Delta | G59: South | H59: 10321.817
F60: Suisun Marsh | G60: Suisun | H60: 18138.948
F61: Total | H61: =SUM(H57:H60) -> 108300.7

Sheet Restoration ($) Combined
C2: $/acre/yr (all islands) | D2: 351.29 | E2: 283.15 | F2: 372.49 | G2: 218.04 | H2: 162.02 | I2: 152.17 | J2: 93.12 | K2: 34.07 | L2: 34.07 | M2: 10.6 | N2: =SUM(D2:M2) -> 1711.02
A3: 100% Restoration | B3: Region | C3: Island | D3: Flood control | E3: Recreational fishing | F3: Amenity/recreation | G3: Water filtering | H3: Biodiversity | I3: Habitat nursery | J3: Recreational hunting | K3: Water supply | L3: Materials | M3: Fuel wood | N3: Sum of all ten | O3: Island acres | P3: Restored (1=yes, 0=no) | Q3: Restored acres
B4: Suisun Marsh | C4: Suisun | D4: =$Q4*D$2 -> 14724008 | E4: =$Q4*E$2 -> 11867981 | F4: =$Q4*F$2 -> 15612588 | G4: =$Q4*G$2 -> 9138953 | H4: =$Q4*H$2 -> 6790924.4 | I4: =$Q4*I$2 -> 6378070.4 | J4: =$Q4*J$2 -> 3903042.1 | K4: =$Q4*K$2 -> 1428013.8 | ... M4: =$Q4*M$2 -> 444289.59 | N4: =SUM(D4:M4) -> 71715884 | O4: ='Overall Restoration (Acres)'!$D$9 -> 41914.112 | P4: 1 | Q4: =O4*P4 -> 41914.112
B5: Central Delta | C5: Bethel Island | D5: =$Q5*D$2 -> 1131153.8 | E5: =$Q5*E$2 -> 911743 | F5: =$Q5*F$2 -> 1199417.8 | G5: =$Q5*G$2 -> 702088.8 | H5: =$Q5*H$2 -> 521704.4 | I5: =$Q5*I$2 -> 489987.4 | J5: =$Q5*J$2 -> 299846.4 | K5: =$Q5*K$2 -> 109705.4 | ... M5: =$Q5*M$2 -> 34132 | N5: =SUM(D5:M5) -> 5509484.4 | O5: =INDEX(References!$C$2:$C$38,MATCH(C5,References!$A$2:$A$38,0)) -> 3220 | P5: 1 | Q5: =O5*P5 -> 3220
C6: Jersey Island | D6: =$Q6*D$2 -> 1215112.1 | E6: =$Q6*E$2 -> 979415.85 | F6: =$Q6*F$2 -> 1288442.9 | G6: =$Q6*G$2 -> 754200.36 | H6: =$Q6*H$2 -> 560427.18 | I6: =$Q6*I$2 -> 526356.03 | J6: =$Q6*J$2 -> 322102.08 | K6: =$Q6*K$2 -> 117848.13 | ... M6: =$Q6*M$2 -> 36665.4 | N6: =SUM(D6:M6) -> 5918418.2 | O6: =INDEX(References!$C$2:$C$38,MATCH(C6,References!$A$2:$A$38,0)) -> 3459 | P6: 1 | Q6: =O6*P6 -> 3459
C7: Webb Tract | D7: =$Q7*D$2 -> 1909612.4 | E7: =$Q7*E$2 -> 1539203.4 | F7: =$Q7*F$2 -> 2024855.6 | G7: =$Q7*G$2 -> 1185265.4 | H7: =$Q7*H$2 -> 880740.72 | I7: =$Q7*I$2 -> 827196.12 | J7: =$Q7*J$2 -> 506200.32 | K7: =$Q7*K$2 -> 185204.52 | ... M7: =$Q7*M$2 -> 57621.6 | N7: =SUM(D7:M7) -> 9301104.7 | O7: =INDEX(References!$C$2:$C$38,MATCH(C7,References!$A$2:$A$38,0)) -> 5436 | P7: 1 | Q7: =O7*P7 -> 5436
C8: Bradford Island | D8: =$Q8*D$2 -> 750004.15 | E8: =$Q8*E$2 -> 604525.25 | F8: =$Q8*F$2 -> 795266.15 | G8: =$Q8*G$2 -> 465515.4 | H8: =$Q8*H$2 -> 345912.7 | I8: =$Q8*I$2 -> 324882.95 | J8: =$Q8*J$2 -> 198811.2 | K8: =$Q8*K$2 -> 72739.45 | ... M8: =$Q8*M$2 -> 22631 | N8: =SUM(D8:M8) -> 3653027.7 | O8: =INDEX(References!$C$2:$C$38,MATCH(C8,References!$A$2:$A$38,0)) -> 2135 | P8: 1 | Q8: =O8*P8 -> 2135
C9: Sherman Island | D9: =$Q9*D$2 -> 3575429.6 | E9: =$Q9*E$2 -> 2881900.7 | F9: =$Q9*F$2 -> 3791203.2 | G9: =$Q9*G$2 -> 2219211.1 | H9: =$Q9*H$2 -> 1649039.6 | I9: =$Q9*I$2 -> 1548786.3 | J9: =$Q9*J$2 -> 947775.36 | K9: =$Q9*K$2 -> 346764.46 | ... M9: =$Q9*M$2 -> 107886.8 | N9: =SUM(D9:M9) -> 17414762 | O9: =INDEX(References!$C$2:$C$38,MATCH(C9,References!$A$2:$A$38,0)) -> 10178 | P9: 1 | Q9: =O9*P9 -> 10178
C10: Franks Tract | D10: =$Q10*D$2 -> 484780.2 | E10: =$Q10*E$2 -> 390747 | F10: =$Q10*F$2 -> 514036.2 | G10: =$Q10*G$2 -> 300895.2 | H10: =$Q10*H$2 -> 223587.6 | I10: =$Q10*I$2 -> 209994.6 | J10: =$Q10*J$2 -> 128505.6 | K10: =$Q10*K$2 -> 47016.6 | ... M10: =$Q10*M$2 -> 14628 | N10: =SUM(D10:M10) -> 2361207.6 | O10: 1380 | P10: 1 | Q10: =O10*P10 -> 1380
C11: Twitchell Island | D11: =$Q11*D$2 -> 1250241.1 | E11: =$Q11*E$2 -> 1007730.8 | F11: =$Q11*F$2 -> 1325691.9 | G11: =$Q11*G$2 -> 776004.36 | H11: =$Q11*H$2 -> 576629.18 | I11: =$Q11*I$2 -> 541573.03 | J11: =$Q11*J$2 -> 331414.08 | K11: =$Q11*K$2 -> 121255.13 | ... M11: =$Q11*M$2 -> 37725.4 | N11: =SUM(D11:M11) -> 6089520.2 | O11: =INDEX(References!$C$2:$C$38,MATCH(C11,References!$A$2:$A$38,0)) -> 3559 | P11: 1 | Q11: =O11*P11 -> 3559
B12: North Delta | C12: Grand Island | D12: =$Q12*D$2 -> 5811390.5 | E12: =$Q12*E$2 -> 4684150.4 | F12: =$Q12*F$2 -> 6162102.1 | G12: =$Q12*G$2 -> 3607035.7 | H12: =$Q12*H$2 -> 2680296.9 | I12: =$Q12*I$2 -> 2517348.3 | J12: =$Q12*J$2 -> 1540484.2 | K12: =$Q12*K$2 -> 563620.01 | ... M12: =$Q12*M$2 -> 175355.8 | N12: =SUM(D12:M12) -> 28305404 | O12: =INDEX(References!$C$2:$C$38,MATCH(C12,References!$A$2:$A$38,0)) -> 16543 | P12: 1 | Q12: =O12*P12 -> 16543
C13: Ryer Island | D13: =$Q13*D$2 -> 4144519.4 | E13: =$Q13*E$2 -> 3340603.7 | F13: =$Q13*F$2 -> 4394637 | G13: =$Q13*G$2 -> 2572435.9 | H13: =$Q13*H$2 -> 1911512 | I13: =$Q13*I$2 -> 1795301.7 | J13: =$Q13*J$2 -> 1098629.8 | K13: =$Q13*K$2 -> 401957.86 | ... M13: =$Q13*M$2 -> 125058.8 | N13: =SUM(D13:M13) -> 20186614 | O13: =INDEX(References!$C$2:$C$38,MATCH(C13,References!$A$2:$A$38,0)) -> 11798 | P13: 1 | Q13: =O13*P13 -> 11798
C14: Tyler Island | D14: =$Q14*D$2 -> 3091000.7 | E14: =$Q14*E$2 -> 2491436.8 | F14: =$Q14*F$2 -> 3277539.5 | G14: =$Q14*G$2 -> 1918534 | H14: =$Q14*H$2 -> 1425614 | I14: =$Q14*I$2 -> 1338943.8 | J14: =$Q14*J$2 -> 819362.88 | K14: =$Q14*K$2 -> 299781.93 | ... M14: =$Q14*M$2 -> 93269.4 | N14: =SUM(D14:M14) -> 15055265 | O14: =INDEX(References!$C$2:$C$38,MATCH(C14,References!$A$2:$A$38,0)) -> 8799 | P14: 1 | Q14: =O14*P14 -> 8799
C15: Staten Island | D15: =$Q15*D$2 -> 3200603.2 | E15: =$Q15*E$2 -> 2579779.6 | F15: =$Q15*F$2 -> 3393756.4 | G15: =$Q15*G$2 -> 1986562.4 | H15: =$Q15*H$2 -> 1476164.2 | I15: =$Q15*I$2 -> 1386420.9 | J15: =$Q15*J$2 -> 848416.32 | K15: =$Q15*K$2 -> 310411.77 | ... M15: =$Q15*M$2 -> 96576.6 | N15: =SUM(D15:M15) -> 15589103 | O15: =INDEX(References!$C$2:$C$38,MATCH(C15,References!$A$2:$A$38,0)) -> 9111 | P15: 1 | Q15: =O15*P15 -> 9111
C16: Dead Horse Island | D16: =$Q16*D$2 -> 73068.32 | E16: =$Q16*E$2 -> 58895.2 | F16: =$Q16*F$2 -> 77477.92 | G16: =$Q16*G$2 -> 45352.32 | H16: =$Q16*H$2 -> 33700.16 | I16: =$Q16*I$2 -> 31651.36 | J16: =$Q16*J$2 -> 19368.96 | K16: =$Q16*K$2 -> 7086.56 | ... M16: =$Q16*M$2 -> 2204.8 | N16: =SUM(D16:M16) -> 355892.16 | O16: =INDEX(References!$C$2:$C$38,MATCH(C16,References!$A$2:$A$38,0)) -> 208 | P16: 1 | Q16: =O16*P16 -> 208
C17: Sutter Island | D17: =$Q17*D$2 -> 883143.06 | E17: =$Q17*E$2 -> 711839.1 | F17: =$Q17*F$2 -> 936439.86 | G17: =$Q17*G$2 -> 548152.56 | H17: =$Q17*H$2 -> 407318.28 | I17: =$Q17*I$2 -> 382555.38 | J17: =$Q17*J$2 -> 234103.68 | K17: =$Q17*K$2 -> 85651.98 | ... M17: =$Q17*M$2 -> 26648.4 | N17: =SUM(D17:M17) -> 4301504.3 | O17: =INDEX(References!$C$2:$C$38,MATCH(C17,References!$A$2:$A$38,0)) -> 2514 | P17: 1 | Q17: =O17*P17 -> 2514
C18: New Hope Tract | D18: =$Q18*D$2 -> 3235732.2 | E18: =$Q18*E$2 -> 2608094.6 | F18: =$Q18*F$2 -> 3431005.4 | G18: =$Q18*G$2 -> 2008366.4 | H18: =$Q18*H$2 -> 1492366.2 | I18: =$Q18*I$2 -> 1401637.9 | J18: =$Q18*J$2 -> 857728.32 | K18: =$Q18*K$2 -> 313818.77 | ... M18: =$Q18*M$2 -> 97636.6 | N18: =SUM(D18:M18) -> 15760205 | O18: =INDEX(References!$C$2:$C$38,MATCH(C18,References!$A$2:$A$38,0)) -> 9211 | P18: 1 | Q18: =O18*P18 -> 9211
C19: Canal Ranch Tract | D19: =$Q19*D$2 -> 1031387.4 | E19: =$Q19*E$2 -> 831328.4 | F19: =$Q19*F$2 -> 1093630.6 | G19: =$Q19*G$2 -> 640165.44 | H19: =$Q19*H$2 -> 475690.72 | I19: =$Q19*I$2 -> 446771.12 | J19: =$Q19*J$2 -> 273400.32 | K19: =$Q19*K$2 -> 100029.52 | ... M19: =$Q19*M$2 -> 31121.6 | N19: =SUM(D19:M19) -> 5023554.7 | O19: =INDEX(References!$C$2:$C$38,MATCH(C19,References!$A$2:$A$38,0)) -> 2936 | P19: 1 | Q19: =O19*P19 -> 2936
B20: North-Central | C20: Brannan Island | D20: =$Q20*D$2 -> 4534100 | E20: =$Q20*E$2 -> 3654617 | F20: =$Q20*F$2 -> 4807728.4 | G20: =$Q20*G$2 -> 2814242.3 | H20: =$Q20*H$2 -> 2091192.1 | I20: =$Q20*I$2 -> 1964058.2 | J20: =$Q20*J$2 -> 1201899.8 | K20: =$Q20*K$2 -> 439741.49 | ... M20: =$Q20*M$2 -> 136814.2 | N20: =SUM(D20:M20) -> 22084135 | O20: =INDEX(References!$C$2:$C$38,MATCH(C20,References!$A$2:$A$38,0)) -> 12907 | P20: 1 | Q20: =O20*P20 -> 12907
B21: North-South | C21: Terminous Tract | D21: =$Q21*D$2 -> 3638661.8 | E21: =$Q21*E$2 -> 2932867.7 | F21: =$Q21*F$2 -> 3858251.4 | G21: =$Q21*G$2 -> 2258458.3 | H21: =$Q21*H$2 -> 1678203.2 | I21: =$Q21*I$2 -> 1576176.9 | J21: =$Q21*J$2 -> 964536.96 | K21: =$Q21*K$2 -> 352897.06 | ... M21: =$Q21*M$2 -> 109794.8 | N21: =SUM(D21:M21) -> 17722745 | O21: =INDEX(References!$C$2:$C$38,MATCH(C21,References!$A$2:$A$38,0)) -> 10358 | P21: 1 | Q21: =O21*P21 -> 10358
B22: South Delta | C22: Bouldin Island | D22: =$Q22*D$2 -> 2085257.4 | E22: =$Q22*E$2 -> 1680778.4 | F22: =$Q22*F$2 -> 2211100.6 | G22: =$Q22*G$2 -> 1294285.4 | H22: =$Q22*H$2 -> 961750.72 | I22: =$Q22*I$2 -> 903281.12 | J22: =$Q22*J$2 -> 552760.32 | K22: =$Q22*K$2 -> 202239.52 | ... M22: =$Q22*M$2 -> 62921.6 | N22: =SUM(D22:M22) -> 10156615 | O22: =INDEX(References!$C$2:$C$38,MATCH(C22,References!$A$2:$A$38,0)) -> 5936 | P22: 1 | Q22: =O22*P22 -> 5936
C23: Venice Island | D23: =$Q23*D$2 -> 1086891.3 | E23: =$Q23*E$2 -> 876066.1 | F23: =$Q23*F$2 -> 1152484.1 | G23: =$Q23*G$2 -> 674615.76 | H23: =$Q23*H$2 -> 501289.88 | I23: =$Q23*I$2 -> 470813.98 | J23: =$Q23*J$2 -> 288113.28 | K23: =$Q23*K$2 -> 105412.58 | ... M23: =$Q23*M$2 -> 32796.4 | N23: =SUM(D23:M23) -> 5293895.9 | O23: =INDEX(References!$C$2:$C$38,MATCH(C23,References!$A$2:$A$38,0)) -> 3094 | P23: 1 | Q23: =O23*P23 -> 3094
C24: Medford Island | D24: =$Q24*D$2 -> 409252.85 | E24: =$Q24*E$2 -> 329869.75 | F24: =$Q24*F$2 -> 433950.85 | G24: =$Q24*G$2 -> 254016.6 | H24: =$Q24*H$2 -> 188753.3 | I24: =$Q24*I$2 -> 177278.05 | J24: =$Q24*J$2 -> 108484.8 | K24: =$Q24*K$2 -> 39691.55 | ... M24: =$Q24*M$2 -> 12349 | N24: =SUM(D24:M24) -> 1993338.3 | O24: =INDEX(References!$C$2:$C$38,MATCH(C24,References!$A$2:$A$38,0)) -> 1165 | P24: 1 | Q24: =O24*P24 -> 1165
C25: Empire Tract | D25: =$Q25*D$2 -> 1273426.2 | E25: =$Q25*E$2 -> 1026418.7 | F25: =$Q25*F$2 -> 1350276.2 | G25: =$Q25*G$2 -> 790395 | H25: =$Q25*H$2 -> 587322.5 | I25: =$Q25*I$2 -> 551616.25 | J25: =$Q25*J$2 -> 337560 | K25: =$Q25*K$2 -> 123503.75 | ... M25: =$Q25*M$2 -> 38425 | N25: =SUM(D25:M25) -> 6202447.5 | O25: =INDEX(References!$C$2:$C$38,MATCH(C25,References!$A$2:$A$38,0)) -> 3625 | P25: 1 | Q25: =O25*P25 -> 3625
C26: King Island | D26: =$Q26*D$2 -> 1129748.6 | E26: =$Q26*E$2 -> 910610.4 | F26: =$Q26*F$2 -> 1197927.8 | G26: =$Q26*G$2 -> 701216.64 | H26: =$Q26*H$2 -> 521056.32 | I26: =$Q26*I$2 -> 489378.72 | J26: =$Q26*J$2 -> 299473.92 | K26: =$Q26*K$2 -> 109569.12 | ... M26: =$Q26*M$2 -> 34089.6 | N26: =SUM(D26:M26) -> 5502640.3 | O26: =INDEX(References!$C$2:$C$38,MATCH(C26,References!$A$2:$A$38,0)) -> 3216 | P26: 1 | Q26: =O26*P26 -> 3216
C27: Rindge Tract | D27: =$Q27*D$2 -> 2368748.5 | E27: =$Q27*E$2 -> 1909280.4 | F27: =$Q27*F$2 -> 2511700.1 | G27: =$Q27*G$2 -> 1470243.7 | H27: =$Q27*H$2 -> 1092500.9 | I27: =$Q27*I$2 -> 1026082.3 | J27: =$Q27*J$2 -> 627908.16 | K27: =$Q27*K$2 -> 229734.01 | ... M27: =$Q27*M$2 -> 71475.8 | N27: =SUM(D27:M27) -> 11537408 | O27: =INDEX(References!$C$2:$C$38,MATCH(C27,References!$A$2:$A$38,0)) -> 6743 | P27: 1 | Q27: =O27*P27 -> 6743
C28: Wright-Elmwood Tract | D28: =$Q28*D$2 -> 739465.45 | E28: =$Q28*E$2 -> 596030.75 | F28: =$Q28*F$2 -> 784091.45 | G28: =$Q28*G$2 -> 458974.2 | H28: =$Q28*H$2 -> 341052.1 | I28: =$Q28*I$2 -> 320317.85 | J28: =$Q28*J$2 -> 196017.6 | K28: =$Q28*K$2 -> 71717.35 | ... M28: =$Q28*M$2 -> 22313 | N28: =SUM(D28:M28) -> 3601697.1 | O28: =INDEX(References!$C$2:$C$38,MATCH(C28,References!$A$2:$A$38,0)) -> 2105 | P28: 1 | Q28: =O28*P28 -> 2105
C29: McDonald Tract | D29: =$Q29*D$2 -> 2128817.4 | E29: =$Q29*E$2 -> 1715889 | F29: =$Q29*F$2 -> 2257289.4 | G29: =$Q29*G$2 -> 1321322.4 | H29: =$Q29*H$2 -> 981841.2 | I29: =$Q29*I$2 -> 922150.2 | J29: =$Q29*J$2 -> 564307.2 | K29: =$Q29*K$2 -> 206464.2 | ... M29: =$Q29*M$2 -> 64236 | N29: =SUM(D29:M29) -> 10368781 | O29: =INDEX(References!$C$2:$C$38,MATCH(C29,References!$A$2:$A$38,0)) -> 6060 | P29: 1 | Q29: =O29*P29 -> 6060
C30: Jones Tract | D30: =$Q30*D$2 -> 4260093.8 | E30: =$Q30*E$2 -> 3433760 | F30: =$Q30*F$2 -> 4517186.2 | G30: =$Q30*G$2 -> 2644171.1 | H30: =$Q30*H$2 -> 1964816.5 | I30: =$Q30*I$2 -> 1845365.6 | J30: =$Q30*J$2 -> 1129266.2 | K30: =$Q30*K$2 -> 413166.89 | ... M30: =$Q30*M$2 -> 128546.2 | N30: =SUM(D30:M30) -> 20749540 | O30: =INDEX(References!$C$2:$C$38,MATCH(C30,References!$A$2:$A$38,0)) -> 12127 | P30: 1 | Q30: =O30*P30 -> 12127
C31: Rough and Ready | D31: =$Q31*D$2 -> 492157.29 | E31: =$Q31*E$2 -> 396693.15 | F31: =$Q31*F$2 -> 521858.49 | G31: =$Q31*G$2 -> 305474.04 | H31: =$Q31*H$2 -> 226990.02 | I31: =$Q31*I$2 -> 213190.17 | J31: =$Q31*J$2 -> 130461.12 | K31: =$Q31*K$2 -> 47732.07 | ... M31: =$Q31*M$2 -> 14850.6 | N31: =SUM(D31:M31) -> 2397139 | O31: =INDEX(References!$C$2:$C$38,MATCH(C31,References!$A$2:$A$38,0)) -> 1401 | P31: 1 | Q31: =O31*P31 -> 1401
C32: Roberts Island | D32: =$Q32*D$2 -> 12528055 | E32: =$Q32*E$2 -> 10097978 | F32: =$Q32*F$2 -> 13284111 | G32: =$Q32*G$2 -> 7775960.5 | H32: =$Q32*H$2 -> 5778119.3 | I32: =$Q32*I$2 -> 5426838.7 | J32: =$Q32*J$2 -> 3320938.6 | K32: =$Q32*K$2 -> 1215038.4 | ... M32: =$Q32*M$2 -> 378027.8 | N32: =SUM(D32:M32) -> 61020106 | O32: =INDEX(References!$C$2:$C$38,MATCH(C32,References!$A$2:$A$38,0)) -> 35663 | P32: 1 | Q32: =O32*P32 -> 35663
C33: Union Island | D33: =$Q33*D$2 -> 8694427.5 | E33: =$Q33*E$2 -> 7007962.5 | F33: =$Q33*F$2 -> 9219127.5 | G33: =$Q33*G$2 -> 5396490 | H33: =$Q33*H$2 -> 4009995 | I33: =$Q33*I$2 -> 3766207.5 | J33: =$Q33*J$2 -> 2304720 | K33: =$Q33*K$2 -> 843232.5 | ... M33: =$Q33*M$2 -> 262350 | N33: =SUM(D33:M33) -> 42347745 | O33: =INDEX(References!$C$2:$C$38,MATCH(C33,References!$A$2:$A$38,0)) -> 24750 | P33: 1 | Q33: =O33*P33 -> 24750
C34: Victoria Island | D34: =$Q34*D$2 -> 2526829 | E34: =$Q34*E$2 -> 2036697.9 | F34: =$Q34*F$2 -> 2679320.6 | G34: =$Q34*G$2 -> 1568361.7 | H34: =$Q34*H$2 -> 1165409.9 | I34: =$Q34*I$2 -> 1094558.8 | J34: =$Q34*J$2 -> 669812.16 | K34: =$Q34*K$2 -> 245065.51 | ... M34: =$Q34*M$2 -> 76245.8 | N34: =SUM(D34:M34) -> 12307367 | O34: =INDEX(References!$C$2:$C$38,MATCH(C34,References!$A$2:$A$38,0)) -> 7193 | P34: 1 | Q34: =O34*P34 -> 7193
... C42: Mandeville Island | D42: =$Q42*D$2 -> 1832679.9 | E42: =$Q42*E$2 -> 1477193.5 | F42: =$Q42*F$2 -> 1943280.3 | G42: =$Q42*G$2 -> 1137514.7 | H42: =$Q42*H$2 -> 845258.34 | I42: =$Q42*I$2 -> 793870.89 | J42: =$Q42*J$2 -> 485807.04 | K42: =$Q42*K$2 -> 177743.19 | ... M42: =$Q42*M$2 -> 55300.2 | N42: =SUM(D42:M42) -> 8926391.3 | O42: =INDEX(References!$C$2:$C$38,MATCH(C42,References!$A$2:$A$38,0)) -> 5217 | P42: 1 | Q42: =O42*P42 -> 5217
B43: Upland | C43: Meadows | D43: =$Q43*D$2 -> 1.2210524e+08 | E43: =$Q43*E$2 -> 98420392 | F43: =$Q43*F$2 -> 1.2947417e+08 | G43: =$Q43*G$2 -> 75788742 | H43: =$Q43*H$2 -> 56316694 | I43: =$Q43*I$2 -> 52892922 | J43: =$Q43*J$2 -> 32367674 | K43: =$Q43*K$2 -> 11842425 | ... N43: =$Q43*N$2 -> 5.9473515e+08 | O43: 347591 | P43: Upland (Upper Bound) | Q43: 347591
C44: Floodplain | D44: =$Q44*D$2 -> 1.0657155e+08 | E44: =$Q44*E$2 -> 85899782 | F44: =$Q44*F$2 -> 1.1300304e+08 | G44: =$Q44*G$2 -> 66147231 | H44: =$Q44*H$2 -> 49152331 | I44: =$Q44*I$2 -> 46164117 | J44: =$Q44*J$2 -> 28250001 | K44: =$Q44*K$2 -> 10335884 | ... N44: =$Q44*N$2 -> 5.1907556e+08 | O44: 303372 | P44: Upland (Upper Bound) | Q44: 303372
C45: Wetland | D45: =$Q45*D$2 -> 72718435 | E45: =$Q45*E$2 -> 58613183 | F45: =$Q45*F$2 -> 77106920 | G45: =$Q45*G$2 -> 45135152 | H45: =$Q45*H$2 -> 33538788 | I45: =$Q45*I$2 -> 31499799 | J45: =$Q45*J$2 -> 19276212 | K45: =$Q45*K$2 -> 7052626.3 | ... N45: =$Q45*N$2 -> 3.5418798e+08 | O45: 207004 | P45: Upland (Upper Bound) | Q45: 207004
C46: Totals summed (ECO + NGW + NGW Upland) | D46: =SUM(D4:D45) -> 4.0401024e+08 | E46: =SUM(E4:E45) -> 3.2564405e+08 | F46: =SUM(F4:F45) -> 4.2839185e+08 | G46: =SUM(G4:G45) -> 2.507626e+08 | H46: =SUM(H4:H45) -> 1.8633533e+08 | I46: =SUM(I4:I45) -> 1.7500708e+08 | J46: =SUM(J4:J45) -> 1.0709509e+08 | K46: =SUM(K4:K45) -> 39183093 | ... O46: =SUM(O4:O45) -> 1150076.1 | Q46: =SUM(Q4:Q45) -> 1150076.1
C47: Totals ECO (Suisun + Franks) Excluding NGW | D47: =D4+D10 -> 15208789 | E47: =E4+E10 -> 12258728 | F47: =F4+F10 -> 16126624 | G47: =G4+G10 -> 9439848.2 | H47: =H4+H10 -> 7014512 | I47: =I4+I10 -> 6588065 | J47: =J4+J10 -> 4031547.7 | K47: =K4+K10 -> 1475030.4 | ... N47: =N4+N10 -> 74077092 | O47: =SUM(O4+O10) -> 43294.112 | Q47: 43294
C48: Totals (ECO + NGW) - NGW Upland | D48: =SUM(D4:D42) -> 1.0261501e+08 | E48: =SUM(E4:E42) -> 82710695 | F48: =SUM(F4:F42) -> 1.0880772e+08 | G48: =SUM(G4:G42) -> 63691471 | H48: =SUM(H4:H42) -> 47327518 | I48: =SUM(I4:I42) -> 44450244 | J48: =SUM(J4:J42) -> 27201201 | K48: =SUM(K4:K42) -> 9952157.4 | ... N48: =SUM(N4:N42) -> 4.9980453e+08 | O48: =SUM(O4:O44) -> 943072.11 | Q48: =SUM(Q4:Q42) -> 292109.11
A50: 50% Restoration | B50: Region | C50: Island | D50: Flood control | E50: Recreational fishing | F50: Amenity/recreation | G50: Water filtering | H50: Biodiversity | I50: Habitat nursery | J50: Recreational hunting | K50: Water supply | L50: Materials | M50: Fuel wood | N50: Sum of all ten | O50: Island acres | P50: Restored (1=yes, 0=no) | Q50: Restored acres
A51: No Upland Range in 50% Restoration | B51: Suisun Marsh | C51: Suisun | D51: =$Q51*D$2 -> 14724008 | E51: =$Q51*E$2 -> 11867981 | F51: =$Q51*F$2 -> 15612588 | G51: =$Q51*G$2 -> 9138953 | H51: =$Q51*H$2 -> 6790924.4 | I51: =$Q51*I$2 -> 6378070.4 | J51: =$Q51*J$2 -> 3903042.1 | K51: =$Q51*K$2 -> 1428013.8 | ... M51: =$Q51*M$2 -> 444289.59 | N51: =SUM(D51:M51) -> 71715884 | O51: ='Overall Restoration (Acres)'!$D$9 -> 41914.112 | P51: 1 | Q51: =O51*P51 -> 41914.112
B52: Central Delta | C52: Bethel Island | D52: =$Q52*D$2 -> 1131153.8 | E52: =$Q52*E$2 -> 911743 | F52: =$Q52*F$2 -> 1199417.8 | G52: =$Q52*G$2 -> 702088.8 | H52: =$Q52*H$2 -> 521704.4 | I52: =$Q52*I$2 -> 489987.4 | J52: =$Q52*J$2 -> 299846.4 | K52: =$Q52*K$2 -> 109705.4 | ... M52: =$Q52*M$2 -> 34132 | N52: =SUM(D52:M52) -> 5509484.4 | O52: =INDEX(References!$C$2:$C$38,MATCH(C52,References!$A$2:$A$38,0)) -> 3220 | P52: 1 | Q52: =O52*P52 -> 3220
C53: Jersey Island | D53: =$Q53*D$2 -> 1215112.1 | E53: =$Q53*E$2 -> 979415.85 | F53: =$Q53*F$2 -> 1288442.9 | G53: =$Q53*G$2 -> 754200.36 | H53: =$Q53*H$2 -> 560427.18 | I53: =$Q53*I$2 -> 526356.03 | J53: =$Q53*J$2 -> 322102.08 | K53: =$Q53*K$2 -> 117848.13 | ... M53: =$Q53*M$2 -> 36665.4 | N53: =SUM(D53:M53) -> 5918418.2 | O53: =INDEX(References!$C$2:$C$38,MATCH(C53,References!$A$2:$A$38,0)) -> 3459 | P53: 1 | Q53: =O53*P53 -> 3459
C54: Webb Tract | D54: =$Q54*D$2 -> 1909612.4 | E54: =$Q54*E$2 -> 1539203.4 | F54: =$Q54*F$2 -> 2024855.6 | G54: =$Q54*G$2 -> 1185265.4 | H54: =$Q54*H$2 -> 880740.72 | I54: =$Q54*I$2 -> 827196.12 | J54: =$Q54*J$2 -> 506200.32 | K54: =$Q54*K$2 -> 185204.52 | ... M54: =$Q54*M$2 -> 57621.6 | N54: =SUM(D54:M54) -> 9301104.7 | O54: =INDEX(References!$C$2:$C$38,MATCH(C54,References!$A$2:$A$38,0)) -> 5436 | P54: 1 | Q54: =O54*P54 -> 5436
C55: Bradford Island | D55: =$Q55*D$2 -> 750004.15 | E55: =$Q55*E$2 -> 604525.25 | F55: =$Q55*F$2 -> 795266.15 | G55: =$Q55*G$2 -> 465515.4 | H55: =$Q55*H$2 -> 345912.7 | I55: =$Q55*I$2 -> 324882.95 | J55: =$Q55*J$2 -> 198811.2 | K55: =$Q55*K$2 -> 72739.45 | ... M55: =$Q55*M$2 -> 22631 | N55: =SUM(D55:M55) -> 3653027.7 | O55: =INDEX(References!$C$2:$C$38,MATCH(C55,References!$A$2:$A$38,0)) -> 2135 | P55: 1 | Q55: =O55*P55 -> 2135
C56: Sherman Island | D56: =$Q56*D$2 -> 3575429.6 | E56: =$Q56*E$2 -> 2881900.7 | F56: =$Q56*F$2 -> 3791203.2 | G56: =$Q56*G$2 -> 2219211.1 | H56: =$Q56*H$2 -> 1649039.6 | I56: =$Q56*I$2 -> 1548786.3 | J56: =$Q56*J$2 -> 947775.36 | K56: =$Q56*K$2 -> 346764.46 | ... M56: =$Q56*M$2 -> 107886.8 | N56: =SUM(D56:M56) -> 17414762 | O56: =INDEX(References!$C$2:$C$38,MATCH(C56,References!$A$2:$A$38,0)) -> 10178 | P56: 1 | Q56: =O56*P56 -> 10178
C57: Franks Tract | D57: =$Q57*D$2 -> 484780.2 | E57: =$Q57*E$2 -> 390747 | F57: =$Q57*F$2 -> 514036.2 | G57: =$Q57*G$2 -> 300895.2 | H57: =$Q57*H$2 -> 223587.6 | I57: =$Q57*I$2 -> 209994.6 | J57: =$Q57*J$2 -> 128505.6 | K57: =$Q57*K$2 -> 47016.6 | ... M57: =$Q57*M$2 -> 14628 | N57: =SUM(D57:M57) -> 2361207.6 | O57: 1380 | P57: 1 | Q57: =O57*P57 -> 1380
C58: Twitchell Island | D58: =$Q58*D$2 -> 1250241.1 | E58: =$Q58*E$2 -> 1007730.8 | F58: =$Q58*F$2 -> 1325691.9 | G58: =$Q58*G$2 -> 776004.36 | H58: =$Q58*H$2 -> 576629.18 | I58: =$Q58*I$2 -> 541573.03 | J58: =$Q58*J$2 -> 331414.08 | K58: =$Q58*K$2 -> 121255.13 | ... M58: =$Q58*M$2 -> 37725.4 | N58: =SUM(D58:M58) -> 6089520.2 | O58: =INDEX(References!$C$2:$C$38,MATCH(C58,References!$A$2:$A$38,0)) -> 3559 | P58: 1 | Q58: =O58*P58 -> 3559
B59: North Delta | C59: Grand Island | D59: =$Q59*D$2 -> 0 | E59: =$Q59*E$2 -> 0 | F59: =$Q59*F$2 -> 0 | G59: =$Q59*G$2 -> 0 | H59: =$Q59*H$2 -> 0 | I59: =$Q59*I$2 -> 0 | J59: =$Q59*J$2 -> 0 | K59: =$Q59*K$2 -> 0 | ... M59: =$Q59*M$2 -> 0 | N59: =SUM(D59:M59) -> 0 | O59: =INDEX(References!$C$2:$C$38,MATCH(C59,References!$A$2:$A$38,0)) -> 16543 | P59: 0 | Q59: =O59*P59 -> 0
C60: Ryer Island | D60: =$Q60*D$2 -> 0 | E60: =$Q60*E$2 -> 0 | F60: =$Q60*F$2 -> 0 | G60: =$Q60*G$2 -> 0 | H60: =$Q60*H$2 -> 0 | I60: =$Q60*I$2 -> 0 | J60: =$Q60*J$2 -> 0 | K60: =$Q60*K$2 -> 0 | ... M60: =$Q60*M$2 -> 0 | N60: =SUM(D60:M60) -> 0 | O60: =INDEX(References!$C$2:$C$38,MATCH(C60,References!$A$2:$A$38,0)) -> 11798 | P60: 0 | Q60: =O60*P60 -> 0
C61: Tyler Island | D61: =$Q61*D$2 -> 0 | E61: =$Q61*E$2 -> 0 | F61: =$Q61*F$2 -> 0 | G61: =$Q61*G$2 -> 0 | H61: =$Q61*H$2 -> 0 | I61: =$Q61*I$2 -> 0 | J61: =$Q61*J$2 -> 0 | K61: =$Q61*K$2 -> 0 | ... M61: =$Q61*M$2 -> 0 | N61: =SUM(D61:M61) -> 0 | O61: =INDEX(References!$C$2:$C$38,MATCH(C61,References!$A$2:$A$38,0)) -> 8799 | P61: 0 | Q61: =O61*P61 -> 0
C62: Staten Island | D62: =$Q62*D$2 -> 0 | E62: =$Q62*E$2 -> 0 | F62: =$Q62*F$2 -> 0 | G62: =$Q62*G$2 -> 0 | H62: =$Q62*H$2 -> 0 | I62: =$Q62*I$2 -> 0 | J62: =$Q62*J$2 -> 0 | K62: =$Q62*K$2 -> 0 | ... M62: =$Q62*M$2 -> 0 | N62: =SUM(D62:M62) -> 0 | O62: =INDEX(References!$C$2:$C$38,MATCH(C62,References!$A$2:$A$38,0)) -> 9111 | P62: 0 | Q62: =O62*P62 -> 0
C63: Dead Horse Island | D63: =$Q63*D$2 -> 0 | E63: =$Q63*E$2 -> 0 | F63: =$Q63*F$2 -> 0 | G63: =$Q63*G$2 -> 0 | H63: =$Q63*H$2 -> 0 | I63: =$Q63*I$2 -> 0 | J63: =$Q63*J$2 -> 0 | K63: =$Q63*K$2 -> 0 | ... M63: =$Q63*M$2 -> 0 | N63: =SUM(D63:M63) -> 0 | O63: =INDEX(References!$C$2:$C$38,MATCH(C63,References!$A$2:$A$38,0)) -> 208 | P63: 0 | Q63: =O63*P63 -> 0
C64: Sutter Island | D64: =$Q64*D$2 -> 0 | E64: =$Q64*E$2 -> 0 | F64: =$Q64*F$2 -> 0 | G64: =$Q64*G$2 -> 0 | H64: =$Q64*H$2 -> 0 | I64: =$Q64*I$2 -> 0 | J64: =$Q64*J$2 -> 0 | K64: =$Q64*K$2 -> 0 | ... M64: =$Q64*M$2 -> 0 | N64: =SUM(D64:M64) -> 0 | O64: =INDEX(References!$C$2:$C$38,MATCH(C64,References!$A$2:$A$38,0)) -> 2514 | P64: 0 | Q64: =O64*P64 -> 0
C65: New Hope Tract | D65: =$Q65*D$2 -> 0 | E65: =$Q65*E$2 -> 0 | F65: =$Q65*F$2 -> 0 | G65: =$Q65*G$2 -> 0 | H65: =$Q65*H$2 -> 0 | I65: =$Q65*I$2 -> 0 | J65: =$Q65*J$2 -> 0 | K65: =$Q65*K$2 -> 0 | ... M65: =$Q65*M$2 -> 0 | N65: =SUM(D65:M65) -> 0 | O65: =INDEX(References!$C$2:$C$38,MATCH(C65,References!$A$2:$A$38,0)) -> 9211 | P65: 0 | Q65: =O65*P65 -> 0
C66: Canal Ranch Tract | D66: =$Q66*D$2 -> 0 | E66: =$Q66*E$2 -> 0 | F66: =$Q66*F$2 -> 0 | G66: =$Q66*G$2 -> 0 | H66: =$Q66*H$2 -> 0 | I66: =$Q66*I$2 -> 0 | J66: =$Q66*J$2 -> 0 | K66: =$Q66*K$2 -> 0 | ... M66: =$Q66*M$2 -> 0 | N66: =SUM(D66:M66) -> 0 | O66: =INDEX(References!$C$2:$C$38,MATCH(C66,References!$A$2:$A$38,0)) -> 2936 | P66: 0 | Q66: =O66*P66 -> 0
B67: North-Central | C67: Brannan Island | D67: =$Q67*D$2 -> 4534100 | E67: =$Q67*E$2 -> 3654617 | F67: =$Q67*F$2 -> 4807728.4 | G67: =$Q67*G$2 -> 2814242.3 | H67: =$Q67*H$2 -> 2091192.1 | I67: =$Q67*I$2 -> 1964058.2 | J67: =$Q67*J$2 -> 1201899.8 | K67: =$Q67*K$2 -> 439741.49 | ... M67: =$Q67*M$2 -> 136814.2 | N67: =SUM(D67:M67) -> 22084135 | O67: =INDEX(References!$C$2:$C$38,MATCH(C67,References!$A$2:$A$38,0)) -> 12907 | P67: 1 | Q67: =O67*P67 -> 12907
B68: North-South | C68: Terminous Tract | D68: =$Q68*D$2 -> 0 | E68: =$Q68*E$2 -> 0 | F68: =$Q68*F$2 -> 0 | G68: =$Q68*G$2 -> 0 | H68: =$Q68*H$2 -> 0 | I68: =$Q68*I$2 -> 0 | J68: =$Q68*J$2 -> 0 | K68: =$Q68*K$2 -> 0 | ... M68: =$Q68*M$2 -> 0 | N68: =SUM(D68:M68) -> 0 | O68: =INDEX(References!$C$2:$C$38,MATCH(C68,References!$A$2:$A$38,0)) -> 10358 | P68: 0 | Q68: =O68*P68 -> 0
B69: South Delta | C69: Bouldin Island | D69: =$Q69*D$2 -> 0 | E69: =$Q69*E$2 -> 0 | F69: =$Q69*F$2 -> 0 | G69: =$Q69*G$2 -> 0 | H69: =$Q69*H$2 -> 0 | I69: =$Q69*I$2 -> 0 | J69: =$Q69*J$2 -> 0 | K69: =$Q69*K$2 -> 0 | ... M69: =$Q69*M$2 -> 0 | N69: =SUM(D69:M69) -> 0 | O69: =INDEX(References!$C$2:$C$38,MATCH(C69,References!$A$2:$A$38,0)) -> 5936 | P69: 0 | Q69: =O69*P69 -> 0
C70: Venice Island | D70: =$Q70*D$2 -> 1086891.3 | E70: =$Q70*E$2 -> 876066.1 | F70: =$Q70*F$2 -> 1152484.1 | G70: =$Q70*G$2 -> 674615.76 | H70: =$Q70*H$2 -> 501289.88 | I70: =$Q70*I$2 -> 470813.98 | J70: =$Q70*J$2 -> 288113.28 | K70: =$Q70*K$2 -> 105412.58 | ... M70: =$Q70*M$2 -> 32796.4 | N70: =SUM(D70:M70) -> 5293895.9 | O70: =INDEX(References!$C$2:$C$38,MATCH(C70,References!$A$2:$A$38,0)) -> 3094 | P70: 1 | Q70: =O70*P70 -> 3094
C71: Medford Island | D71: =$Q71*D$2 -> 0 | E71: =$Q71*E$2 -> 0 | F71: =$Q71*F$2 -> 0 | G71: =$Q71*G$2 -> 0 | H71: =$Q71*H$2 -> 0 | I71: =$Q71*I$2 -> 0 | J71: =$Q71*J$2 -> 0 | K71: =$Q71*K$2 -> 0 | ... M71: =$Q71*M$2 -> 0 | N71: =SUM(D71:M71) -> 0 | O71: =INDEX(References!$C$2:$C$38,MATCH(C71,References!$A$2:$A$38,0)) -> 1165 | P71: 0 | Q71: =O71*P71 -> 0
C72: Empire Tract | D72: =$Q72*D$2 -> 0 | E72: =$Q72*E$2 -> 0 | F72: =$Q72*F$2 -> 0 | G72: =$Q72*G$2 -> 0 | H72: =$Q72*H$2 -> 0 | I72: =$Q72*I$2 -> 0 | J72: =$Q72*J$2 -> 0 | K72: =$Q72*K$2 -> 0 | ... M72: =$Q72*M$2 -> 0 | N72: =SUM(D72:M72) -> 0 | O72: =INDEX(References!$C$2:$C$38,MATCH(C72,References!$A$2:$A$38,0)) -> 3625 | P72: 0 | Q72: =O72*P72 -> 0
C73: King Island | D73: =$Q73*D$2 -> 0 | E73: =$Q73*E$2 -> 0 | F73: =$Q73*F$2 -> 0 | G73: =$Q73*G$2 -> 0 | H73: =$Q73*H$2 -> 0 | I73: =$Q73*I$2 -> 0 | J73: =$Q73*J$2 -> 0 | K73: =$Q73*K$2 -> 0 | ... M73: =$Q73*M$2 -> 0 | N73: =SUM(D73:M73) -> 0 | O73: =INDEX(References!$C$2:$C$38,MATCH(C73,References!$A$2:$A$38,0)) -> 3216 | P73: 0 | Q73: =O73*P73 -> 0
C74: Rindge Tract | D74: =$Q74*D$2 -> 2368748.5 | E74: =$Q74*E$2 -> 1909280.4 | F74: =$Q74*F$2 -> 2511700.1 | G74: =$Q74*G$2 -> 1470243.7 | H74: =$Q74*H$2 -> 1092500.9 | I74: =$Q74*I$2 -> 1026082.3 | J74: =$Q74*J$2 -> 627908.16 | K74: =$Q74*K$2 -> 229734.01 | ... M74: =$Q74*M$2 -> 71475.8 | N74: =SUM(D74:M74) -> 11537408 | O74: =INDEX(References!$C$2:$C$38,MATCH(C74,References!$A$2:$A$38,0)) -> 6743 | P74: 1 | Q74: =O74*P74 -> 6743
C75: Wright-Elmwood Tract | D75: =$Q75*D$2 -> 739465.45 | E75: =$Q75*E$2 -> 596030.75 | F75: =$Q75*F$2 -> 784091.45 | G75: =$Q75*G$2 -> 458974.2 | H75: =$Q75*H$2 -> 341052.1 | I75: =$Q75*I$2 -> 320317.85 | J75: =$Q75*J$2 -> 196017.6 | K75: =$Q75*K$2 -> 71717.35 | ... M75: =$Q75*M$2 -> 22313 | N75: =SUM(D75:M75) -> 3601697.1 | O75: =INDEX(References!$C$2:$C$38,MATCH(C75,References!$A$2:$A$38,0)) -> 2105 | P75: 1 | Q75: =O75*P75 -> 2105
C76: McDonald Tract | D76: =$Q76*D$2 -> 2128817.4 | E76: =$Q76*E$2 -> 1715889 | F76: =$Q76*F$2 -> 2257289.4 | G76: =$Q76*G$2 -> 1321322.4 | H76: =$Q76*H$2 -> 981841.2 | I76: =$Q76*I$2 -> 922150.2 | J76: =$Q76*J$2 -> 564307.2 | K76: =$Q76*K$2 -> 206464.2 | ... M76: =$Q76*M$2 -> 64236 | N76: =SUM(D76:M76) -> 10368781 | O76: =INDEX(References!$C$2:$C$38,MATCH(C76,References!$A$2:$A$38,0)) -> 6060 | P76: 1 | Q76: =O76*P76 -> 6060
C77: Jones Tract | D77: =$Q77*D$2 -> 4260093.8 | E77: =$Q77*E$2 -> 3433760 | F77: =$Q77*F$2 -> 4517186.2 | G77: =$Q77*G$2 -> 2644171.1 | H77: =$Q77*H$2 -> 1964816.5 | I77: =$Q77*I$2 -> 1845365.6 | J77: =$Q77*J$2 -> 1129266.2 | K77: =$Q77*K$2 -> 413166.89 | ... M77: =$Q77*M$2 -> 128546.2 | N77: =SUM(D77:M77) -> 20749540 | O77: =INDEX(References!$C$2:$C$38,MATCH(C77,References!$A$2:$A$38,0)) -> 12127 | P77: 1 | Q77: =O77*P77 -> 12127
C78: Rough and Ready | D78: =$Q78*D$2 -> 492157.29 | E78: =$Q78*E$2 -> 396693.15 | F78: =$Q78*F$2 -> 521858.49 | G78: =$Q78*G$2 -> 305474.04 | H78: =$Q78*H$2 -> 226990.02 | I78: =$Q78*I$2 -> 213190.17 | J78: =$Q78*J$2 -> 130461.12 | K78: =$Q78*K$2 -> 47732.07 | ... M78: =$Q78*M$2 -> 14850.6 | N78: =SUM(D78:M78) -> 2397139 | O78: =INDEX(References!$C$2:$C$38,MATCH(C78,References!$A$2:$A$38,0)) -> 1401 | P78: 1 | Q78: =O78*P78 -> 1401
C79: Roberts Island | D79: =$Q79*D$2 -> 0 | E79: =$Q79*E$2 -> 0 | F79: =$Q79*F$2 -> 0 | G79: =$Q79*G$2 -> 0 | H79: =$Q79*H$2 -> 0 | I79: =$Q79*I$2 -> 0 | J79: =$Q79*J$2 -> 0 | K79: =$Q79*K$2 -> 0 | ... M79: =$Q79*M$2 -> 0 | N79: =SUM(D79:M79) -> 0 | O79: =INDEX(References!$C$2:$C$38,MATCH(C79,References!$A$2:$A$38,0)) -> 35663 | P79: 0 | Q79: =O79*P79 -> 0
C80: Union Island | D80: =$Q80*D$2 -> 0 | E80: =$Q80*E$2 -> 0 | F80: =$Q80*F$2 -> 0 | G80: =$Q80*G$2 -> 0 | H80: =$Q80*H$2 -> 0 | I80: =$Q80*I$2 -> 0 | J80: =$Q80*J$2 -> 0 | K80: =$Q80*K$2 -> 0 | ... M80: =$Q80*M$2 -> 0 | N80: =SUM(D80:M80) -> 0 | O80: =INDEX(References!$C$2:$C$38,MATCH(C80,References!$A$2:$A$38,0)) -> 24750 | P80: 0 | Q80: =O80*P80 -> 0
C81: Victoria Island | D81: =$Q81*D$2 -> 2526829 | E81: =$Q81*E$2 -> 2036697.9 | F81: =$Q81*F$2 -> 2679320.6 | G81: =$Q81*G$2 -> 1568361.7 | H81: =$Q81*H$2 -> 1165409.9 | I81: =$Q81*I$2 -> 1094558.8 | J81: =$Q81*J$2 -> 669812.16 | K81: =$Q81*K$2 -> 245065.51 | ... M81: =$Q81*M$2 -> 76245.8 | N81: =SUM(D81:M81) -> 12307367 | O81: =INDEX(References!$C$2:$C$38,MATCH(C81,References!$A$2:$A$38,0)) -> 7193 | P81: 1 | Q81: =O81*P81 -> 7193
... C89: Mandeville Island | D89: =$Q89*D$2 -> 1832679.9 | E89: =$Q89*E$2 -> 1477193.5 | F89: =$Q89*F$2 -> 1943280.3 | G89: =$Q89*G$2 -> 1137514.7 | H89: =$Q89*H$2 -> 845258.34 | I89: =$Q89*I$2 -> 793870.89 | J89: =$Q89*J$2 -> 485807.04 | K89: =$Q89*K$2 -> 177743.19 | ... M89: =$Q89*M$2 -> 55300.2 | N89: =SUM(D89:M89) -> 8926391.3 | O89: =INDEX(References!$C$2:$C$38,MATCH(C89,References!$A$2:$A$38,0)) -> 5217 | P89: 1 | Q89: =O89*P89 -> 5217
C90: Totals summed (ECO + NGW) In-Delta | D90: =SUM(D51:D89) -> 51385335 | E90: =SUM(E51:E89) -> 41418081 | F90: =SUM(F51:F89) -> 54486389 | G90: =SUM(G51:G89) -> 31894043 | H90: =SUM(H51:H89) -> 23699656 | I90: =SUM(I51:I89) -> 22258836 | J90: =SUM(J51:J89) -> 13621232 | K90: =SUM(K51:K89) -> 4983627.1 | ... O90: =SUM(O51:O89) -> 292109.11 | Q90: =SUM(Q51:Q89) -> 146276.11
C91: Totals ECO (Suisun + Franks) Excluding NGW | D91: =SUM(D51+D57) -> 15208789 | E91: =SUM(E51+E57) -> 12258728 | F91: =SUM(F51+F57) -> 16126624 | G91: =SUM(G51+G57) -> 9439848.2 | H91: =SUM(H51+H57) -> 7014512 | I91: =SUM(I51+I57) -> 6588065 | J91: =SUM(J51+J57) -> 4031547.7 | K91: =SUM(K51+K57) -> 1475030.4 | ... N91: =SUM(N51+N57) -> 74077092 | O91: =O51+O57 -> 43294.112 | Q91: =Q51+Q57 -> 43294.112
A93: 25% Restoration | B93: Region | C93: Island | D93: Flood control | E93: Recreational fishing | F93: Amenity/recreation | G93: Water filtering | H93: Biodiversity | I93: Habitat nursery | J93: Recreational hunting | K93: Water supply | L93: Materials | M93: Fuel wood | N93: Sum of all ten | O93: Island acres | P93: Restored (1=yes, 0=no) | Q93: Restored acres
B94: Suisun Marsh | C94: Suisun | D94: =$Q94*D$2 -> 14724008 | E94: =$Q94*E$2 -> 11867981 | F94: =$Q94*F$2 -> 15612588 | G94: =$Q94*G$2 -> 9138953 | H94: =$Q94*H$2 -> 6790924.4 | I94: =$Q94*I$2 -> 6378070.4 | J94: =$Q94*J$2 -> 3903042.1 | K94: =$Q94*K$2 -> 1428013.8 | ... M94: =$Q94*M$2 -> 444289.59 | N94: =SUM(D94:M94) -> 71715884 | O94: ='Overall Restoration (Acres)'!$D$9 -> 41914.112 | P94: 1 | Q94: =O94*P94 -> 41914.112
B95: Central Delta | C95: Bethel Island | D95: =$Q95*D$2 -> 1131153.8 | E95: =$Q95*E$2 -> 911743 | F95: =$Q95*F$2 -> 1199417.8 | G95: =$Q95*G$2 -> 702088.8 | H95: =$Q95*H$2 -> 521704.4 | I95: =$Q95*I$2 -> 489987.4 | J95: =$Q95*J$2 -> 299846.4 | K95: =$Q95*K$2 -> 109705.4 | ... M95: =$Q95*M$2 -> 34132 | N95: =SUM(D95:M95) -> 5509484.4 | O95: =INDEX(References!$C$2:$C$38,MATCH(C95,References!$A$2:$A$38,0)) -> 3220 | P95: 1 | Q95: =O95*P95 -> 3220
C96: Jersey Island | D96: =$Q96*D$2 -> 1215112.1 | E96: =$Q96*E$2 -> 979415.85 | F96: =$Q96*F$2 -> 1288442.9 | G96: =$Q96*G$2 -> 754200.36 | H96: =$Q96*H$2 -> 560427.18 | I96: =$Q96*I$2 -> 526356.03 | J96: =$Q96*J$2 -> 322102.08 | K96: =$Q96*K$2 -> 117848.13 | ... M96: =$Q96*M$2 -> 36665.4 | N96: =SUM(D96:M96) -> 5918418.2 | O96: =INDEX(References!$C$2:$C$38,MATCH(C96,References!$A$2:$A$38,0)) -> 3459 | P96: 1 | Q96: =O96*P96 -> 3459
C97: Webb Tract | D97: =$Q97*D$2 -> 1909612.4 | E97: =$Q97*E$2 -> 1539203.4 | F97: =$Q97*F$2 -> 2024855.6 | G97: =$Q97*G$2 -> 1185265.4 | H97: =$Q97*H$2 -> 880740.72 | I97: =$Q97*I$2 -> 827196.12 | J97: =$Q97*J$2 -> 506200.32 | K97: =$Q97*K$2 -> 185204.52 | ... M97: =$Q97*M$2 -> 57621.6 | N97: =SUM(D97:M97) -> 9301104.7 | O97: =INDEX(References!$C$2:$C$38,MATCH(C97,References!$A$2:$A$38,0)) -> 5436 | P97: 1 | Q97: =O97*P97 -> 5436
C98: Bradford Island | D98: =$Q98*D$2 -> 750004.15 | E98: =$Q98*E$2 -> 604525.25 | F98: =$Q98*F$2 -> 795266.15 | G98: =$Q98*G$2 -> 465515.4 | H98: =$Q98*H$2 -> 345912.7 | I98: =$Q98*I$2 -> 324882.95 | J98: =$Q98*J$2 -> 198811.2 | K98: =$Q98*K$2 -> 72739.45 | ... M98: =$Q98*M$2 -> 22631 | N98: =SUM(D98:M98) -> 3653027.7 | O98: =INDEX(References!$C$2:$C$38,MATCH(C98,References!$A$2:$A$38,0)) -> 2135 | P98: 1 | Q98: =O98*P98 -> 2135
C99: Sherman Island | D99: =$Q99*D$2 -> 3575429.6 | E99: =$Q99*E$2 -> 2881900.7 | F99: =$Q99*F$2 -> 3791203.2 | G99: =$Q99*G$2 -> 2219211.1 | H99: =$Q99*H$2 -> 1649039.6 | I99: =$Q99*I$2 -> 1548786.3 | J99: =$Q99*J$2 -> 947775.36 | K99: =$Q99*K$2 -> 346764.46 | ... M99: =$Q99*M$2 -> 107886.8 | N99: =SUM(D99:M99) -> 17414762 | O99: =INDEX(References!$C$2:$C$38,MATCH(C99,References!$A$2:$A$38,0)) -> 10178 | P99: 1 | Q99: =O99*P99 -> 10178
C100: Franks Tract | D100: =$Q100*D$2 -> 484780.2 | E100: =$Q100*E$2 -> 390747 | F100: =$Q100*F$2 -> 514036.2 | G100: =$Q100*G$2 -> 300895.2 | H100: =$Q100*H$2 -> 223587.6 | I100: =$Q100*I$2 -> 209994.6 | J100: =$Q100*J$2 -> 128505.6 | K100: =$Q100*K$2 -> 47016.6 | ... M100: =$Q100*M$2 -> 14628 | N100: =SUM(D100:M100) -> 2361207.6 | O100: 1380 | P100: 1 | Q100: =O100*P100 -> 1380
C101: Twitchell Island | D101: =$Q101*D$2 -> 1250241.1 | E101: =$Q101*E$2 -> 1007730.8 | F101: =$Q101*F$2 -> 1325691.9 | G101: =$Q101*G$2 -> 776004.36 | H101: =$Q101*H$2 -> 576629.18 | I101: =$Q101*I$2 -> 541573.03 | J101: =$Q101*J$2 -> 331414.08 | K101: =$Q101*K$2 -> 121255.13 | ... M101: =$Q101*M$2 -> 37725.4 | N101: =SUM(D101:M101) -> 6089520.2 | O101: =INDEX(References!$C$2:$C$38,MATCH(C101,References!$A$2:$A$38,0)) -> 3559 | P101: 1 | Q101: =O101*P101 -> 3559
B102: North Delta | C102: Grand Island | D102: =$Q102*D$2 -> 0 | E102: =$Q102*E$2 -> 0 | F102: =$Q102*F$2 -> 0 | G102: =$Q102*G$2 -> 0 | H102: =$Q102*H$2 -> 0 | I102: =$Q102*I$2 -> 0 | J102: =$Q102*J$2 -> 0 | K102: =$Q102*K$2 -> 0 | ... M102: =$Q102*M$2 -> 0 | N102: =SUM(D102:M102) -> 0 | O102: =INDEX(References!$C$2:$C$38,MATCH(C102,References!$A$2:$A$38,0)) -> 16543 | P102: 0 | Q102: =O102*P102 -> 0
C103: Ryer Island | D103: =$Q103*D$2 -> 0 | E103: =$Q103*E$2 -> 0 | F103: =$Q103*F$2 -> 0 | G103: =$Q103*G$2 -> 0 | H103: =$Q103*H$2 -> 0 | I103: =$Q103*I$2 -> 0 | J103: =$Q103*J$2 -> 0 | K103: =$Q103*K$2 -> 0 | ... M103: =$Q103*M$2 -> 0 | N103: =SUM(D103:M103) -> 0 | O103: =INDEX(References!$C$2:$C$38,MATCH(C103,References!$A$2:$A$38,0)) -> 11798 | P103: 0 | Q103: =O103*P103 -> 0
C104: Tyler Island | D104: =$Q104*D$2 -> 0 | E104: =$Q104*E$2 -> 0 | F104: =$Q104*F$2 -> 0 | G104: =$Q104*G$2 -> 0 | H104: =$Q104*H$2 -> 0 | I104: =$Q104*I$2 -> 0 | J104: =$Q104*J$2 -> 0 | K104: =$Q104*K$2 -> 0 | ... M104: =$Q104*M$2 -> 0 | N104: =SUM(D104:M104) -> 0 | O104: =INDEX(References!$C$2:$C$38,MATCH(C104,References!$A$2:$A$38,0)) -> 8799 | P104: 0 | Q104: =O104*P104 -> 0
C105: Staten Island | D105: =$Q105*D$2 -> 0 | E105: =$Q105*E$2 -> 0 | F105: =$Q105*F$2 -> 0 | G105: =$Q105*G$2 -> 0 | H105: =$Q105*H$2 -> 0 | I105: =$Q105*I$2 -> 0 | J105: =$Q105*J$2 -> 0 | K105: =$Q105*K$2 -> 0 | ... M105: =$Q105*M$2 -> 0 | N105: =SUM(D105:M105) -> 0 | O105: =INDEX(References!$C$2:$C$38,MATCH(C105,References!$A$2:$A$38,0)) -> 9111 | P105: 0 | Q105: =O105*P105 -> 0
C106: Dead Horse Island | D106: =$Q106*D$2 -> 0 | E106: =$Q106*E$2 -> 0 | F106: =$Q106*F$2 -> 0 | G106: =$Q106*G$2 -> 0 | H106: =$Q106*H$2 -> 0 | I106: =$Q106*I$2 -> 0 | J106: =$Q106*J$2 -> 0 | K106: =$Q106*K$2 -> 0 | ... M106: =$Q106*M$2 -> 0 | N106: =SUM(D106:M106) -> 0 | O106: =INDEX(References!$C$2:$C$38,MATCH(C106,References!$A$2:$A$38,0)) -> 208 | P106: 0 | Q106: =O106*P106 -> 0
C107: Sutter Island | D107: =$Q107*D$2 -> 0 | E107: =$Q107*E$2 -> 0 | F107: =$Q107*F$2 -> 0 | G107: =$Q107*G$2 -> 0 | H107: =$Q107*H$2 -> 0 | I107: =$Q107*I$2 -> 0 | J107: =$Q107*J$2 -> 0 | K107: =$Q107*K$2 -> 0 | ... M107: =$Q107*M$2 -> 0 | N107: =SUM(D107:M107) -> 0 | O107: =INDEX(References!$C$2:$C$38,MATCH(C107,References!$A$2:$A$38,0)) -> 2514 | P107: 0 | Q107: =O107*P107 -> 0
C108: New Hope Tract | D108: =$Q108*D$2 -> 0 | E108: =$Q108*E$2 -> 0 | F108: =$Q108*F$2 -> 0 | G108: =$Q108*G$2 -> 0 | H108: =$Q108*H$2 -> 0 | I108: =$Q108*I$2 -> 0 | J108: =$Q108*J$2 -> 0 | K108: =$Q108*K$2 -> 0 | ... M108: =$Q108*M$2 -> 0 | N108: =SUM(D108:M108) -> 0 | O108: =INDEX(References!$C$2:$C$38,MATCH(C108,References!$A$2:$A$38,0)) -> 9211 | P108: 0 | Q108: =O108*P108 -> 0
C109: Canal Ranch Tract | D109: =$Q109*D$2 -> 0 | E109: =$Q109*E$2 -> 0 | F109: =$Q109*F$2 -> 0 | G109: =$Q109*G$2 -> 0 | H109: =$Q109*H$2 -> 0 | I109: =$Q109*I$2 -> 0 | J109: =$Q109*J$2 -> 0 | K109: =$Q109*K$2 -> 0 | ... M109: =$Q109*M$2 -> 0 | N109: =SUM(D109:M109) -> 0 | O109: =INDEX(References!$C$2:$C$38,MATCH(C109,References!$A$2:$A$38,0)) -> 2936 | P109: 0 | Q109: =O109*P109 -> 0
B110: North-Central | C110: Brannan Island | D110: =$Q110*D$2 -> 0 | E110: =$Q110*E$2 -> 0 | F110: =$Q110*F$2 -> 0 | G110: =$Q110*G$2 -> 0 | H110: =$Q110*H$2 -> 0 | I110: =$Q110*I$2 -> 0 | J110: =$Q110*J$2 -> 0 | K110: =$Q110*K$2 -> 0 | ... M110: =$Q110*M$2 -> 0 | N110: =SUM(D110:M110) -> 0 | O110: =INDEX(References!$C$2:$C$38,MATCH(C110,References!$A$2:$A$38,0)) -> 12907 | P110: 0 | Q110: =O110*P110 -> 0
B111: North-South | C111: Terminous Tract | D111: =$Q111*D$2 -> 0 | E111: =$Q111*E$2 -> 0 | F111: =$Q111*F$2 -> 0 | G111: =$Q111*G$2 -> 0 | H111: =$Q111*H$2 -> 0 | I111: =$Q111*I$2 -> 0 | J111: =$Q111*J$2 -> 0 | K111: =$Q111*K$2 -> 0 | ... M111: =$Q111*M$2 -> 0 | N111: =SUM(D111:M111) -> 0 | O111: =INDEX(References!$C$2:$C$38,MATCH(C111,References!$A$2:$A$38,0)) -> 10358 | P111: 0 | Q111: =O111*P111 -> 0
B112: South Delta | C112: Bouldin Island | D112: =$Q112*D$2 -> 0 | E112: =$Q112*E$2 -> 0 | F112: =$Q112*F$2 -> 0 | G112: =$Q112*G$2 -> 0 | H112: =$Q112*H$2 -> 0 | I112: =$Q112*I$2 -> 0 | J112: =$Q112*J$2 -> 0 | K112: =$Q112*K$2 -> 0 | ... M112: =$Q112*M$2 -> 0 | N112: =SUM(D112:M112) -> 0 | O112: =INDEX(References!$C$2:$C$38,MATCH(C112,References!$A$2:$A$38,0)) -> 5936 | P112: 0 | Q112: =O112*P112 -> 0
C113: Venice Island | D113: =$Q113*D$2 -> 0 | E113: =$Q113*E$2 -> 0 | F113: =$Q113*F$2 -> 0 | G113: =$Q113*G$2 -> 0 | H113: =$Q113*H$2 -> 0 | I113: =$Q113*I$2 -> 0 | J113: =$Q113*J$2 -> 0 | K113: =$Q113*K$2 -> 0 | ... M113: =$Q113*M$2 -> 0 | N113: =SUM(D113:M113) -> 0 | O113: =INDEX(References!$C$2:$C$38,MATCH(C113,References!$A$2:$A$38,0)) -> 3094 | P113: 0 | Q113: =O113*P113 -> 0
C114: Medford Island | D114: =$Q114*D$2 -> 0 | E114: =$Q114*E$2 -> 0 | F114: =$Q114*F$2 -> 0 | G114: =$Q114*G$2 -> 0 | H114: =$Q114*H$2 -> 0 | I114: =$Q114*I$2 -> 0 | J114: =$Q114*J$2 -> 0 | K114: =$Q114*K$2 -> 0 | ... M114: =$Q114*M$2 -> 0 | N114: =SUM(D114:M114) -> 0 | O114: =INDEX(References!$C$2:$C$38,MATCH(C114,References!$A$2:$A$38,0)) -> 1165 | P114: 0 | Q114: =O114*P114 -> 0
C115: Empire Tract | D115: =$Q115*D$2 -> 0 | E115: =$Q115*E$2 -> 0 | F115: =$Q115*F$2 -> 0 | G115: =$Q115*G$2 -> 0 | H115: =$Q115*H$2 -> 0 | I115: =$Q115*I$2 -> 0 | J115: =$Q115*J$2 -> 0 | K115: =$Q115*K$2 -> 0 | ... M115: =$Q115*M$2 -> 0 | N115: =SUM(D115:M115) -> 0 | O115: =INDEX(References!$C$2:$C$38,MATCH(C115,References!$A$2:$A$38,0)) -> 3625 | P115: 0 | Q115: =O115*P115 -> 0
C116: King Island | D116: =$Q116*D$2 -> 0 | E116: =$Q116*E$2 -> 0 | F116: =$Q116*F$2 -> 0 | G116: =$Q116*G$2 -> 0 | H116: =$Q116*H$2 -> 0 | I116: =$Q116*I$2 -> 0 | J116: =$Q116*J$2 -> 0 | K116: =$Q116*K$2 -> 0 | ... M116: =$Q116*M$2 -> 0 | N116: =SUM(D116:M116) -> 0 | O116: =INDEX(References!$C$2:$C$38,MATCH(C116,References!$A$2:$A$38,0)) -> 3216 | P116: 0 | Q116: =O116*P116 -> 0
C117: Rindge Tract | D117: =$Q117*D$2 -> 2368748.5 | E117: =$Q117*E$2 -> 1909280.4 | F117: =$Q117*F$2 -> 2511700.1 | G117: =$Q117*G$2 -> 1470243.7 | H117: =$Q117*H$2 -> 1092500.9 | I117: =$Q117*I$2 -> 1026082.3 | J117: =$Q117*J$2 -> 627908.16 | K117: =$Q117*K$2 -> 229734.01 | ... M117: =$Q117*M$2 -> 71475.8 | N117: =SUM(D117:M117) -> 11537408 | O117: =INDEX(References!$C$2:$C$38,MATCH(C117,References!$A$2:$A$38,0)) -> 6743 | P117: 1 | Q117: =O117*P117 -> 6743
...

Sheet 100% Restoration ($)
H1: Benefits US$/acre/yr (2025)
A2: Region | B2: Island | C2: ArcGIS object ID | D2: Acres | E2: Elevation (categorical) | F2: Landcover Type (R = Rice; MW = Managed Wetland) | G2: Wetland function | H2: Flood control | I2: Recreational fishing | J2: Amenity/recreation | K2: Water filtering | L2: Biodiversity | M2: Habitat nursery | N2: Recreational hunting | O2: Water supply | P2: Materials | Q2: Fuel wood | R2: Sum of all ten
A3: Suisun Marsh | B3: Suisun | D3: 41914 | F3: Tidal | H3: =IF($F3="Tidal", $D3*$F$52, 0) -> 14723969 | I3: =IF($F3="Tidal", $D3*$F$52, 0) -> 14723969 | J3: =IF($F3="Tidal", $D3*$F$52, 0) -> 14723969 | K3: =IF($F3="Tidal", $D3*$F$52, 0) -> 14723969 | L3: =IF($F3="Tidal", $D3*$F$52, 0) -> 14723969 | M3: =IF($F3="Tidal", $D3*$F$52, 0) -> 14723969 | N3: =IF($F3="Tidal", $D3*$F$52, 0) -> 14723969 | O3: =IF($F3="Tidal", $D3*$F$52, 0) -> 14723969 | ... R3: =IF($F3="Tidal", $D3*$F$52, 0) -> 14723969
A4: North Delta | B4: Grand Island | C4: 80 | D4: 16543 | E4: Mimimal | F4: MW | G4: Grand Island | H4: =IF($F4="MW", $D4*$F$52, 0) -> 5811390.5 | I4: =IF($F4="MW", $D4*$F$53, 0) -> 4684150.4 | J4: =IF($F4="MW", $D4*$F$54, 0) -> 6162102.1 | K4: =IF($F4="MW", $D4*$F$55, 0) -> 3607035.7 | L4: =IF($F4="MW", $D4*$F$56, 0) -> 2680296.9 | M4: =IF($F4="MW", $D4*$F$57, 0) -> 2517348.3 | N4: =IF($F4="MW", $D4*$F$58, 0) -> 1540484.2 | O4: =IF($F4="MW", $D4*$F$59, 0) -> 563620.01 | P4: =IF($F4="MW", $D4*$F$60, 0) -> 563620.01 | Q4: =IF($F4="MW", $D4*$F$61, 0) -> 175355.8 | R4: =IF($F4="MW", $D4*$F$62, 0) -> 28305404
A5: North Delta | B5: Ryer Island | C5: 76 | D5: 11798 | E5: Minimal | F5: MW | G5: Ryer Island | H5: =IF($F5="MW", $D5*$F$52, 0) -> 4144519.4 | I5: =IF($F5="MW", $D5*$F$53, 0) -> 3340603.7 | J5: =IF($F5="MW", $D5*$F$54, 0) -> 4394637 | K5: =IF($F5="MW", $D5*$F$55, 0) -> 2572435.9 | L5: =IF($F5="MW", $D5*$F$56, 0) -> 1911512 | M5: =IF($F5="MW", $D5*$F$57, 0) -> 1795301.7 | N5: =IF($F5="MW", $D5*$F$58, 0) -> 1098629.8 | O5: =IF($F5="MW", $D5*$F$59, 0) -> 401957.86 | P5: =IF($F5="MW", $D5*$F$60, 0) -> 401957.86 | Q5: =IF($F5="MW", $D5*$F$61, 0) -> 125058.8 | R5: =IF($F5="MW", $D5*$F$62, 0) -> 20186614
A6: North Delta | B6: Tyler Island | C6: 62 | D6: 8799 | E6: Minimal | F6: MW | G6: Tyler Island | H6: =IF($F6="MW", $D6*$F$52, 0) -> 3091000.7 | I6: =IF($F6="MW", $D6*$F$53, 0) -> 2491436.8 | J6: =IF($F6="MW", $D6*$F$54, 0) -> 3277539.5 | K6: =IF($F6="MW", $D6*$F$55, 0) -> 1918534 | L6: =IF($F6="MW", $D6*$F$56, 0) -> 1425614 | M6: =IF($F6="MW", $D6*$F$57, 0) -> 1338943.8 | N6: =IF($F6="MW", $D6*$F$58, 0) -> 819362.88 | O6: =IF($F6="MW", $D6*$F$59, 0) -> 299781.93 | P6: =IF($F6="MW", $D6*$F$60, 0) -> 299781.93 | Q6: =IF($F6="MW", $D6*$F$61, 0) -> 93269.4 | R6: =IF($F6="MW", $D6*$F$62, 0) -> 15055265
A7: North Delta | B7: Staten Island | C7: 61 | D7: 9111 | E7: Moderate | F7: MW | G7: Staten Island | H7: =IF($F7="MW", $D7*$F$52, 0) -> 3200603.2 | I7: =IF($F7="MW", $D7*$F$53, 0) -> 2579779.6 | J7: =IF($F7="MW", $D7*$F$54, 0) -> 3393756.4 | K7: =IF($F7="MW", $D7*$F$55, 0) -> 1986562.4 | L7: =IF($F7="MW", $D7*$F$56, 0) -> 1476164.2 | M7: =IF($F7="MW", $D7*$F$57, 0) -> 1386420.9 | N7: =IF($F7="MW", $D7*$F$58, 0) -> 848416.32 | O7: =IF($F7="MW", $D7*$F$59, 0) -> 310411.77 | P7: =IF($F7="MW", $D7*$F$60, 0) -> 310411.77 | Q7: =IF($F7="MW", $D7*$F$61, 0) -> 96576.6 | R7: =IF($F7="MW", $D7*$F$62, 0) -> 15589103
A8: North-Central | B8: Brannan Island | C8: 116 | D8: 12907 | E8: Severe | F8: MW | G8: Brannan Island | H8: =IF($F8="MW", $D8*$F$52, 0) -> 4534100 | I8: =IF($F8="MW", $D8*$F$53, 0) -> 3654617 | J8: =IF($F8="MW", $D8*$F$54, 0) -> 4807728.4 | K8: =IF($F8="MW", $D8*$F$55, 0) -> 2814242.3 | L8: =IF($F8="MW", $D8*$F$56, 0) -> 2091192.1 | M8: =IF($F8="MW", $D8*$F$57, 0) -> 1964058.2 | N8: =IF($F8="MW", $D8*$F$58, 0) -> 1201899.8 | O8: =IF($F8="MW", $D8*$F$59, 0) -> 439741.49 | P8: =IF($F8="MW", $D8*$F$60, 0) -> 439741.49 | Q8: =IF($F8="MW", $D8*$F$61, 0) -> 136814.2 | R8: =IF($F8="MW", $D8*$F$62, 0) -> 22084135
A9: South Delta | B9: Bouldin Island | C9: 57 | D9: 5936 | E9: Severe | F9: MW | G9: Bouldin Island | H9: =IF($F9="MW", $D9*$F$52, 0) -> 2085257.4 | I9: =IF($F9="MW", $D9*$F$53, 0) -> 1680778.4 | J9: =IF($F9="MW", $D9*$F$54, 0) -> 2211100.6 | K9: =IF($F9="MW", $D9*$F$55, 0) -> 1294285.4 | L9: =IF($F9="MW", $D9*$F$56, 0) -> 961750.72 | M9: =IF($F9="MW", $D9*$F$57, 0) -> 903281.12 | N9: =IF($F9="MW", $D9*$F$58, 0) -> 552760.32 | O9: =IF($F9="MW", $D9*$F$59, 0) -> 202239.52 | P9: =IF($F9="MW", $D9*$F$60, 0) -> 202239.52 | Q9: =IF($F9="MW", $D9*$F$61, 0) -> 62921.6 | R9: =IF($F9="MW", $D9*$F$62, 0) -> 10156615
A10: South Delta | B10: Venice Island | C10: 49 | D10: 3094 | E10: Severe | F10: MW | G10: Venice Island | H10: =IF($F10="MW", $D10*$F$52, 0) -> 1086891.3 | I10: =IF($F10="MW", $D10*$F$53, 0) -> 876066.1 | J10: =IF($F10="MW", $D10*$F$54, 0) -> 1152484.1 | K10: =IF($F10="MW", $D10*$F$55, 0) -> 674615.76 | L10: =IF($F10="MW", $D10*$F$56, 0) -> 501289.88 | M10: =IF($F10="MW", $D10*$F$57, 0) -> 470813.98 | N10: =IF($F10="MW", $D10*$F$58, 0) -> 288113.28 | O10: =IF($F10="MW", $D10*$F$59, 0) -> 105412.58 | P10: =IF($F10="MW", $D10*$F$60, 0) -> 105412.58 | Q10: =IF($F10="MW", $D10*$F$61, 0) -> 32796.4 | R10: =IF($F10="MW", $D10*$F$62, 0) -> 5293895.9
A11: South Delta | B11: Medford Island | C11: 41 | D11: 1165 | E11: Moderate | F11: MW | G11: Medford Island | H11: =IF($F11="MW", $D11*$F$52, 0) -> 409252.85 | I11: =IF($F11="MW", $D11*$F$53, 0) -> 329869.75 | J11: =IF($F11="MW", $D11*$F$54, 0) -> 433950.85 | K11: =IF($F11="MW", $D11*$F$55, 0) -> 254016.6 | L11: =IF($F11="MW", $D11*$F$56, 0) -> 188753.3 | M11: =IF($F11="MW", $D11*$F$57, 0) -> 177278.05 | N11: =IF($F11="MW", $D11*$F$58, 0) -> 108484.8 | O11: =IF($F11="MW", $D11*$F$59, 0) -> 39691.55 | P11: =IF($F11="MW", $D11*$F$60, 0) -> 39691.55 | Q11: =IF($F11="MW", $D11*$F$61, 0) -> 12349 | R11: =IF($F11="MW", $D11*$F$62, 0) -> 1993338.3
A12: South Delta | B12: Empire Tract | C12: 50 | D12: 3625 | E12: Moderate | F12: MW | G12: Empire Tract | H12: =IF($F12="MW", $D12*$F$52, 0) -> 1273426.2 | I12: =IF($F12="MW", $D12*$F$53, 0) -> 1026418.7 | J12: =IF($F12="MW", $D12*$F$54, 0) -> 1350276.2 | K12: =IF($F12="MW", $D12*$F$55, 0) -> 790395 | L12: =IF($F12="MW", $D12*$F$56, 0) -> 587322.5 | M12: =IF($F12="MW", $D12*$F$57, 0) -> 551616.25 | N12: =IF($F12="MW", $D12*$F$58, 0) -> 337560 | O12: =IF($F12="MW", $D12*$F$59, 0) -> 123503.75 | P12: =IF($F12="MW", $D12*$F$60, 0) -> 123503.75 | Q12: =IF($F12="MW", $D12*$F$61, 0) -> 38425 | R12: =IF($F12="MW", $D12*$F$62, 0) -> 6202447.5
A13: South Delta | B13: King Island | C13: 46 | D13: 3216 | E13: Minimal | F13: MW | G13: King Island | H13: =IF($F13="MW", $D13*$F$52, 0) -> 1129748.6 | I13: =IF($F13="MW", $D13*$F$53, 0) -> 910610.4 | J13: =IF($F13="MW", $D13*$F$54, 0) -> 1197927.8 | K13: =IF($F13="MW", $D13*$F$55, 0) -> 701216.64 | L13: =IF($F13="MW", $D13*$F$56, 0) -> 521056.32 | M13: =IF($F13="MW", $D13*$F$57, 0) -> 489378.72 | N13: =IF($F13="MW", $D13*$F$58, 0) -> 299473.92 | O13: =IF($F13="MW", $D13*$F$59, 0) -> 109569.12 | P13: =IF($F13="MW", $D13*$F$60, 0) -> 109569.12 | Q13: =IF($F13="MW", $D13*$F$61, 0) -> 34089.6 | R13: =IF($F13="MW", $D13*$F$62, 0) -> 5502640.3
A14: North-South | B14: Terminous Tract | C14: 58 | D14: 10358 | E14: Minimal | F14: MW | G14: Terminous Tract | H14: =IF($F14="MW", $D14*$F$52, 0) -> 3638661.8 | I14: =IF($F14="MW", $D14*$F$53, 0) -> 2932867.7 | J14: =IF($F14="MW", $D14*$F$54, 0) -> 3858251.4 | K14: =IF($F14="MW", $D14*$F$55, 0) -> 2258458.3 | L14: =IF($F14="MW", $D14*$F$56, 0) -> 1678203.2 | M14: =IF($F14="MW", $D14*$F$57, 0) -> 1576176.9 | N14: =IF($F14="MW", $D14*$F$58, 0) -> 964536.96 | O14: =IF($F14="MW", $D14*$F$59, 0) -> 352897.06 | P14: =IF($F14="MW", $D14*$F$60, 0) -> 352897.06 | Q14: =IF($F14="MW", $D14*$F$61, 0) -> 109794.8 | R14: =IF($F14="MW", $D14*$F$62, 0) -> 17722745
A15: South Delta | B15: Rindge Tract | C15: 40 | D15: 6743 | E15: Moderate | F15: MW | G15: Rindge Tract | H15: =IF($F15="MW", $D15*$F$52, 0) -> 2368748.5 | I15: =IF($F15="MW", $D15*$F$53, 0) -> 1909280.4 | J15: =IF($F15="MW", $D15*$F$54, 0) -> 2511700.1 | K15: =IF($F15="MW", $D15*$F$55, 0) -> 1470243.7 | L15: =IF($F15="MW", $D15*$F$56, 0) -> 1092500.9 | M15: =IF($F15="MW", $D15*$F$57, 0) -> 1026082.3 | N15: =IF($F15="MW", $D15*$F$58, 0) -> 627908.16 | O15: =IF($F15="MW", $D15*$F$59, 0) -> 229734.01 | P15: =IF($F15="MW", $D15*$F$60, 0) -> 229734.01 | Q15: =IF($F15="MW", $D15*$F$61, 0) -> 71475.8 | R15: =IF($F15="MW", $D15*$F$62, 0) -> 11537408
... A19: South Delta | B19: Rough and Ready | C19: 25 | D19: 1401 | E19: Minimal | F19: MW | G19: Rough and Ready | H19: =IF($F19="MW", $D19*$F$52, 0) -> 492157.29 | I19: =IF($F19="MW", $D19*$F$53, 0) -> 396693.15 | J19: =IF($F19="MW", $D19*$F$54, 0) -> 521858.49 | K19: =IF($F19="MW", $D19*$F$55, 0) -> 305474.04 | L19: =IF($F19="MW", $D19*$F$56, 0) -> 226990.02 | M19: =IF($F19="MW", $D19*$F$57, 0) -> 213190.17 | N19: =IF($F19="MW", $D19*$F$58, 0) -> 130461.12 | O19: =IF($F19="MW", $D19*$F$59, 0) -> 47732.07 | P19: =IF($F19="MW", $D19*$F$60, 0) -> 47732.07 | Q19: =IF($F19="MW", $D19*$F$61, 0) -> 14850.6 | R19: =IF($F19="MW", $D19*$F$62, 0) -> 2397139
A20: South Delta | B20: Roberts Island | C20: 31 + 22 + 12+23+ 8 | D20: 35663 | E20: Minimal | F20: MW | G20: Roberts Island | H20: =IF($F20="MW", $D20*$F$52, 0) -> 12528055 | I20: =IF($F20="MW", $D20*$F$53, 0) -> 10097978 | J20: =IF($F20="MW", $D20*$F$54, 0) -> 13284111 | K20: =IF($F20="MW", $D20*$F$55, 0) -> 7775960.5 | L20: =IF($F20="MW", $D20*$F$56, 0) -> 5778119.3 | M20: =IF($F20="MW", $D20*$F$57, 0) -> 5426838.7 | N20: =IF($F20="MW", $D20*$F$58, 0) -> 3320938.6 | O20: =IF($F20="MW", $D20*$F$59, 0) -> 1215038.4 | P20: =IF($F20="MW", $D20*$F$60, 0) -> 1215038.4 | Q20: =IF($F20="MW", $D20*$F$61, 0) -> 378027.8 | R20: =IF($F20="MW", $D20*$F$62, 0) -> 61020106
A21: South Delta | B21: Union Island | C21: 9 | D21: 24750 | E21: Minimal | F21: MW | G21: Union Island | H21: =IF($F21="MW", $D21*$F$52, 0) -> 8694427.5 | I21: =IF($F21="MW", $D21*$F$53, 0) -> 7007962.5 | J21: =IF($F21="MW", $D21*$F$54, 0) -> 9219127.5 | K21: =IF($F21="MW", $D21*$F$55, 0) -> 5396490 | L21: =IF($F21="MW", $D21*$F$56, 0) -> 4009995 | M21: =IF($F21="MW", $D21*$F$57, 0) -> 3766207.5 | N21: =IF($F21="MW", $D21*$F$58, 0) -> 2304720 | O21: =IF($F21="MW", $D21*$F$59, 0) -> 843232.5 | P21: =IF($F21="MW", $D21*$F$60, 0) -> 843232.5 | Q21: =IF($F21="MW", $D21*$F$61, 0) -> 262350 | R21: =IF($F21="MW", $D21*$F$62, 0) -> 42347745
A22: South Delta | B22: Victoria Island | C22: 10 | D22: 7193 | E22: Minimal | F22: MW | G22: Victoria Island | H22: =IF($F22="MW", $D22*$F$52, 0) -> 2526829 | I22: =IF($F22="MW", $D22*$F$53, 0) -> 2036697.9 | J22: =IF($F22="MW", $D22*$F$54, 0) -> 2679320.6 | K22: =IF($F22="MW", $D22*$F$55, 0) -> 1568361.7 | L22: =IF($F22="MW", $D22*$F$56, 0) -> 1165409.9 | M22: =IF($F22="MW", $D22*$F$57, 0) -> 1094558.8 | N22: =IF($F22="MW", $D22*$F$58, 0) -> 669812.16 | O22: =IF($F22="MW", $D22*$F$59, 0) -> 245065.51 | P22: =IF($F22="MW", $D22*$F$60, 0) -> 245065.51 | Q22: =IF($F22="MW", $D22*$F$61, 0) -> 76245.8 | R22: =IF($F22="MW", $D22*$F$62, 0) -> 12307367
A23: South Delta | B23: Woodward Island | C23: 18 | D23: 1809 | E23: Minimal | F23: MW | G23: Woodward Island | H23: =IF($F23="MW", $D23*$F$52, 0) -> 635483.61 | I23: =IF($F23="MW", $D23*$F$53, 0) -> 512218.35 | J23: =IF($F23="MW", $D23*$F$54, 0) -> 673834.41 | K23: =IF($F23="MW", $D23*$F$55, 0) -> 394434.36 | L23: =IF($F23="MW", $D23*$F$56, 0) -> 293094.18 | M23: =IF($F23="MW", $D23*$F$57, 0) -> 275275.53 | N23: =IF($F23="MW", $D23*$F$58, 0) -> 168454.08 | O23: =IF($F23="MW", $D23*$F$59, 0) -> 61632.63 | P23: =IF($F23="MW", $D23*$F$60, 0) -> 61632.63 | Q23: =IF($F23="MW", $D23*$F$61, 0) -> 19175.4 | R23: =IF($F23="MW", $D23*$F$62, 0) -> 3095235.2
A24: South Delta | B24: Coney Island | C24: 6 | D24: 965 | E24: Minimal | F24: MW | G24: Coney Island | H24: =IF($F24="MW", $D24*$F$52, 0) -> 338994.85 | I24: =IF($F24="MW", $D24*$F$53, 0) -> 273239.75 | J24: =IF($F24="MW", $D24*$F$54, 0) -> 359452.85 | K24: =IF($F24="MW", $D24*$F$55, 0) -> 210408.6 | L24: =IF($F24="MW", $D24*$F$56, 0) -> 156349.3 | M24: =IF($F24="MW", $D24*$F$57, 0) -> 146844.05 | N24: =IF($F24="MW", $D24*$F$58, 0) -> 89860.8 | O24: =IF($F24="MW", $D24*$F$59, 0) -> 32877.55 | P24: =IF($F24="MW", $D24*$F$60, 0) -> 32877.55 | Q24: =IF($F24="MW", $D24*$F$61, 0) -> 10229 | R24: =IF($F24="MW", $D24*$F$62, 0) -> 1651134.3
A25: South Delta | B25: Orowood Tract | C25: 20 | D25: 2383 | E25: Minimal | F25: MW | G25: Orowood Tract | H25: =IF($F25="MW", $D25*$F$52, 0) -> 837124.07 | I25: =IF($F25="MW", $D25*$F$53, 0) -> 674746.45 | J25: =IF($F25="MW", $D25*$F$54, 0) -> 887643.67 | K25: =IF($F25="MW", $D25*$F$55, 0) -> 519589.32 | L25: =IF($F25="MW", $D25*$F$56, 0) -> 386093.66 | M25: =IF($F25="MW", $D25*$F$57, 0) -> 362621.11 | N25: =IF($F25="MW", $D25*$F$58, 0) -> 221904.96 | O25: =IF($F25="MW", $D25*$F$59, 0) -> 81188.81 | P25: =IF($F25="MW", $D25*$F$60, 0) -> 81188.81 | Q25: =IF($F25="MW", $D25*$F$61, 0) -> 25259.8 | R25: =IF($F25="MW", $D25*$F$62, 0) -> 4077360.7
A26: South Delta | B26: Palm Tract | C26: 27 | D26: 2470 | E26: Minimal | F26: MW | G26: Palm Tract | H26: =IF($F26="MW", $D26*$F$52, 0) -> 867686.3 | I26: =IF($F26="MW", $D26*$F$53, 0) -> 699380.5 | J26: =IF($F26="MW", $D26*$F$54, 0) -> 920050.3 | K26: =IF($F26="MW", $D26*$F$55, 0) -> 538558.8 | L26: =IF($F26="MW", $D26*$F$56, 0) -> 400189.4 | M26: =IF($F26="MW", $D26*$F$57, 0) -> 375859.9 | N26: =IF($F26="MW", $D26*$F$58, 0) -> 230006.4 | O26: =IF($F26="MW", $D26*$F$59, 0) -> 84152.9 | P26: =IF($F26="MW", $D26*$F$60, 0) -> 84152.9 | Q26: =IF($F26="MW", $D26*$F$61, 0) -> 26182 | R26: =IF($F26="MW", $D26*$F$62, 0) -> 4226219.4
A27: South Delta | B27: Bacon Island | C27: 32 | D27: 5533 | E27: Severe | F27: MW | G27: Bacon Island | H27: =IF($F27="MW", $D27*$F$52, 0) -> 1943687.6 | I27: =IF($F27="MW", $D27*$F$53, 0) -> 1566668.9 | J27: =IF($F27="MW", $D27*$F$54, 0) -> 2060987.2 | K27: =IF($F27="MW", $D27*$F$55, 0) -> 1206415.3 | L27: =IF($F27="MW", $D27*$F$56, 0) -> 896456.66 | M27: =IF($F27="MW", $D27*$F$57, 0) -> 841956.61 | N27: =IF($F27="MW", $D27*$F$58, 0) -> 515232.96 | O27: =IF($F27="MW", $D27*$F$59, 0) -> 188509.31 | P27: =IF($F27="MW", $D27*$F$60, 0) -> 188509.31 | Q27: =IF($F27="MW", $D27*$F$61, 0) -> 58649.8 | R27: =IF($F27="MW", $D27*$F$62, 0) -> 9467073.7
A28: South Delta | B28: Holland Tract | C28: 35 | D28: 4214 | E28: Minimal | F28: MW | G28: Holland Tract | H28: =IF($F28="MW", $D28*$F$52, 0) -> 1480336.1 | I28: =IF($F28="MW", $D28*$F$53, 0) -> 1193194.1 | J28: =IF($F28="MW", $D28*$F$54, 0) -> 1569672.9 | K28: =IF($F28="MW", $D28*$F$55, 0) -> 918820.56 | L28: =IF($F28="MW", $D28*$F$56, 0) -> 682752.28 | M28: =IF($F28="MW", $D28*$F$57, 0) -> 641244.38 | N28: =IF($F28="MW", $D28*$F$58, 0) -> 392407.68 | O28: =IF($F28="MW", $D28*$F$59, 0) -> 143570.98 | P28: =IF($F28="MW", $D28*$F$60, 0) -> 143570.98 | Q28: =IF($F28="MW", $D28*$F$61, 0) -> 44668.4 | R28: =IF($F28="MW", $D28*$F$62, 0) -> 7210238.3
A29: South Delta | B29: Quinby Island | C29: 36 | D29: 774 | E29: Moderate | F29: MW | G29: Quinby Island | H29: =IF($F29="MW", $D29*$F$52, 0) -> 271898.46 | I29: =IF($F29="MW", $D29*$F$53, 0) -> 219158.1 | J29: =IF($F29="MW", $D29*$F$54, 0) -> 288307.26 | K29: =IF($F29="MW", $D29*$F$55, 0) -> 168762.96 | L29: =IF($F29="MW", $D29*$F$56, 0) -> 125403.48 | M29: =IF($F29="MW", $D29*$F$57, 0) -> 117779.58 | N29: =IF($F29="MW", $D29*$F$58, 0) -> 72074.88 | O29: =IF($F29="MW", $D29*$F$59, 0) -> 26370.18 | P29: =IF($F29="MW", $D29*$F$60, 0) -> 26370.18 | Q29: =IF($F29="MW", $D29*$F$61, 0) -> 8204.4 | R29: =IF($F29="MW", $D29*$F$62, 0) -> 1324329.5
A30: South Delta | B30: Mandeville Island | C30: 44 | D30: 5217 | E30: Severe | F30: MW | G30: Mandeville Island | H30: =IF($F30="MW", $D30*$F$52, 0) -> 1832679.9 | I30: =IF($F30="MW", $D30*$F$53, 0) -> 1477193.5 | J30: =IF($F30="MW", $D30*$F$54, 0) -> 1943280.3 | K30: =IF($F30="MW", $D30*$F$55, 0) -> 1137514.7 | L30: =IF($F30="MW", $D30*$F$56, 0) -> 845258.34 | M30: =IF($F30="MW", $D30*$F$57, 0) -> 793870.89 | N30: =IF($F30="MW", $D30*$F$58, 0) -> 485807.04 | O30: =IF($F30="MW", $D30*$F$59, 0) -> 177743.19 | P30: =IF($F30="MW", $D30*$F$60, 0) -> 177743.19 | Q30: =IF($F30="MW", $D30*$F$61, 0) -> 55300.2 | R30: =IF($F30="MW", $D30*$F$62, 0) -> 8926391.3
A31: Central Delta | B31: Franks Tract | D31: 1380 | E31: Flooded | F31: MW | G31: Franks Tract | H31: =IF($F31="MW", $D31*$F$52, 0) -> 484780.2 | I31: =IF($F31="MW", $D31*$F$53, 0) -> 390747 | J31: =IF($F31="MW", $D31*$F$54, 0) -> 514036.2 | K31: =IF($F31="MW", $D31*$F$55, 0) -> 300895.2 | L31: =IF($F31="MW", $D31*$F$56, 0) -> 223587.6 | M31: =IF($F31="MW", $D31*$F$57, 0) -> 209994.6 | N31: =IF($F31="MW", $D31*$F$58, 0) -> 128505.6 | O31: =IF($F31="MW", $D31*$F$59, 0) -> 47016.6 | P31: =IF($F31="MW", $D31*$F$60, 0) -> 47016.6 | Q31: =IF($F31="MW", $D31*$F$61, 0) -> 14628 | R31: =IF($F31="MW", $D31*$F$62, 0) -> 2361207.6
A32: Central Delta | B32: Bethel Island | C32: 39 | D32: 3220 | E32: Minimal | F32: MW | G32: Bethel Island | H32: =IF($F32="MW", $D32*$F$52, 0) -> 1131153.8 | I32: =IF($F32="MW", $D32*$F$53, 0) -> 911743 | J32: =IF($F32="MW", $D32*$F$54, 0) -> 1199417.8 | K32: =IF($F32="MW", $D32*$F$55, 0) -> 702088.8 | L32: =IF($F32="MW", $D32*$F$56, 0) -> 521704.4 | M32: =IF($F32="MW", $D32*$F$57, 0) -> 489987.4 | N32: =IF($F32="MW", $D32*$F$58, 0) -> 299846.4 | O32: =IF($F32="MW", $D32*$F$59, 0) -> 109705.4 | P32: =IF($F32="MW", $D32*$F$60, 0) -> 109705.4 | Q32: =IF($F32="MW", $D32*$F$61, 0) -> 34132 | R32: =IF($F32="MW", $D32*$F$62, 0) -> 5509484.4
A33: Central Delta | B33: Jersey Island | C33: 43 | D33: 3459 | E33: Moderate | F33: MW | G33: Jersey Island | H33: =IF($F33="MW", $D33*$F$52, 0) -> 1215112.1 | I33: =IF($F33="MW", $D33*$F$53, 0) -> 979415.85 | J33: =IF($F33="MW", $D33*$F$54, 0) -> 1288442.9 | K33: =IF($F33="MW", $D33*$F$55, 0) -> 754200.36 | L33: =IF($F33="MW", $D33*$F$56, 0) -> 560427.18 | M33: =IF($F33="MW", $D33*$F$57, 0) -> 526356.03 | N33: =IF($F33="MW", $D33*$F$58, 0) -> 322102.08 | O33: =IF($F33="MW", $D33*$F$59, 0) -> 117848.13 | P33: =IF($F33="MW", $D33*$F$60, 0) -> 117848.13 | Q33: =IF($F33="MW", $D33*$F$61, 0) -> 36665.4 | R33: =IF($F33="MW", $D33*$F$62, 0) -> 5918418.2
A34: Central Delta | B34: Webb Tract | C34: 53 | D34: 5436 | E34: Severe | F34: MW | G34: Webb Tract | H34: =IF($F34="MW", $D34*$F$52, 0) -> 1909612.4 | I34: =IF($F34="MW", $D34*$F$53, 0) -> 1539203.4 | J34: =IF($F34="MW", $D34*$F$54, 0) -> 2024855.6 | K34: =IF($F34="MW", $D34*$F$55, 0) -> 1185265.4 | L34: =IF($F34="MW", $D34*$F$56, 0) -> 880740.72 | M34: =IF($F34="MW", $D34*$F$57, 0) -> 827196.12 | N34: =IF($F34="MW", $D34*$F$58, 0) -> 506200.32 | O34: =IF($F34="MW", $D34*$F$59, 0) -> 185204.52 | P34: =IF($F34="MW", $D34*$F$60, 0) -> 185204.52 | Q34: =IF($F34="MW", $D34*$F$61, 0) -> 57621.6 | R34: =IF($F34="MW", $D34*$F$62, 0) -> 9301104.7
A35: Central Delta | B35: Bradford Island | C35: 52 | D35: 2135 | E35: Severe | F35: MW | G35: Bradford Island | H35: =IF($F35="MW", $D35*$F$52, 0) -> 750004.15 | I35: =IF($F35="MW", $D35*$F$53, 0) -> 604525.25 | J35: =IF($F35="MW", $D35*$F$54, 0) -> 795266.15 | K35: =IF($F35="MW", $D35*$F$55, 0) -> 465515.4 | L35: =IF($F35="MW", $D35*$F$56, 0) -> 345912.7 | M35: =IF($F35="MW", $D35*$F$57, 0) -> 324882.95 | N35: =IF($F35="MW", $D35*$F$58, 0) -> 198811.2 | O35: =IF($F35="MW", $D35*$F$59, 0) -> 72739.45 | P35: =IF($F35="MW", $D35*$F$60, 0) -> 72739.45 | Q35: =IF($F35="MW", $D35*$F$61, 0) -> 22631 | R35: =IF($F35="MW", $D35*$F$62, 0) -> 3653027.7
A36: Central Delta | B36: Sherman Island | C36: 54 | D36: 10178 | E36: Severe | F36: MW | G36: Sherman Island | H36: =IF($F36="MW", $D36*$F$52, 0) -> 3575429.6 | I36: =IF($F36="MW", $D36*$F$53, 0) -> 2881900.7 | J36: =IF($F36="MW", $D36*$F$54, 0) -> 3791203.2 | K36: =IF($F36="MW", $D36*$F$55, 0) -> 2219211.1 | L36: =IF($F36="MW", $D36*$F$56, 0) -> 1649039.6 | M36: =IF($F36="MW", $D36*$F$57, 0) -> 1548786.3 | N36: =IF($F36="MW", $D36*$F$58, 0) -> 947775.36 | O36: =IF($F36="MW", $D36*$F$59, 0) -> 346764.46 | P36: =IF($F36="MW", $D36*$F$60, 0) -> 346764.46 | Q36: =IF($F36="MW", $D36*$F$61, 0) -> 107886.8 | R36: =IF($F36="MW", $D36*$F$62, 0) -> 17414762
A37: Central Delta | B37: Twitchell Island | C37: 55 | D37: 3559 | E37: Severe | F37: MW | G37: Twitchell Island | H37: =IF($F37="MW", $D37*$F$52, 0) -> 1250241.1 | I37: =IF($F37="MW", $D37*$F$53, 0) -> 1007730.8 | J37: =IF($F37="MW", $D37*$F$54, 0) -> 1325691.9 | K37: =IF($F37="MW", $D37*$F$55, 0) -> 776004.36 | L37: =IF($F37="MW", $D37*$F$56, 0) -> 576629.18 | M37: =IF($F37="MW", $D37*$F$57, 0) -> 541573.03 | N37: =IF($F37="MW", $D37*$F$58, 0) -> 331414.08 | O37: =IF($F37="MW", $D37*$F$59, 0) -> 121255.13 | P37: =IF($F37="MW", $D37*$F$60, 0) -> 121255.13 | Q37: =IF($F37="MW", $D37*$F$61, 0) -> 37725.4 | R37: =IF($F37="MW", $D37*$F$62, 0) -> 6089520.2
A38: North Delta | B38: Dead Horse Island | C38: 63 | D38: 208 | E38: Minimal | F38: MW | G38: Dead Horse Island | H38: =IF($F38="MW", $D38*$F$52, 0) -> 73068.32 | I38: =IF($F38="MW", $D38*$F$53, 0) -> 58895.2 | J38: =IF($F38="MW", $D38*$F$54, 0) -> 77477.92 | K38: =IF($F38="MW", $D38*$F$55, 0) -> 45352.32 | L38: =IF($F38="MW", $D38*$F$56, 0) -> 33700.16 | M38: =IF($F38="MW", $D38*$F$57, 0) -> 31651.36 | N38: =IF($F38="MW", $D38*$F$58, 0) -> 19368.96 | O38: =IF($F38="MW", $D38*$F$59, 0) -> 7086.56 | P38: =IF($F38="MW", $D38*$F$60, 0) -> 7086.56 | Q38: =IF($F38="MW", $D38*$F$61, 0) -> 2204.8 | R38: =IF($F38="MW", $D38*$F$62, 0) -> 355892.16
A39: North Delta | B39: Sutter Island | C39: 87 | D39: 2514 | E39: Minimal | F39: MW | G39: Sutter Island | H39: =IF($F39="MW", $D39*$F$52, 0) -> 883143.06 | I39: =IF($F39="MW", $D39*$F$53, 0) -> 711839.1 | J39: =IF($F39="MW", $D39*$F$54, 0) -> 936439.86 | K39: =IF($F39="MW", $D39*$F$55, 0) -> 548152.56 | L39: =IF($F39="MW", $D39*$F$56, 0) -> 407318.28 | M39: =IF($F39="MW", $D39*$F$57, 0) -> 382555.38 | N39: =IF($F39="MW", $D39*$F$58, 0) -> 234103.68 | O39: =IF($F39="MW", $D39*$F$59, 0) -> 85651.98 | P39: =IF($F39="MW", $D39*$F$60, 0) -> 85651.98 | Q39: =IF($F39="MW", $D39*$F$61, 0) -> 26648.4 | R39: =IF($F39="MW", $D39*$F$62, 0) -> 4301504.3
A40: North Delta | B40: New Hope Tract | C40: 89 | D40: 9211 | E40: Minimal | F40: MW | G40: New Hope Tract | H40: =IF($F40="MW", $D40*$F$52, 0) -> 3235732.2 | I40: =IF($F40="MW", $D40*$F$53, 0) -> 2608094.6 | J40: =IF($F40="MW", $D40*$F$54, 0) -> 3431005.4 | K40: =IF($F40="MW", $D40*$F$55, 0) -> 2008366.4 | L40: =IF($F40="MW", $D40*$F$56, 0) -> 1492366.2 | M40: =IF($F40="MW", $D40*$F$57, 0) -> 1401637.9 | N40: =IF($F40="MW", $D40*$F$58, 0) -> 857728.32 | O40: =IF($F40="MW", $D40*$F$59, 0) -> 313818.77 | P40: =IF($F40="MW", $D40*$F$60, 0) -> 313818.77 | Q40: =IF($F40="MW", $D40*$F$61, 0) -> 97636.6 | R40: =IF($F40="MW", $D40*$F$62, 0) -> 15760205
A41: North Delta | B41: Canal Ranch Tract | C41: 60 | D41: 2936 | E41: Minimal | F41: MW | G41: Canal Ranch Tract | H41: =IF($F41="MW", $D41*$F$52, 0) -> 1031387.4 | I41: =IF($F41="MW", $D41*$F$53, 0) -> 831328.4 | J41: =IF($F41="MW", $D41*$F$54, 0) -> 1093630.6 | K41: =IF($F41="MW", $D41*$F$55, 0) -> 640165.44 | L41: =IF($F41="MW", $D41*$F$56, 0) -> 475690.72 | M41: =IF($F41="MW", $D41*$F$57, 0) -> 446771.12 | N41: =IF($F41="MW", $D41*$F$58, 0) -> 273400.32 | O41: =IF($F41="MW", $D41*$F$59, 0) -> 100029.52 | P41: =IF($F41="MW", $D41*$F$60, 0) -> 100029.52 | Q41: =IF($F41="MW", $D41*$F$61, 0) -> 31121.6 | R41: =IF($F41="MW", $D41*$F$62, 0) -> 5023554.7
A42: Upland | B42: Upper Bound | D42: 347591 | F42: Meadows | H42: =IF($F42="Meadows", $D42*$F$52, 0) -> 1.2210524e+08 | I42: =IF($F42="Meadows", $D42*$F$52, 0) -> 1.2210524e+08 | J42: =IF($F42="Meadows", $D42*$F$52, 0) -> 1.2210524e+08 | K42: =IF($F42="Meadows", $D42*$F$52, 0) -> 1.2210524e+08 | L42: =IF($F42="Meadows", $D42*$F$52, 0) -> 1.2210524e+08 | M42: =IF($F42="Meadows", $D42*$F$52, 0) -> 1.2210524e+08 | N42: =IF($F42="Meadows", $D42*$F$52, 0) -> 1.2210524e+08 | O42: =IF($F42="Meadows", $D42*$F$52, 0) -> 1.2210524e+08 | ... R42: =IF($F42="Meadows", $D42*$F$52, 0) -> 1.2210524e+08
A43: Upland | B43: Upper Bound | D43: 303372 | F43: Floodplain | G43: 0 | H43: =IF($F43="Floodplain", $D43*$F$52, 0) -> 1.0657155e+08 | I43: =IF($F43="Floodplain", $D43*$F$52, 0) -> 1.0657155e+08 | J43: =IF($F43="Floodplain", $D43*$F$52, 0) -> 1.0657155e+08 | K43: =IF($F43="Floodplain", $D43*$F$52, 0) -> 1.0657155e+08 | L43: =IF($F43="Floodplain", $D43*$F$52, 0) -> 1.0657155e+08 | M43: =IF($F43="Floodplain", $D43*$F$52, 0) -> 1.0657155e+08 | N43: =IF($F43="Floodplain", $D43*$F$52, 0) -> 1.0657155e+08 | O43: =IF($F43="Floodplain", $D43*$F$52, 0) -> 1.0657155e+08 | ... R43: =IF($F43="Floodplain", $D43*$F$52, 0) -> 1.0657155e+08
A44: Upland | B44: Upper Bound | D44: 207004 | F44: Wetland | H44: =IF($F44="Wetland", $D44*$F$52, 0) -> 72718435 | I44: =IF($F44="Wetland", $D44*$F$52, 0) -> 72718435 | J44: =IF($F44="Wetland", $D44*$F$52, 0) -> 72718435 | K44: =IF($F44="Wetland", $D44*$F$52, 0) -> 72718435 | L44: =IF($F44="Wetland", $D44*$F$52, 0) -> 72718435 | M44: =IF($F44="Wetland", $D44*$F$52, 0) -> 72718435 | N44: =IF($F44="Wetland", $D44*$F$52, 0) -> 72718435 | O44: =IF($F44="Wetland", $D44*$F$52, 0) -> 72718435 | ... R44: =IF($F44="Wetland", $D44*$F$52, 0) -> 72718435
D45: =SUM(D4:D41) -> 250195 | G45: Totals per Benefit | H45: =SUM(H4:H41) -> 87891002 | I45: =SUM(I4:I41) -> 70842714 | J45: =SUM(J4:J41) -> 93195136 | K45: =SUM(K4:K41) -> 54552518 | L45: =SUM(L4:L41) -> 40536594 | M45: =SUM(M4:M41) -> 38072173 | N45: =SUM(N4:N41) -> 23298158 | O45: =SUM(O4:O41) -> 8524143.6 | ... R45: =SUM(R4:R41) -> 4.2808865e+08
C46: North | D46: =SUM(D4:D8,D14,D38:D41) -> 84385 | F46: Rice Acreage
C47: Central | D47: =SUM(D31:D37) -> 29367 | F47: Rice Proportion
A48: Key: | C48: South | D48: =SUM(D10:D13,D15:D30) -> 130507
A49: grey = restoration/managed wetlands
A50: tan - Wet soil agriculture (rice)
D51: Wetland Function | E51: US$/acre/yr (2000) | F51: US$/acre/yr (2025)
D52: Flood control | E52: 187.77 | F52: 351.29
D53: Recreational fishing | E53: 151.35 | F53: 283.15
D54: Amenity/recreation | E54: 199.11 | F54: 372.49
D55: Water filtering | E55: 116.55 | F55: 218.04
D56: Biodiversity | E56: 86.6 | F56: 162.02
D57: Habitat nursery | E57: 81.34 | F57: 152.17
D58: Recreational hunting | E58: 49.78 | F58: 93.12
D59: Water supply | E59: 18.21 | F59: 34.07
D60: Materials | E60: 18.21 | F60: 34.07
D61: Fuel wood | E61: 5.67 | F61: 10.6
D62: Sum of all ten | E62: 914.59 | F62: 1711.02

Sheet 50% Restoration ($)
H1: Benefits US$/acre/yr (2025)
A2: Region | B2: Island | C2: ArcGIS object ID | D2: Acres | E2: Elevation (categorical) | F2: 50/50 (R = Rice; MW = Managed Wetland) | G2: Wetland function | H2: Flood control | I2: Recreational fishing | J2: Amenity/recreation | K2: Water filtering | L2: Biodiversity | M2: Habitat nursery | N2: Recreational hunting | O2: Water supply | P2: Materials | Q2: Fuel wood | R2: Sum of all ten
A3: Suisun Marsh | B3: Suisun | D3: 41914 | F3: Tidal | H3: =IF($F3="Tidal", $D3*$F$52, 0) -> 14723969 | I3: =IF($F3="Tidal", $D3*$F$52, 0) -> 14723969 | J3: =IF($F3="Tidal", $D3*$F$52, 0) -> 14723969 | K3: =IF($F3="Tidal", $D3*$F$52, 0) -> 14723969 | L3: =IF($F3="Tidal", $D3*$F$52, 0) -> 14723969 | M3: =IF($F3="Tidal", $D3*$F$52, 0) -> 14723969 | N3: =IF($F3="Tidal", $D3*$F$52, 0) -> 14723969 | O3: =IF($F3="Tidal", $D3*$F$52, 0) -> 14723969 | ... R3: =IF($F3="Tidal", $D3*$F$52, 0) -> 14723969
A4: North Delta | B4: Grand Island | C4: 80 | D4: 16543 | E4: Mimimal | F4: R | G4: Grand Island | H4: =IF($F4="MW", $D4*$F$52, 0) -> 0 | I4: =IF($F4="MW", $D4*$F$53, 0) -> 0 | J4: =IF($F4="MW", $D4*$F$54, 0) -> 0 | K4: =IF($F4="MW", $D4*$F$55, 0) -> 0 | L4: =IF($F4="MW", $D4*$F$56, 0) -> 0 | M4: =IF($F4="MW", $D4*$F$57, 0) -> 0 | N4: =IF($F4="MW", $D4*$F$58, 0) -> 0 | O4: =IF($F4="MW", $D4*$F$59, 0) -> 0 | P4: =IF($F4="MW", $D4*$F$60, 0) -> 0 | Q4: =IF($F4="MW", $D4*$F$61, 0) -> 0 | R4: =IF($F4="MW", $D4*$F$62, 0) -> 0
A5: North Delta | B5: Ryer Island | C5: 76 | D5: 11798 | E5: Minimal | F5: R | G5: Ryer Island | H5: =IF($F5="MW", $D5*$F$52, 0) -> 0 | I5: =IF($F5="MW", $D5*$F$53, 0) -> 0 | J5: =IF($F5="MW", $D5*$F$54, 0) -> 0 | K5: =IF($F5="MW", $D5*$F$55, 0) -> 0 | L5: =IF($F5="MW", $D5*$F$56, 0) -> 0 | M5: =IF($F5="MW", $D5*$F$57, 0) -> 0 | N5: =IF($F5="MW", $D5*$F$58, 0) -> 0 | O5: =IF($F5="MW", $D5*$F$59, 0) -> 0 | P5: =IF($F5="MW", $D5*$F$60, 0) -> 0 | Q5: =IF($F5="MW", $D5*$F$61, 0) -> 0 | R5: =IF($F5="MW", $D5*$F$62, 0) -> 0
A6: North Delta | B6: Tyler Island | C6: 62 | D6: 8799 | E6: Minimal | F6: R | G6: Tyler Island | H6: =IF($F6="MW", $D6*$F$52, 0) -> 0 | I6: =IF($F6="MW", $D6*$F$53, 0) -> 0 | J6: =IF($F6="MW", $D6*$F$54, 0) -> 0 | K6: =IF($F6="MW", $D6*$F$55, 0) -> 0 | L6: =IF($F6="MW", $D6*$F$56, 0) -> 0 | M6: =IF($F6="MW", $D6*$F$57, 0) -> 0 | N6: =IF($F6="MW", $D6*$F$58, 0) -> 0 | O6: =IF($F6="MW", $D6*$F$59, 0) -> 0 | P6: =IF($F6="MW", $D6*$F$60, 0) -> 0 | Q6: =IF($F6="MW", $D6*$F$61, 0) -> 0 | R6: =IF($F6="MW", $D6*$F$62, 0) -> 0
A7: North Delta | B7: Staten Island | C7: 61 | D7: 9111 | E7: Moderate | F7: R | G7: Staten Island | H7: =IF($F7="MW", $D7*$F$52, 0) -> 0 | I7: =IF($F7="MW", $D7*$F$53, 0) -> 0 | J7: =IF($F7="MW", $D7*$F$54, 0) -> 0 | K7: =IF($F7="MW", $D7*$F$55, 0) -> 0 | L7: =IF($F7="MW", $D7*$F$56, 0) -> 0 | M7: =IF($F7="MW", $D7*$F$57, 0) -> 0 | N7: =IF($F7="MW", $D7*$F$58, 0) -> 0 | O7: =IF($F7="MW", $D7*$F$59, 0) -> 0 | P7: =IF($F7="MW", $D7*$F$60, 0) -> 0 | Q7: =IF($F7="MW", $D7*$F$61, 0) -> 0 | R7: =IF($F7="MW", $D7*$F$62, 0) -> 0
A8: North-Central | B8: Brannan Island | C8: 116 | D8: 12907 | E8: Severe | F8: MW | G8: Brannan Island | H8: =IF($F8="MW", $D8*$F$52, 0) -> 4534100 | I8: =IF($F8="MW", $D8*$F$53, 0) -> 3654617 | J8: =IF($F8="MW", $D8*$F$54, 0) -> 4807728.4 | K8: =IF($F8="MW", $D8*$F$55, 0) -> 2814242.3 | L8: =IF($F8="MW", $D8*$F$56, 0) -> 2091192.1 | M8: =IF($F8="MW", $D8*$F$57, 0) -> 1964058.2 | N8: =IF($F8="MW", $D8*$F$58, 0) -> 1201899.8 | O8: =IF($F8="MW", $D8*$F$59, 0) -> 439741.49 | P8: =IF($F8="MW", $D8*$F$60, 0) -> 439741.49 | Q8: =IF($F8="MW", $D8*$F$61, 0) -> 136814.2 | R8: =IF($F8="MW", $D8*$F$62, 0) -> 22084135
A9: South Delta | B9: Bouldin Island | C9: 57 | D9: 5936 | E9: Severe | F9: R | G9: Bouldin Island | H9: =IF($F9="MW", $D9*$F$52, 0) -> 0 | I9: =IF($F9="MW", $D9*$F$53, 0) -> 0 | J9: =IF($F9="MW", $D9*$F$54, 0) -> 0 | K9: =IF($F9="MW", $D9*$F$55, 0) -> 0 | L9: =IF($F9="MW", $D9*$F$56, 0) -> 0 | M9: =IF($F9="MW", $D9*$F$57, 0) -> 0 | N9: =IF($F9="MW", $D9*$F$58, 0) -> 0 | O9: =IF($F9="MW", $D9*$F$59, 0) -> 0 | P9: =IF($F9="MW", $D9*$F$60, 0) -> 0 | Q9: =IF($F9="MW", $D9*$F$61, 0) -> 0 | R9: =IF($F9="MW", $D9*$F$62, 0) -> 0
A10: South Delta | B10: Venice Island | C10: 49 | D10: 3094 | E10: Severe | F10: MW | G10: Venice Island | H10: =IF($F10="MW", $D10*$F$52, 0) -> 1086891.3 | I10: =IF($F10="MW", $D10*$F$53, 0) -> 876066.1 | J10: =IF($F10="MW", $D10*$F$54, 0) -> 1152484.1 | K10: =IF($F10="MW", $D10*$F$55, 0) -> 674615.76 | L10: =IF($F10="MW", $D10*$F$56, 0) -> 501289.88 | M10: =IF($F10="MW", $D10*$F$57, 0) -> 470813.98 | N10: =IF($F10="MW", $D10*$F$58, 0) -> 288113.28 | O10: =IF($F10="MW", $D10*$F$59, 0) -> 105412.58 | P10: =IF($F10="MW", $D10*$F$60, 0) -> 105412.58 | Q10: =IF($F10="MW", $D10*$F$61, 0) -> 32796.4 | R10: =IF($F10="MW", $D10*$F$62, 0) -> 5293895.9
A11: South Delta | B11: Medford Island | C11: 41 | D11: 1165 | E11: Moderate | F11: R | G11: Medford Island | H11: =IF($F11="MW", $D11*$F$52, 0) -> 0 | I11: =IF($F11="MW", $D11*$F$53, 0) -> 0 | J11: =IF($F11="MW", $D11*$F$54, 0) -> 0 | K11: =IF($F11="MW", $D11*$F$55, 0) -> 0 | L11: =IF($F11="MW", $D11*$F$56, 0) -> 0 | M11: =IF($F11="MW", $D11*$F$57, 0) -> 0 | N11: =IF($F11="MW", $D11*$F$58, 0) -> 0 | O11: =IF($F11="MW", $D11*$F$59, 0) -> 0 | P11: =IF($F11="MW", $D11*$F$60, 0) -> 0 | Q11: =IF($F11="MW", $D11*$F$61, 0) -> 0 | R11: =IF($F11="MW", $D11*$F$62, 0) -> 0
A12: South Delta | B12: Empire Tract | C12: 50 | D12: 3625 | E12: Moderate | F12: R | G12: Empire Tract | H12: =IF($F12="MW", $D12*$F$52, 0) -> 0 | I12: =IF($F12="MW", $D12*$F$53, 0) -> 0 | J12: =IF($F12="MW", $D12*$F$54, 0) -> 0 | K12: =IF($F12="MW", $D12*$F$55, 0) -> 0 | L12: =IF($F12="MW", $D12*$F$56, 0) -> 0 | M12: =IF($F12="MW", $D12*$F$57, 0) -> 0 | N12: =IF($F12="MW", $D12*$F$58, 0) -> 0 | O12: =IF($F12="MW", $D12*$F$59, 0) -> 0 | P12: =IF($F12="MW", $D12*$F$60, 0) -> 0 | Q12: =IF($F12="MW", $D12*$F$61, 0) -> 0 | R12: =IF($F12="MW", $D12*$F$62, 0) -> 0
A13: South Delta | B13: King Island | C13: 46 | D13: 3216 | E13: Minimal | F13: R | G13: King Island | H13: =IF($F13="MW", $D13*$F$52, 0) -> 0 | I13: =IF($F13="MW", $D13*$F$53, 0) -> 0 | J13: =IF($F13="MW", $D13*$F$54, 0) -> 0 | K13: =IF($F13="MW", $D13*$F$55, 0) -> 0 | L13: =IF($F13="MW", $D13*$F$56, 0) -> 0 | M13: =IF($F13="MW", $D13*$F$57, 0) -> 0 | N13: =IF($F13="MW", $D13*$F$58, 0) -> 0 | O13: =IF($F13="MW", $D13*$F$59, 0) -> 0 | P13: =IF($F13="MW", $D13*$F$60, 0) -> 0 | Q13: =IF($F13="MW", $D13*$F$61, 0) -> 0 | R13: =IF($F13="MW", $D13*$F$62, 0) -> 0
A14: North-South | B14: Terminous Tract | C14: 58 | D14: 10358 | E14: Minimal | F14: R | G14: Terminous Tract | H14: =IF($F14="MW", $D14*$F$52, 0) -> 0 | I14: =IF($F14="MW", $D14*$F$53, 0) -> 0 | J14: =IF($F14="MW", $D14*$F$54, 0) -> 0 | K14: =IF($F14="MW", $D14*$F$55, 0) -> 0 | L14: =IF($F14="MW", $D14*$F$56, 0) -> 0 | M14: =IF($F14="MW", $D14*$F$57, 0) -> 0 | N14: =IF($F14="MW", $D14*$F$58, 0) -> 0 | O14: =IF($F14="MW", $D14*$F$59, 0) -> 0 | P14: =IF($F14="MW", $D14*$F$60, 0) -> 0 | Q14: =IF($F14="MW", $D14*$F$61, 0) -> 0 | R14: =IF($F14="MW", $D14*$F$62, 0) -> 0
A15: South Delta | B15: Rindge Tract | C15: 40 | D15: 6743 | E15: Moderate | F15: MW | G15: Rindge Tract | H15: =IF($F15="MW", $D15*$F$52, 0) -> 2368748.5 | I15: =IF($F15="MW", $D15*$F$53, 0) -> 1909280.4 | J15: =IF($F15="MW", $D15*$F$54, 0) -> 2511700.1 | K15: =IF($F15="MW", $D15*$F$55, 0) -> 1470243.7 | L15: =IF($F15="MW", $D15*$F$56, 0) -> 1092500.9 | M15: =IF($F15="MW", $D15*$F$57, 0) -> 1026082.3 | N15: =IF($F15="MW", $D15*$F$58, 0) -> 627908.16 | O15: =IF($F15="MW", $D15*$F$59, 0) -> 229734.01 | P15: =IF($F15="MW", $D15*$F$60, 0) -> 229734.01 | Q15: =IF($F15="MW", $D15*$F$61, 0) -> 71475.8 | R15: =IF($F15="MW", $D15*$F$62, 0) -> 11537408
... A19: South Delta | B19: Rough and Ready | C19: 25 | D19: 1401 | E19: Minimal | F19: MW | G19: Rough and Ready | H19: =IF($F19="MW", $D19*$F$52, 0) -> 492157.29 | I19: =IF($F19="MW", $D19*$F$53, 0) -> 396693.15 | J19: =IF($F19="MW", $D19*$F$54, 0) -> 521858.49 | K19: =IF($F19="MW", $D19*$F$55, 0) -> 305474.04 | L19: =IF($F19="MW", $D19*$F$56, 0) -> 226990.02 | M19: =IF($F19="MW", $D19*$F$57, 0) -> 213190.17 | N19: =IF($F19="MW", $D19*$F$58, 0) -> 130461.12 | O19: =IF($F19="MW", $D19*$F$59, 0) -> 47732.07 | P19: =IF($F19="MW", $D19*$F$60, 0) -> 47732.07 | Q19: =IF($F19="MW", $D19*$F$61, 0) -> 14850.6 | R19: =IF($F19="MW", $D19*$F$62, 0) -> 2397139
A20: South Delta | B20: Roberts Island | C20: 31 + 22 + 12+23+ 8 | D20: 35663 | E20: Minimal | F20: R | G20: Roberts Island | H20: =IF($F20="MW", $D20*$F$52, 0) -> 0 | I20: =IF($F20="MW", $D20*$F$53, 0) -> 0 | J20: =IF($F20="MW", $D20*$F$54, 0) -> 0 | K20: =IF($F20="MW", $D20*$F$55, 0) -> 0 | L20: =IF($F20="MW", $D20*$F$56, 0) -> 0 | M20: =IF($F20="MW", $D20*$F$57, 0) -> 0 | N20: =IF($F20="MW", $D20*$F$58, 0) -> 0 | O20: =IF($F20="MW", $D20*$F$59, 0) -> 0 | P20: =IF($F20="MW", $D20*$F$60, 0) -> 0 | Q20: =IF($F20="MW", $D20*$F$61, 0) -> 0 | R20: =IF($F20="MW", $D20*$F$62, 0) -> 0
A21: South Delta | B21: Union Island | C21: 9 | D21: 24750 | E21: Minimal | F21: R | G21: Union Island | H21: =IF($F21="MW", $D21*$F$52, 0) -> 0 | I21: =IF($F21="MW", $D21*$F$53, 0) -> 0 | J21: =IF($F21="MW", $D21*$F$54, 0) -> 0 | K21: =IF($F21="MW", $D21*$F$55, 0) -> 0 | L21: =IF($F21="MW", $D21*$F$56, 0) -> 0 | M21: =IF($F21="MW", $D21*$F$57, 0) -> 0 | N21: =IF($F21="MW", $D21*$F$58, 0) -> 0 | O21: =IF($F21="MW", $D21*$F$59, 0) -> 0 | P21: =IF($F21="MW", $D21*$F$60, 0) -> 0 | Q21: =IF($F21="MW", $D21*$F$61, 0) -> 0 | R21: =IF($F21="MW", $D21*$F$62, 0) -> 0
A22: South Delta | B22: Victoria Island | C22: 10 | D22: 7193 | E22: Minimal | F22: MW | G22: Victoria Island | H22: =IF($F22="MW", $D22*$F$52, 0) -> 2526829 | I22: =IF($F22="MW", $D22*$F$53, 0) -> 2036697.9 | J22: =IF($F22="MW", $D22*$F$54, 0) -> 2679320.6 | K22: =IF($F22="MW", $D22*$F$55, 0) -> 1568361.7 | L22: =IF($F22="MW", $D22*$F$56, 0) -> 1165409.9 | M22: =IF($F22="MW", $D22*$F$57, 0) -> 1094558.8 | N22: =IF($F22="MW", $D22*$F$58, 0) -> 669812.16 | O22: =IF($F22="MW", $D22*$F$59, 0) -> 245065.51 | P22: =IF($F22="MW", $D22*$F$60, 0) -> 245065.51 | Q22: =IF($F22="MW", $D22*$F$61, 0) -> 76245.8 | R22: =IF($F22="MW", $D22*$F$62, 0) -> 12307367
A23: South Delta | B23: Woodward Island | C23: 18 | D23: 1809 | E23: Minimal | F23: MW | G23: Woodward Island | H23: =IF($F23="MW", $D23*$F$52, 0) -> 635483.61 | I23: =IF($F23="MW", $D23*$F$53, 0) -> 512218.35 | J23: =IF($F23="MW", $D23*$F$54, 0) -> 673834.41 | K23: =IF($F23="MW", $D23*$F$55, 0) -> 394434.36 | L23: =IF($F23="MW", $D23*$F$56, 0) -> 293094.18 | M23: =IF($F23="MW", $D23*$F$57, 0) -> 275275.53 | N23: =IF($F23="MW", $D23*$F$58, 0) -> 168454.08 | O23: =IF($F23="MW", $D23*$F$59, 0) -> 61632.63 | P23: =IF($F23="MW", $D23*$F$60, 0) -> 61632.63 | Q23: =IF($F23="MW", $D23*$F$61, 0) -> 19175.4 | R23: =IF($F23="MW", $D23*$F$62, 0) -> 3095235.2
A24: South Delta | B24: Coney Island | C24: 6 | D24: 965 | E24: Minimal | F24: MW | G24: Coney Island | H24: =IF($F24="MW", $D24*$F$52, 0) -> 338994.85 | I24: =IF($F24="MW", $D24*$F$53, 0) -> 273239.75 | J24: =IF($F24="MW", $D24*$F$54, 0) -> 359452.85 | K24: =IF($F24="MW", $D24*$F$55, 0) -> 210408.6 | L24: =IF($F24="MW", $D24*$F$56, 0) -> 156349.3 | M24: =IF($F24="MW", $D24*$F$57, 0) -> 146844.05 | N24: =IF($F24="MW", $D24*$F$58, 0) -> 89860.8 | O24: =IF($F24="MW", $D24*$F$59, 0) -> 32877.55 | P24: =IF($F24="MW", $D24*$F$60, 0) -> 32877.55 | Q24: =IF($F24="MW", $D24*$F$61, 0) -> 10229 | R24: =IF($F24="MW", $D24*$F$62, 0) -> 1651134.3
A25: South Delta | B25: Orowood Tract | C25: 20 | D25: 2383 | E25: Minimal | F25: MW | G25: Orowood Tract | H25: =IF($F25="MW", $D25*$F$52, 0) -> 837124.07 | I25: =IF($F25="MW", $D25*$F$53, 0) -> 674746.45 | J25: =IF($F25="MW", $D25*$F$54, 0) -> 887643.67 | K25: =IF($F25="MW", $D25*$F$55, 0) -> 519589.32 | L25: =IF($F25="MW", $D25*$F$56, 0) -> 386093.66 | M25: =IF($F25="MW", $D25*$F$57, 0) -> 362621.11 | N25: =IF($F25="MW", $D25*$F$58, 0) -> 221904.96 | O25: =IF($F25="MW", $D25*$F$59, 0) -> 81188.81 | P25: =IF($F25="MW", $D25*$F$60, 0) -> 81188.81 | Q25: =IF($F25="MW", $D25*$F$61, 0) -> 25259.8 | R25: =IF($F25="MW", $D25*$F$62, 0) -> 4077360.7
A26: South Delta | B26: Palm Tract | C26: 27 | D26: 2470 | E26: Minimal | F26: MW | G26: Palm Tract | H26: =IF($F26="MW", $D26*$F$52, 0) -> 867686.3 | I26: =IF($F26="MW", $D26*$F$53, 0) -> 699380.5 | J26: =IF($F26="MW", $D26*$F$54, 0) -> 920050.3 | K26: =IF($F26="MW", $D26*$F$55, 0) -> 538558.8 | L26: =IF($F26="MW", $D26*$F$56, 0) -> 400189.4 | M26: =IF($F26="MW", $D26*$F$57, 0) -> 375859.9 | N26: =IF($F26="MW", $D26*$F$58, 0) -> 230006.4 | O26: =IF($F26="MW", $D26*$F$59, 0) -> 84152.9 | P26: =IF($F26="MW", $D26*$F$60, 0) -> 84152.9 | Q26: =IF($F26="MW", $D26*$F$61, 0) -> 26182 | R26: =IF($F26="MW", $D26*$F$62, 0) -> 4226219.4
A27: South Delta | B27: Bacon Island | C27: 32 | D27: 5533 | E27: Severe | F27: MW | G27: Bacon Island | H27: =IF($F27="MW", $D27*$F$52, 0) -> 1943687.6 | I27: =IF($F27="MW", $D27*$F$53, 0) -> 1566668.9 | J27: =IF($F27="MW", $D27*$F$54, 0) -> 2060987.2 | K27: =IF($F27="MW", $D27*$F$55, 0) -> 1206415.3 | L27: =IF($F27="MW", $D27*$F$56, 0) -> 896456.66 | M27: =IF($F27="MW", $D27*$F$57, 0) -> 841956.61 | N27: =IF($F27="MW", $D27*$F$58, 0) -> 515232.96 | O27: =IF($F27="MW", $D27*$F$59, 0) -> 188509.31 | P27: =IF($F27="MW", $D27*$F$60, 0) -> 188509.31 | Q27: =IF($F27="MW", $D27*$F$61, 0) -> 58649.8 | R27: =IF($F27="MW", $D27*$F$62, 0) -> 9467073.7
A28: South Delta | B28: Holland Tract | C28: 35 | D28: 4214 | E28: Minimal | F28: MW | G28: Holland Tract | H28: =IF($F28="MW", $D28*$F$52, 0) -> 1480336.1 | I28: =IF($F28="MW", $D28*$F$53, 0) -> 1193194.1 | J28: =IF($F28="MW", $D28*$F$54, 0) -> 1569672.9 | K28: =IF($F28="MW", $D28*$F$55, 0) -> 918820.56 | L28: =IF($F28="MW", $D28*$F$56, 0) -> 682752.28 | M28: =IF($F28="MW", $D28*$F$57, 0) -> 641244.38 | N28: =IF($F28="MW", $D28*$F$58, 0) -> 392407.68 | O28: =IF($F28="MW", $D28*$F$59, 0) -> 143570.98 | P28: =IF($F28="MW", $D28*$F$60, 0) -> 143570.98 | Q28: =IF($F28="MW", $D28*$F$61, 0) -> 44668.4 | R28: =IF($F28="MW", $D28*$F$62, 0) -> 7210238.3
A29: South Delta | B29: Quinby Island | C29: 36 | D29: 774 | E29: Moderate | F29: MW | G29: Quinby Island | H29: =IF($F29="MW", $D29*$F$52, 0) -> 271898.46 | I29: =IF($F29="MW", $D29*$F$53, 0) -> 219158.1 | J29: =IF($F29="MW", $D29*$F$54, 0) -> 288307.26 | K29: =IF($F29="MW", $D29*$F$55, 0) -> 168762.96 | L29: =IF($F29="MW", $D29*$F$56, 0) -> 125403.48 | M29: =IF($F29="MW", $D29*$F$57, 0) -> 117779.58 | N29: =IF($F29="MW", $D29*$F$58, 0) -> 72074.88 | O29: =IF($F29="MW", $D29*$F$59, 0) -> 26370.18 | P29: =IF($F29="MW", $D29*$F$60, 0) -> 26370.18 | Q29: =IF($F29="MW", $D29*$F$61, 0) -> 8204.4 | R29: =IF($F29="MW", $D29*$F$62, 0) -> 1324329.5
A30: South Delta | B30: Mandeville Island | C30: 44 | D30: 5217 | E30: Severe | F30: MW | G30: Mandeville Island | H30: =IF($F30="MW", $D30*$F$52, 0) -> 1832679.9 | I30: =IF($F30="MW", $D30*$F$53, 0) -> 1477193.5 | J30: =IF($F30="MW", $D30*$F$54, 0) -> 1943280.3 | K30: =IF($F30="MW", $D30*$F$55, 0) -> 1137514.7 | L30: =IF($F30="MW", $D30*$F$56, 0) -> 845258.34 | M30: =IF($F30="MW", $D30*$F$57, 0) -> 793870.89 | N30: =IF($F30="MW", $D30*$F$58, 0) -> 485807.04 | O30: =IF($F30="MW", $D30*$F$59, 0) -> 177743.19 | P30: =IF($F30="MW", $D30*$F$60, 0) -> 177743.19 | Q30: =IF($F30="MW", $D30*$F$61, 0) -> 55300.2 | R30: =IF($F30="MW", $D30*$F$62, 0) -> 8926391.3
A31: Central Delta | B31: Franks Tract | D31: 1380 | E31: Flooded | F31: MW | G31: Franks Tract | H31: =IF($F31="MW", $D31*$F$52, 0) -> 484780.2 | I31: =IF($F31="MW", $D31*$F$53, 0) -> 390747 | J31: =IF($F31="MW", $D31*$F$54, 0) -> 514036.2 | K31: =IF($F31="MW", $D31*$F$55, 0) -> 300895.2 | L31: =IF($F31="MW", $D31*$F$56, 0) -> 223587.6 | M31: =IF($F31="MW", $D31*$F$57, 0) -> 209994.6 | N31: =IF($F31="MW", $D31*$F$58, 0) -> 128505.6 | O31: =IF($F31="MW", $D31*$F$59, 0) -> 47016.6 | P31: =IF($F31="MW", $D31*$F$60, 0) -> 47016.6 | Q31: =IF($F31="MW", $D31*$F$61, 0) -> 14628 | R31: =IF($F31="MW", $D31*$F$62, 0) -> 2361207.6
A32: Central Delta | B32: Bethel Island | C32: 39 | D32: 3220 | E32: Minimal | F32: MW | G32: Bethel Island | H32: =IF($F32="MW", $D32*$F$52, 0) -> 1131153.8 | I32: =IF($F32="MW", $D32*$F$53, 0) -> 911743 | J32: =IF($F32="MW", $D32*$F$54, 0) -> 1199417.8 | K32: =IF($F32="MW", $D32*$F$55, 0) -> 702088.8 | L32: =IF($F32="MW", $D32*$F$56, 0) -> 521704.4 | M32: =IF($F32="MW", $D32*$F$57, 0) -> 489987.4 | N32: =IF($F32="MW", $D32*$F$58, 0) -> 299846.4 | O32: =IF($F32="MW", $D32*$F$59, 0) -> 109705.4 | P32: =IF($F32="MW", $D32*$F$60, 0) -> 109705.4 | Q32: =IF($F32="MW", $D32*$F$61, 0) -> 34132 | R32: =IF($F32="MW", $D32*$F$62, 0) -> 5509484.4
A33: Central Delta | B33: Jersey Island | C33: 43 | D33: 3459 | E33: Moderate | F33: MW | G33: Jersey Island | H33: =IF($F33="MW", $D33*$F$52, 0) -> 1215112.1 | I33: =IF($F33="MW", $D33*$F$53, 0) -> 979415.85 | J33: =IF($F33="MW", $D33*$F$54, 0) -> 1288442.9 | K33: =IF($F33="MW", $D33*$F$55, 0) -> 754200.36 | L33: =IF($F33="MW", $D33*$F$56, 0) -> 560427.18 | M33: =IF($F33="MW", $D33*$F$57, 0) -> 526356.03 | N33: =IF($F33="MW", $D33*$F$58, 0) -> 322102.08 | O33: =IF($F33="MW", $D33*$F$59, 0) -> 117848.13 | P33: =IF($F33="MW", $D33*$F$60, 0) -> 117848.13 | Q33: =IF($F33="MW", $D33*$F$61, 0) -> 36665.4 | R33: =IF($F33="MW", $D33*$F$62, 0) -> 5918418.2
A34: Central Delta | B34: Webb Tract | C34: 53 | D34: 5436 | E34: Severe | F34: MW | G34: Webb Tract | H34: =IF($F34="MW", $D34*$F$52, 0) -> 1909612.4 | I34: =IF($F34="MW", $D34*$F$53, 0) -> 1539203.4 | J34: =IF($F34="MW", $D34*$F$54, 0) -> 2024855.6 | K34: =IF($F34="MW", $D34*$F$55, 0) -> 1185265.4 | L34: =IF($F34="MW", $D34*$F$56, 0) -> 880740.72 | M34: =IF($F34="MW", $D34*$F$57, 0) -> 827196.12 | N34: =IF($F34="MW", $D34*$F$58, 0) -> 506200.32 | O34: =IF($F34="MW", $D34*$F$59, 0) -> 185204.52 | P34: =IF($F34="MW", $D34*$F$60, 0) -> 185204.52 | Q34: =IF($F34="MW", $D34*$F$61, 0) -> 57621.6 | R34: =IF($F34="MW", $D34*$F$62, 0) -> 9301104.7
A35: Central Delta | B35: Bradford Island | C35: 52 | D35: 2135 | E35: Severe | F35: MW | G35: Bradford Island | H35: =IF($F35="MW", $D35*$F$52, 0) -> 750004.15 | I35: =IF($F35="MW", $D35*$F$53, 0) -> 604525.25 | J35: =IF($F35="MW", $D35*$F$54, 0) -> 795266.15 | K35: =IF($F35="MW", $D35*$F$55, 0) -> 465515.4 | L35: =IF($F35="MW", $D35*$F$56, 0) -> 345912.7 | M35: =IF($F35="MW", $D35*$F$57, 0) -> 324882.95 | N35: =IF($F35="MW", $D35*$F$58, 0) -> 198811.2 | O35: =IF($F35="MW", $D35*$F$59, 0) -> 72739.45 | P35: =IF($F35="MW", $D35*$F$60, 0) -> 72739.45 | Q35: =IF($F35="MW", $D35*$F$61, 0) -> 22631 | R35: =IF($F35="MW", $D35*$F$62, 0) -> 3653027.7
A36: Central Delta | B36: Sherman Island | C36: 54 | D36: 10178 | E36: Severe | F36: MW | G36: Sherman Island | H36: =IF($F36="MW", $D36*$F$52, 0) -> 3575429.6 | I36: =IF($F36="MW", $D36*$F$53, 0) -> 2881900.7 | J36: =IF($F36="MW", $D36*$F$54, 0) -> 3791203.2 | K36: =IF($F36="MW", $D36*$F$55, 0) -> 2219211.1 | L36: =IF($F36="MW", $D36*$F$56, 0) -> 1649039.6 | M36: =IF($F36="MW", $D36*$F$57, 0) -> 1548786.3 | N36: =IF($F36="MW", $D36*$F$58, 0) -> 947775.36 | O36: =IF($F36="MW", $D36*$F$59, 0) -> 346764.46 | P36: =IF($F36="MW", $D36*$F$60, 0) -> 346764.46 | Q36: =IF($F36="MW", $D36*$F$61, 0) -> 107886.8 | R36: =IF($F36="MW", $D36*$F$62, 0) -> 17414762
A37: Central Delta | B37: Twitchell Island | C37: 55 | D37: 3559 | E37: Severe | F37: MW | G37: Twitchell Island | H37: =IF($F37="MW", $D37*$F$52, 0) -> 1250241.1 | I37: =IF($F37="MW", $D37*$F$53, 0) -> 1007730.8 | J37: =IF($F37="MW", $D37*$F$54, 0) -> 1325691.9 | K37: =IF($F37="MW", $D37*$F$55, 0) -> 776004.36 | L37: =IF($F37="MW", $D37*$F$56, 0) -> 576629.18 | M37: =IF($F37="MW", $D37*$F$57, 0) -> 541573.03 | N37: =IF($F37="MW", $D37*$F$58, 0) -> 331414.08 | O37: =IF($F37="MW", $D37*$F$59, 0) -> 121255.13 | P37: =IF($F37="MW", $D37*$F$60, 0) -> 121255.13 | Q37: =IF($F37="MW", $D37*$F$61, 0) -> 37725.4 | R37: =IF($F37="MW", $D37*$F$62, 0) -> 6089520.2
A38: North Delta | B38: Dead Horse Island | C38: 63 | D38: 208 | E38: Minimal | F38: R | G38: Dead Horse Island | H38: =IF($F38="MW", $D38*$F$52, 0) -> 0 | I38: =IF($F38="MW", $D38*$F$53, 0) -> 0 | J38: =IF($F38="MW", $D38*$F$54, 0) -> 0 | K38: =IF($F38="MW", $D38*$F$55, 0) -> 0 | L38: =IF($F38="MW", $D38*$F$56, 0) -> 0 | M38: =IF($F38="MW", $D38*$F$57, 0) -> 0 | N38: =IF($F38="MW", $D38*$F$58, 0) -> 0 | O38: =IF($F38="MW", $D38*$F$59, 0) -> 0 | P38: =IF($F38="MW", $D38*$F$60, 0) -> 0 | Q38: =IF($F38="MW", $D38*$F$61, 0) -> 0 | R38: =IF($F38="MW", $D38*$F$62, 0) -> 0
A39: North Delta | B39: Sutter Island | C39: 87 | D39: 2514 | E39: Minimal | F39: R | G39: Sutter Island | H39: =IF($F39="MW", $D39*$F$52, 0) -> 0 | I39: =IF($F39="MW", $D39*$F$53, 0) -> 0 | J39: =IF($F39="MW", $D39*$F$54, 0) -> 0 | K39: =IF($F39="MW", $D39*$F$55, 0) -> 0 | L39: =IF($F39="MW", $D39*$F$56, 0) -> 0 | M39: =IF($F39="MW", $D39*$F$57, 0) -> 0 | N39: =IF($F39="MW", $D39*$F$58, 0) -> 0 | O39: =IF($F39="MW", $D39*$F$59, 0) -> 0 | P39: =IF($F39="MW", $D39*$F$60, 0) -> 0 | Q39: =IF($F39="MW", $D39*$F$61, 0) -> 0 | R39: =IF($F39="MW", $D39*$F$62, 0) -> 0
A40: North Delta | B40: New Hope Tract | C40: 89 | D40: 9211 | E40: Minimal | F40: R | G40: New Hope Tract | H40: =IF($F40="MW", $D40*$F$52, 0) -> 0 | I40: =IF($F40="MW", $D40*$F$53, 0) -> 0 | J40: =IF($F40="MW", $D40*$F$54, 0) -> 0 | K40: =IF($F40="MW", $D40*$F$55, 0) -> 0 | L40: =IF($F40="MW", $D40*$F$56, 0) -> 0 | M40: =IF($F40="MW", $D40*$F$57, 0) -> 0 | N40: =IF($F40="MW", $D40*$F$58, 0) -> 0 | O40: =IF($F40="MW", $D40*$F$59, 0) -> 0 | P40: =IF($F40="MW", $D40*$F$60, 0) -> 0 | Q40: =IF($F40="MW", $D40*$F$61, 0) -> 0 | R40: =IF($F40="MW", $D40*$F$62, 0) -> 0
A41: North Delta | B41: Canal Ranch Tract | C41: 60 | D41: 2936 | E41: Minimal | F41: R | G41: Canal Ranch Tract | H41: =IF($F41="MW", $D41*$F$52, 0) -> 0 | I41: =IF($F41="MW", $D41*$F$53, 0) -> 0 | J41: =IF($F41="MW", $D41*$F$54, 0) -> 0 | K41: =IF($F41="MW", $D41*$F$55, 0) -> 0 | L41: =IF($F41="MW", $D41*$F$56, 0) -> 0 | M41: =IF($F41="MW", $D41*$F$57, 0) -> 0 | N41: =IF($F41="MW", $D41*$F$58, 0) -> 0 | O41: =IF($F41="MW", $D41*$F$59, 0) -> 0 | P41: =IF($F41="MW", $D41*$F$60, 0) -> 0 | Q41: =IF($F41="MW", $D41*$F$61, 0) -> 0 | R41: =IF($F41="MW", $D41*$F$62, 0) -> 0
A42: Upland | B42: Midpoint (50%) | D42: =AVERAGE('100% Restoration ($)'!D42,'25% Restoration ($)'!D40) -> 179588.5 | F42: Meadows | H42: =IF($F42="Meadows", $D42*$F$52, 0) -> 63087644 | I42: =IF($F42="Meadows", $D42*$F$53, 0) -> 50850484 | J42: =IF($F42="Meadows", $D42*$F$54, 0) -> 66894920 | K42: =IF($F42="Meadows", $D42*$F$55, 0) -> 39157477 | L42: =IF($F42="Meadows", $D42*$F$56, 0) -> 29096929 | M42: =IF($F42="Meadows", $D42*$F$57, 0) -> 27327982 | N42: =IF($F42="Meadows", $D42*$F$58, 0) -> 16723281 | O42: =IF($F42="Meadows", $D42*$F$59, 0) -> 6118580.2 | P42: =IF($F42="Meadows", $D42*$F$60, 0) -> 6118580.2 | Q42: =IF($F42="Meadows", $D42*$F$61, 0) -> 1903638.1 | R42: =IF($F42="Meadows", $D42*$F$62, 0) -> 3.0727952e+08
A43: Upland | B43: Midpoint (50%) | D43: =AVERAGE('100% Restoration ($)'!D43,'25% Restoration ($)'!D41) -> 154866 | F43: Floodplain | H43: =IF($F43="Floodplain", $D43*$F$52, 0) -> 54402877 | I43: =IF($F43="Floodplain", $D43*$F$53, 0) -> 43850308 | J43: =IF($F43="Floodplain", $D43*$F$54, 0) -> 57686036 | K43: =IF($F43="Floodplain", $D43*$F$55, 0) -> 33766983 | L43: =IF($F43="Floodplain", $D43*$F$56, 0) -> 25091389 | M43: =IF($F43="Floodplain", $D43*$F$57, 0) -> 23565959 | N43: =IF($F43="Floodplain", $D43*$F$58, 0) -> 14421122 | O43: =IF($F43="Floodplain", $D43*$F$59, 0) -> 5276284.6 | P43: =IF($F43="Floodplain", $D43*$F$60, 0) -> 5276284.6 | Q43: =IF($F43="Floodplain", $D43*$F$61, 0) -> 1641579.6 | R43: =IF($F43="Floodplain", $D43*$F$62, 0) -> 2.6497882e+08
A44: Upland | B44: Midpoint (50%) | D44: =AVERAGE('100% Restoration ($)'!D44,'25% Restoration ($)'!D42) -> 127608.5 | F44: Wetland | H44: =IF($F44="Wetland", $D44*$F$52, 0) -> 44827590 | I44: =IF($F44="Wetland", $D44*$F$53, 0) -> 36132347 | J44: =IF($F44="Wetland", $D44*$F$54, 0) -> 47532890 | K44: =IF($F44="Wetland", $D44*$F$55, 0) -> 27823757 | L44: =IF($F44="Wetland", $D44*$F$56, 0) -> 20675129 | M44: =IF($F44="Wetland", $D44*$F$57, 0) -> 19418185 | N44: =IF($F44="Wetland", $D44*$F$58, 0) -> 11882904 | O44: =IF($F44="Wetland", $D44*$F$59, 0) -> 4347621.6 | P44: =IF($F44="Wetland", $D44*$F$60, 0) -> 4347621.6 | Q44: =IF($F44="Wetland", $D44*$F$61, 0) -> 1352650.1 | R44: =IF($F44="Wetland", $D44*$F$62, 0) -> 2.183407e+08
B45: Total Acreage | D45: =SUM(D8,D10,D15:D19,D22:D37) -> 104362 | G45: Totals per Benefit | H45: =SUM(H4:H41) -> 36661327 | I45: =SUM(I4:I41) -> 29550100 | J45: =SUM(J4:J41) -> 38873801 | K45: =SUM(K4:K41) -> 22755090 | L45: =SUM(L4:L41) -> 16908731 | M45: =SUM(M4:M41) -> 15880766 | N45: =SUM(N4:N41) -> 9718189.4 | O45: =SUM(O4:O41) -> 3555613.3 | ... R45: =SUM(R4:R41) -> 1.7856547e+08
E47: Total Rice Acreage | F47: 128001
E48: Proportion of Rice Acres | F48: 0.514
C49: Key:
C50: grey = restoration/managed wetlands
C51: tan - Wet soil agriculture (rice) | D51: Wetland function | E51: US$/acre/yr (2000) | F51: US$/acre/yr (2025)
D52: Flood control | E52: 187.77 | F52: 351.29
D53: Recreational fishing | E53: 151.35 | F53: 283.15
D54: Amenity/recreation | E54: 199.11 | F54: 372.49
D55: Water filtering | E55: 116.55 | F55: 218.04
D56: Biodiversity | E56: 86.6 | F56: 162.02
D57: Habitat nursery | E57: 81.34 | F57: 152.17
D58: Recreational hunting | E58: 49.78 | F58: 93.12
D59: Water supply | E59: 18.21 | F59: 34.07
D60: Materials | E60: 18.21 | F60: 34.07
D61: Fuel wood | E61: 5.67 | F61: 10.6
D62: Sum of all ten | E62: 914.59 | F62: 1711.02

Sheet 25% Restoration ($)
H1: Benefits US$/acre/yr (2025)
A2: Region | B2: Island | C2: ArcGIS object ID | D2: Acres | E2: Elevation (categorical) | F2: Landcover Type (R = Rice; MW = managed wetland) | G2: Wetland function | H2: Flood control | I2: Recreational fishing | J2: Amenity/recreation | K2: Water filtering | L2: Biodiversity | M2: Habitat nursery | N2: Recreational hunting | O2: Water supply | P2: Materials | Q2: Fuel wood | R2: Sum of all ten
A3: Suisun Marsh | B3: Suisun | D3: 41914 | F3: Tidal | H3: =IF($F3="Tidal", $D3*$F$52, 0) -> 14723969 | I3: =IF($F3="Tidal", $D3*$F$52, 0) -> 14723969 | J3: =IF($F3="Tidal", $D3*$F$52, 0) -> 14723969 | K3: =IF($F3="Tidal", $D3*$F$52, 0) -> 14723969 | L3: =IF($F3="Tidal", $D3*$F$52, 0) -> 14723969 | M3: =IF($F3="Tidal", $D3*$F$52, 0) -> 14723969 | N3: =IF($F3="Tidal", $D3*$F$52, 0) -> 14723969 | O3: =IF($F3="Tidal", $D3*$F$52, 0) -> 14723969 | ... R3: =IF($F3="Tidal", $D3*$F$52, 0) -> 14723969
A4: North Delta | B4: Grand Island | C4: 80 | D4: 16543 | E4: Mimimal | F4: R | G4: Grand Island | H4: =IF($F4="MW", $D4*$F$52, 0) -> 0 | I4: =IF($F4="MW", $D4*$F$53, 0) -> 0 | J4: =IF($F4="MW", $D4*$F$54, 0) -> 0 | K4: =IF($F4="MW", $D4*$F$55, 0) -> 0 | L4: =IF($F4="MW", $D4*$F$56, 0) -> 0 | M4: =IF($F4="MW", $D4*$F$57, 0) -> 0 | N4: =IF($F4="MW", $D4*$F$58, 0) -> 0 | O4: =IF($F4="MW", $D4*$F$59, 0) -> 0 | P4: =IF($F4="MW", $D4*$F$60, 0) -> 0 | Q4: =IF($F4="MW", $D4*$F$61, 0) -> 0 | R4: =IF($F4="MW", $D4*$F$62, 0) -> 0
A5: North Delta | B5: Ryer Island | C5: 76 | D5: 11798 | E5: Minimal | F5: R | G5: Ryer Island | H5: =IF($F5="MW", $D5*$F$52, 0) -> 0 | I5: =IF($F5="MW", $D5*$F$53, 0) -> 0 | J5: =IF($F5="MW", $D5*$F$54, 0) -> 0 | K5: =IF($F5="MW", $D5*$F$55, 0) -> 0 | L5: =IF($F5="MW", $D5*$F$56, 0) -> 0 | M5: =IF($F5="MW", $D5*$F$57, 0) -> 0 | N5: =IF($F5="MW", $D5*$F$58, 0) -> 0 | O5: =IF($F5="MW", $D5*$F$59, 0) -> 0 | P5: =IF($F5="MW", $D5*$F$60, 0) -> 0 | Q5: =IF($F5="MW", $D5*$F$61, 0) -> 0 | R5: =IF($F5="MW", $D5*$F$62, 0) -> 0
A6: North Delta | B6: Tyler Island | C6: 62 | D6: 8799 | E6: Minimal | F6: R | G6: Tyler Island | H6: =IF($F6="MW", $D6*$F$52, 0) -> 0 | I6: =IF($F6="MW", $D6*$F$53, 0) -> 0 | J6: =IF($F6="MW", $D6*$F$54, 0) -> 0 | K6: =IF($F6="MW", $D6*$F$55, 0) -> 0 | L6: =IF($F6="MW", $D6*$F$56, 0) -> 0 | M6: =IF($F6="MW", $D6*$F$57, 0) -> 0 | N6: =IF($F6="MW", $D6*$F$58, 0) -> 0 | O6: =IF($F6="MW", $D6*$F$59, 0) -> 0 | P6: =IF($F6="MW", $D6*$F$60, 0) -> 0 | Q6: =IF($F6="MW", $D6*$F$61, 0) -> 0 | R6: =IF($F6="MW", $D6*$F$62, 0) -> 0
A7: North Delta | B7: Staten Island | C7: 61 | D7: 9111 | E7: Moderate | F7: R | G7: Staten Island | H7: =IF($F7="MW", $D7*$F$52, 0) -> 0 | I7: =IF($F7="MW", $D7*$F$53, 0) -> 0 | J7: =IF($F7="MW", $D7*$F$54, 0) -> 0 | K7: =IF($F7="MW", $D7*$F$55, 0) -> 0 | L7: =IF($F7="MW", $D7*$F$56, 0) -> 0 | M7: =IF($F7="MW", $D7*$F$57, 0) -> 0 | N7: =IF($F7="MW", $D7*$F$58, 0) -> 0 | O7: =IF($F7="MW", $D7*$F$59, 0) -> 0 | P7: =IF($F7="MW", $D7*$F$60, 0) -> 0 | Q7: =IF($F7="MW", $D7*$F$61, 0) -> 0 | R7: =IF($F7="MW", $D7*$F$62, 0) -> 0
A8: North-Central | B8: Brannan Island | C8: 116 | D8: 12907 | E8: Severe | F8: R | G8: Brannan Island | H8: =IF($F8="MW", $D8*$F$52, 0) -> 0 | I8: =IF($F8="MW", $D8*$F$53, 0) -> 0 | J8: =IF($F8="MW", $D8*$F$54, 0) -> 0 | K8: =IF($F8="MW", $D8*$F$55, 0) -> 0 | L8: =IF($F8="MW", $D8*$F$56, 0) -> 0 | M8: =IF($F8="MW", $D8*$F$57, 0) -> 0 | N8: =IF($F8="MW", $D8*$F$58, 0) -> 0 | O8: =IF($F8="MW", $D8*$F$59, 0) -> 0 | P8: =IF($F8="MW", $D8*$F$60, 0) -> 0 | Q8: =IF($F8="MW", $D8*$F$61, 0) -> 0 | R8: =IF($F8="MW", $D8*$F$62, 0) -> 0
A9: South Delta | B9: Bouldin Island | C9: 57 | D9: 5936 | E9: Severe | F9: R | G9: Bouldin Island | H9: =IF($F9="MW", $D9*$F$52, 0) -> 0 | I9: =IF($F9="MW", $D9*$F$53, 0) -> 0 | J9: =IF($F9="MW", $D9*$F$54, 0) -> 0 | K9: =IF($F9="MW", $D9*$F$55, 0) -> 0 | L9: =IF($F9="MW", $D9*$F$56, 0) -> 0 | M9: =IF($F9="MW", $D9*$F$57, 0) -> 0 | N9: =IF($F9="MW", $D9*$F$58, 0) -> 0 | O9: =IF($F9="MW", $D9*$F$59, 0) -> 0 | P9: =IF($F9="MW", $D9*$F$60, 0) -> 0 | Q9: =IF($F9="MW", $D9*$F$61, 0) -> 0 | R9: =IF($F9="MW", $D9*$F$62, 0) -> 0
A10: South Delta | B10: Venice Island | C10: 49 | D10: 3094 | E10: Severe | F10: R | G10: Venice Island | H10: =IF($F10="MW", $D10*$F$52, 0) -> 0 | I10: =IF($F10="MW", $D10*$F$53, 0) -> 0 | J10: =IF($F10="MW", $D10*$F$54, 0) -> 0 | K10: =IF($F10="MW", $D10*$F$55, 0) -> 0 | L10: =IF($F10="MW", $D10*$F$56, 0) -> 0 | M10: =IF($F10="MW", $D10*$F$57, 0) -> 0 | N10: =IF($F10="MW", $D10*$F$58, 0) -> 0 | O10: =IF($F10="MW", $D10*$F$59, 0) -> 0 | P10: =IF($F10="MW", $D10*$F$60, 0) -> 0 | Q10: =IF($F10="MW", $D10*$F$61, 0) -> 0 | R10: =IF($F10="MW", $D10*$F$62, 0) -> 0
A11: South Delta | B11: Medford Island | C11: 41 | D11: 1165 | E11: Moderate | F11: R | G11: Medford Island | H11: =IF($F11="MW", $D11*$F$52, 0) -> 0 | I11: =IF($F11="MW", $D11*$F$53, 0) -> 0 | J11: =IF($F11="MW", $D11*$F$54, 0) -> 0 | K11: =IF($F11="MW", $D11*$F$55, 0) -> 0 | L11: =IF($F11="MW", $D11*$F$56, 0) -> 0 | M11: =IF($F11="MW", $D11*$F$57, 0) -> 0 | N11: =IF($F11="MW", $D11*$F$58, 0) -> 0 | O11: =IF($F11="MW", $D11*$F$59, 0) -> 0 | P11: =IF($F11="MW", $D11*$F$60, 0) -> 0 | Q11: =IF($F11="MW", $D11*$F$61, 0) -> 0 | R11: =IF($F11="MW", $D11*$F$62, 0) -> 0
A12: South Delta | B12: Empire Tract | C12: 50 | D12: 3625 | E12: Moderate | F12: R | G12: Empire Tract | H12: =IF($F12="MW", $D12*$F$52, 0) -> 0 | I12: =IF($F12="MW", $D12*$F$53, 0) -> 0 | J12: =IF($F12="MW", $D12*$F$54, 0) -> 0 | K12: =IF($F12="MW", $D12*$F$55, 0) -> 0 | L12: =IF($F12="MW", $D12*$F$56, 0) -> 0 | M12: =IF($F12="MW", $D12*$F$57, 0) -> 0 | N12: =IF($F12="MW", $D12*$F$58, 0) -> 0 | O12: =IF($F12="MW", $D12*$F$59, 0) -> 0 | P12: =IF($F12="MW", $D12*$F$60, 0) -> 0 | Q12: =IF($F12="MW", $D12*$F$61, 0) -> 0 | R12: =IF($F12="MW", $D12*$F$62, 0) -> 0
A13: South Delta | B13: King Island | C13: 46 | D13: 3216 | E13: Minimal | F13: R | G13: King Island | H13: =IF($F13="MW", $D13*$F$52, 0) -> 0 | I13: =IF($F13="MW", $D13*$F$53, 0) -> 0 | J13: =IF($F13="MW", $D13*$F$54, 0) -> 0 | K13: =IF($F13="MW", $D13*$F$55, 0) -> 0 | L13: =IF($F13="MW", $D13*$F$56, 0) -> 0 | M13: =IF($F13="MW", $D13*$F$57, 0) -> 0 | N13: =IF($F13="MW", $D13*$F$58, 0) -> 0 | O13: =IF($F13="MW", $D13*$F$59, 0) -> 0 | P13: =IF($F13="MW", $D13*$F$60, 0) -> 0 | Q13: =IF($F13="MW", $D13*$F$61, 0) -> 0 | R13: =IF($F13="MW", $D13*$F$62, 0) -> 0
A14: North-South | B14: Terminous Tract | C14: 58 | D14: 10358 | E14: Minimal | F14: R | G14: Terminous Tract | H14: =IF($F14="MW", $D14*$F$52, 0) -> 0 | I14: =IF($F14="MW", $D14*$F$53, 0) -> 0 | J14: =IF($F14="MW", $D14*$F$54, 0) -> 0 | K14: =IF($F14="MW", $D14*$F$55, 0) -> 0 | L14: =IF($F14="MW", $D14*$F$56, 0) -> 0 | M14: =IF($F14="MW", $D14*$F$57, 0) -> 0 | N14: =IF($F14="MW", $D14*$F$58, 0) -> 0 | O14: =IF($F14="MW", $D14*$F$59, 0) -> 0 | P14: =IF($F14="MW", $D14*$F$60, 0) -> 0 | Q14: =IF($F14="MW", $D14*$F$61, 0) -> 0 | R14: =IF($F14="MW", $D14*$F$62, 0) -> 0
A15: South Delta | B15: Rindge Tract | C15: 40 | D15: 6743 | E15: Moderate | F15: MW | G15: Rindge Tract | H15: =IF($F15="MW", $D15*$F$52, 0) -> 2368748.5 | I15: =IF($F15="MW", $D15*$F$53, 0) -> 1909280.4 | J15: =IF($F15="MW", $D15*$F$54, 0) -> 2511700.1 | K15: =IF($F15="MW", $D15*$F$55, 0) -> 1470243.7 | L15: =IF($F15="MW", $D15*$F$56, 0) -> 1092500.9 | M15: =IF($F15="MW", $D15*$F$57, 0) -> 1026082.3 | N15: =IF($F15="MW", $D15*$F$58, 0) -> 627908.16 | O15: =IF($F15="MW", $D15*$F$59, 0) -> 229734.01 | P15: =IF($F15="MW", $D15*$F$60, 0) -> 229734.01 | Q15: =IF($F15="MW", $D15*$F$61, 0) -> 71475.8 | R15: =IF($F15="MW", $D15*$F$62, 0) -> 11537408
... A17: South Delta | B17: Jones Tract | C17: 26 | D17: 12127 | E17: Minimal | F17: R | G17: Jones Tract | H17: =IF($F17="MW", $D17*$F$52, 0) -> 0 | I17: =IF($F17="MW", $D17*$F$53, 0) -> 0 | J17: =IF($F17="MW", $D17*$F$54, 0) -> 0 | K17: =IF($F17="MW", $D17*$F$55, 0) -> 0 | L17: =IF($F17="MW", $D17*$F$56, 0) -> 0 | M17: =IF($F17="MW", $D17*$F$57, 0) -> 0 | N17: =IF($F17="MW", $D17*$F$58, 0) -> 0 | O17: =IF($F17="MW", $D17*$F$59, 0) -> 0 | P17: =IF($F17="MW", $D17*$F$60, 0) -> 0 | Q17: =IF($F17="MW", $D17*$F$61, 0) -> 0 | R17: =IF($F17="MW", $D17*$F$62, 0) -> 0
A18: South Delta | B18: Roberts Island | C18: 31 + 22 + 12+23+ 8 | D18: 35663 | E18: Minimal | F18: R | G18: Roberts Island | H18: =IF($F18="MW", $D18*$F$52, 0) -> 0 | I18: =IF($F18="MW", $D18*$F$53, 0) -> 0 | J18: =IF($F18="MW", $D18*$F$54, 0) -> 0 | K18: =IF($F18="MW", $D18*$F$55, 0) -> 0 | L18: =IF($F18="MW", $D18*$F$56, 0) -> 0 | M18: =IF($F18="MW", $D18*$F$57, 0) -> 0 | N18: =IF($F18="MW", $D18*$F$58, 0) -> 0 | O18: =IF($F18="MW", $D18*$F$59, 0) -> 0 | P18: =IF($F18="MW", $D18*$F$60, 0) -> 0 | Q18: =IF($F18="MW", $D18*$F$61, 0) -> 0 | R18: =IF($F18="MW", $D18*$F$62, 0) -> 0
A19: South Delta | B19: Union Island | C19: 9 | D19: 24750 | E19: Minimal | F19: R | G19: Union Island | H19: =IF($F19="MW", $D19*$F$52, 0) -> 0 | I19: =IF($F19="MW", $D19*$F$53, 0) -> 0 | J19: =IF($F19="MW", $D19*$F$54, 0) -> 0 | K19: =IF($F19="MW", $D19*$F$55, 0) -> 0 | L19: =IF($F19="MW", $D19*$F$56, 0) -> 0 | M19: =IF($F19="MW", $D19*$F$57, 0) -> 0 | N19: =IF($F19="MW", $D19*$F$58, 0) -> 0 | O19: =IF($F19="MW", $D19*$F$59, 0) -> 0 | P19: =IF($F19="MW", $D19*$F$60, 0) -> 0 | Q19: =IF($F19="MW", $D19*$F$61, 0) -> 0 | R19: =IF($F19="MW", $D19*$F$62, 0) -> 0
A20: South Delta | B20: Victoria Island | C20: 10 | D20: 7193 | E20: Minimal | F20: R | G20: Victoria Island | H20: =IF($F20="MW", $D20*$F$52, 0) -> 0 | I20: =IF($F20="MW", $D20*$F$53, 0) -> 0 | J20: =IF($F20="MW", $D20*$F$54, 0) -> 0 | K20: =IF($F20="MW", $D20*$F$55, 0) -> 0 | L20: =IF($F20="MW", $D20*$F$56, 0) -> 0 | M20: =IF($F20="MW", $D20*$F$57, 0) -> 0 | N20: =IF($F20="MW", $D20*$F$58, 0) -> 0 | O20: =IF($F20="MW", $D20*$F$59, 0) -> 0 | P20: =IF($F20="MW", $D20*$F$60, 0) -> 0 | Q20: =IF($F20="MW", $D20*$F$61, 0) -> 0 | R20: =IF($F20="MW", $D20*$F$62, 0) -> 0
A21: South Delta | B21: Woodward Island | C21: 18 | D21: 1809 | E21: Minimal | F21: R | G21: Woodward Island | H21: =IF($F21="MW", $D21*$F$52, 0) -> 0 | I21: =IF($F21="MW", $D21*$F$53, 0) -> 0 | J21: =IF($F21="MW", $D21*$F$54, 0) -> 0 | K21: =IF($F21="MW", $D21*$F$55, 0) -> 0 | L21: =IF($F21="MW", $D21*$F$56, 0) -> 0 | M21: =IF($F21="MW", $D21*$F$57, 0) -> 0 | N21: =IF($F21="MW", $D21*$F$58, 0) -> 0 | O21: =IF($F21="MW", $D21*$F$59, 0) -> 0 | P21: =IF($F21="MW", $D21*$F$60, 0) -> 0 | Q21: =IF($F21="MW", $D21*$F$61, 0) -> 0 | R21: =IF($F21="MW", $D21*$F$62, 0) -> 0
A22: South Delta | B22: Coney Island | C22: 6 | D22: 965 | E22: Minimal | F22: MW | G22: Coney Island | H22: =IF($F22="MW", $D22*$F$52, 0) -> 338994.85 | I22: =IF($F22="MW", $D22*$F$53, 0) -> 273239.75 | J22: =IF($F22="MW", $D22*$F$54, 0) -> 359452.85 | K22: =IF($F22="MW", $D22*$F$55, 0) -> 210408.6 | L22: =IF($F22="MW", $D22*$F$56, 0) -> 156349.3 | M22: =IF($F22="MW", $D22*$F$57, 0) -> 146844.05 | N22: =IF($F22="MW", $D22*$F$58, 0) -> 89860.8 | O22: =IF($F22="MW", $D22*$F$59, 0) -> 32877.55 | P22: =IF($F22="MW", $D22*$F$60, 0) -> 32877.55 | Q22: =IF($F22="MW", $D22*$F$61, 0) -> 10229 | R22: =IF($F22="MW", $D22*$F$62, 0) -> 1651134.3
A23: South Delta | B23: Orowood Tract | C23: 20 | D23: 2383 | E23: Minimal | F23: MW | G23: Orowood Tract | H23: =IF($F23="MW", $D23*$F$52, 0) -> 837124.07 | I23: =IF($F23="MW", $D23*$F$53, 0) -> 674746.45 | J23: =IF($F23="MW", $D23*$F$54, 0) -> 887643.67 | K23: =IF($F23="MW", $D23*$F$55, 0) -> 519589.32 | L23: =IF($F23="MW", $D23*$F$56, 0) -> 386093.66 | M23: =IF($F23="MW", $D23*$F$57, 0) -> 362621.11 | N23: =IF($F23="MW", $D23*$F$58, 0) -> 221904.96 | O23: =IF($F23="MW", $D23*$F$59, 0) -> 81188.81 | P23: =IF($F23="MW", $D23*$F$60, 0) -> 81188.81 | Q23: =IF($F23="MW", $D23*$F$61, 0) -> 25259.8 | R23: =IF($F23="MW", $D23*$F$62, 0) -> 4077360.7
A24: South Delta | B24: Palm Tract | C24: 27 | D24: 2470 | E24: Minimal | F24: MW | G24: Palm Tract | H24: =IF($F24="MW", $D24*$F$52, 0) -> 867686.3 | I24: =IF($F24="MW", $D24*$F$53, 0) -> 699380.5 | J24: =IF($F24="MW", $D24*$F$54, 0) -> 920050.3 | K24: =IF($F24="MW", $D24*$F$55, 0) -> 538558.8 | L24: =IF($F24="MW", $D24*$F$56, 0) -> 400189.4 | M24: =IF($F24="MW", $D24*$F$57, 0) -> 375859.9 | N24: =IF($F24="MW", $D24*$F$58, 0) -> 230006.4 | O24: =IF($F24="MW", $D24*$F$59, 0) -> 84152.9 | P24: =IF($F24="MW", $D24*$F$60, 0) -> 84152.9 | Q24: =IF($F24="MW", $D24*$F$61, 0) -> 26182 | R24: =IF($F24="MW", $D24*$F$62, 0) -> 4226219.4
A25: South Delta | B25: Bacon Island | C25: 32 | D25: 5533 | E25: Severe | F25: MW | G25: Bacon Island | H25: =IF($F25="MW", $D25*$F$52, 0) -> 1943687.6 | I25: =IF($F25="MW", $D25*$F$53, 0) -> 1566668.9 | J25: =IF($F25="MW", $D25*$F$54, 0) -> 2060987.2 | K25: =IF($F25="MW", $D25*$F$55, 0) -> 1206415.3 | L25: =IF($F25="MW", $D25*$F$56, 0) -> 896456.66 | M25: =IF($F25="MW", $D25*$F$57, 0) -> 841956.61 | N25: =IF($F25="MW", $D25*$F$58, 0) -> 515232.96 | O25: =IF($F25="MW", $D25*$F$59, 0) -> 188509.31 | P25: =IF($F25="MW", $D25*$F$60, 0) -> 188509.31 | Q25: =IF($F25="MW", $D25*$F$61, 0) -> 58649.8 | R25: =IF($F25="MW", $D25*$F$62, 0) -> 9467073.7
A26: South Delta | B26: Holland Tract | C26: 35 | D26: 4214 | E26: Minimal | F26: MW | G26: Holland Tract | H26: =IF($F26="MW", $D26*$F$52, 0) -> 1480336.1 | I26: =IF($F26="MW", $D26*$F$53, 0) -> 1193194.1 | J26: =IF($F26="MW", $D26*$F$54, 0) -> 1569672.9 | K26: =IF($F26="MW", $D26*$F$55, 0) -> 918820.56 | L26: =IF($F26="MW", $D26*$F$56, 0) -> 682752.28 | M26: =IF($F26="MW", $D26*$F$57, 0) -> 641244.38 | N26: =IF($F26="MW", $D26*$F$58, 0) -> 392407.68 | O26: =IF($F26="MW", $D26*$F$59, 0) -> 143570.98 | P26: =IF($F26="MW", $D26*$F$60, 0) -> 143570.98 | Q26: =IF($F26="MW", $D26*$F$61, 0) -> 44668.4 | R26: =IF($F26="MW", $D26*$F$62, 0) -> 7210238.3
A27: South Delta | B27: Quinby Island | C27: 36 | D27: 774 | E27: Moderate | F27: MW | G27: Quinby Island | H27: =IF($F27="MW", $D27*$F$52, 0) -> 271898.46 | I27: =IF($F27="MW", $D27*$F$53, 0) -> 219158.1 | J27: =IF($F27="MW", $D27*$F$54, 0) -> 288307.26 | K27: =IF($F27="MW", $D27*$F$55, 0) -> 168762.96 | L27: =IF($F27="MW", $D27*$F$56, 0) -> 125403.48 | M27: =IF($F27="MW", $D27*$F$57, 0) -> 117779.58 | N27: =IF($F27="MW", $D27*$F$58, 0) -> 72074.88 | O27: =IF($F27="MW", $D27*$F$59, 0) -> 26370.18 | P27: =IF($F27="MW", $D27*$F$60, 0) -> 26370.18 | Q27: =IF($F27="MW", $D27*$F$61, 0) -> 8204.4 | R27: =IF($F27="MW", $D27*$F$62, 0) -> 1324329.5
A28: South Delta | B28: Mandeville Island | C28: 44 | D28: 5217 | E28: Severe | F28: MW | G28: Mandeville Island | H28: =IF($F28="MW", $D28*$F$52, 0) -> 1832679.9 | I28: =IF($F28="MW", $D28*$F$53, 0) -> 1477193.5 | J28: =IF($F28="MW", $D28*$F$54, 0) -> 1943280.3 | K28: =IF($F28="MW", $D28*$F$55, 0) -> 1137514.7 | L28: =IF($F28="MW", $D28*$F$56, 0) -> 845258.34 | M28: =IF($F28="MW", $D28*$F$57, 0) -> 793870.89 | N28: =IF($F28="MW", $D28*$F$58, 0) -> 485807.04 | O28: =IF($F28="MW", $D28*$F$59, 0) -> 177743.19 | P28: =IF($F28="MW", $D28*$F$60, 0) -> 177743.19 | Q28: =IF($F28="MW", $D28*$F$61, 0) -> 55300.2 | R28: =IF($F28="MW", $D28*$F$62, 0) -> 8926391.3
A29: Central Delta | B29: Franks Tract | D29: 1380 | E29: Flooded | F29: MW | G29: Franks Tract | H29: 484780.2 | I29: 390747 | J29: 514036.2 | K29: 300895.2 | L29: 223587.6 | M29: 209994.6 | N29: 128505.6 | O29: 47016.6 | P29: 47016.6 | Q29: 14628 | R29: 2361207.6
A30: Central Delta | B30: Bethel Island | C30: 39 | D30: 3220 | E30: Minimal | F30: MW | G30: Bethel Island | H30: =IF($F30="MW", $D30*$F$52, 0) -> 1131153.8 | I30: =IF($F30="MW", $D30*$F$53, 0) -> 911743 | J30: =IF($F30="MW", $D30*$F$54, 0) -> 1199417.8 | K30: =IF($F30="MW", $D30*$F$55, 0) -> 702088.8 | L30: =IF($F30="MW", $D30*$F$56, 0) -> 521704.4 | M30: =IF($F30="MW", $D30*$F$57, 0) -> 489987.4 | N30: =IF($F30="MW", $D30*$F$58, 0) -> 299846.4 | O30: =IF($F30="MW", $D30*$F$59, 0) -> 109705.4 | P30: =IF($F30="MW", $D30*$F$60, 0) -> 109705.4 | Q30: =IF($F30="MW", $D30*$F$61, 0) -> 34132 | R30: =IF($F30="MW", $D30*$F$62, 0) -> 5509484.4
A31: Central Delta | B31: Jersey Island | C31: 43 | D31: 3459 | E31: Moderate | F31: MW | G31: Jersey Island | H31: =IF($F31="MW", $D31*$F$52, 0) -> 1215112.1 | I31: =IF($F31="MW", $D31*$F$53, 0) -> 979415.85 | J31: =IF($F31="MW", $D31*$F$54, 0) -> 1288442.9 | K31: =IF($F31="MW", $D31*$F$55, 0) -> 754200.36 | L31: =IF($F31="MW", $D31*$F$56, 0) -> 560427.18 | M31: =IF($F31="MW", $D31*$F$57, 0) -> 526356.03 | N31: =IF($F31="MW", $D31*$F$58, 0) -> 322102.08 | O31: =IF($F31="MW", $D31*$F$59, 0) -> 117848.13 | P31: =IF($F31="MW", $D31*$F$60, 0) -> 117848.13 | Q31: =IF($F31="MW", $D31*$F$61, 0) -> 36665.4 | R31: =IF($F31="MW", $D31*$F$62, 0) -> 5918418.2
A32: Central Delta | B32: Webb Tract | C32: 53 | D32: 5436 | E32: Severe | F32: MW | G32: Webb Tract | H32: =IF($F32="MW", $D32*$F$52, 0) -> 1909612.4 | I32: =IF($F32="MW", $D32*$F$53, 0) -> 1539203.4 | J32: =IF($F32="MW", $D32*$F$54, 0) -> 2024855.6 | K32: =IF($F32="MW", $D32*$F$55, 0) -> 1185265.4 | L32: =IF($F32="MW", $D32*$F$56, 0) -> 880740.72 | M32: =IF($F32="MW", $D32*$F$57, 0) -> 827196.12 | N32: =IF($F32="MW", $D32*$F$58, 0) -> 506200.32 | O32: =IF($F32="MW", $D32*$F$59, 0) -> 185204.52 | P32: =IF($F32="MW", $D32*$F$60, 0) -> 185204.52 | Q32: =IF($F32="MW", $D32*$F$61, 0) -> 57621.6 | R32: =IF($F32="MW", $D32*$F$62, 0) -> 9301104.7
A33: Central Delta | B33: Bradford Island | C33: 52 | D33: 2135 | E33: Severe | F33: MW | G33: Bradford Island | H33: =IF($F33="MW", $D33*$F$52, 0) -> 750004.15 | I33: =IF($F33="MW", $D33*$F$53, 0) -> 604525.25 | J33: =IF($F33="MW", $D33*$F$54, 0) -> 795266.15 | K33: =IF($F33="MW", $D33*$F$55, 0) -> 465515.4 | L33: =IF($F33="MW", $D33*$F$56, 0) -> 345912.7 | M33: =IF($F33="MW", $D33*$F$57, 0) -> 324882.95 | N33: =IF($F33="MW", $D33*$F$58, 0) -> 198811.2 | O33: =IF($F33="MW", $D33*$F$59, 0) -> 72739.45 | P33: =IF($F33="MW", $D33*$F$60, 0) -> 72739.45 | Q33: =IF($F33="MW", $D33*$F$61, 0) -> 22631 | R33: =IF($F33="MW", $D33*$F$62, 0) -> 3653027.7
A34: Central Delta | B34: Sherman Island | C34: 54 | D34: 10178 | E34: Severe | F34: MW | G34: Sherman Island | H34: =IF($F34="MW", $D34*$F$52, 0) -> 3575429.6 | I34: =IF($F34="MW", $D34*$F$53, 0) -> 2881900.7 | J34: =IF($F34="MW", $D34*$F$54, 0) -> 3791203.2 | K34: =IF($F34="MW", $D34*$F$55, 0) -> 2219211.1 | L34: =IF($F34="MW", $D34*$F$56, 0) -> 1649039.6 | M34: =IF($F34="MW", $D34*$F$57, 0) -> 1548786.3 | N34: =IF($F34="MW", $D34*$F$58, 0) -> 947775.36 | O34: =IF($F34="MW", $D34*$F$59, 0) -> 346764.46 | P34: =IF($F34="MW", $D34*$F$60, 0) -> 346764.46 | Q34: =IF($F34="MW", $D34*$F$61, 0) -> 107886.8 | R34: =IF($F34="MW", $D34*$F$62, 0) -> 17414762
A35: Central Delta | B35: Twitchell Island | C35: 55 | D35: 3559 | E35: Severe | F35: MW | G35: Twitchell Island | H35: =IF($F35="MW", $D35*$F$52, 0) -> 1250241.1 | I35: =IF($F35="MW", $D35*$F$53, 0) -> 1007730.8 | J35: =IF($F35="MW", $D35*$F$54, 0) -> 1325691.9 | K35: =IF($F35="MW", $D35*$F$55, 0) -> 776004.36 | L35: =IF($F35="MW", $D35*$F$56, 0) -> 576629.18 | M35: =IF($F35="MW", $D35*$F$57, 0) -> 541573.03 | N35: =IF($F35="MW", $D35*$F$58, 0) -> 331414.08 | O35: =IF($F35="MW", $D35*$F$59, 0) -> 121255.13 | P35: =IF($F35="MW", $D35*$F$60, 0) -> 121255.13 | Q35: =IF($F35="MW", $D35*$F$61, 0) -> 37725.4 | R35: =IF($F35="MW", $D35*$F$62, 0) -> 6089520.2
A36: North Delta | B36: Dead Horse Island | C36: 63 | D36: 208 | E36: Minimal | F36: R | G36: Dead Horse Island | H36: =IF($F36="MW", $D36*$F$52, 0) -> 0 | I36: =IF($F36="MW", $D36*$F$53, 0) -> 0 | J36: =IF($F36="MW", $D36*$F$54, 0) -> 0 | K36: =IF($F36="MW", $D36*$F$55, 0) -> 0 | L36: =IF($F36="MW", $D36*$F$56, 0) -> 0 | M36: =IF($F36="MW", $D36*$F$57, 0) -> 0 | N36: =IF($F36="MW", $D36*$F$58, 0) -> 0 | O36: =IF($F36="MW", $D36*$F$59, 0) -> 0 | P36: =IF($F36="MW", $D36*$F$60, 0) -> 0 | Q36: =IF($F36="MW", $D36*$F$61, 0) -> 0 | R36: =IF($F36="MW", $D36*$F$62, 0) -> 0
A37: North Delta | B37: Sutter Island | C37: 87 | D37: 2514 | E37: Minimal | F37: R | G37: Sutter Island | H37: =IF($F37="MW", $D37*$F$52, 0) -> 0 | I37: =IF($F37="MW", $D37*$F$53, 0) -> 0 | J37: =IF($F37="MW", $D37*$F$54, 0) -> 0 | K37: =IF($F37="MW", $D37*$F$55, 0) -> 0 | L37: =IF($F37="MW", $D37*$F$56, 0) -> 0 | M37: =IF($F37="MW", $D37*$F$57, 0) -> 0 | N37: =IF($F37="MW", $D37*$F$58, 0) -> 0 | O37: =IF($F37="MW", $D37*$F$59, 0) -> 0 | P37: =IF($F37="MW", $D37*$F$60, 0) -> 0 | Q37: =IF($F37="MW", $D37*$F$61, 0) -> 0 | R37: =IF($F37="MW", $D37*$F$62, 0) -> 0
A38: North Delta | B38: New Hope Tract | C38: 89 | D38: 9211 | E38: Minimal | F38: R | G38: New Hope Tract | H38: =IF($F38="MW", $D38*$F$52, 0) -> 0 | I38: =IF($F38="MW", $D38*$F$53, 0) -> 0 | J38: =IF($F38="MW", $D38*$F$54, 0) -> 0 | K38: =IF($F38="MW", $D38*$F$55, 0) -> 0 | L38: =IF($F38="MW", $D38*$F$56, 0) -> 0 | M38: =IF($F38="MW", $D38*$F$57, 0) -> 0 | N38: =IF($F38="MW", $D38*$F$58, 0) -> 0 | O38: =IF($F38="MW", $D38*$F$59, 0) -> 0 | P38: =IF($F38="MW", $D38*$F$60, 0) -> 0 | Q38: =IF($F38="MW", $D38*$F$61, 0) -> 0 | R38: =IF($F38="MW", $D38*$F$62, 0) -> 0
A39: North Delta | B39: Canal Ranch Tract | C39: 60 | D39: 2936 | E39: Minimal | F39: R | G39: Canal Ranch Tract | H39: =IF($F39="MW", $D39*$F$52, 0) -> 0 | I39: =IF($F39="MW", $D39*$F$53, 0) -> 0 | J39: =IF($F39="MW", $D39*$F$54, 0) -> 0 | K39: =IF($F39="MW", $D39*$F$55, 0) -> 0 | L39: =IF($F39="MW", $D39*$F$56, 0) -> 0 | M39: =IF($F39="MW", $D39*$F$57, 0) -> 0 | N39: =IF($F39="MW", $D39*$F$58, 0) -> 0 | O39: =IF($F39="MW", $D39*$F$59, 0) -> 0 | P39: =IF($F39="MW", $D39*$F$60, 0) -> 0 | Q39: =IF($F39="MW", $D39*$F$61, 0) -> 0 | R39: =IF($F39="MW", $D39*$F$62, 0) -> 0
A40: Upland | B40: Lower Bound | D40: 11586 | F40: Meadows | H40: =IF($F40="Meadows", $D40*$F$52, 0) -> 4070045.9 | I40: =IF($F40="Meadows", $D40*$F$52, 0) -> 4070045.9 | J40: =IF($F40="Meadows", $D40*$F$52, 0) -> 4070045.9 | K40: =IF($F40="Meadows", $D40*$F$52, 0) -> 4070045.9 | L40: =IF($F40="Meadows", $D40*$F$52, 0) -> 4070045.9 | M40: =IF($F40="Meadows", $D40*$F$52, 0) -> 4070045.9 | N40: =IF($F40="Meadows", $D40*$F$52, 0) -> 4070045.9 | O40: =IF($F40="Meadows", $D40*$F$52, 0) -> 4070045.9 | ... R40: =IF($F40="Meadows", $D40*$F$52, 0) -> 4070045.9
A41: Upland | B41: Lower Bound | D41: 6360 | F41: Floodplain | H41: =IF($F41="Floodplain", $D41*$F$52, 0) -> 2234204.4 | I41: =IF($F41="Floodplain", $D41*$F$52, 0) -> 2234204.4 | J41: =IF($F41="Floodplain", $D41*$F$52, 0) -> 2234204.4 | K41: =IF($F41="Floodplain", $D41*$F$52, 0) -> 2234204.4 | L41: =IF($F41="Floodplain", $D41*$F$52, 0) -> 2234204.4 | M41: =IF($F41="Floodplain", $D41*$F$52, 0) -> 2234204.4 | N41: =IF($F41="Floodplain", $D41*$F$52, 0) -> 2234204.4 | O41: =IF($F41="Floodplain", $D41*$F$52, 0) -> 2234204.4 | ... R41: =IF($F41="Floodplain", $D41*$F$52, 0) -> 2234204.4
A42: Upland | B42: Lower Bound | D42: 48213 | F42: Wetland | H42: =IF($F42="Wetland", $D42*$F$52, 0) -> 16936745 | I42: =IF($F42="Wetland", $D42*$F$52, 0) -> 16936745 | J42: =IF($F42="Wetland", $D42*$F$52, 0) -> 16936745 | K42: =IF($F42="Wetland", $D42*$F$52, 0) -> 16936745 | L42: =IF($F42="Wetland", $D42*$F$52, 0) -> 16936745 | M42: =IF($F42="Wetland", $D42*$F$52, 0) -> 16936745 | N42: =IF($F42="Wetland", $D42*$F$52, 0) -> 16936745 | O42: =IF($F42="Wetland", $D42*$F$52, 0) -> 16936745 | ... R42: =IF($F42="Wetland", $D42*$F$52, 0) -> 16936745
B43: Total Acreage | D43: =SUM(D15,D22:D35) -> 57666 | G43: Totals per Benefit | H43: =SUM(H4:H39) -> 20257489 | I43: =SUM(I4:I39) -> 16328128 | J43: =SUM(J4:J39) -> 21480008 | K43: =SUM(K4:K39) -> 12573495 | L43: =SUM(L4:L39) -> 9343045.3 | M43: =SUM(M4:M39) -> 8775035.2 | N43: =SUM(N4:N39) -> 5369857.9 | O43: =SUM(O4:O39) -> 1964680.6 | ... R43: =SUM(R4:R39) -> 98667679
E45: Total Rice Area: | F45: 187558
E46: Total Rice Proportion: | F46: 0.753
C48: Key:
C49: grey = restoration/managed wetlands
C50: tan - Wet soil agriculture (rice)
D51: Wetland function | E51: US$/acre/yr (2000) | F51: US$/acre/yr (2025)
D52: Flood control | E52: 187.77 | F52: 351.29
D53: Recreational fishing | E53: 151.35 | F53: 283.15
D54: Amenity/recreation | E54: 199.11 | F54: 372.49
D55: Water filtering | E55: 116.55 | F55: 218.04
D56: Biodiversity | E56: 86.6 | F56: 162.02
D57: Habitat nursery | E57: 81.34 | F57: 152.17
D58: Recreational hunting | E58: 49.78 | F58: 93.12
D59: Water supply | E59: 18.21 | F59: 34.07
D60: Materials | E60: 18.21 | F60: 34.07
D61: Fuel wood | E61: 5.67 | F61: 10.6
D62: Sum of all ten | E62: 914.59 | F62: 1711.02

Sheet References
A1: Island | B1: ArcGIS object ID | C1: Acres | D1: Elevation (categorical) | E1: 50/50 | F1: 25/75
