Workbook

Sheet OVERALL
AH1: Notes: 1. Temperature-based exceedances are spread nearly evenly across Delta regions for the Sea Level Rise Scenario compared to its salinity scenarios, with surprising upswings in increased temperature threshold-crossing exceedances during dry seasons. Under BAU Total Run, each activity stays within about four points across all regions and across each activity's percentages. This is notable but expected, with high exceedances of day-use (<18C) cold-water thresholds across the wet seasons. One notable activity (Waterfowl) threshold, under BAU, sees the highest temperature thresholds (22%) in the Southern Delta, 13% in the Central Delta, 7% in the North, and 5% in Suisun Marsh, and the gap increases during dry seasons; thus if site preference were an objective necessity for waterfowl hunting decisions, the Southern region would face the greatest risks of habitat acidification for that species and activity. 2. For this scenario, it is safe to state that seasonality affects which thresholds get crossed, with most activities crossing their individual thresholds most often during the dry season, with the notable opposite move for cold water. 3. Scenario rankings (-5 to 5 vs BAU) are almost all 0, the few non-zero scores are marginal and only appear in Suisun dry seasons. Overall, dry-season water at Suisun is slightly warmer under ECO and NGW, with more dry-season crossings and fewer cold-sided moves.
C2: TOTAL RUN SCORES | M2: WET SEASON SCORES | W2: DRY SEASON SCORES
D3: REGION | E3: BAU | F3: BAF | G3: ECO | H3: NGW | I3: BAU CS | J3: COR vs CS | K3: TUNNEL VS CS | N3: REGION | O3: BAU | P3: BAF | Q3: ECO | R3: NGW | S3: BAU CS | T3: COR vs CS | U3: TUNNEL VS CS | X3: REGION | Y3: BAU | Z3: BAF | AA3: ECO | AB3: NGW | AC3: BAU CS | AD3: COR vs CS | AE3: TUNNEL VS CS
C4: SP DAY USE & BOATING | D4: Delta-Wide | E4: =-MAX(-5,MIN(5,ROUND((D$43-D$43)*100,0))) -> 0 | F4: =-MAX(-5,MIN(5,ROUND((D$54-D$43)*100,0))) -> 0 | G4: =-MAX(-5,MIN(5,ROUND((D$90-D$43)*100,0))) -> 0 | H4: =-MAX(-5,MIN(5,ROUND((D$99-D$43)*100,0))) -> 0 | I4: =-MAX(-5,MIN(5,ROUND((D$63-D$63)*100,0))) -> 0 | J4: =-MAX(-5,MIN(5,ROUND((D$72-D$63)*100,0))) -> 0 | K4: =-MAX(-5,MIN(5,ROUND((D$81-D$63)*100,0))) -> 0 | M4: SP DAY USE & BOATING | N4: Delta-Wide | O4: =-MAX(-5,MIN(5,ROUND((I$43-I$43)*100,0))) -> 0 | P4: =-MAX(-5,MIN(5,ROUND((I$54-I$43)*100,0))) -> 0 | Q4: =-MAX(-5,MIN(5,ROUND((I$90-I$43)*100,0))) -> 0 | R4: =-MAX(-5,MIN(5,ROUND((I$99-I$43)*100,0))) -> 0 | S4: =-MAX(-5,MIN(5,ROUND((I$63-I$63)*100,0))) -> 0 | T4: =-MAX(-5,MIN(5,ROUND((I$72-I$63)*100,0))) -> 0 | U4: =-MAX(-5,MIN(5,ROUND((I$81-I$63)*100,0))) -> 0 | W4: SP DAY USE & BOATING | X4: Delta-Wide | Y4: =-MAX(-5,MIN(5,ROUND((N$43-N$43)*100,0))) -> 0 | Z4: =-MAX(-5,MIN(5,ROUND((N$54-N$43)*100,0))) -> 0 | AA4: =-MAX(-5,MIN(5,ROUND((N$90-N$43)*100,0))) -> 0 | AB4: =-MAX(-5,MIN(5,ROUND((N$99-N$43)*100,0))) -> 0 | AC4: =-MAX(-5,MIN(5,ROUND((N$63-N$63)*100,0))) -> 0 | AD4: =-MAX(-5,MIN(5,ROUND((N$72-N$63)*100,0))) -> 0 | AE4: =-MAX(-5,MIN(5,ROUND((N$81-N$63)*100,0))) -> 0
D5: Suisun | E5: =-MAX(-5,MIN(5,ROUND((E$43-E$43)*100,0))) -> 0 | F5: =-MAX(-5,MIN(5,ROUND((E$54-E$43)*100,0))) -> 0 | G5: =-MAX(-5,MIN(5,ROUND((E$90-E$43)*100,0))) -> 0 | H5: =-MAX(-5,MIN(5,ROUND((E$99-E$43)*100,0))) -> 0 | I5: =-MAX(-5,MIN(5,ROUND((E$63-E$63)*100,0))) -> 0 | J5: =-MAX(-5,MIN(5,ROUND((E$72-E$63)*100,0))) -> 0 | K5: =-MAX(-5,MIN(5,ROUND((E$81-E$63)*100,0))) -> 0 | N5: Suisun | O5: =-MAX(-5,MIN(5,ROUND((J$43-J$43)*100,0))) -> 0 | P5: =-MAX(-5,MIN(5,ROUND((J$54-J$43)*100,0))) -> 0 | Q5: =-MAX(-5,MIN(5,ROUND((J$90-J$43)*100,0))) -> 0 | R5: =-MAX(-5,MIN(5,ROUND((J$99-J$43)*100,0))) -> 0 | S5: =-MAX(-5,MIN(5,ROUND((J$63-J$63)*100,0))) -> 0 | T5: =-MAX(-5,MIN(5,ROUND((J$72-J$63)*100,0))) -> 0 | U5: =-MAX(-5,MIN(5,ROUND((J$81-J$63)*100,0))) -> 0 | X5: Suisun | Y5: =-MAX(-5,MIN(5,ROUND((O$43-O$43)*100,0))) -> 0 | Z5: =-MAX(-5,MIN(5,ROUND((O$54-O$43)*100,0))) -> 0 | AA5: =-MAX(-5,MIN(5,ROUND((O$90-O$43)*100,0))) -> -1 | AB5: =-MAX(-5,MIN(5,ROUND((O$99-O$43)*100,0))) -> -1 | AC5: =-MAX(-5,MIN(5,ROUND((O$63-O$63)*100,0))) -> 0 | AD5: =-MAX(-5,MIN(5,ROUND((O$72-O$63)*100,0))) -> 0 | AE5: =-MAX(-5,MIN(5,ROUND((O$81-O$63)*100,0))) -> 0
D6: Central | E6: =-MAX(-5,MIN(5,ROUND((F$43-F$43)*100,0))) -> 0 | F6: =-MAX(-5,MIN(5,ROUND((F$54-F$43)*100,0))) -> 0 | G6: =-MAX(-5,MIN(5,ROUND((F$90-F$43)*100,0))) -> 0 | H6: =-MAX(-5,MIN(5,ROUND((F$99-F$43)*100,0))) -> 0 | I6: =-MAX(-5,MIN(5,ROUND((F$63-F$63)*100,0))) -> 0 | J6: =-MAX(-5,MIN(5,ROUND((F$72-F$63)*100,0))) -> 0 | K6: =-MAX(-5,MIN(5,ROUND((F$81-F$63)*100,0))) -> 0 | N6: Central | O6: =-MAX(-5,MIN(5,ROUND((K$43-K$43)*100,0))) -> 0 | P6: =-MAX(-5,MIN(5,ROUND((K$54-K$43)*100,0))) -> 0 | Q6: =-MAX(-5,MIN(5,ROUND((K$90-K$43)*100,0))) -> 0 | R6: =-MAX(-5,MIN(5,ROUND((K$99-K$43)*100,0))) -> 0 | S6: =-MAX(-5,MIN(5,ROUND((K$63-K$63)*100,0))) -> 0 | T6: =-MAX(-5,MIN(5,ROUND((K$72-K$63)*100,0))) -> 0 | U6: =-MAX(-5,MIN(5,ROUND((K$81-K$63)*100,0))) -> 0 | X6: Central | Y6: =-MAX(-5,MIN(5,ROUND((P$43-P$43)*100,0))) -> 0 | Z6: =-MAX(-5,MIN(5,ROUND((P$54-P$43)*100,0))) -> 0 | AA6: =-MAX(-5,MIN(5,ROUND((P$90-P$43)*100,0))) -> 0 | AB6: =-MAX(-5,MIN(5,ROUND((P$99-P$43)*100,0))) -> 0 | AC6: =-MAX(-5,MIN(5,ROUND((P$63-P$63)*100,0))) -> 0 | AD6: =-MAX(-5,MIN(5,ROUND((P$72-P$63)*100,0))) -> 0 | AE6: =-MAX(-5,MIN(5,ROUND((P$81-P$63)*100,0))) -> 0
D7: North | E7: =-MAX(-5,MIN(5,ROUND((G$43-G$43)*100,0))) -> 0 | F7: =-MAX(-5,MIN(5,ROUND((G$54-G$43)*100,0))) -> 0 | G7: =-MAX(-5,MIN(5,ROUND((G$90-G$43)*100,0))) -> 0 | H7: =-MAX(-5,MIN(5,ROUND((G$99-G$43)*100,0))) -> 0 | I7: =-MAX(-5,MIN(5,ROUND((G$63-G$63)*100,0))) -> 0 | J7: =-MAX(-5,MIN(5,ROUND((G$72-G$63)*100,0))) -> 0 | K7: =-MAX(-5,MIN(5,ROUND((G$81-G$63)*100,0))) -> 0 | N7: North | O7: =-MAX(-5,MIN(5,ROUND((L$43-L$43)*100,0))) -> 0 | P7: =-MAX(-5,MIN(5,ROUND((L$54-L$43)*100,0))) -> 0 | Q7: =-MAX(-5,MIN(5,ROUND((L$90-L$43)*100,0))) -> 0 | R7: =-MAX(-5,MIN(5,ROUND((L$99-L$43)*100,0))) -> 0 | S7: =-MAX(-5,MIN(5,ROUND((L$63-L$63)*100,0))) -> 0 | T7: =-MAX(-5,MIN(5,ROUND((L$72-L$63)*100,0))) -> 0 | U7: =-MAX(-5,MIN(5,ROUND((L$81-L$63)*100,0))) -> 0 | X7: North | Y7: =-MAX(-5,MIN(5,ROUND((Q$43-Q$43)*100,0))) -> 0 | Z7: =-MAX(-5,MIN(5,ROUND((Q$54-Q$43)*100,0))) -> 0 | AA7: =-MAX(-5,MIN(5,ROUND((Q$90-Q$43)*100,0))) -> 0 | AB7: =-MAX(-5,MIN(5,ROUND((Q$99-Q$43)*100,0))) -> 0 | AC7: =-MAX(-5,MIN(5,ROUND((Q$63-Q$63)*100,0))) -> 0 | AD7: =-MAX(-5,MIN(5,ROUND((Q$72-Q$63)*100,0))) -> 0 | AE7: =-MAX(-5,MIN(5,ROUND((Q$81-Q$63)*100,0))) -> 0
D8: South | E8: =-MAX(-5,MIN(5,ROUND((H$43-H$43)*100,0))) -> 0 | F8: =-MAX(-5,MIN(5,ROUND((H$54-H$43)*100,0))) -> 0 | G8: =-MAX(-5,MIN(5,ROUND((H$90-H$43)*100,0))) -> 0 | H8: =-MAX(-5,MIN(5,ROUND((H$99-H$43)*100,0))) -> 0 | I8: =-MAX(-5,MIN(5,ROUND((H$63-H$63)*100,0))) -> 0 | J8: =-MAX(-5,MIN(5,ROUND((H$72-H$63)*100,0))) -> 0 | K8: =-MAX(-5,MIN(5,ROUND((H$81-H$63)*100,0))) -> 0 | N8: South | O8: =-MAX(-5,MIN(5,ROUND((M$43-M$43)*100,0))) -> 0 | P8: =-MAX(-5,MIN(5,ROUND((M$54-M$43)*100,0))) -> 0 | Q8: =-MAX(-5,MIN(5,ROUND((M$90-M$43)*100,0))) -> 0 | R8: =-MAX(-5,MIN(5,ROUND((M$99-M$43)*100,0))) -> 0 | S8: =-MAX(-5,MIN(5,ROUND((M$63-M$63)*100,0))) -> 0 | T8: =-MAX(-5,MIN(5,ROUND((M$72-M$63)*100,0))) -> 0 | U8: =-MAX(-5,MIN(5,ROUND((M$81-M$63)*100,0))) -> 0 | X8: South | Y8: =-MAX(-5,MIN(5,ROUND((R$43-R$43)*100,0))) -> 0 | Z8: =-MAX(-5,MIN(5,ROUND((R$54-R$43)*100,0))) -> 0 | AA8: =-MAX(-5,MIN(5,ROUND((R$90-R$43)*100,0))) -> 0 | AB8: =-MAX(-5,MIN(5,ROUND((R$99-R$43)*100,0))) -> 0 | AC8: =-MAX(-5,MIN(5,ROUND((R$63-R$63)*100,0))) -> 0 | AD8: =-MAX(-5,MIN(5,ROUND((R$72-R$63)*100,0))) -> 0 | AE8: =-MAX(-5,MIN(5,ROUND((R$81-R$63)*100,0))) -> 0
D9: REGION | E9: BAU | F9: BAF | G9: ECO | H9: NGW | I9: BAU CS | J9: COR | K9: TUNNEL | N9: REGION | O9: BAU | P9: BAF | Q9: ECO | R9: NGW | S9: BAU CS | T9: COR | U9: TUNNEL | X9: REGION | Y9: BAU | Z9: BAF | AA9: ECO | AB9: NGW | AC9: BAU CS | AD9: COR | AE9: TUNNEL
C10: BIRDING | D10: Delta-Wide | E10: =-MAX(-5,MIN(5,ROUND((D$40-D$40)*100,0))) -> 0 | F10: =-MAX(-5,MIN(5,ROUND((D$51-D$40)*100,0))) -> 0 | G10: =-MAX(-5,MIN(5,ROUND((D$87-D$40)*100,0))) -> 0 | H10: =-MAX(-5,MIN(5,ROUND((D$96-D$40)*100,0))) -> 0 | I10: =-MAX(-5,MIN(5,ROUND((D$60-D$60)*100,0))) -> 0 | J10: =-MAX(-5,MIN(5,ROUND((D$69-D$60)*100,0))) -> 0 | K10: =-MAX(-5,MIN(5,ROUND((D$78-D$60)*100,0))) -> 0 | M10: BIRDING | N10: Delta-Wide | O10: =-MAX(-5,MIN(5,ROUND((I$40-I$40)*100,0))) -> 0 | P10: =-MAX(-5,MIN(5,ROUND((I$51-I$40)*100,0))) -> 0 | Q10: =-MAX(-5,MIN(5,ROUND((I$87-I$40)*100,0))) -> 0 | R10: =-MAX(-5,MIN(5,ROUND((I$96-I$40)*100,0))) -> 0 | S10: =-MAX(-5,MIN(5,ROUND((I$60-I$60)*100,0))) -> 0 | T10: =-MAX(-5,MIN(5,ROUND((I$69-I$60)*100,0))) -> 0 | U10: =-MAX(-5,MIN(5,ROUND((I$78-I$60)*100,0))) -> 0 | W10: BIRDING | X10: Delta-Wide | Y10: =-MAX(-5,MIN(5,ROUND((N$40-N$40)*100,0))) -> 0 | Z10: =-MAX(-5,MIN(5,ROUND((N$51-N$40)*100,0))) -> 0 | AA10: =-MAX(-5,MIN(5,ROUND((N$87-N$40)*100,0))) -> 0 | AB10: =-MAX(-5,MIN(5,ROUND((N$96-N$40)*100,0))) -> 0 | AC10: =-MAX(-5,MIN(5,ROUND((N$60-N$60)*100,0))) -> 0 | AD10: =-MAX(-5,MIN(5,ROUND((N$69-N$60)*100,0))) -> 0 | AE10: =-MAX(-5,MIN(5,ROUND((N$78-N$60)*100,0))) -> 0
D11: Suisun | E11: =-MAX(-5,MIN(5,ROUND((E$40-E$40)*100,0))) -> 0 | F11: =-MAX(-5,MIN(5,ROUND((E$51-E$40)*100,0))) -> 0 | G11: =-MAX(-5,MIN(5,ROUND((E$87-E$40)*100,0))) -> 0 | H11: =-MAX(-5,MIN(5,ROUND((E$96-E$40)*100,0))) -> 0 | I11: =-MAX(-5,MIN(5,ROUND((E$60-E$60)*100,0))) -> 0 | J11: =-MAX(-5,MIN(5,ROUND((E$69-E$60)*100,0))) -> 0 | K11: =-MAX(-5,MIN(5,ROUND((E$78-E$60)*100,0))) -> 0 | N11: Suisun | O11: =-MAX(-5,MIN(5,ROUND((J$40-J$40)*100,0))) -> 0 | P11: =-MAX(-5,MIN(5,ROUND((J$51-J$40)*100,0))) -> 0 | Q11: =-MAX(-5,MIN(5,ROUND((J$87-J$40)*100,0))) -> 0 | R11: =-MAX(-5,MIN(5,ROUND((J$96-J$40)*100,0))) -> 0 | S11: =-MAX(-5,MIN(5,ROUND((J$60-J$60)*100,0))) -> 0 | T11: =-MAX(-5,MIN(5,ROUND((J$69-J$60)*100,0))) -> 0 | U11: =-MAX(-5,MIN(5,ROUND((J$78-J$60)*100,0))) -> 0 | X11: Suisun | Y11: =-MAX(-5,MIN(5,ROUND((O$40-O$40)*100,0))) -> 0 | Z11: =-MAX(-5,MIN(5,ROUND((O$51-O$40)*100,0))) -> 0 | AA11: =-MAX(-5,MIN(5,ROUND((O$87-O$40)*100,0))) -> 0 | AB11: =-MAX(-5,MIN(5,ROUND((O$96-O$40)*100,0))) -> 0 | AC11: =-MAX(-5,MIN(5,ROUND((O$60-O$60)*100,0))) -> 0 | AD11: =-MAX(-5,MIN(5,ROUND((O$69-O$60)*100,0))) -> 0 | AE11: =-MAX(-5,MIN(5,ROUND((O$78-O$60)*100,0))) -> 0
D12: Central | E12: =-MAX(-5,MIN(5,ROUND((F$40-F$40)*100,0))) -> 0 | F12: =-MAX(-5,MIN(5,ROUND((F$51-F$40)*100,0))) -> 0 | G12: =-MAX(-5,MIN(5,ROUND((F$87-F$40)*100,0))) -> 0 | H12: =-MAX(-5,MIN(5,ROUND((F$96-F$40)*100,0))) -> 0 | I12: =-MAX(-5,MIN(5,ROUND((F$60-F$60)*100,0))) -> 0 | J12: =-MAX(-5,MIN(5,ROUND((F$69-F$60)*100,0))) -> 0 | K12: =-MAX(-5,MIN(5,ROUND((F$78-F$60)*100,0))) -> 0 | N12: Central | O12: =-MAX(-5,MIN(5,ROUND((K$40-K$40)*100,0))) -> 0 | P12: =-MAX(-5,MIN(5,ROUND((K$51-K$40)*100,0))) -> 0 | Q12: =-MAX(-5,MIN(5,ROUND((K$87-K$40)*100,0))) -> 0 | R12: =-MAX(-5,MIN(5,ROUND((K$96-K$40)*100,0))) -> 0 | S12: =-MAX(-5,MIN(5,ROUND((K$60-K$60)*100,0))) -> 0 | T12: =-MAX(-5,MIN(5,ROUND((K$69-K$60)*100,0))) -> 0 | U12: =-MAX(-5,MIN(5,ROUND((K$78-K$60)*100,0))) -> 0 | X12: Central | Y12: =-MAX(-5,MIN(5,ROUND((P$40-P$40)*100,0))) -> 0 | Z12: =-MAX(-5,MIN(5,ROUND((P$51-P$40)*100,0))) -> 0 | AA12: =-MAX(-5,MIN(5,ROUND((P$87-P$40)*100,0))) -> 0 | AB12: =-MAX(-5,MIN(5,ROUND((P$96-P$40)*100,0))) -> 0 | AC12: =-MAX(-5,MIN(5,ROUND((P$60-P$60)*100,0))) -> 0 | AD12: =-MAX(-5,MIN(5,ROUND((P$69-P$60)*100,0))) -> 0 | AE12: =-MAX(-5,MIN(5,ROUND((P$78-P$60)*100,0))) -> 0
D13: North | E13: =-MAX(-5,MIN(5,ROUND((G$40-G$40)*100,0))) -> 0 | F13: =-MAX(-5,MIN(5,ROUND((G$51-G$40)*100,0))) -> 0 | G13: =-MAX(-5,MIN(5,ROUND((G$87-G$40)*100,0))) -> 0 | H13: =-MAX(-5,MIN(5,ROUND((G$96-G$40)*100,0))) -> 0 | I13: =-MAX(-5,MIN(5,ROUND((G$60-G$60)*100,0))) -> 0 | J13: =-MAX(-5,MIN(5,ROUND((G$69-G$60)*100,0))) -> 0 | K13: =-MAX(-5,MIN(5,ROUND((G$78-G$60)*100,0))) -> 0 | N13: North | O13: =-MAX(-5,MIN(5,ROUND((L$40-L$40)*100,0))) -> 0 | P13: =-MAX(-5,MIN(5,ROUND((L$51-L$40)*100,0))) -> 0 | Q13: =-MAX(-5,MIN(5,ROUND((L$87-L$40)*100,0))) -> 0 | R13: =-MAX(-5,MIN(5,ROUND((L$96-L$40)*100,0))) -> 0 | S13: =-MAX(-5,MIN(5,ROUND((L$60-L$60)*100,0))) -> 0 | T13: =-MAX(-5,MIN(5,ROUND((L$69-L$60)*100,0))) -> 0 | U13: =-MAX(-5,MIN(5,ROUND((L$78-L$60)*100,0))) -> 0 | X13: North | Y13: =-MAX(-5,MIN(5,ROUND((Q$40-Q$40)*100,0))) -> 0 | Z13: =-MAX(-5,MIN(5,ROUND((Q$51-Q$40)*100,0))) -> 0 | AA13: =-MAX(-5,MIN(5,ROUND((Q$87-Q$40)*100,0))) -> 0 | AB13: =-MAX(-5,MIN(5,ROUND((Q$96-Q$40)*100,0))) -> 0 | AC13: =-MAX(-5,MIN(5,ROUND((Q$60-Q$60)*100,0))) -> 0 | AD13: =-MAX(-5,MIN(5,ROUND((Q$69-Q$60)*100,0))) -> 0 | AE13: =-MAX(-5,MIN(5,ROUND((Q$78-Q$60)*100,0))) -> 0
D14: South | E14: =-MAX(-5,MIN(5,ROUND((H$40-H$40)*100,0))) -> 0 | F14: =-MAX(-5,MIN(5,ROUND((H$51-H$40)*100,0))) -> 0 | G14: =-MAX(-5,MIN(5,ROUND((H$87-H$40)*100,0))) -> 0 | H14: =-MAX(-5,MIN(5,ROUND((H$96-H$40)*100,0))) -> 0 | I14: =-MAX(-5,MIN(5,ROUND((H$60-H$60)*100,0))) -> 0 | J14: =-MAX(-5,MIN(5,ROUND((H$69-H$60)*100,0))) -> 0 | K14: =-MAX(-5,MIN(5,ROUND((H$78-H$60)*100,0))) -> 0 | N14: South | O14: =-MAX(-5,MIN(5,ROUND((M$40-M$40)*100,0))) -> 0 | P14: =-MAX(-5,MIN(5,ROUND((M$51-M$40)*100,0))) -> 0 | Q14: =-MAX(-5,MIN(5,ROUND((M$87-M$40)*100,0))) -> 0 | R14: =-MAX(-5,MIN(5,ROUND((M$96-M$40)*100,0))) -> 0 | S14: =-MAX(-5,MIN(5,ROUND((M$60-M$60)*100,0))) -> 0 | T14: =-MAX(-5,MIN(5,ROUND((M$69-M$60)*100,0))) -> 0 | U14: =-MAX(-5,MIN(5,ROUND((M$78-M$60)*100,0))) -> 0 | X14: South | Y14: =-MAX(-5,MIN(5,ROUND((R$40-R$40)*100,0))) -> 0 | Z14: =-MAX(-5,MIN(5,ROUND((R$51-R$40)*100,0))) -> 0 | AA14: =-MAX(-5,MIN(5,ROUND((R$87-R$40)*100,0))) -> 0 | AB14: =-MAX(-5,MIN(5,ROUND((R$96-R$40)*100,0))) -> 0 | AC14: =-MAX(-5,MIN(5,ROUND((R$60-R$60)*100,0))) -> 0 | AD14: =-MAX(-5,MIN(5,ROUND((R$69-R$60)*100,0))) -> 0 | AE14: =-MAX(-5,MIN(5,ROUND((R$78-R$60)*100,0))) -> 0
D15: REGION | E15: BAU | F15: BAF | G15: ECO | H15: NGW | I15: BAU CS | J15: COR | K15: TUNNEL | N15: REGION | O15: BAU | P15: BAF | Q15: ECO | R15: NGW | S15: BAU CS | T15: COR | U15: TUNNEL | X15: REGION | Y15: BAU | Z15: BAF | AA15: ECO | AB15: NGW | AC15: BAU CS | AD15: COR | AE15: TUNNEL
C16: WATERFOWL | D16: Delta-Wide | E16: =-MAX(-5,MIN(5,ROUND((D$41-D$41)*100,0))) -> 0 | F16: =-MAX(-5,MIN(5,ROUND((D$52-D$41)*100,0))) -> 0 | G16: =-MAX(-5,MIN(5,ROUND((D$88-D$41)*100,0))) -> 0 | H16: =-MAX(-5,MIN(5,ROUND((D$97-D$41)*100,0))) -> 0 | I16: =-MAX(-5,MIN(5,ROUND((D$61-D$61)*100,0))) -> 0 | J16: =-MAX(-5,MIN(5,ROUND((D$70-D$61)*100,0))) -> 0 | K16: =-MAX(-5,MIN(5,ROUND((D$79-D$61)*100,0))) -> 0 | M16: WATERFOWL | N16: Delta-Wide | O16: =-MAX(-5,MIN(5,ROUND((I$41-I$41)*100,0))) -> 0 | P16: =-MAX(-5,MIN(5,ROUND((I$52-I$41)*100,0))) -> 0 | Q16: =-MAX(-5,MIN(5,ROUND((I$88-I$41)*100,0))) -> 0 | R16: =-MAX(-5,MIN(5,ROUND((I$97-I$41)*100,0))) -> 0 | S16: =-MAX(-5,MIN(5,ROUND((I$61-I$61)*100,0))) -> 0 | T16: =-MAX(-5,MIN(5,ROUND((I$70-I$61)*100,0))) -> 0 | U16: =-MAX(-5,MIN(5,ROUND((I$79-I$61)*100,0))) -> 0 | W16: WATERFOWL | X16: Delta-Wide | Y16: =-MAX(-5,MIN(5,ROUND((N$41-N$41)*100,0))) -> 0 | Z16: =-MAX(-5,MIN(5,ROUND((N$52-N$41)*100,0))) -> 0 | AA16: =-MAX(-5,MIN(5,ROUND((N$88-N$41)*100,0))) -> 0 | AB16: =-MAX(-5,MIN(5,ROUND((N$97-N$41)*100,0))) -> 0 | AC16: =-MAX(-5,MIN(5,ROUND((N$61-N$61)*100,0))) -> 0 | AD16: =-MAX(-5,MIN(5,ROUND((N$70-N$61)*100,0))) -> 0 | AE16: =-MAX(-5,MIN(5,ROUND((N$79-N$61)*100,0))) -> -1
D17: Suisun | E17: =-MAX(-5,MIN(5,ROUND((E$41-E$41)*100,0))) -> 0 | F17: =-MAX(-5,MIN(5,ROUND((E$52-E$41)*100,0))) -> 0 | G17: =-MAX(-5,MIN(5,ROUND((E$88-E$41)*100,0))) -> 0 | H17: =-MAX(-5,MIN(5,ROUND((E$97-E$41)*100,0))) -> 0 | I17: =-MAX(-5,MIN(5,ROUND((E$61-E$61)*100,0))) -> 0 | J17: =-MAX(-5,MIN(5,ROUND((E$70-E$61)*100,0))) -> 0 | K17: =-MAX(-5,MIN(5,ROUND((E$79-E$61)*100,0))) -> 0 | N17: Suisun | O17: =-MAX(-5,MIN(5,ROUND((J$41-J$41)*100,0))) -> 0 | P17: =-MAX(-5,MIN(5,ROUND((J$52-J$41)*100,0))) -> 0 | Q17: =-MAX(-5,MIN(5,ROUND((J$88-J$41)*100,0))) -> 0 | R17: =-MAX(-5,MIN(5,ROUND((J$97-J$41)*100,0))) -> 0 | S17: =-MAX(-5,MIN(5,ROUND((J$61-J$61)*100,0))) -> 0 | T17: =-MAX(-5,MIN(5,ROUND((J$70-J$61)*100,0))) -> 0 | U17: =-MAX(-5,MIN(5,ROUND((J$79-J$61)*100,0))) -> 0 | X17: Suisun | Y17: =-MAX(-5,MIN(5,ROUND((O$41-O$41)*100,0))) -> 0 | Z17: =-MAX(-5,MIN(5,ROUND((O$52-O$41)*100,0))) -> 0 | AA17: =-MAX(-5,MIN(5,ROUND((O$88-O$41)*100,0))) -> 0 | AB17: =-MAX(-5,MIN(5,ROUND((O$97-O$41)*100,0))) -> 0 | AC17: =-MAX(-5,MIN(5,ROUND((O$61-O$61)*100,0))) -> 0 | AD17: =-MAX(-5,MIN(5,ROUND((O$70-O$61)*100,0))) -> 0 | AE17: =-MAX(-5,MIN(5,ROUND((O$79-O$61)*100,0))) -> 0
D18: Central | E18: =-MAX(-5,MIN(5,ROUND((F$41-F$41)*100,0))) -> 0 | F18: =-MAX(-5,MIN(5,ROUND((F$52-F$41)*100,0))) -> 0 | G18: =-MAX(-5,MIN(5,ROUND((F$88-F$41)*100,0))) -> 0 | H18: =-MAX(-5,MIN(5,ROUND((F$97-F$41)*100,0))) -> 0 | I18: =-MAX(-5,MIN(5,ROUND((F$61-F$61)*100,0))) -> 0 | J18: =-MAX(-5,MIN(5,ROUND((F$70-F$61)*100,0))) -> 0 | K18: =-MAX(-5,MIN(5,ROUND((F$79-F$61)*100,0))) -> -1 | N18: Central | O18: =-MAX(-5,MIN(5,ROUND((K$41-K$41)*100,0))) -> 0 | P18: =-MAX(-5,MIN(5,ROUND((K$52-K$41)*100,0))) -> 0 | Q18: =-MAX(-5,MIN(5,ROUND((K$88-K$41)*100,0))) -> 0 | R18: =-MAX(-5,MIN(5,ROUND((K$97-K$41)*100,0))) -> 0 | S18: =-MAX(-5,MIN(5,ROUND((K$61-K$61)*100,0))) -> 0 | T18: =-MAX(-5,MIN(5,ROUND((K$70-K$61)*100,0))) -> 0 | U18: =-MAX(-5,MIN(5,ROUND((K$79-K$61)*100,0))) -> 0 | X18: Central | Y18: =-MAX(-5,MIN(5,ROUND((P$41-P$41)*100,0))) -> 0 | Z18: =-MAX(-5,MIN(5,ROUND((P$52-P$41)*100,0))) -> 0 | AA18: =-MAX(-5,MIN(5,ROUND((P$88-P$41)*100,0))) -> 0 | AB18: =-MAX(-5,MIN(5,ROUND((P$97-P$41)*100,0))) -> 0 | AC18: =-MAX(-5,MIN(5,ROUND((P$61-P$61)*100,0))) -> 0 | AD18: =-MAX(-5,MIN(5,ROUND((P$70-P$61)*100,0))) -> 0 | AE18: =-MAX(-5,MIN(5,ROUND((P$79-P$61)*100,0))) -> -2
D19: North | E19: =-MAX(-5,MIN(5,ROUND((G$41-G$41)*100,0))) -> 0 | F19: =-MAX(-5,MIN(5,ROUND((G$52-G$41)*100,0))) -> 0 | G19: =-MAX(-5,MIN(5,ROUND((G$88-G$41)*100,0))) -> 0 | H19: =-MAX(-5,MIN(5,ROUND((G$97-G$41)*100,0))) -> 0 | I19: =-MAX(-5,MIN(5,ROUND((G$61-G$61)*100,0))) -> 0 | J19: =-MAX(-5,MIN(5,ROUND((G$70-G$61)*100,0))) -> 0 | K19: =-MAX(-5,MIN(5,ROUND((G$79-G$61)*100,0))) -> -1 | N19: North | O19: =-MAX(-5,MIN(5,ROUND((L$41-L$41)*100,0))) -> 0 | P19: =-MAX(-5,MIN(5,ROUND((L$52-L$41)*100,0))) -> 0 | Q19: =-MAX(-5,MIN(5,ROUND((L$88-L$41)*100,0))) -> 0 | R19: =-MAX(-5,MIN(5,ROUND((L$97-L$41)*100,0))) -> 0 | S19: =-MAX(-5,MIN(5,ROUND((L$61-L$61)*100,0))) -> 0 | T19: =-MAX(-5,MIN(5,ROUND((L$70-L$61)*100,0))) -> 0 | U19: =-MAX(-5,MIN(5,ROUND((L$79-L$61)*100,0))) -> 0 | X19: North | Y19: =-MAX(-5,MIN(5,ROUND((Q$41-Q$41)*100,0))) -> 0 | Z19: =-MAX(-5,MIN(5,ROUND((Q$52-Q$41)*100,0))) -> 0 | AA19: =-MAX(-5,MIN(5,ROUND((Q$88-Q$41)*100,0))) -> 0 | AB19: =-MAX(-5,MIN(5,ROUND((Q$97-Q$41)*100,0))) -> 0 | AC19: =-MAX(-5,MIN(5,ROUND((Q$61-Q$61)*100,0))) -> 0 | AD19: =-MAX(-5,MIN(5,ROUND((Q$70-Q$61)*100,0))) -> 0 | AE19: =-MAX(-5,MIN(5,ROUND((Q$79-Q$61)*100,0))) -> -2
D20: South | E20: =-MAX(-5,MIN(5,ROUND((H$41-H$41)*100,0))) -> 0 | F20: =-MAX(-5,MIN(5,ROUND((H$52-H$41)*100,0))) -> 0 | G20: =-MAX(-5,MIN(5,ROUND((H$88-H$41)*100,0))) -> 0 | H20: =-MAX(-5,MIN(5,ROUND((H$97-H$41)*100,0))) -> 0 | I20: =-MAX(-5,MIN(5,ROUND((H$61-H$61)*100,0))) -> 0 | J20: =-MAX(-5,MIN(5,ROUND((H$70-H$61)*100,0))) -> 0 | K20: =-MAX(-5,MIN(5,ROUND((H$79-H$61)*100,0))) -> 0 | N20: South | O20: =-MAX(-5,MIN(5,ROUND((M$41-M$41)*100,0))) -> 0 | P20: =-MAX(-5,MIN(5,ROUND((M$52-M$41)*100,0))) -> 0 | Q20: =-MAX(-5,MIN(5,ROUND((M$88-M$41)*100,0))) -> 0 | R20: =-MAX(-5,MIN(5,ROUND((M$97-M$41)*100,0))) -> 0 | S20: =-MAX(-5,MIN(5,ROUND((M$61-M$61)*100,0))) -> 0 | T20: =-MAX(-5,MIN(5,ROUND((M$70-M$61)*100,0))) -> 0 | U20: =-MAX(-5,MIN(5,ROUND((M$79-M$61)*100,0))) -> 0 | X20: South | Y20: =-MAX(-5,MIN(5,ROUND((R$41-R$41)*100,0))) -> 0 | Z20: =-MAX(-5,MIN(5,ROUND((R$52-R$41)*100,0))) -> 0 | AA20: =-MAX(-5,MIN(5,ROUND((R$88-R$41)*100,0))) -> 0 | AB20: =-MAX(-5,MIN(5,ROUND((R$97-R$41)*100,0))) -> 0 | AC20: =-MAX(-5,MIN(5,ROUND((R$61-R$61)*100,0))) -> 0 | AD20: =-MAX(-5,MIN(5,ROUND((R$70-R$61)*100,0))) -> 0 | AE20: =-MAX(-5,MIN(5,ROUND((R$79-R$61)*100,0))) -> -1
D21: REGION | E21: BAU | F21: BAF | G21: ECO | H21: NGW | I21: BAU CS | J21: COR | K21: TUNNEL | N21: REGION | O21: BAU | P21: BAF | Q21: ECO | R21: NGW | S21: BAU CS | T21: COR | U21: TUNNEL | X21: REGION | Y21: BAU | Z21: BAF | AA21: ECO | AB21: NGW | AC21: BAU CS | AD21: COR | AE21: TUNNEL
C22: ANGLING | D22: Delta-Wide | E22: =-MAX(-5,MIN(5,ROUND((D$42-D$42)*100,0))) -> 0 | F22: =-MAX(-5,MIN(5,ROUND((D$53-D$42)*100,0))) -> 0 | G22: =-MAX(-5,MIN(5,ROUND((D$89-D$42)*100,0))) -> 0 | H22: =-MAX(-5,MIN(5,ROUND((D$98-D$42)*100,0))) -> 0 | I22: =-MAX(-5,MIN(5,ROUND((D$62-D$62)*100,0))) -> 0 | J22: =-MAX(-5,MIN(5,ROUND((D$71-D$62)*100,0))) -> 0 | K22: =-MAX(-5,MIN(5,ROUND((D$80-D$62)*100,0))) -> 0 | M22: ANGLING | N22: Delta-Wide | O22: =-MAX(-5,MIN(5,ROUND((I$42-I$42)*100,0))) -> 0 | P22: =-MAX(-5,MIN(5,ROUND((I$53-I$42)*100,0))) -> 0 | Q22: =-MAX(-5,MIN(5,ROUND((I$89-I$42)*100,0))) -> 0 | R22: =-MAX(-5,MIN(5,ROUND((I$98-I$42)*100,0))) -> 0 | S22: =-MAX(-5,MIN(5,ROUND((I$62-I$62)*100,0))) -> 0 | T22: =-MAX(-5,MIN(5,ROUND((I$71-I$62)*100,0))) -> 0 | U22: =-MAX(-5,MIN(5,ROUND((I$80-I$62)*100,0))) -> 0 | W22: ANGLING | X22: Delta-Wide | Y22: =-MAX(-5,MIN(5,ROUND((N$42-N$42)*100,0))) -> 0 | Z22: =-MAX(-5,MIN(5,ROUND((N$53-N$42)*100,0))) -> 0 | AA22: =-MAX(-5,MIN(5,ROUND((N$89-N$42)*100,0))) -> 0 | AB22: =-MAX(-5,MIN(5,ROUND((N$98-N$42)*100,0))) -> 0 | AC22: =-MAX(-5,MIN(5,ROUND((N$62-N$62)*100,0))) -> 0 | AD22: =-MAX(-5,MIN(5,ROUND((N$71-N$62)*100,0))) -> 0 | AE22: =-MAX(-5,MIN(5,ROUND((N$80-N$62)*100,0))) -> 0
D23: Suisun | E23: =-MAX(-5,MIN(5,ROUND((E$42-E$42)*100,0))) -> 0 | F23: =-MAX(-5,MIN(5,ROUND((E$53-E$42)*100,0))) -> 0 | G23: =-MAX(-5,MIN(5,ROUND((E$89-E$42)*100,0))) -> 0 | H23: =-MAX(-5,MIN(5,ROUND((E$98-E$42)*100,0))) -> 0 | I23: =-MAX(-5,MIN(5,ROUND((E$62-E$62)*100,0))) -> 0 | J23: =-MAX(-5,MIN(5,ROUND((E$71-E$62)*100,0))) -> 0 | K23: =-MAX(-5,MIN(5,ROUND((E$80-E$62)*100,0))) -> 0 | N23: Suisun | O23: =-MAX(-5,MIN(5,ROUND((J$42-J$42)*100,0))) -> 0 | P23: =-MAX(-5,MIN(5,ROUND((J$53-J$42)*100,0))) -> 0 | Q23: =-MAX(-5,MIN(5,ROUND((J$89-J$42)*100,0))) -> 0 | R23: =-MAX(-5,MIN(5,ROUND((J$98-J$42)*100,0))) -> 0 | S23: =-MAX(-5,MIN(5,ROUND((J$62-J$62)*100,0))) -> 0 | T23: =-MAX(-5,MIN(5,ROUND((J$71-J$62)*100,0))) -> 0 | U23: =-MAX(-5,MIN(5,ROUND((J$80-J$62)*100,0))) -> 0 | X23: Suisun | Y23: =-MAX(-5,MIN(5,ROUND((O$42-O$42)*100,0))) -> 0 | Z23: =-MAX(-5,MIN(5,ROUND((O$53-O$42)*100,0))) -> 0 | AA23: =-MAX(-5,MIN(5,ROUND((O$89-O$42)*100,0))) -> -1 | AB23: =-MAX(-5,MIN(5,ROUND((O$98-O$42)*100,0))) -> 0 | AC23: =-MAX(-5,MIN(5,ROUND((O$62-O$62)*100,0))) -> 0 | AD23: =-MAX(-5,MIN(5,ROUND((O$71-O$62)*100,0))) -> 0 | AE23: =-MAX(-5,MIN(5,ROUND((O$80-O$62)*100,0))) -> 0
D24: Central | E24: =-MAX(-5,MIN(5,ROUND((F$42-F$42)*100,0))) -> 0 | F24: =-MAX(-5,MIN(5,ROUND((F$53-F$42)*100,0))) -> 0 | G24: =-MAX(-5,MIN(5,ROUND((F$89-F$42)*100,0))) -> 0 | H24: =-MAX(-5,MIN(5,ROUND((F$98-F$42)*100,0))) -> 0 | I24: =-MAX(-5,MIN(5,ROUND((F$62-F$62)*100,0))) -> 0 | J24: =-MAX(-5,MIN(5,ROUND((F$71-F$62)*100,0))) -> 0 | K24: =-MAX(-5,MIN(5,ROUND((F$80-F$62)*100,0))) -> 0 | N24: Central | O24: =-MAX(-5,MIN(5,ROUND((K$42-K$42)*100,0))) -> 0 | P24: =-MAX(-5,MIN(5,ROUND((K$53-K$42)*100,0))) -> 0 | Q24: =-MAX(-5,MIN(5,ROUND((K$89-K$42)*100,0))) -> 0 | R24: =-MAX(-5,MIN(5,ROUND((K$98-K$42)*100,0))) -> 0 | S24: =-MAX(-5,MIN(5,ROUND((K$62-K$62)*100,0))) -> 0 | T24: =-MAX(-5,MIN(5,ROUND((K$71-K$62)*100,0))) -> 0 | U24: =-MAX(-5,MIN(5,ROUND((K$80-K$62)*100,0))) -> 0 | X24: Central | Y24: =-MAX(-5,MIN(5,ROUND((P$42-P$42)*100,0))) -> 0 | Z24: =-MAX(-5,MIN(5,ROUND((P$53-P$42)*100,0))) -> 0 | AA24: =-MAX(-5,MIN(5,ROUND((P$89-P$42)*100,0))) -> 0 | AB24: =-MAX(-5,MIN(5,ROUND((P$98-P$42)*100,0))) -> 0 | AC24: =-MAX(-5,MIN(5,ROUND((P$62-P$62)*100,0))) -> 0 | AD24: =-MAX(-5,MIN(5,ROUND((P$71-P$62)*100,0))) -> 0 | AE24: =-MAX(-5,MIN(5,ROUND((P$80-P$62)*100,0))) -> 0
D25: North | E25: =-MAX(-5,MIN(5,ROUND((G$42-G$42)*100,0))) -> 0 | F25: =-MAX(-5,MIN(5,ROUND((G$53-G$42)*100,0))) -> 0 | G25: =-MAX(-5,MIN(5,ROUND((G$89-G$42)*100,0))) -> 0 | H25: =-MAX(-5,MIN(5,ROUND((G$98-G$42)*100,0))) -> 0 | I25: =-MAX(-5,MIN(5,ROUND((G$62-G$62)*100,0))) -> 0 | J25: =-MAX(-5,MIN(5,ROUND((G$71-G$62)*100,0))) -> 0 | K25: =-MAX(-5,MIN(5,ROUND((G$80-G$62)*100,0))) -> 0 | N25: North | O25: =-MAX(-5,MIN(5,ROUND((L$42-L$42)*100,0))) -> 0 | P25: =-MAX(-5,MIN(5,ROUND((L$53-L$42)*100,0))) -> 0 | Q25: =-MAX(-5,MIN(5,ROUND((L$89-L$42)*100,0))) -> 0 | R25: =-MAX(-5,MIN(5,ROUND((L$98-L$42)*100,0))) -> 0 | S25: =-MAX(-5,MIN(5,ROUND((L$62-L$62)*100,0))) -> 0 | T25: =-MAX(-5,MIN(5,ROUND((L$71-L$62)*100,0))) -> 0 | U25: =-MAX(-5,MIN(5,ROUND((L$80-L$62)*100,0))) -> 0 | X25: North | Y25: =-MAX(-5,MIN(5,ROUND((Q$42-Q$42)*100,0))) -> 0 | Z25: =-MAX(-5,MIN(5,ROUND((Q$53-Q$42)*100,0))) -> 0 | AA25: =-MAX(-5,MIN(5,ROUND((Q$89-Q$42)*100,0))) -> 0 | AB25: =-MAX(-5,MIN(5,ROUND((Q$98-Q$42)*100,0))) -> 0 | AC25: =-MAX(-5,MIN(5,ROUND((Q$62-Q$62)*100,0))) -> 0 | AD25: =-MAX(-5,MIN(5,ROUND((Q$71-Q$62)*100,0))) -> 0 | AE25: =-MAX(-5,MIN(5,ROUND((Q$80-Q$62)*100,0))) -> 0
D26: South | E26: =-MAX(-5,MIN(5,ROUND((H$42-H$42)*100,0))) -> 0 | F26: =-MAX(-5,MIN(5,ROUND((H$53-H$42)*100,0))) -> 0 | G26: =-MAX(-5,MIN(5,ROUND((H$89-H$42)*100,0))) -> 0 | H26: =-MAX(-5,MIN(5,ROUND((H$98-H$42)*100,0))) -> 0 | I26: =-MAX(-5,MIN(5,ROUND((H$62-H$62)*100,0))) -> 0 | J26: =-MAX(-5,MIN(5,ROUND((H$71-H$62)*100,0))) -> 0 | K26: =-MAX(-5,MIN(5,ROUND((H$80-H$62)*100,0))) -> 0 | N26: South | O26: =-MAX(-5,MIN(5,ROUND((M$42-M$42)*100,0))) -> 0 | P26: =-MAX(-5,MIN(5,ROUND((M$53-M$42)*100,0))) -> 0 | Q26: =-MAX(-5,MIN(5,ROUND((M$89-M$42)*100,0))) -> 0 | R26: =-MAX(-5,MIN(5,ROUND((M$98-M$42)*100,0))) -> 0 | S26: =-MAX(-5,MIN(5,ROUND((M$62-M$62)*100,0))) -> 0 | T26: =-MAX(-5,MIN(5,ROUND((M$71-M$62)*100,0))) -> 0 | U26: =-MAX(-5,MIN(5,ROUND((M$80-M$62)*100,0))) -> 0 | X26: South | Y26: =-MAX(-5,MIN(5,ROUND((R$42-R$42)*100,0))) -> 0 | Z26: =-MAX(-5,MIN(5,ROUND((R$53-R$42)*100,0))) -> 0 | AA26: =-MAX(-5,MIN(5,ROUND((R$89-R$42)*100,0))) -> 0 | AB26: =-MAX(-5,MIN(5,ROUND((R$98-R$42)*100,0))) -> 0 | AC26: =-MAX(-5,MIN(5,ROUND((R$62-R$62)*100,0))) -> 0 | AD26: =-MAX(-5,MIN(5,ROUND((R$71-R$62)*100,0))) -> 0 | AE26: =-MAX(-5,MIN(5,ROUND((R$80-R$62)*100,0))) -> 0
D27: REGION | E27: BAU | F27: BAF | G27: ECO | H27: NGW | I27: BAU CS | J27: COR | K27: TUNNEL | N27: REGION | O27: BAU | P27: BAF | Q27: ECO | R27: NGW | S27: BAU CS | T27: COR | U27: TUNNEL | X27: REGION | Y27: BAU | Z27: BAF | AA27: ECO | AB27: NGW | AC27: BAU CS | AD27: COR | AE27: TUNNEL
C28: DAY USE (<18C) | D28: Delta-Wide | E28: =-MAX(-5,MIN(5,ROUND((D$39-D$39)*100,0))) -> 0 | F28: =-MAX(-5,MIN(5,ROUND((D$50-D$39)*100,0))) -> 0 | G28: =-MAX(-5,MIN(5,ROUND((D$86-D$39)*100,0))) -> 0 | H28: =-MAX(-5,MIN(5,ROUND((D$95-D$39)*100,0))) -> 0 | I28: =-MAX(-5,MIN(5,ROUND((D$59-D$59)*100,0))) -> 0 | J28: =-MAX(-5,MIN(5,ROUND((D$68-D$59)*100,0))) -> 0 | K28: =-MAX(-5,MIN(5,ROUND((D$77-D$59)*100,0))) -> 0 | M28: DAY USE (<18C) | N28: Delta-Wide | O28: =-MAX(-5,MIN(5,ROUND((I$39-I$39)*100,0))) -> 0 | P28: =-MAX(-5,MIN(5,ROUND((I$50-I$39)*100,0))) -> 0 | Q28: =-MAX(-5,MIN(5,ROUND((I$86-I$39)*100,0))) -> 0 | R28: =-MAX(-5,MIN(5,ROUND((I$95-I$39)*100,0))) -> 0 | S28: =-MAX(-5,MIN(5,ROUND((I$59-I$59)*100,0))) -> 0 | T28: =-MAX(-5,MIN(5,ROUND((I$68-I$59)*100,0))) -> 0 | U28: =-MAX(-5,MIN(5,ROUND((I$77-I$59)*100,0))) -> 0 | W28: DAY USE (<18C) | X28: Delta-Wide | Y28: =-MAX(-5,MIN(5,ROUND((N$39-N$39)*100,0))) -> 0 | Z28: =-MAX(-5,MIN(5,ROUND((N$50-N$39)*100,0))) -> 0 | AA28: =-MAX(-5,MIN(5,ROUND((N$86-N$39)*100,0))) -> 0 | AB28: =-MAX(-5,MIN(5,ROUND((N$95-N$39)*100,0))) -> 0 | AC28: =-MAX(-5,MIN(5,ROUND((N$59-N$59)*100,0))) -> 0 | AD28: =-MAX(-5,MIN(5,ROUND((N$68-N$59)*100,0))) -> 0 | AE28: =-MAX(-5,MIN(5,ROUND((N$77-N$59)*100,0))) -> 0
D29: Suisun | E29: =-MAX(-5,MIN(5,ROUND((E$39-E$39)*100,0))) -> 0 | F29: =-MAX(-5,MIN(5,ROUND((E$50-E$39)*100,0))) -> 0 | G29: =-MAX(-5,MIN(5,ROUND((E$86-E$39)*100,0))) -> 0 | H29: =-MAX(-5,MIN(5,ROUND((E$95-E$39)*100,0))) -> 0 | I29: =-MAX(-5,MIN(5,ROUND((E$59-E$59)*100,0))) -> 0 | J29: =-MAX(-5,MIN(5,ROUND((E$68-E$59)*100,0))) -> 0 | K29: =-MAX(-5,MIN(5,ROUND((E$77-E$59)*100,0))) -> 0 | N29: Suisun | O29: =-MAX(-5,MIN(5,ROUND((J$39-J$39)*100,0))) -> 0 | P29: =-MAX(-5,MIN(5,ROUND((J$50-J$39)*100,0))) -> 0 | Q29: =-MAX(-5,MIN(5,ROUND((J$86-J$39)*100,0))) -> 0 | R29: =-MAX(-5,MIN(5,ROUND((J$95-J$39)*100,0))) -> 0 | S29: =-MAX(-5,MIN(5,ROUND((J$59-J$59)*100,0))) -> 0 | T29: =-MAX(-5,MIN(5,ROUND((J$68-J$59)*100,0))) -> 0 | U29: =-MAX(-5,MIN(5,ROUND((J$77-J$59)*100,0))) -> 0 | X29: Suisun | Y29: =-MAX(-5,MIN(5,ROUND((O$39-O$39)*100,0))) -> 0 | Z29: =-MAX(-5,MIN(5,ROUND((O$50-O$39)*100,0))) -> 0 | AA29: =-MAX(-5,MIN(5,ROUND((O$86-O$39)*100,0))) -> 1 | AB29: =-MAX(-5,MIN(5,ROUND((O$95-O$39)*100,0))) -> 1 | AC29: =-MAX(-5,MIN(5,ROUND((O$59-O$59)*100,0))) -> 0 | AD29: =-MAX(-5,MIN(5,ROUND((O$68-O$59)*100,0))) -> 0 | AE29: =-MAX(-5,MIN(5,ROUND((O$77-O$59)*100,0))) -> 0
D30: Central | E30: =-MAX(-5,MIN(5,ROUND((F$39-F$39)*100,0))) -> 0 | F30: =-MAX(-5,MIN(5,ROUND((F$50-F$39)*100,0))) -> 0 | G30: =-MAX(-5,MIN(5,ROUND((F$86-F$39)*100,0))) -> 0 | H30: =-MAX(-5,MIN(5,ROUND((F$95-F$39)*100,0))) -> 0 | I30: =-MAX(-5,MIN(5,ROUND((F$59-F$59)*100,0))) -> 0 | J30: =-MAX(-5,MIN(5,ROUND((F$68-F$59)*100,0))) -> 0 | K30: =-MAX(-5,MIN(5,ROUND((F$77-F$59)*100,0))) -> 0 | N30: Central | O30: =-MAX(-5,MIN(5,ROUND((K$39-K$39)*100,0))) -> 0 | P30: =-MAX(-5,MIN(5,ROUND((K$50-K$39)*100,0))) -> 0 | Q30: =-MAX(-5,MIN(5,ROUND((K$86-K$39)*100,0))) -> 0 | R30: =-MAX(-5,MIN(5,ROUND((K$95-K$39)*100,0))) -> 0 | S30: =-MAX(-5,MIN(5,ROUND((K$59-K$59)*100,0))) -> 0 | T30: =-MAX(-5,MIN(5,ROUND((K$68-K$59)*100,0))) -> 0 | U30: =-MAX(-5,MIN(5,ROUND((K$77-K$59)*100,0))) -> 0 | X30: Central | Y30: =-MAX(-5,MIN(5,ROUND((P$39-P$39)*100,0))) -> 0 | Z30: =-MAX(-5,MIN(5,ROUND((P$50-P$39)*100,0))) -> 0 | AA30: =-MAX(-5,MIN(5,ROUND((P$86-P$39)*100,0))) -> 0 | AB30: =-MAX(-5,MIN(5,ROUND((P$95-P$39)*100,0))) -> 0 | AC30: =-MAX(-5,MIN(5,ROUND((P$59-P$59)*100,0))) -> 0 | AD30: =-MAX(-5,MIN(5,ROUND((P$68-P$59)*100,0))) -> 0 | AE30: =-MAX(-5,MIN(5,ROUND((P$77-P$59)*100,0))) -> 0
D31: North | E31: =-MAX(-5,MIN(5,ROUND((G$39-G$39)*100,0))) -> 0 | F31: =-MAX(-5,MIN(5,ROUND((G$50-G$39)*100,0))) -> 0 | G31: =-MAX(-5,MIN(5,ROUND((G$86-G$39)*100,0))) -> 0 | H31: =-MAX(-5,MIN(5,ROUND((G$95-G$39)*100,0))) -> 0 | I31: =-MAX(-5,MIN(5,ROUND((G$59-G$59)*100,0))) -> 0 | J31: =-MAX(-5,MIN(5,ROUND((G$68-G$59)*100,0))) -> 0 | K31: =-MAX(-5,MIN(5,ROUND((G$77-G$59)*100,0))) -> 0 | N31: North | O31: =-MAX(-5,MIN(5,ROUND((L$39-L$39)*100,0))) -> 0 | P31: =-MAX(-5,MIN(5,ROUND((L$50-L$39)*100,0))) -> 0 | Q31: =-MAX(-5,MIN(5,ROUND((L$86-L$39)*100,0))) -> 0 | R31: =-MAX(-5,MIN(5,ROUND((L$95-L$39)*100,0))) -> 0 | S31: =-MAX(-5,MIN(5,ROUND((L$59-L$59)*100,0))) -> 0 | T31: =-MAX(-5,MIN(5,ROUND((L$68-L$59)*100,0))) -> 0 | U31: =-MAX(-5,MIN(5,ROUND((L$77-L$59)*100,0))) -> 0 | X31: North | Y31: =-MAX(-5,MIN(5,ROUND((Q$39-Q$39)*100,0))) -> 0 | Z31: =-MAX(-5,MIN(5,ROUND((Q$50-Q$39)*100,0))) -> 0 | AA31: =-MAX(-5,MIN(5,ROUND((Q$86-Q$39)*100,0))) -> 0 | AB31: =-MAX(-5,MIN(5,ROUND((Q$95-Q$39)*100,0))) -> 0 | AC31: =-MAX(-5,MIN(5,ROUND((Q$59-Q$59)*100,0))) -> 0 | AD31: =-MAX(-5,MIN(5,ROUND((Q$68-Q$59)*100,0))) -> 0 | AE31: =-MAX(-5,MIN(5,ROUND((Q$77-Q$59)*100,0))) -> 0
D32: South | E32: =-MAX(-5,MIN(5,ROUND((H$39-H$39)*100,0))) -> 0 | F32: =-MAX(-5,MIN(5,ROUND((H$50-H$39)*100,0))) -> 0 | G32: =-MAX(-5,MIN(5,ROUND((H$86-H$39)*100,0))) -> 0 | H32: =-MAX(-5,MIN(5,ROUND((H$95-H$39)*100,0))) -> 0 | I32: =-MAX(-5,MIN(5,ROUND((H$59-H$59)*100,0))) -> 0 | J32: =-MAX(-5,MIN(5,ROUND((H$68-H$59)*100,0))) -> 0 | K32: =-MAX(-5,MIN(5,ROUND((H$77-H$59)*100,0))) -> 0 | N32: South | O32: =-MAX(-5,MIN(5,ROUND((M$39-M$39)*100,0))) -> 0 | P32: =-MAX(-5,MIN(5,ROUND((M$50-M$39)*100,0))) -> 0 | Q32: =-MAX(-5,MIN(5,ROUND((M$86-M$39)*100,0))) -> 0 | R32: =-MAX(-5,MIN(5,ROUND((M$95-M$39)*100,0))) -> 0 | S32: =-MAX(-5,MIN(5,ROUND((M$59-M$59)*100,0))) -> 0 | T32: =-MAX(-5,MIN(5,ROUND((M$68-M$59)*100,0))) -> 0 | U32: =-MAX(-5,MIN(5,ROUND((M$77-M$59)*100,0))) -> 0 | X32: South | Y32: =-MAX(-5,MIN(5,ROUND((R$39-R$39)*100,0))) -> 0 | Z32: =-MAX(-5,MIN(5,ROUND((R$50-R$39)*100,0))) -> 0 | AA32: =-MAX(-5,MIN(5,ROUND((R$86-R$39)*100,0))) -> 0 | AB32: =-MAX(-5,MIN(5,ROUND((R$95-R$39)*100,0))) -> 0 | AC32: =-MAX(-5,MIN(5,ROUND((R$59-R$59)*100,0))) -> 0 | AD32: =-MAX(-5,MIN(5,ROUND((R$68-R$59)*100,0))) -> 0 | AE32: =-MAX(-5,MIN(5,ROUND((R$77-R$59)*100,0))) -> 0
C36: BAU % EXCEEDANCES
D37: Total Run | I37: Wet Seasons | N37: Dry Seasons | T37: RECREATION: TEMPERATURE SCORE (B) — RMA SLR Temperature
D38: Delta-Wide | E38: Suisun | F38: Central Delta | G38: North Delta | H38: South Delta | I38: Delta-Wide | J38: Suisun | K38: Central Delta | L38: North Delta | M38: South Delta | N38: Delta-Wide | O38: Suisun | P38: Central Delta | Q38: North Delta | R38: South Delta | T38: Workflow: (1) Each activity = its Delta-Wide, Total Run score (-5 to 5). No Wet/Dry or sub-region rows, to avoid double counting. (2) Sum the activity scores. (3) Divide by # of activities = Temperature Score (B). Unlike salinity, Day Use & Boating are split for temperature: Boating & Day Use uses the warm-water (upper) threshold, while Day Use (<18C) is the cold-water threshold that goes the other way (exceedance = water too cold). Both are scored so more exceedances vs. baseline = lower score. Final Recreation Score = (A Salinity + B Temperature + C Habitat + D Economy) / 4.
C39: Day Use | D39: =BAU!AK876 -> 0.53548222 | E39: =BAU!AL876 -> 0.51812585 | F39: =BAU!AM876 -> 0.52895577 | G39: =BAU!AN876 -> 0.56178751 | H39: =BAU!AO876 -> 0.53989968 | I39: =BAU!AS876 -> 0.91952055 | J39: =BAU!AT876 -> 0.89383562 | K39: =BAU!AU876 -> 0.91841705 | L39: =BAU!AV876 -> 0.97442922 | M39: =BAU!AW876 -> 0.90684932 | N39: =BAU!BA876 -> 0.15249317 | O39: =BAU!BB876 -> 0.14344262 | P39: =BAU!BC876 -> 0.14055859 | Q39: =BAU!BD876 -> 0.15027322 | R39: =BAU!BE876 -> 0.17395264
C40: Birding | D40: =BAU!AK827 -> 0.36892955 | E40: =BAU!AL827 -> 0.36576607 | F40: =BAU!AM827 -> 0.37665299 | G40: =BAU!AN827 -> 0.34131327 | H40: =BAU!AO827 -> 0.38242894 | I40: =BAU!AS827 -> 0.011643836 | J40: =BAU!AT827 -> 0.013013699 | K40: =BAU!AU827 -> 0.0060882801 | L40: =BAU!AV827 -> 0.00091324201 | M40: =BAU!AW827 -> 0.023135464 | N40: =BAU!BA827 -> 0.72523907 | O40: =BAU!BB827 -> 0.71755464 | P40: =BAU!BC827 -> 0.74620522 | Q40: =BAU!BD827 -> 0.68078324 | R40: =BAU!BE827 -> 0.74074074 | T40: ACTIVITY | U40: SOURCE | V40: BAU | W40: BAF | X40: ECO | Y40: NGW | Z40: BAU CS | AA40: COR vs CS | AB40: Tunnel vs CS
C41: Waterfowl | D41: =BAU!AK843 -> 0.12401676 | E41: =BAU!AL843 -> 0.049760602 | F41: =BAU!AM843 -> 0.13391093 | G41: =BAU!AN843 -> 0.06748746 | H41: =BAU!AO843 -> 0.21781426 | I41: =BAU!AS843 -> 0 | J41: =BAU!AT843 -> 0 | K41: =BAU!AU843 -> 0 | L41: =BAU!AV843 -> 0 | M41: =BAU!AW843 -> 0 | N41: =BAU!BA843 -> 0.24769467 | O41: =BAU!BB843 -> 0.099385246 | P41: =BAU!BC843 -> 0.26745598 | Q41: =BAU!BD843 -> 0.13479053 | R41: =BAU!BE843 -> 0.43503339 | T41: Boating & Day Use | U41: Row 4 | V41: =E$4 -> 0 | W41: =F$4 -> 0 | X41: =G$4 -> 0 | Y41: =H$4 -> 0 | Z41: =I$4 -> 0 | AA41: =J$4 -> 0 | AB41: =K$4 -> 0
C42: Angling | D42: =BAU!AK859 -> 0.44699042 | E42: =BAU!AL859 -> 0.46169631 | F42: =BAU!AM859 -> 0.45310838 | G42: =BAU!AN859 -> 0.42065663 | H42: =BAU!AO859 -> 0.44535644 | I42: =BAU!AS859 -> 0.063441781 | J42: =BAU!AT859 -> 0.087328767 | K42: =BAU!AU859 -> 0.061187215 | L42: =BAU!AV859 -> 0.016894977 | M42: =BAU!AW859 -> 0.075494673 | N42: =BAU!BA859 -> 0.82949112 | O42: =BAU!BB859 -> 0.83504098 | P42: =BAU!BC859 -> 0.84395871 | Q42: =BAU!BD859 -> 0.82331512 | R42: =BAU!BE859 -> 0.81420765 | T42: Day Use (<18C, cold) | U42: Row 28 | V42: =E$28 -> 0 | W42: =F$28 -> 0 | X42: =G$28 -> 0 | Y42: =H$28 -> 0 | Z42: =I$28 -> 0 | AA42: =J$28 -> 0 | AB42: =K$28 -> 0
C43: Boating & Day Use | D43: =BAU!AK811 -> 0.41971614 | E43: =BAU!AL811 -> 0.4251026 | F43: =BAU!AM811 -> 0.42878857 | G43: =BAU!AN811 -> 0.39192886 | H43: =BAU!AO811 -> 0.4243806 | I43: =BAU!AS811 -> 0.042808219 | J43: =BAU!AT811 -> 0.057534247 | K43: =BAU!AU811 -> 0.043835616 | L43: =BAU!AV811 -> 0.0068493151 | M43: =BAU!AW811 -> 0.052663623 | N43: =BAU!BA811 -> 0.79559426 | O43: =BAU!BB811 -> 0.79166667 | P43: =BAU!BC811 -> 0.81268974 | Q43: =BAU!BD811 -> 0.77595628 | R43: =BAU!BE811 -> 0.79508197 | T43: Birding | U43: Row 10 | V43: =E$10 -> 0 | W43: =F$10 -> 0 | X43: =G$10 -> 0 | Y43: =H$10 -> 0 | Z43: =I$10 -> 0 | AA43: =J$10 -> 0 | AB43: =K$10 -> 0
T44: Waterfowl | U44: Row 16 | V44: =E$16 -> 0 | W44: =F$16 -> 0 | X44: =G$16 -> 0 | Y44: =H$16 -> 0 | Z44: =I$16 -> 0 | AA44: =J$16 -> 0 | AB44: =K$16 -> 0
T45: Angling | U45: Row 22 | V45: =E$22 -> 0 | W45: =F$22 -> 0 | X45: =G$22 -> 0 | Y45: =H$22 -> 0 | Z45: =I$22 -> 0 | AA45: =J$22 -> 0 | AB45: =K$22 -> 0
T46: Sum of scores | V46: =SUM(V41:V45) -> 0 | W46: =SUM(W41:W45) -> 0 | X46: =SUM(X41:X45) -> 0 | Y46: =SUM(Y41:Y45) -> 0 | Z46: =SUM(Z41:Z45) -> 0 | AA46: =SUM(AA41:AA45) -> 0 | AB46: =SUM(AB41:AB45) -> 0
C47: BAF % EXCEEDANCES | T47: # of activities | V47: =COUNT(V41:V45) -> 5 | W47: =COUNT(W41:W45) -> 5 | X47: =COUNT(X41:X45) -> 5 | Y47: =COUNT(Y41:Y45) -> 5 | Z47: =COUNT(Z41:Z45) -> 5 | AA47: =COUNT(AA41:AA45) -> 5 | AB47: =COUNT(AB41:AB45) -> 5
D48: Total Run | I48: Wet Seasons | N48: Dry Seasons | T48: TEMPERATURE SCORE (B) | V48: =IFERROR(V46/V47,0) -> 0 | W48: =IFERROR(W46/W47,0) -> 0 | X48: =IFERROR(X46/X47,0) -> 0 | Y48: =IFERROR(Y46/Y47,0) -> 0 | Z48: =IFERROR(Z46/Z47,0) -> 0 | AA48: =IFERROR(AA46/AA47,0) -> 0 | AB48: =IFERROR(AB46/AB47,0) -> 0
D49: Delta-Wide | E49: Suisun | F49: Central Delta | G49: North Delta | H49: South Delta | I49: Delta-Wide | J49: Suisun | K49: Central Delta | L49: North Delta | M49: South Delta | N49: Delta-Wide | O49: Suisun | P49: Central Delta | Q49: North Delta | R49: South Delta
C50: Day Use | D50: ='B&F'!AK876 -> 0.53539672 | E50: ='B&F'!AL876 -> 0.51812585 | F50: ='B&F'!AM876 -> 0.52895577 | G50: ='B&F'!AN876 -> 0.56155951 | H50: ='B&F'!AO876 -> 0.53974768 | I50: ='B&F'!AS876 -> 0.91952055 | J50: ='B&F'!AT876 -> 0.89383562 | K50: ='B&F'!AU876 -> 0.91872146 | L50: ='B&F'!AV876 -> 0.9739726 | M50: ='B&F'!AW876 -> 0.90684932 | N50: ='B&F'!BA876 -> 0.1523224 | O50: ='B&F'!BB876 -> 0.14344262 | P50: ='B&F'!BC876 -> 0.14025501 | Q50: ='B&F'!BD876 -> 0.15027322 | R50: ='B&F'!BE876 -> 0.17364906
C51: Birding | D51: ='B&F'!AK827 -> 0.3692288 | E51: ='B&F'!AL827 -> 0.36593707 | F51: ='B&F'!AM827 -> 0.37756498 | G51: ='B&F'!AN827 -> 0.34199726 | H51: ='B&F'!AO827 -> 0.38197294 | I51: ='B&F'!AS827 -> 0.011815068 | J51: ='B&F'!AT827 -> 0.013013699 | K51: ='B&F'!AU827 -> 0.0073059361 | L51: ='B&F'!AV827 -> 0.00091324201 | M51: ='B&F'!AW827 -> 0.022526636 | N51: ='B&F'!BA827 -> 0.72566598 | O51: ='B&F'!BB827 -> 0.71789617 | P51: ='B&F'!BC827 -> 0.74681239 | Q51: ='B&F'!BD827 -> 0.68214936 | R51: ='B&F'!BE827 -> 0.74043716
C52: Waterfowl | D52: ='B&F'!AK843 -> 0.12423051 | E52: ='B&F'!AL843 -> 0.050102599 | F52: ='B&F'!AM843 -> 0.13543092 | G52: ='B&F'!AN843 -> 0.06748746 | H52: ='B&F'!AO843 -> 0.21675027 | I52: ='B&F'!AS843 -> 0 | J52: ='B&F'!AT843 -> 0 | K52: ='B&F'!AU843 -> 0 | L52: ='B&F'!AV843 -> 0 | M52: ='B&F'!AW843 -> 0 | N52: ='B&F'!BA843 -> 0.24812158 | O52: ='B&F'!BB843 -> 0.10006831 | P52: ='B&F'!BC843 -> 0.2704918 | Q52: ='B&F'!BD843 -> 0.13479053 | R52: ='B&F'!BE843 -> 0.43290832
C53: Angling | D53: ='B&F'!AK859 -> 0.44699042 | E53: ='B&F'!AL859 -> 0.46169631 | F53: ='B&F'!AM859 -> 0.45326037 | G53: ='B&F'!AN859 -> 0.42065663 | H53: ='B&F'!AO859 -> 0.44520444 | I53: ='B&F'!AS859 -> 0.063441781 | J53: ='B&F'!AT859 -> 0.087328767 | K53: ='B&F'!AU859 -> 0.061491629 | L53: ='B&F'!AV859 -> 0.016894977 | M53: ='B&F'!AW859 -> 0.075190259 | N53: ='B&F'!BA859 -> 0.82949112 | O53: ='B&F'!BB859 -> 0.83504098 | P53: ='B&F'!BC859 -> 0.84395871 | Q53: ='B&F'!BD859 -> 0.82331512 | R53: ='B&F'!BE859 -> 0.81420765
C54: Boating & Day Use | D54: ='B&F'!AK811 -> 0.41980164 | E54: ='B&F'!AL811 -> 0.4251026 | F54: ='B&F'!AM811 -> 0.42924457 | G54: ='B&F'!AN811 -> 0.39192886 | H54: ='B&F'!AO811 -> 0.42422861 | I54: ='B&F'!AS811 -> 0.042893836 | J54: ='B&F'!AT811 -> 0.057534247 | K54: ='B&F'!AU811 -> 0.044748858 | L54: ='B&F'!AV811 -> 0.0073059361 | M54: ='B&F'!AW811 -> 0.051750381 | N54: ='B&F'!BA811 -> 0.79567964 | O54: ='B&F'!BB811 -> 0.79166667 | P54: ='B&F'!BC811 -> 0.81268974 | Q54: ='B&F'!BD811 -> 0.77550091 | R54: ='B&F'!BE811 -> 0.79568913
C56: BAU % EXCEEDANCES (CalSIM)
D57: Total Run | I57: Wet Seasons | N57: Dry Seasons
D58: Delta-Wide | E58: Suisun | F58: Central Delta | G58: North Delta | H58: South Delta | I58: Delta-Wide | J58: Suisun | K58: Central Delta | L58: North Delta | M58: South Delta | N58: Delta-Wide | O58: Suisun | P58: Central Delta | Q58: North Delta | R58: South Delta
C59: Day Use | D59: ='BAU CalSim'!AK867 -> 0.54165234 | E59: ='BAU CalSim'!AL867 -> 0.5261348 | F59: ='BAU CalSim'!AM867 -> 0.53797952 | G59: ='BAU CalSim'!AN867 -> 0.57702889 | H59: ='BAU CalSim'!AO867 -> 0.53553416 | I59: ='BAU CalSim'!AS867 -> 0.92295706 | J59: ='BAU CalSim'!AT867 -> 0.90339335 | K59: ='BAU CalSim'!AU867 -> 0.91751308 | L59: ='BAU CalSim'!AV867 -> 0.97137581 | M59: ='BAU CalSim'!AW867 -> 0.91351185 | N59: ='BAU CalSim'!BA867 -> 0.16555669 | O59: ='BAU CalSim'!BB867 -> 0.15403005 | P59: ='BAU CalSim'!BC867 -> 0.16363084 | Q59: ='BAU CalSim'!BD867 -> 0.18806922 | R59: ='BAU CalSim'!BE867 -> 0.1627201
C60: Birding | D60: ='BAU CalSim'!AK818 -> 0.37083047 | E60: ='BAU CalSim'!AL818 -> 0.36588721 | F60: ='BAU CalSim'!AM818 -> 0.37689133 | G60: ='BAU CalSim'!AN818 -> 0.34479597 | H60: ='BAU CalSim'!AO818 -> 0.38651994 | I60: ='BAU CalSim'!AS818 -> 0.0079639889 | J60: ='BAU CalSim'!AT818 -> 0.010734072 | K60: ='BAU CalSim'!AU818 -> 0.0046168052 | L60: ='BAU CalSim'!AV818 -> 0 | M60: ='BAU CalSim'!AW818 -> 0.014158203 | N60: ='BAU CalSim'!BA818 -> 0.72873975 | O60: ='BAU CalSim'!BB818 -> 0.71618852 | P60: ='BAU CalSim'!BC818 -> 0.74408015 | Q60: ='BAU CalSim'!BD818 -> 0.6848816 | R60: ='BAU CalSim'!BE818 -> 0.75379478
C61: Waterfowl | D61: ='BAU CalSim'!AK834 -> 0.12409732 | E61: ='BAU CalSim'!AL834 -> 0.049518569 | F61: ='BAU CalSim'!AM834 -> 0.13602323 | G61: ='BAU CalSim'!AN834 -> 0.077258138 | H61: ='BAU CalSim'!AO834 -> 0.20968974 | I61: ='BAU CalSim'!AS834 -> 0 | J61: ='BAU CalSim'!AT834 -> 0 | K61: ='BAU CalSim'!AU834 -> 0 | L61: ='BAU CalSim'!AV834 -> 0 | M61: ='BAU CalSim'!AW834 -> 0 | N61: ='BAU CalSim'!BA834 -> 0.24649932 | O61: ='BAU CalSim'!BB834 -> 0.098360656 | P61: ='BAU CalSim'!BC834 -> 0.27018822 | Q61: ='BAU CalSim'!BD834 -> 0.15346084 | R61: ='BAU CalSim'!BE834 -> 0.41651488
C62: Angling | D62: ='BAU CalSim'!AK850 -> 0.43844567 | E62: ='BAU CalSim'!AL850 -> 0.45220083 | F62: ='BAU CalSim'!AM850 -> 0.43787254 | G62: ='BAU CalSim'!AN850 -> 0.40508941 | H62: ='BAU CalSim'!AO850 -> 0.4490295 | I62: ='BAU CalSim'!AS850 -> 0.058950831 | J62: ='BAU CalSim'!AT850 -> 0.078947368 | K62: ='BAU CalSim'!AU850 -> 0.063096337 | L62: ='BAU CalSim'!AV850 -> 0.016158818 | M62: ='BAU CalSim'!AW850 -> 0.065558633 | N62: ='BAU CalSim'!BA850 -> 0.81275615 | O62: ='BAU CalSim'!BB850 -> 0.82035519 | P62: ='BAU CalSim'!BC850 -> 0.80752884 | Q62: ='BAU CalSim'!BD850 -> 0.78870674 | R62: ='BAU CalSim'!BE850 -> 0.82726169
C63: Boating & Day Use | D63: ='BAU CalSim'!AK802 -> 0.41372937 | E63: ='BAU CalSim'!AL802 -> 0.42107978 | F63: ='BAU CalSim'!AM802 -> 0.41357176 | G63: ='BAU CalSim'!AN802 -> 0.38537368 | H63: ='BAU CalSim'!AO802 -> 0.42625707 | I63: ='BAU CalSim'!AS802 -> 0.037655817 | J63: ='BAU CalSim'!AT802 -> 0.050554017 | K63: ='BAU CalSim'!AU802 -> 0.041859034 | L63: ='BAU CalSim'!AV802 -> 0.0092336103 | M63: ='BAU CalSim'!AW802 -> 0.040935673 | N63: ='BAU CalSim'!BA802 -> 0.7846653 | O63: ='BAU CalSim'!BB802 -> 0.78654372 | P63: ='BAU CalSim'!BC802 -> 0.78020644 | Q63: ='BAU CalSim'!BD802 -> 0.75637523 | R63: ='BAU CalSim'!BE802 -> 0.80631451
C65: COR % EXCEEDANCES (CalSIM)
D66: Total Run | I66: Wet Seasons | N66: Dry Seasons
D67: Delta-Wide | E67: Suisun | F67: Central Delta | G67: North Delta | H67: South Delta | I67: Delta-Wide | J67: Suisun | K67: Central Delta | L67: North Delta | M67: South Delta | N67: Delta-Wide | O67: Suisun | P67: Central Delta | Q67: North Delta | R67: South Delta
C68: Day Use | D68: ='COR CS'!AK867 -> 0.54186726 | E68: ='COR CS'!AL867 -> 0.5261348 | F68: ='COR CS'!AM867 -> 0.53813236 | G68: ='COR CS'!AN867 -> 0.57702889 | H68: ='COR CS'!AO867 -> 0.5361455 | I68: ='COR CS'!AS867 -> 0.92347645 | J68: ='COR CS'!AT867 -> 0.90339335 | K68: ='COR CS'!AU867 -> 0.91812865 | L68: ='COR CS'!AV867 -> 0.97137581 | M68: ='COR CS'!AW867 -> 0.914743 | N68: ='COR CS'!BA867 -> 0.16547131 | O68: ='COR CS'!BB867 -> 0.15403005 | P68: ='COR CS'!BC867 -> 0.16332726 | Q68: ='COR CS'!BD867 -> 0.18806922 | R68: ='COR CS'!BE867 -> 0.1627201
C69: Birding | D69: ='COR CS'!AK818 -> 0.37031465 | E69: ='COR CS'!AL818 -> 0.36588721 | F69: ='COR CS'!AM818 -> 0.3767385 | G69: ='COR CS'!AN818 -> 0.3436497 | H69: ='COR CS'!AO818 -> 0.38560293 | I69: ='COR CS'!AS818 -> 0.0079639889 | J69: ='COR CS'!AT818 -> 0.010734072 | K69: ='COR CS'!AU818 -> 0.0043090182 | L69: ='COR CS'!AV818 -> 0 | M69: ='COR CS'!AW818 -> 0.01446599 | N69: ='COR CS'!BA818 -> 0.72771516 | O69: ='COR CS'!BB818 -> 0.71618852 | P69: ='COR CS'!BC818 -> 0.74408015 | Q69: ='COR CS'!BD818 -> 0.68260474 | R69: ='COR CS'!BE818 -> 0.7516697
C70: Waterfowl | D70: ='COR CS'!AK834 -> 0.12422627 | E70: ='COR CS'!AL834 -> 0.049690509 | F70: ='COR CS'!AM834 -> 0.13663457 | G70: ='COR CS'!AN834 -> 0.076570381 | H70: ='COR CS'!AO834 -> 0.20984258 | I70: ='COR CS'!AS834 -> 0 | J70: ='COR CS'!AT834 -> 0 | K70: ='COR CS'!AU834 -> 0 | L70: ='COR CS'!AV834 -> 0 | M70: ='COR CS'!AW834 -> 0 | N70: ='COR CS'!BA834 -> 0.24675546 | O70: ='COR CS'!BB834 -> 0.098702186 | P70: ='COR CS'!BC834 -> 0.27140255 | Q70: ='COR CS'!BD834 -> 0.15209472 | R70: ='COR CS'!BE834 -> 0.41681846
C71: Angling | D71: ='COR CS'!AK850 -> 0.43818776 | E71: ='COR CS'!AL850 -> 0.45202889 | F71: ='COR CS'!AM850 -> 0.43802537 | G71: ='COR CS'!AN850 -> 0.4046309 | H71: ='COR CS'!AO850 -> 0.44841816 | I71: ='COR CS'!AS850 -> 0.058864266 | J71: ='COR CS'!AT850 -> 0.078601108 | K71: ='COR CS'!AU850 -> 0.063404124 | L71: ='COR CS'!AV850 -> 0.016620499 | M71: ='COR CS'!AW850 -> 0.064943059 | N71: ='COR CS'!BA850 -> 0.81232923 | O71: ='COR CS'!BB850 -> 0.82035519 | P71: ='COR CS'!BC850 -> 0.80752884 | Q71: ='COR CS'!BD850 -> 0.78734062 | R71: ='COR CS'!BE850 -> 0.82665452
C72: Boating & Day Use | D72: ='COR CS'!AK802 -> 0.41347146 | E72: ='COR CS'!AL802 -> 0.42056396 | F72: ='COR CS'!AM802 -> 0.41372459 | G72: ='COR CS'!AN802 -> 0.38514443 | H72: ='COR CS'!AO802 -> 0.42579856 | I72: ='COR CS'!AS802 -> 0.037396122 | J72: ='COR CS'!AT802 -> 0.050207756 | K72: ='COR CS'!AU802 -> 0.041859034 | L72: ='COR CS'!AV802 -> 0.0092336103 | M72: ='COR CS'!AW802 -> 0.040320098 | N72: ='COR CS'!BA802 -> 0.78440915 | O72: ='COR CS'!BB802 -> 0.78586066 | P72: ='COR CS'!BC802 -> 0.78051002 | Q72: ='COR CS'!BD802 -> 0.75591985 | R72: ='COR CS'!BE802 -> 0.80601093
C74: TUNNEL % EXCEEDANCES (CalSIM)
D75: Total Run | I75: Wet Seasons | N75: Dry Seasons
D76: Delta-Wide | E76: Suisun | F76: Central Delta | G76: North Delta | H76: South Delta | I76: Delta-Wide | J76: Suisun | K76: Central Delta | L76: North Delta | M76: South Delta | N76: Delta-Wide | O76: Suisun | P76: Central Delta | Q76: North Delta | R76: South Delta
C77: Day Use | D77: ='Tunnel CS'!AK867 -> 0.54143741 | E77: ='Tunnel CS'!AL867 -> 0.52579092 | F77: ='Tunnel CS'!AM867 -> 0.53843803 | G77: ='Tunnel CS'!AN867 -> 0.57748739 | H77: ='Tunnel CS'!AO867 -> 0.53431148 | I77: ='Tunnel CS'!AS867 -> 0.92313019 | J77: ='Tunnel CS'!AT867 -> 0.90339335 | K77: ='Tunnel CS'!AU867 -> 0.91782087 | L77: ='Tunnel CS'!AV867 -> 0.97183749 | M77: ='Tunnel CS'!AW867 -> 0.91351185 | N77: ='Tunnel CS'!BA867 -> 0.16495902 | O77: ='Tunnel CS'!BB867 -> 0.15334699 | P77: ='Tunnel CS'!BC867 -> 0.16423801 | Q77: ='Tunnel CS'!BD867 -> 0.18852459 | R77: ='Tunnel CS'!BE867 -> 0.16029144
C78: Birding | D78: ='Tunnel CS'!AK818 -> 0.37134629 | E78: ='Tunnel CS'!AL818 -> 0.36588721 | F78: ='Tunnel CS'!AM818 -> 0.37780834 | G78: ='Tunnel CS'!AN818 -> 0.34662999 | H78: ='Tunnel CS'!AO818 -> 0.38621427 | I78: ='Tunnel CS'!AS818 -> 0.0074445983 | J78: ='Tunnel CS'!AT818 -> 0.010041551 | K78: ='Tunnel CS'!AU818 -> 0.0040012311 | L78: ='Tunnel CS'!AV818 -> 0 | M78: ='Tunnel CS'!AW818 -> 0.013542629 | N78: ='Tunnel CS'!BA818 -> 0.73027664 | O78: ='Tunnel CS'!BB818 -> 0.71687158 | P78: ='Tunnel CS'!BC818 -> 0.7465088 | Q78: ='Tunnel CS'!BD818 -> 0.68852459 | R78: ='Tunnel CS'!BE818 -> 0.75379478
C79: Waterfowl | D79: ='Tunnel CS'!AK834 -> 0.12865371 | E79: ='Tunnel CS'!AL834 -> 0.049174691 | F79: ='Tunnel CS'!AM834 -> 0.14366499 | G79: ='Tunnel CS'!AN834 -> 0.085740486 | H79: ='Tunnel CS'!AO834 -> 0.21289928 | I79: ='Tunnel CS'!AS834 -> 0 | J79: ='Tunnel CS'!AT834 -> 0 | K79: ='Tunnel CS'!AU834 -> 0 | L79: ='Tunnel CS'!AV834 -> 0 | M79: ='Tunnel CS'!AW834 -> 0 | N79: ='Tunnel CS'!BA834 -> 0.25554986 | O79: ='Tunnel CS'!BB834 -> 0.097677596 | P79: ='Tunnel CS'!BC834 -> 0.28536733 | Q79: ='Tunnel CS'!BD834 -> 0.17030965 | R79: ='Tunnel CS'!BE834 -> 0.4228901
C80: Angling | D80: ='Tunnel CS'!AK850 -> 0.43848865 | E80: ='Tunnel CS'!AL850 -> 0.45271664 | F80: ='Tunnel CS'!AM850 -> 0.43741403 | G80: ='Tunnel CS'!AN850 -> 0.40486016 | H80: ='Tunnel CS'!AO850 -> 0.44933517 | I80: ='Tunnel CS'!AS850 -> 0.059037396 | J80: ='Tunnel CS'!AT850 -> 0.078601108 | K80: ='Tunnel CS'!AU850 -> 0.064019698 | L80: ='Tunnel CS'!AV850 -> 0.016158818 | M80: ='Tunnel CS'!AW850 -> 0.065250846 | N80: ='Tunnel CS'!BA850 -> 0.81275615 | O80: ='Tunnel CS'!BB850 -> 0.82172131 | P80: ='Tunnel CS'!BC850 -> 0.80570735 | Q80: ='Tunnel CS'!BD850 -> 0.78825137 | R80: ='Tunnel CS'!BE850 -> 0.82817243
C81: Boating & Day Use | D81: ='Tunnel CS'!AK802 -> 0.4136434 | E81: ='Tunnel CS'!AL802 -> 0.42176754 | F81: ='Tunnel CS'!AM802 -> 0.41280758 | G81: ='Tunnel CS'!AN802 -> 0.38537368 | H81: ='Tunnel CS'!AO802 -> 0.42610423 | I81: ='Tunnel CS'!AS802 -> 0.037136427 | J81: ='Tunnel CS'!AT802 -> 0.049861496 | K81: ='Tunnel CS'!AU802 -> 0.040935673 | L81: ='Tunnel CS'!AV802 -> 0.0092336103 | M81: ='Tunnel CS'!AW802 -> 0.040627886 | N81: ='Tunnel CS'!BA802 -> 0.78500683 | O81: ='Tunnel CS'!BB802 -> 0.7885929 | P81: ='Tunnel CS'!BC802 -> 0.77959927 | Q81: ='Tunnel CS'!BD802 -> 0.75637523 | R81: ='Tunnel CS'!BE802 -> 0.80631451
C83: ECO % EXCEEDANCES
D84: Total Run | I84: Wet Seasons | N84: Dry Seasons
D85: Delta-Wide | E85: Suisun | F85: Central Delta | G85: North Delta | H85: South Delta | I85: Delta-Wide | J85: Suisun | K85: Central Delta | L85: North Delta | M85: South Delta | N85: Delta-Wide | O85: Suisun | P85: Central Delta | Q85: North Delta | R85: South Delta
C86: Day Use | D86: ='Eco Machine'!AK876 -> 0.53454172 | E86: ='Eco Machine'!AL876 -> 0.51521888 | F86: ='Eco Machine'!AM876 -> 0.52819577 | G86: ='Eco Machine'!AN876 -> 0.5620155 | H86: ='Eco Machine'!AO876 -> 0.53974768 | I86: ='Eco Machine'!AS876 -> 0.91960616 | J86: ='Eco Machine'!AT876 -> 0.89589041 | K86: ='Eco Machine'!AU876 -> 0.91659056 | L86: ='Eco Machine'!AV876 -> 0.97488584 | M86: ='Eco Machine'!AW876 -> 0.90684932 | N86: ='Eco Machine'!BA876 -> 0.15052937 | O86: ='Eco Machine'!BB876 -> 0.13558743 | P86: ='Eco Machine'!BC876 -> 0.14086217 | Q86: ='Eco Machine'!BD876 -> 0.15027322 | R86: ='Eco Machine'!BE876 -> 0.17364906
C87: Birding | D87: ='Eco Machine'!AK827 -> 0.36798906 | E87: ='Eco Machine'!AL827 -> 0.3625171 | F87: ='Eco Machine'!AM827 -> 0.37741298 | G87: ='Eco Machine'!AN827 -> 0.34040128 | H87: ='Eco Machine'!AO827 -> 0.38182095 | I87: ='Eco Machine'!AS827 -> 0.010445205 | J87: ='Eco Machine'!AT827 -> 0.0082191781 | K87: ='Eco Machine'!AU827 -> 0.0070015221 | L87: ='Eco Machine'!AV827 -> 0.00091324201 | M87: ='Eco Machine'!AW827 -> 0.022222222 | N87: ='Eco Machine'!BA827 -> 0.72455601 | O87: ='Eco Machine'!BB827 -> 0.71584699 | P87: ='Eco Machine'!BC827 -> 0.74681239 | Q87: ='Eco Machine'!BD827 -> 0.67896175 | R87: ='Eco Machine'!BE827 -> 0.74043716
C88: Waterfowl | D88: ='Eco Machine'!AK843 -> 0.12329001 | E88: ='Eco Machine'!AL843 -> 0.048905609 | F88: ='Eco Machine'!AM843 -> 0.13345493 | G88: ='Eco Machine'!AN843 -> 0.066803466 | H88: ='Eco Machine'!AO843 -> 0.21690226 | I88: ='Eco Machine'!AS843 -> 0 | J88: ='Eco Machine'!AT843 -> 0 | K88: ='Eco Machine'!AU843 -> 0 | L88: ='Eco Machine'!AV843 -> 0 | M88: ='Eco Machine'!AW843 -> 0 | N88: ='Eco Machine'!BA843 -> 0.24624317 | O88: ='Eco Machine'!BB843 -> 0.097677596 | P88: ='Eco Machine'!BC843 -> 0.26654523 | Q88: ='Eco Machine'!BD843 -> 0.13342441 | R88: ='Eco Machine'!BE843 -> 0.4332119
C89: Angling | D89: ='Eco Machine'!AK859 -> 0.44758892 | E89: ='Eco Machine'!AL859 -> 0.4625513 | F89: ='Eco Machine'!AM859 -> 0.45402037 | G89: ='Eco Machine'!AN859 -> 0.42065663 | H89: ='Eco Machine'!AO859 -> 0.44581243 | I89: ='Eco Machine'!AS859 -> 0.063184932 | J89: ='Eco Machine'!AT859 -> 0.08390411 | K89: ='Eco Machine'!AU859 -> 0.062404871 | L89: ='Eco Machine'!AV859 -> 0.016894977 | M89: ='Eco Machine'!AW859 -> 0.076407915 | N89: ='Eco Machine'!BA859 -> 0.83094262 | O89: ='Eco Machine'!BB859 -> 0.84016393 | P89: ='Eco Machine'!BC859 -> 0.84456588 | Q89: ='Eco Machine'!BD859 -> 0.82331512 | R89: ='Eco Machine'!BE859 -> 0.81420765
C90: Boating & Day Use | D90: ='Eco Machine'!AK811 -> 0.42057114 | E90: ='Eco Machine'!AL811 -> 0.42681259 | F90: ='Eco Machine'!AM811 -> 0.43015656 | G90: ='Eco Machine'!AN811 -> 0.39170087 | H90: ='Eco Machine'!AO811 -> 0.4246846 | I90: ='Eco Machine'!AS811 -> 0.042808219 | J90: ='Eco Machine'!AT811 -> 0.055136986 | K90: ='Eco Machine'!AU811 -> 0.0456621 | L90: ='Eco Machine'!AV811 -> 0.0073059361 | M90: ='Eco Machine'!AW811 -> 0.052663623 | N90: ='Eco Machine'!BA811 -> 0.79730191 | O90: ='Eco Machine'!BB811 -> 0.79747268 | P90: ='Eco Machine'!BC811 -> 0.81360049 | Q90: ='Eco Machine'!BD811 -> 0.77504554 | R90: ='Eco Machine'!BE811 -> 0.79568913
C92: NGW % EXCEEDANCES
D93: Total Run | I93: Wet Seasons | N93: Dry Seasons
D94: Delta-Wide | E94: Suisun | F94: Central Delta | G94: North Delta | H94: South Delta | I94: Delta-Wide | J94: Suisun | K94: Central Delta | L94: North Delta | M94: South Delta | N94: Delta-Wide | O94: Suisun | P94: Central Delta | Q94: North Delta | R94: South Delta
C95: Day Use | D95: =NGW!AK876 -> 0.53445622 | E95: =NGW!AL876 -> 0.51504788 | F95: =NGW!AM876 -> 0.52804378 | G95: =NGW!AN876 -> 0.5620155 | H95: =NGW!AO876 -> 0.53974768 | I95: =NGW!AS876 -> 0.91960616 | J95: =NGW!AT876 -> 0.89589041 | K95: =NGW!AU876 -> 0.91689498 | L95: =NGW!AV876 -> 0.97488584 | M95: =NGW!AW876 -> 0.9065449 | N95: =NGW!BA876 -> 0.15035861 | O95: =NGW!BB876 -> 0.1352459 | P95: =NGW!BC876 -> 0.14025501 | Q95: =NGW!BD876 -> 0.15027322 | R95: =NGW!BE876 -> 0.17395264
C96: Birding | D96: =NGW!AK827 -> 0.36816005 | E96: =NGW!AL827 -> 0.3628591 | F96: =NGW!AM827 -> 0.37741298 | G96: =NGW!AN827 -> 0.34085727 | H96: =NGW!AO827 -> 0.38182095 | I96: =NGW!AS827 -> 0.010273973 | J96: =NGW!AT827 -> 0.0082191781 | K96: =NGW!AU827 -> 0.0063926941 | L96: =NGW!AV827 -> 0.00091324201 | M96: =NGW!AW827 -> 0.022222222 | N96: =NGW!BA827 -> 0.72506831 | O96: =NGW!BB827 -> 0.71653005 | P96: =NGW!BC827 -> 0.74741955 | Q96: =NGW!BD827 -> 0.6798725 | R96: =NGW!BE827 -> 0.74043716
C97: Waterfowl | D97: =NGW!AK843 -> 0.12354651 | E97: =NGW!AL843 -> 0.049076607 | F97: =NGW!AM843 -> 0.13345493 | G97: =NGW!AN843 -> 0.067943456 | H97: =NGW!AO843 -> 0.21690226 | I97: =NGW!AS843 -> 0 | J97: =NGW!AT843 -> 0 | K97: =NGW!AU843 -> 0 | L97: =NGW!AV843 -> 0 | M97: =NGW!AW843 -> 0 | N97: =NGW!BA843 -> 0.24675546 | O97: =NGW!BB843 -> 0.098019126 | P97: =NGW!BC843 -> 0.26654523 | Q97: =NGW!BD843 -> 0.13570128 | R97: =NGW!BE843 -> 0.4332119
C98: Angling | D98: =NGW!AK859 -> 0.44741792 | E98: =NGW!AL859 -> 0.4623803 | F98: =NGW!AM859 -> 0.45356437 | G98: =NGW!AN859 -> 0.42065663 | H98: =NGW!AO859 -> 0.44581243 | I98: =NGW!AS859 -> 0.063013699 | J98: =NGW!AT859 -> 0.08390411 | K98: =NGW!AU859 -> 0.061796043 | L98: =NGW!AV859 -> 0.016894977 | M98: =NGW!AW859 -> 0.076407915 | N98: =NGW!BA859 -> 0.83077186 | O98: =NGW!BB859 -> 0.8398224 | P98: =NGW!BC859 -> 0.8442623 | Q98: =NGW!BD859 -> 0.82331512 | R98: =NGW!BE859 -> 0.81420765
C99: Boating & Day Use | D99: =NGW!AK811 -> 0.42048564 | E99: =NGW!AL811 -> 0.42681259 | F99: =NGW!AM811 -> 0.42985256 | G99: =NGW!AN811 -> 0.39170087 | H99: =NGW!AO811 -> 0.4246846 | I99: =NGW!AS811 -> 0.042465753 | J99: =NGW!AT811 -> 0.055136986 | K99: =NGW!AU811 -> 0.044444444 | L99: =NGW!AV811 -> 0.0073059361 | M99: =NGW!AW811 -> 0.052663623 | N99: =NGW!BA811 -> 0.79747268 | O99: =NGW!BB811 -> 0.79747268 | P99: =NGW!BC811 -> 0.81420765 | Q99: =NGW!BD811 -> 0.77504554 | R99: =NGW!BE811 -> 0.79568913
C102: Day Use & Boating
C103: Total Run
C104: Delta-Wide | G104: Suisun | K104: Central Delta | O104: North Delta | S104: South Delta
C105: Results | D105: Ranking | E105: Scale | G105: Results | H105: Ranking | I105: Scale | K105: Results | L105: Ranking | M105: Scale | O105: Results | P105: Ranking | Q105: Scale | S105: Results | T105: Ranking | U105: Scale
C106: =_xlfn.TEXTJOIN(", ",TRUE,IF($E$4=$D106,"BAU ("&TEXT($D$43,"0%")&")",""),IF($F$4=$D106,"BAF",""),IF($G$4=$D106,"ECO",""),IF($H$4=$D106,"NGW",""),IF($I$4=$D106,"BAU CS ("&TEXT($D$63,"0%")&")",""),IF($J$4=$D106,"COR (vs CS)",""),IF($K$4=$D106,"TUNNEL (vs CS)","")) | D106: 5 | E106: greater than or equal to 5% less | G106: =_xlfn.TEXTJOIN(", ",TRUE,IF($E$5=$H106,"BAU ("&TEXT($E$43,"0%")&")",""),IF($F$5=$H106,"BAF",""),IF($G$5=$H106,"ECO",""),IF($H$5=$H106,"NGW",""),IF($I$5=$H106,"BAU CS ("&TEXT($E$63,"0%")&")",""),IF($J$5=$H106,"COR (vs CS)",""),IF($K$5=$H106,"TUNNEL (vs CS)","")) | H106: 5 | I106: greater than or equal to 5% less | K106: =_xlfn.TEXTJOIN(", ",TRUE,IF($E$6=$L106,"BAU ("&TEXT($F$43,"0%")&")",""),IF($F$6=$L106,"BAF",""),IF($G$6=$L106,"ECO",""),IF($H$6=$L106,"NGW",""),IF($I$6=$L106,"BAU CS ("&TEXT($F$63,"0%")&")",""),IF($J$6=$L106,"COR (vs CS)",""),IF($K$6=$L106,"TUNNEL (vs CS)","")) | L106: 5 | M106: greater than or equal to 5% less | O106: =_xlfn.TEXTJOIN(", ",TRUE,IF($E$7=$P106,"BAU ("&TEXT($G$43,"0%")&")",""),IF($F$7=$P106,"BAF",""),IF($G$7=$P106,"ECO",""),IF($H$7=$P106,"NGW",""),IF($I$7=$P106,"BAU CS ("&TEXT($G$63,"0%")&")",""),IF($J$7=$P106,"COR (vs CS)",""),IF($K$7=$P106,"TUNNEL (vs CS)","")) | P106: 5 | Q106: greater than or equal to 5% less | S106: =_xlfn.TEXTJOIN(", ",TRUE,IF($E$8=$T106,"BAU ("&TEXT($H$43,"0%")&")",""),IF($F$8=$T106,"BAF",""),IF($G$8=$T106,"ECO",""),IF($H$8=$T106,"NGW",""),IF($I$8=$T106,"BAU CS ("&TEXT($H$63,"0%")&")",""),IF($J$8=$T106,"COR (vs CS)",""),IF($K$8=$T106,"TUNNEL (vs CS)","")) | T106: 5 | U106: greater than or equal to 5% less
C107: =_xlfn.TEXTJOIN(", ",TRUE,IF($E$4=$D107,"BAU ("&TEXT($D$43,"0%")&")",""),IF($F$4=$D107,"BAF",""),IF($G$4=$D107,"ECO",""),IF($H$4=$D107,"NGW",""),IF($I$4=$D107,"BAU CS ("&TEXT($D$63,"0%")&")",""),IF($J$4=$D107,"COR (vs CS)",""),IF($K$4=$D107,"TUNNEL (vs CS)","")) | D107: 4 | E107: 4% less | G107: =_xlfn.TEXTJOIN(", ",TRUE,IF($E$5=$H107,"BAU ("&TEXT($E$43,"0%")&")",""),IF($F$5=$H107,"BAF",""),IF($G$5=$H107,"ECO",""),IF($H$5=$H107,"NGW",""),IF($I$5=$H107,"BAU CS ("&TEXT($E$63,"0%")&")",""),IF($J$5=$H107,"COR (vs CS)",""),IF($K$5=$H107,"TUNNEL (vs CS)","")) | H107: 4 | I107: 4% less | K107: =_xlfn.TEXTJOIN(", ",TRUE,IF($E$6=$L107,"BAU ("&TEXT($F$43,"0%")&")",""),IF($F$6=$L107,"BAF",""),IF($G$6=$L107,"ECO",""),IF($H$6=$L107,"NGW",""),IF($I$6=$L107,"BAU CS ("&TEXT($F$63,"0%")&")",""),IF($J$6=$L107,"COR (vs CS)",""),IF($K$6=$L107,"TUNNEL (vs CS)","")) | L107: 4 | M107: 4% less | O107: =_xlfn.TEXTJOIN(", ",TRUE,IF($E$7=$P107,"BAU ("&TEXT($G$43,"0%")&")",""),IF($F$7=$P107,"BAF",""),IF($G$7=$P107,"ECO",""),IF($H$7=$P107,"NGW",""),IF($I$7=$P107,"BAU CS ("&TEXT($G$63,"0%")&")",""),IF($J$7=$P107,"COR (vs CS)",""),IF($K$7=$P107,"TUNNEL (vs CS)","")) | P107: 4 | Q107: 4% less | S107: =_xlfn.TEXTJOIN(", ",TRUE,IF($E$8=$T107,"BAU ("&TEXT($H$43,"0%")&")",""),IF($F$8=$T107,"BAF",""),IF($G$8=$T107,"ECO",""),IF($H$8=$T107,"NGW",""),IF($I$8=$T107,"BAU CS ("&TEXT($H$63,"0%")&")",""),IF($J$8=$T107,"COR (vs CS)",""),IF($K$8=$T107,"TUNNEL (vs CS)","")) | T107: 4 | U107: 4% less
C108: =_xlfn.TEXTJOIN(", ",TRUE,IF($E$4=$D108,"BAU ("&TEXT($D$43,"0%")&")",""),IF($F$4=$D108,"BAF",""),IF($G$4=$D108,"ECO",""),IF($H$4=$D108,"NGW",""),IF($I$4=$D108,"BAU CS ("&TEXT($D$63,"0%")&")",""),IF($J$4=$D108,"COR (vs CS)",""),IF($K$4=$D108,"TUNNEL (vs CS)","")) | D108: 3 | E108: 3% less | G108: =_xlfn.TEXTJOIN(", ",TRUE,IF($E$5=$H108,"BAU ("&TEXT($E$43,"0%")&")",""),IF($F$5=$H108,"BAF",""),IF($G$5=$H108,"ECO",""),IF($H$5=$H108,"NGW",""),IF($I$5=$H108,"BAU CS ("&TEXT($E$63,"0%")&")",""),IF($J$5=$H108,"COR (vs CS)",""),IF($K$5=$H108,"TUNNEL (vs CS)","")) | H108: 3 | I108: 3% less | K108: =_xlfn.TEXTJOIN(", ",TRUE,IF($E$6=$L108,"BAU ("&TEXT($F$43,"0%")&")",""),IF($F$6=$L108,"BAF",""),IF($G$6=$L108,"ECO",""),IF($H$6=$L108,"NGW",""),IF($I$6=$L108,"BAU CS ("&TEXT($F$63,"0%")&")",""),IF($J$6=$L108,"COR (vs CS)",""),IF($K$6=$L108,"TUNNEL (vs CS)","")) | L108: 3 | M108: 3% less | O108: =_xlfn.TEXTJOIN(", ",TRUE,IF($E$7=$P108,"BAU ("&TEXT($G$43,"0%")&")",""),IF($F$7=$P108,"BAF",""),IF($G$7=$P108,"ECO",""),IF($H$7=$P108,"NGW",""),IF($I$7=$P108,"BAU CS ("&TEXT($G$63,"0%")&")",""),IF($J$7=$P108,"COR (vs CS)",""),IF($K$7=$P108,"TUNNEL (vs CS)","")) | P108: 3 | Q108: 3% less | S108: =_xlfn.TEXTJOIN(", ",TRUE,IF($E$8=$T108,"BAU ("&TEXT($H$43,"0%")&")",""),IF($F$8=$T108,"BAF",""),IF($G$8=$T108,"ECO",""),IF($H$8=$T108,"NGW",""),IF($I$8=$T108,"BAU CS ("&TEXT($H$63,"0%")&")",""),IF($J$8=$T108,"COR (vs CS)",""),IF($K$8=$T108,"TUNNEL (vs CS)","")) | T108: 3 | U108: 3% less
C109: =_xlfn.TEXTJOIN(", ",TRUE,IF($E$4=$D109,"BAU ("&TEXT($D$43,"0%")&")",""),IF($F$4=$D109,"BAF",""),IF($G$4=$D109,"ECO",""),IF($H$4=$D109,"NGW",""),IF($I$4=$D109,"BAU CS ("&TEXT($D$63,"0%")&")",""),IF($J$4=$D109,"COR (vs CS)",""),IF($K$4=$D109,"TUNNEL (vs CS)","")) | D109: 2 | E109: 2% less | G109: =_xlfn.TEXTJOIN(", ",TRUE,IF($E$5=$H109,"BAU ("&TEXT($E$43,"0%")&")",""),IF($F$5=$H109,"BAF",""),IF($G$5=$H109,"ECO",""),IF($H$5=$H109,"NGW",""),IF($I$5=$H109,"BAU CS ("&TEXT($E$63,"0%")&")",""),IF($J$5=$H109,"COR (vs CS)",""),IF($K$5=$H109,"TUNNEL (vs CS)","")) | H109: 2 | I109: 2% less | K109: =_xlfn.TEXTJOIN(", ",TRUE,IF($E$6=$L109,"BAU ("&TEXT($F$43,"0%")&")",""),IF($F$6=$L109,"BAF",""),IF($G$6=$L109,"ECO",""),IF($H$6=$L109,"NGW",""),IF($I$6=$L109,"BAU CS ("&TEXT($F$63,"0%")&")",""),IF($J$6=$L109,"COR (vs CS)",""),IF($K$6=$L109,"TUNNEL (vs CS)","")) | L109: 2 | M109: 2% less | O109: =_xlfn.TEXTJOIN(", ",TRUE,IF($E$7=$P109,"BAU ("&TEXT($G$43,"0%")&")",""),IF($F$7=$P109,"BAF",""),IF($G$7=$P109,"ECO",""),IF($H$7=$P109,"NGW",""),IF($I$7=$P109,"BAU CS ("&TEXT($G$63,"0%")&")",""),IF($J$7=$P109,"COR (vs CS)",""),IF($K$7=$P109,"TUNNEL (vs CS)","")) | P109: 2 | Q109: 2% less | S109: =_xlfn.TEXTJOIN(", ",TRUE,IF($E$8=$T109,"BAU ("&TEXT($H$43,"0%")&")",""),IF($F$8=$T109,"BAF",""),IF($G$8=$T109,"ECO",""),IF($H$8=$T109,"NGW",""),IF($I$8=$T109,"BAU CS ("&TEXT($H$63,"0%")&")",""),IF($J$8=$T109,"COR (vs CS)",""),IF($K$8=$T109,"TUNNEL (vs CS)","")) | T109: 2 | U109: 2% less
C110: =_xlfn.TEXTJOIN(", ",TRUE,IF($E$4=$D110,"BAU ("&TEXT($D$43,"0%")&")",""),IF($F$4=$D110,"BAF",""),IF($G$4=$D110,"ECO",""),IF($H$4=$D110,"NGW",""),IF($I$4=$D110,"BAU CS ("&TEXT($D$63,"0%")&")",""),IF($J$4=$D110,"COR (vs CS)",""),IF($K$4=$D110,"TUNNEL (vs CS)","")) | D110: 1 | E110: 1% less | G110: =_xlfn.TEXTJOIN(", ",TRUE,IF($E$5=$H110,"BAU ("&TEXT($E$43,"0%")&")",""),IF($F$5=$H110,"BAF",""),IF($G$5=$H110,"ECO",""),IF($H$5=$H110,"NGW",""),IF($I$5=$H110,"BAU CS ("&TEXT($E$63,"0%")&")",""),IF($J$5=$H110,"COR (vs CS)",""),IF($K$5=$H110,"TUNNEL (vs CS)","")) | H110: 1 | I110: 1% less | K110: =_xlfn.TEXTJOIN(", ",TRUE,IF($E$6=$L110,"BAU ("&TEXT($F$43,"0%")&")",""),IF($F$6=$L110,"BAF",""),IF($G$6=$L110,"ECO",""),IF($H$6=$L110,"NGW",""),IF($I$6=$L110,"BAU CS ("&TEXT($F$63,"0%")&")",""),IF($J$6=$L110,"COR (vs CS)",""),IF($K$6=$L110,"TUNNEL (vs CS)","")) | L110: 1 | M110: 1% less | O110: =_xlfn.TEXTJOIN(", ",TRUE,IF($E$7=$P110,"BAU ("&TEXT($G$43,"0%")&")",""),IF($F$7=$P110,"BAF",""),IF($G$7=$P110,"ECO",""),IF($H$7=$P110,"NGW",""),IF($I$7=$P110,"BAU CS ("&TEXT($G$63,"0%")&")",""),IF($J$7=$P110,"COR (vs CS)",""),IF($K$7=$P110,"TUNNEL (vs CS)","")) | P110: 1 | Q110: 1% less | S110: =_xlfn.TEXTJOIN(", ",TRUE,IF($E$8=$T110,"BAU ("&TEXT($H$43,"0%")&")",""),IF($F$8=$T110,"BAF",""),IF($G$8=$T110,"ECO",""),IF($H$8=$T110,"NGW",""),IF($I$8=$T110,"BAU CS ("&TEXT($H$63,"0%")&")",""),IF($J$8=$T110,"COR (vs CS)",""),IF($K$8=$T110,"TUNNEL (vs CS)","")) | T110: 1 | U110: 1% less
...

Sheet BAU
B1: Suisun | J1: Central Delta | S1: North Delta | Y1: South Delta
A2: Date | B2: CHADBOURNE SLOUGH AT SUNRISE DUCK CLUB | C2: MONTEZUMA SLOUGH AT NATIONAL STEEL | D2: MONTEZUMA SLOUGH NEAR BELDENS LANDING | E2: SUISUN SLOUGH 300' SOUTH OF VOLANTI SLOUGH | F2: HONKER BAY | G2: SUISUN BAY AT VAN SICKLE ISLAND | H2: SUISUN BAY WEST REACH | I2: GRIZZLY BAY BUOY | J2: DUTCH SL BELOW JERSEY ISLAND | K2: FALSE RIVER NEAR OAKLEY | L2: OLD RIVER AT FRANKS TRACT | M2: PITTSBURG | N2: SACRAMENTO RIVER AT EMMATON | O2: SAN ANDREAS LANDING | P2: SAN JOAQUIN RIVER AT JERSEY POINT | Q2: SUISUN BAY AT CHANNEL MARKER 5 AT COLLINSVILLE | R2: BRANNAN MARINAS AT SAN JOAQUIN RIVER | S2: LIBERTY CUT AT FIVE POINTS | T2: CACHE SLOUGH ABOVE RYER ISLAND FERRY | U2: DELTA CROSS CHANNEL NEAR WALNUT GROVE | V2: SACRAMENTO RIVER DOWNSTREAM OF ISLETON | W2: COURTLAND AT SACRAMENTO RIVER | X2: VIERAS RESORT AT SACRAMENTO RIVER | Y2: GRANT LINE CANAL NEAR CLIFTON COURT FORE | Z2: LITTLE POTATO SLOUGH AT TERMINOUS | AA2: MIDDLE RIVER AT MILDRED ISLAND | AB2: OLD RIVER AT CLIFTON COURT | AC2: SAN JOAQUIN RIVER AT BRANDT BRIDGE | AD2: SAN JOAQUIN RIVER AT PRISONERS POINT | AE2: SAN JOAQUIN RIVER NEAR VERNALIS | AF2: SAN JOAQUIN RVER AT ROUGH AND READY ISLAND | AG2: VICTORIA CANAL BEFORE CLIFTON COURT FORE
A3: 43374 | B3: 19.621456 | C3: 19.650248 | D3: 19.470547 | E3: 19.27508 | F3: 19.047035 | G3: 19.07571 | H3: 18.865747 | I3: 18.725142 | J3: 20.345684 | K3: 19.976063 | L3: 20.001314 | M3: 19.088718 | N3: 19.449274 | O3: 19.861395 | P3: 19.881754 | Q3: 19.176027 | R3: 20.00821 | S3: 19.436558 | T3: 19.150568 | U3: 18.392368 | V3: 18.967125 | W3: 18.207766 | X3: 18.857056 | Y3: 21.67495 | Z3: 20.477545 | AA3: 20.68192 | AB3: 21.155918 | AC3: 22.314804 | AD3: 19.974895 | AE3: 21.385107 | AF3: 22.507124 | AG3: 21.442987
A4: 43375 | B4: 20.220093 | C4: 20.106773 | D4: 19.890047 | E4: 19.739466 | F4: 19.34155 | G4: 19.244131 | H4: 19.044348 | I4: 19.299963 | J4: 20.658575 | K4: 20.08927 | L4: 20.117836 | M4: 19.258429 | N4: 19.586138 | O4: 19.962988 | P4: 19.993353 | Q4: 19.34041 | R4: 20.078157 | S4: 19.93559 | T4: 19.340757 | U4: 18.444628 | V4: 19.063442 | W4: 18.242056 | X4: 18.89668 | Y4: 21.565435 | Z4: 20.501387 | AA4: 20.6364 | AB4: 21.046179 | AC4: 22.250488 | AD4: 20.05935 | AE4: 21.628126 | AF4: 22.436134 | AG4: 21.294363
A5: 43376 | B5: 20.501528 | C5: 20.349213 | D5: 20.252699 | E5: 20.117355 | F5: 19.508287 | G5: 19.397463 | H5: 19.222723 | I5: 19.66966 | J5: 20.78236 | K5: 20.181566 | L5: 20.154879 | M5: 19.417383 | N5: 19.67796 | O5: 19.961983 | P5: 20.09956 | Q5: 19.483976 | R5: 20.104 | S5: 20.368975 | T5: 19.536505 | U5: 18.445284 | V5: 19.142382 | W5: 18.210623 | X5: 18.949045 | Y5: 21.55558 | Z5: 20.453278 | AA5: 20.704407 | AB5: 21.080248 | AC5: 22.256273 | AD5: 20.121634 | AE5: 21.69896 | AF5: 22.413607 | AG5: 21.309343
A6: 43377 | B6: 20.3778 | C6: 20.304682 | D6: 20.359728 | E6: 20.19246 | F6: 19.480263 | G6: 19.45055 | H6: 19.281939 | I6: 19.660303 | J6: 20.567673 | K6: 20.12165 | L6: 20.058655 | M6: 19.470186 | N6: 19.63094 | O6: 19.845678 | P6: 20.053804 | Q6: 19.525034 | R6: 20.027338 | S6: 20.078283 | T6: 19.479383 | U6: 18.304735 | V6: 18.986786 | W6: 18.072588 | X6: 18.768341 | Y6: 21.4866 | Z6: 20.333994 | AA6: 20.706966 | AB6: 21.081823 | AC6: 22.139097 | AD6: 20.062943 | AE6: 21.5 | AF6: 22.3553 | AG6: 21.192133
A7: 43378 | B7: 19.95881 | C7: 19.896276 | D7: 20.113106 | E7: 19.890882 | F7: 19.280407 | G7: 19.36638 | H7: 19.192842 | I7: 19.246279 | J7: 20.189337 | K7: 19.961796 | L7: 19.90155 | M7: 19.390043 | N7: 19.502638 | O7: 19.608473 | P7: 19.915094 | Q7: 19.422304 | R7: 19.856054 | S7: 19.40171 | T7: 19.15869 | U7: 18.127504 | V7: 18.681326 | W7: 17.923273 | X7: 18.472244 | Y7: 21.328909 | Z7: 20.151472 | AA7: 20.597387 | AB7: 20.952417 | AC7: 21.867636 | AD7: 19.914423 | AE7: 20.830208 | AF7: 22.204615 | AG7: 21.004728
A8: 43379 | B8: 20.163212 | C8: 19.984783 | D8: 20.17353 | E8: 19.984245 | F8: 19.357862 | G8: 19.393276 | H8: 19.210938 | I8: 19.285501 | J8: 20.090975 | K8: 19.897432 | L8: 19.771154 | M8: 19.413134 | N8: 19.46529 | O8: 19.535639 | P8: 19.86006 | Q8: 19.436823 | R8: 19.786098 | S8: 19.460642 | T8: 19.11733 | U8: 18.047483 | V8: 18.723715 | W8: 17.768576 | X8: 18.537003 | Y8: 21.077898 | Z8: 20.022055 | AA8: 20.42726 | AB8: 20.77494 | AC8: 21.537016 | AD8: 19.813938 | AE8: 20.447916 | AF8: 21.998747 | AG8: 20.8129
A9: 43380 | B9: 19.978922 | C9: 19.93667 | D9: 20.113928 | E9: 19.905107 | F9: 19.239012 | G9: 19.347141 | H9: 19.175884 | I9: 19.09558 | J9: 19.411291 | K9: 19.552279 | L9: 19.484356 | M9: 19.37092 | N9: 19.21076 | O9: 19.252466 | P9: 19.556932 | Q9: 19.367235 | R9: 19.512709 | S9: 19.123014 | T9: 18.892683 | U9: 17.56515 | V9: 18.499613 | W9: 17.360651 | X9: 18.29877 | Y9: 20.188492 | Z9: 19.428892 | AA9: 19.85575 | AB9: 19.939226 | AC9: 20.340887 | AD9: 19.531239 | AE9: 19.233334 | AF9: 21.179396 | AG9: 19.8688
A10: 43381 | B10: 20.143581 | C10: 19.932264 | D10: 20.097612 | E10: 19.898766 | F10: 19.296606 | G10: 19.32468 | H10: 19.142183 | I10: 19.129168 | J10: 19.040972 | K10: 19.34875 | L10: 19.278086 | M10: 19.338165 | N10: 19.129124 | O10: 19.114496 | P10: 19.362852 | Q10: 19.337187 | R10: 19.350021 | S10: 18.779058 | T10: 18.641445 | U10: 17.29229 | V10: 18.278868 | W10: 17.150965 | X10: 18.038265 | Y10: 19.668383 | Z10: 19.093134 | AA10: 19.597172 | AB10: 19.492338 | AC10: 19.527126 | AD10: 19.28543 | AE10: 18.642708 | AF10: 20.663006 | AG10: 19.40679
A11: 43382 | B11: 20.21875 | C11: 20.122736 | D11: 20.175146 | E11: 19.952036 | F11: 19.286283 | G11: 19.356115 | H11: 19.155865 | I11: 19.274899 | J11: 19.321405 | K11: 19.401873 | L11: 19.307 | M11: 19.368025 | N11: 19.192564 | O11: 19.165545 | P11: 19.41124 | Q11: 19.378279 | R11: 19.371777 | S11: 18.768917 | T11: 18.536093 | U11: 17.29466 | V11: 18.229555 | W11: 17.121202 | X11: 17.971802 | Y11: 19.742157 | Z11: 19.115519 | AA11: 19.644434 | AB11: 19.627123 | AC11: 19.391441 | AD11: 19.264727 | AE11: 18.9125 | AF11: 20.569994 | AG11: 19.693182
A12: 43383 | B12: 19.531155 | C12: 19.689379 | D12: 19.757711 | E12: 19.45807 | F12: 18.95996 | G12: 19.136284 | H12: 18.92177 | I12: 18.69278 | J12: 19.166277 | K12: 19.270594 | L12: 19.181282 | M12: 19.151772 | N12: 19.042679 | O12: 19.046753 | P12: 19.271955 | Q12: 19.171803 | R12: 19.262901 | S12: 18.338737 | T12: 18.290318 | U12: 17.253702 | V12: 18.007624 | W12: 17.215471 | X12: 17.757542 | Y12: 19.809778 | Z12: 18.932772 | AA12: 19.64345 | AB12: 19.709879 | AC12: 19.341583 | AD12: 19.14191 | AE12: 19.247917 | AF12: 20.49454 | AG12: 19.835222
A13: 43384 | B13: 18.902355 | C13: 19.119143 | D13: 19.239267 | E13: 18.913395 | F13: 18.620363 | G13: 18.86414 | H13: 18.656 | I13: 18.065561 | J13: 18.782532 | K13: 19.03274 | L13: 18.96641 | M13: 18.881117 | N13: 18.784529 | O13: 18.749834 | P13: 19.031704 | Q13: 18.898857 | R13: 19.028051 | S13: 17.746603 | T13: 17.911976 | U13: 17.275244 | V13: 17.656544 | W13: 17.253716 | X13: 17.436365 | Y13: 19.802334 | Z13: 18.650648 | AA13: 19.576641 | AB13: 19.712427 | AC13: 19.325472 | AD13: 18.928318 | AE13: 19.247917 | AF13: 20.347559 | AG13: 19.849632
A14: 43385 | B14: 18.912106 | C14: 18.9784 | D14: 19.053455 | E14: 18.774221 | F14: 18.607014 | G14: 18.760122 | H14: 18.56443 | I14: 18.016962 | J14: 18.692038 | K14: 18.92327 | L14: 18.824945 | M14: 18.772234 | N14: 18.655672 | O14: 18.569838 | P14: 18.920393 | Q14: 18.78651 | R14: 18.862236 | S14: 17.759825 | T14: 17.773855 | U14: 17.3463 | V14: 17.619246 | W14: 17.3301 | X14: 17.495893 | Y14: 19.73516 | Z14: 18.576124 | AA14: 19.456503 | AB14: 19.662706 | AC14: 19.316278 | AD14: 18.783068 | AE14: 19.136457 | AF14: 20.156096 | AG14: 19.801289
... A795: 44166 | B795: 9.695075 | C795: 11.102656 | D795: 10.301434 | E795: 9.814164 | F795: 10.830606 | G795: 11.273779 | H795: 11.295159 | I795: 9.620292 | J795: 10.306324 | K795: 11.145622 | L795: 11.218401 | M795: 11.277278 | N795: 10.979962 | O795: 10.566613 | P795: 11.248478 | Q795: 11.173551 | R795: 11.142659 | S795: 8.916174 | T795: 10.089633 | U795: 10.112248 | V795: 10.000368 | W795: 9.964115 | X795: 9.997412 | Y795: 9.833182 | Z795: 10.405892 | AA795: 10.988554 | AB795: 10.435807 | AC795: 9.685511 | AD795: 11.379086 | AE795: 9.7 | AF795: 10.632603 | AG795: 10.457756
A796: TOTAL EXCEEDANCES | B796: =COUNTIF(B$3:B$733,">=19") -> 327 | C796: =COUNTIF(C$3:C$733,">=19") -> 318 | D796: =COUNTIF(D$3:D$733,">=19") -> 324 | E796: =COUNTIF(E$3:E$733,">=19") -> 318 | F796: =COUNTIF(F$3:F$733,">=19") -> 299 | G796: =COUNTIF(G$3:G$733,">=19") -> 306 | H796: =COUNTIF(H$3:H$733,">=19") -> 295 | I796: =COUNTIF(I$3:I$733,">=19") -> 299 | ... AG796: =COUNTIF(AG$3:AG$733,">=19") -> 342
A797: WET 1 | B797: =COUNTIF(B$3:B$184,">=19") -> 10 | C797: =COUNTIF(C$3:C$184,">=19") -> 12 | D797: =COUNTIF(D$3:D$184,">=19") -> 13 | E797: =COUNTIF(E$3:E$184,">=19") -> 10 | F797: =COUNTIF(F$3:F$184,">=19") -> 9 | G797: =COUNTIF(G$3:G$184,">=19") -> 10 | H797: =COUNTIF(H$3:H$184,">=19") -> 8 | I797: =COUNTIF(I$3:I$184,">=19") -> 8 | ... AG797: =COUNTIF(AG$3:AG$184,">=19") -> 15 | AH797: OCT 2018 - MARCH 2019
A798: WET 2 | B798: =COUNTIF(B$368:B$550,">=19") -> 10 | C798: =COUNTIF(C$368:C$550,">=19") -> 14 | D798: =COUNTIF(D$368:D$550,">=19") -> 12 | E798: =COUNTIF(E$368:E$550,">=19") -> 9 | F798: =COUNTIF(F$368:F$550,">=19") -> 13 | G798: =COUNTIF(G$368:G$550,">=19") -> 10 | H798: =COUNTIF(H$368:H$550,">=19") -> 13 | I798: =COUNTIF(I$368:I$550,">=19") -> 7 | ... AG798: =COUNTIF(AG$368:AG$550,">=19") -> 17 | AH798: OCT 2019 - MARCH 2020
A799: DRY 1 | B799: =COUNTIF(B$185:B$367,">=19") -> 146 | C799: =COUNTIF(C$185:C$367,">=19") -> 133 | D799: =COUNTIF(D$185:D$367,">=19") -> 139 | E799: =COUNTIF(E$185:E$367,">=19") -> 139 | F799: =COUNTIF(F$185:F$367,">=19") -> 126 | G799: =COUNTIF(G$185:G$367,">=19") -> 130 | H799: =COUNTIF(H$185:H$367,">=19") -> 127 | I799: =COUNTIF(I$185:I$367,">=19") -> 134 | ... AG799: =COUNTIF(AG$185:AG$367,">=19") -> 142 | AH799: APRIL 2019 - SEPTEMBER 2019
A800: DRY 2 | B800: =COUNTIF(B$551:B$733,">=19") -> 161 | C800: =COUNTIF(C$551:C$733,">=19") -> 159 | D800: =COUNTIF(D$551:D$733,">=19") -> 160 | E800: =COUNTIF(E$551:E$733,">=19") -> 160 | F800: =COUNTIF(F$551:F$733,">=19") -> 151 | G800: =COUNTIF(G$551:G$733,">=19") -> 156 | H800: =COUNTIF(H$551:H$733,">=19") -> 147 | I800: =COUNTIF(I$551:I$733,">=19") -> 150 | ... AG800: =COUNTIF(AG$551:AG$733,">=19") -> 168 | AH800: APRIL 2020 - SEPTEMBER 2020
A801: ALL WET | B801: =SUM(B$797,B$798) -> 20 | C801: =SUM(C$797,C$798) -> 26 | D801: =SUM(D$797,D$798) -> 25 | E801: =SUM(E$797,E$798) -> 19 | F801: =SUM(F$797,F$798) -> 22 | G801: =SUM(G$797,G$798) -> 20 | H801: =SUM(H$797,H$798) -> 21 | I801: =SUM(I$797,I$798) -> 15 | ... AG801: =SUM(AG$797,AG$798) -> 32
A802: ALL DRY | B802: =SUM(B$799,B$800) -> 307 | C802: =SUM(C$799,C$800) -> 292 | D802: =SUM(D$799,D$800) -> 299 | E802: =SUM(E$799,E$800) -> 299 | F802: =SUM(F$799,F$800) -> 277 | G802: =SUM(G$799,G$800) -> 286 | H802: =SUM(H$799,H$800) -> 274 | I802: =SUM(I$799,I$800) -> 284 | ... AG802: =SUM(AG$799,AG$800) -> 310
D805: Day Use & Boating 19C | F805: THRESHOLD: 19C | S805: SP DAY USE & BOATING | AA805: SP DAY USE & BOATING | AE805: SP DAY USE & BOATING | AI805: SP DAY USE & BOATING | AQ805: SP DAY USE & BOATING | AY805: SP DAY USE & BOATING
F806: WET SEASON | S806: TOTAL RUN | AA806: WET SEASONS | AE806: DRY SEASONS | AI806: TOTAL RUN | AK806: Delta-Wide | AL806: Suisun | AM806: Central Delta | AN806: North Delta | AO806: South Delta | AQ806: WET SEASONS | AS806: Delta-Wide | AT806: Suisun | AU806: Central Delta | AV806: North Delta | AW806: South Delta | AY806: DRY SEASONS | BA806: Delta-Wide | BB806: Suisun | BC806: Central Delta | BD806: North Delta | BE806: South Delta
F807: OCTOBER 1 - MARCH 31 | M807: DRY SEASON | S807: Total points | U807: =COUNTIF($B$2:$AG$2,"<>") -> 32 | AA807: Total points | AC807: =$U$807 -> 32 | AE807: Total points | AG807: =$U$807 -> 32 | AI807: Total points | AK807: =COUNTIF($B$2:$AG$2,"<>") -> 32 | AL807: =COUNTIF($B$2:$I$2,"<>") -> 8 | AM807: =COUNTIF($J$2:$R$2,"<>") -> 9 | AN807: =COUNTIF($S$2:$X$2,"<>") -> 6 | AO807: =COUNTIF($Y$2:$AG$2,"<>") -> 9 | AQ807: Total points | AS807: =COUNTIF($B$2:$AG$2,"<>") -> 32 | AT807: =COUNTIF($B$2:$I$2,"<>") -> 8 | AU807: =COUNTIF($J$2:$R$2,"<>") -> 9 | AV807: =COUNTIF($S$2:$X$2,"<>") -> 6 | AW807: =COUNTIF($Y$2:$AG$2,"<>") -> 9 | AY807: Total points | BA807: =COUNTIF($B$2:$AG$2,"<>") -> 32 | BB807: =COUNTIF($B$2:$I$2,"<>") -> 8 | BC807: =COUNTIF($J$2:$R$2,"<>") -> 9 | BD807: =COUNTIF($S$2:$X$2,"<>") -> 6 | BE807: =COUNTIF($Y$2:$AG$2,"<>") -> 9
F808: WET SEASON 1 | H808: 10/1/18 - 3/31/19 | J808: =COUNTIF($A$3:$A$184,"<>") -> 182 | M808: APRIL 1 - SEPTEMBER 30 | S808: Days in run | U808: =COUNTIF($A$3:$A$733,"<>") -> 731 | AA808: Days in run | AC808: =SUM($J$808:$J$809) -> 365 | AE808: Days in run | AG808: =SUM($Q$809:$Q$810) -> 366 | AI808: Days in run | AK808: =$U$808 -> 731 | AL808: =$U$808 -> 731 | AM808: =$U$808 -> 731 | AN808: =$U$808 -> 731 | AO808: =$U$808 -> 731 | AQ808: Days in run | AS808: =$AC$808 -> 365 | AT808: =$AC$808 -> 365 | AU808: =$AC$808 -> 365 | AV808: =$AC$808 -> 365 | AW808: =$AC$808 -> 365 | AY808: Days in run | BA808: =$AG$808 -> 366 | BB808: =$AG$808 -> 366 | BC808: =$AG$808 -> 366 | BD808: =$AG$808 -> 366 | BE808: =$AG$808 -> 366 | BG808: CHECK days: Total = Wet + Dry | BH808: =AND(U808=AC808+AG808,U808=731,AC808=365,AG808=366) -> TRUE
F809: WET SEASON 2 | H809: 10/1/19 - 3/31/20 | J809: =COUNTIF($A$368:$A$550,"<>") -> 183 | M809: DRY SEASON 1 | O809: 4/1/19 - 9/30/19 | Q809: =COUNTIF($A$185:$A$367,"<>") -> 183 | S809: Total measurements | U809: =U808*U807 -> 23392 | V809: DENOMINATOR FOR EXCEEDANCE % | AA809: Total measurements | AC809: =AC808*AC807 -> 11680 | AE809: Total measurements | AG809: =AG808*AG807 -> 11712 | AI809: Total measurements | AK809: =AK808*AK807 -> 23392 | AL809: =AL808*AL807 -> 5848 | AM809: =AM808*AM807 -> 6579 | AN809: =AN808*AN807 -> 4386 | AO809: =AO808*AO807 -> 6579 | AQ809: Total measurements | AS809: =AS808*AS807 -> 11680 | AT809: =AT808*AT807 -> 2920 | AU809: =AU808*AU807 -> 3285 | AV809: =AV808*AV807 -> 2190 | AW809: =AW808*AW807 -> 3285 | AY809: Total measurements | BA809: =BA808*BA807 -> 11712 | BB809: =BB808*BB807 -> 2928 | BC809: =BC808*BC807 -> 3294 | BD809: =BD808*BD807 -> 2196 | BE809: =BE808*BE807 -> 3294
F810: WET SEASON 3 | H810: 10/1/20 - 12/1/20 | J810: =COUNTIF($A$734:$A$795,"<>") -> 62 | M810: DRY SEASON 2 | O810: 4/1/20 - 9/30/20 | Q810: =COUNTIF($A$551:$A$733,"<>") -> 183 | S810: Measurements >= 19C | U810: =SUM($B$796:$AG$796) -> 9818 | V810: NUMERATOR FOR EXCEEDANCE % | AA810: Measurements >= 19C | AC810: =SUM($B$801:$AG$801) -> 500 | AE810: Measurements >= 19C | AG810: =SUM($B$802:$AG$802) -> 9318 | AI810: Measurements >= 19C | AK810: =SUM(B796:AG796) -> 9818 | AL810: =SUM(B796:I796) -> 2486 | AM810: =SUM(J796:R796) -> 2821 | AN810: =SUM(S796:X796) -> 1719 | AO810: =SUM(Y796:AG796) -> 2792 | AQ810: Measurements >= 19C | AS810: =SUM(B801:AG801) -> 500 | AT810: =SUM(B801:I801) -> 168 | AU810: =SUM(J801:R801) -> 144 | AV810: =SUM(S801:X801) -> 15 | AW810: =SUM(Y801:AG801) -> 173 | AY810: Measurements >= 19C | BA810: =SUM(B802:AG802) -> 9318 | BB810: =SUM(B802:I802) -> 2318 | BC810: =SUM(J802:R802) -> 2677 | BD810: =SUM(S802:X802) -> 1704 | BE810: =SUM(Y802:AG802) -> 2619 | BG810: CHECK counts: Total = Wet + Dry | BH810: =AND(U810=AC810+AG810,AK810=AS810+BA810,AL810=AT810+BB810,AM810=AU810+BC810,AN810=AV810+BD810,AO810=AW810+BE810) -> TRUE
S811: % Total Run Exceedances | U811: =U810/U809 -> 0.41971614 | AA811: % WET Exceedances | AC811: =AC810/AC809 -> 0.042808219 | AE811: % DRY Exceedances | AG811: =AG810/AG809 -> 0.79559426 | AI811: % Total Run Exceedances | AK811: =AK810/AK809 -> 0.41971614 | AL811: =AL810/AL809 -> 0.4251026 | AM811: =AM810/AM809 -> 0.42878857 | AN811: =AN810/AN809 -> 0.39192886 | AO811: =AO810/AO809 -> 0.4243806 | AQ811: % WET Exceedances | AS811: =AS810/AS809 -> 0.042808219 | AT811: =AT810/AT809 -> 0.057534247 | AU811: =AU810/AU809 -> 0.043835616 | AV811: =AV810/AV809 -> 0.0068493151 | AW811: =AW810/AW809 -> 0.052663623 | AY811: % DRY Exceedances | BA811: =BA810/BA809 -> 0.79559426 | BB811: =BB810/BB809 -> 0.79166667 | BC811: =BC810/BC809 -> 0.81268974 | BD811: =BD810/BD809 -> 0.77595628 | BE811: =BE810/BE809 -> 0.79508197
A813: TOTAL EXCEEDANCES | B813: =COUNTIF(B$3:B$733,">=20") -> 294 | C813: =COUNTIF(C$3:C$733,">=20") -> 274 | D813: =COUNTIF(D$3:D$733,">=20") -> 291 | E813: =COUNTIF(E$3:E$733,">=20") -> 277 | F813: =COUNTIF(F$3:F$733,">=20") -> 249 | G813: =COUNTIF(G$3:G$733,">=20") -> 253 | H813: =COUNTIF(H$3:H$733,">=20") -> 246 | I813: =COUNTIF(I$3:I$733,">=20") -> 255 | ... AG813: =COUNTIF(AG$3:AG$733,">=20") -> 305
A814: WET 1 | B814: =COUNTIF(B$3:B$184,">=20") -> 6 | C814: =COUNTIF(C$3:C$184,">=20") -> 4 | D814: =COUNTIF(D$3:D$184,">=20") -> 7 | E814: =COUNTIF(E$3:E$184,">=20") -> 2 | F814: =COUNTIF(F$3:F$184,">=20") -> 0 | G814: =COUNTIF(G$3:G$184,">=20") -> 0 | H814: =COUNTIF(H$3:H$184,">=20") -> 0 | I814: =COUNTIF(I$3:I$184,">=20") -> 0 | ... AG814: =COUNTIF(AG$3:AG$184,">=20") -> 6 | AH814: OCT 2018 - MARCH 2019
A815: WET 2 | B815: =COUNTIF(B$368:B$550,">=20") -> 5 | C815: =COUNTIF(C$368:C$550,">=20") -> 3 | D815: =COUNTIF(D$368:D$550,">=20") -> 6 | E815: =COUNTIF(E$368:E$550,">=20") -> 4 | F815: =COUNTIF(F$368:F$550,">=20") -> 0 | G815: =COUNTIF(G$368:G$550,">=20") -> 0 | H815: =COUNTIF(H$368:H$550,">=20") -> 0 | I815: =COUNTIF(I$368:I$550,">=20") -> 1 | ... AG815: =COUNTIF(AG$368:AG$550,">=20") -> 6 | AH815: OCT 2019 - MARCH 2020
A816: DRY 1 | B816: =COUNTIF(B$185:B$367,">=20") -> 134 | C816: =COUNTIF(C$185:C$367,">=20") -> 119 | D816: =COUNTIF(D$185:D$367,">=20") -> 130 | E816: =COUNTIF(E$185:E$367,">=20") -> 128 | F816: =COUNTIF(F$185:F$367,">=20") -> 118 | G816: =COUNTIF(G$185:G$367,">=20") -> 119 | H816: =COUNTIF(H$185:H$367,">=20") -> 118 | I816: =COUNTIF(I$185:I$367,">=20") -> 121 | ... AG816: =COUNTIF(AG$185:AG$367,">=20") -> 129 | AH816: APRIL 2019 - SEPTEMBER 2019
A817: DRY 2 | B817: =COUNTIF(B$551:B$733,">=20") -> 149 | C817: =COUNTIF(C$551:C$733,">=20") -> 148 | D817: =COUNTIF(D$551:D$733,">=20") -> 148 | E817: =COUNTIF(E$551:E$733,">=20") -> 143 | F817: =COUNTIF(F$551:F$733,">=20") -> 131 | G817: =COUNTIF(G$551:G$733,">=20") -> 134 | H817: =COUNTIF(H$551:H$733,">=20") -> 128 | I817: =COUNTIF(I$551:I$733,">=20") -> 133 | ... AG817: =COUNTIF(AG$551:AG$733,">=20") -> 164 | AH817: APRIL 2020 - SEPTEMBER 2020
A818: ALL WET | B818: =SUM(B$814,B$815) -> 11 | C818: =SUM(C$814,C$815) -> 7 | D818: =SUM(D$814,D$815) -> 13 | E818: =SUM(E$814,E$815) -> 6 | F818: =SUM(F$814,F$815) -> 0 | G818: =SUM(G$814,G$815) -> 0 | H818: =SUM(H$814,H$815) -> 0 | I818: =SUM(I$814,I$815) -> 1 | ... AG818: =SUM(AG$814,AG$815) -> 12
A819: ALL DRY | B819: =SUM(B$816,B$817) -> 283 | C819: =SUM(C$816,C$817) -> 267 | D819: =SUM(D$816,D$817) -> 278 | E819: =SUM(E$816,E$817) -> 271 | F819: =SUM(F$816,F$817) -> 249 | G819: =SUM(G$816,G$817) -> 253 | H819: =SUM(H$816,H$817) -> 246 | I819: =SUM(I$816,I$817) -> 254 | ... AG819: =SUM(AG$816,AG$817) -> 293
D821: Birding 20C | F821: THRESHOLD: 20C | S821: BIRDING | AA821: BIRDING | AE821: BIRDING | AI821: BIRDING | AQ821: BIRDING | AY821: BIRDING
F822: WET SEASON | S822: TOTAL RUN | AA822: WET SEASONS | AE822: DRY SEASONS | AI822: TOTAL RUN | AK822: Delta-Wide | AL822: Suisun | AM822: Central Delta | AN822: North Delta | AO822: South Delta | AQ822: WET SEASONS | AS822: Delta-Wide | AT822: Suisun | AU822: Central Delta | AV822: North Delta | AW822: South Delta | AY822: DRY SEASONS | BA822: Delta-Wide | BB822: Suisun | BC822: Central Delta | BD822: North Delta | BE822: South Delta
F823: OCTOBER 1 - MARCH 31 | M823: DRY SEASON | S823: Total points | U823: =COUNTIF($B$2:$AG$2,"<>") -> 32 | AA823: Total points | AC823: =$U$823 -> 32 | AE823: Total points | AG823: =$U$823 -> 32 | AI823: Total points | AK823: =COUNTIF($B$2:$AG$2,"<>") -> 32 | AL823: =COUNTIF($B$2:$I$2,"<>") -> 8 | AM823: =COUNTIF($J$2:$R$2,"<>") -> 9 | AN823: =COUNTIF($S$2:$X$2,"<>") -> 6 | AO823: =COUNTIF($Y$2:$AG$2,"<>") -> 9 | AQ823: Total points | AS823: =COUNTIF($B$2:$AG$2,"<>") -> 32 | AT823: =COUNTIF($B$2:$I$2,"<>") -> 8 | AU823: =COUNTIF($J$2:$R$2,"<>") -> 9 | AV823: =COUNTIF($S$2:$X$2,"<>") -> 6 | AW823: =COUNTIF($Y$2:$AG$2,"<>") -> 9 | AY823: Total points | BA823: =COUNTIF($B$2:$AG$2,"<>") -> 32 | BB823: =COUNTIF($B$2:$I$2,"<>") -> 8 | BC823: =COUNTIF($J$2:$R$2,"<>") -> 9 | BD823: =COUNTIF($S$2:$X$2,"<>") -> 6 | BE823: =COUNTIF($Y$2:$AG$2,"<>") -> 9
F824: WET SEASON 1 | H824: 10/1/18 - 3/31/19 | J824: =COUNTIF($A$3:$A$184,"<>") -> 182 | M824: APRIL 1 - SEPTEMBER 30 | S824: Days in run | U824: =COUNTIF($A$3:$A$733,"<>") -> 731 | AA824: Days in run | AC824: =SUM($J$824:$J$825) -> 365 | AE824: Days in run | AG824: =SUM($Q$825:$Q$826) -> 366 | AI824: Days in run | AK824: =$U$824 -> 731 | AL824: =$U$824 -> 731 | AM824: =$U$824 -> 731 | AN824: =$U$824 -> 731 | AO824: =$U$824 -> 731 | AQ824: Days in run | AS824: =$AC$824 -> 365 | AT824: =$AC$824 -> 365 | AU824: =$AC$824 -> 365 | AV824: =$AC$824 -> 365 | AW824: =$AC$824 -> 365 | AY824: Days in run | BA824: =$AG$824 -> 366 | BB824: =$AG$824 -> 366 | BC824: =$AG$824 -> 366 | BD824: =$AG$824 -> 366 | BE824: =$AG$824 -> 366 | BG824: CHECK days: Total = Wet + Dry | BH824: =AND(U824=AC824+AG824,U824=731,AC824=365,AG824=366) -> TRUE
F825: WET SEASON 2 | H825: 10/1/19 - 3/31/20 | J825: =COUNTIF($A$368:$A$550,"<>") -> 183 | M825: DRY SEASON 1 | O825: 4/1/19 - 9/30/19 | Q825: =COUNTIF($A$185:$A$367,"<>") -> 183 | S825: Total measurements | U825: =U824*U823 -> 23392 | V825: DENOMINATOR FOR EXCEEDANCE % | AA825: Total measurements | AC825: =AC824*AC823 -> 11680 | AE825: Total measurements | AG825: =AG824*AG823 -> 11712 | AI825: Total measurements | AK825: =AK824*AK823 -> 23392 | AL825: =AL824*AL823 -> 5848 | AM825: =AM824*AM823 -> 6579 | AN825: =AN824*AN823 -> 4386 | AO825: =AO824*AO823 -> 6579 | AQ825: Total measurements | AS825: =AS824*AS823 -> 11680 | AT825: =AT824*AT823 -> 2920 | AU825: =AU824*AU823 -> 3285 | AV825: =AV824*AV823 -> 2190 | AW825: =AW824*AW823 -> 3285 | AY825: Total measurements | BA825: =BA824*BA823 -> 11712 | BB825: =BB824*BB823 -> 2928 | BC825: =BC824*BC823 -> 3294 | BD825: =BD824*BD823 -> 2196 | BE825: =BE824*BE823 -> 3294
F826: WET SEASON 3 | H826: 10/1/20 - 12/1/20 | J826: =COUNTIF($A$734:$A$795,"<>") -> 62 | M826: DRY SEASON 2 | O826: 4/1/20 - 9/30/20 | Q826: =COUNTIF($A$551:$A$733,"<>") -> 183 | S826: Measurements >= 20C | U826: =SUM($B$813:$AG$813) -> 8630 | V826: NUMERATOR FOR EXCEEDANCE % | AA826: Measurements >= 20C | AC826: =SUM($B$818:$AG$818) -> 136 | AE826: Measurements >= 20C | AG826: =SUM($B$819:$AG$819) -> 8494 | AI826: Measurements >= 20C | AK826: =SUM(B813:AG813) -> 8630 | AL826: =SUM(B813:I813) -> 2139 | AM826: =SUM(J813:R813) -> 2478 | AN826: =SUM(S813:X813) -> 1497 | AO826: =SUM(Y813:AG813) -> 2516 | AQ826: Measurements >= 20C | AS826: =SUM(B818:AG818) -> 136 | AT826: =SUM(B818:I818) -> 38 | AU826: =SUM(J818:R818) -> 20 | AV826: =SUM(S818:X818) -> 2 | AW826: =SUM(Y818:AG818) -> 76 | AY826: Measurements >= 20C | BA826: =SUM(B819:AG819) -> 8494 | BB826: =SUM(B819:I819) -> 2101 | BC826: =SUM(J819:R819) -> 2458 | BD826: =SUM(S819:X819) -> 1495 | BE826: =SUM(Y819:AG819) -> 2440 | BG826: CHECK counts: Total = Wet + Dry | BH826: =AND(U826=AC826+AG826,AK826=AS826+BA826,AL826=AT826+BB826,AM826=AU826+BC826,AN826=AV826+BD826,AO826=AW826+BE826) -> TRUE
S827: % Total Run Exceedances | U827: =U826/U825 -> 0.36892955 | AA827: % WET Exceedances | AC827: =AC826/AC825 -> 0.011643836 | AE827: % DRY Exceedances | AG827: =AG826/AG825 -> 0.72523907 | AI827: % Total Run Exceedances | AK827: =AK826/AK825 -> 0.36892955 | AL827: =AL826/AL825 -> 0.36576607 | AM827: =AM826/AM825 -> 0.37665299 | AN827: =AN826/AN825 -> 0.34131327 | AO827: =AO826/AO825 -> 0.38242894 | AQ827: % WET Exceedances | AS827: =AS826/AS825 -> 0.011643836 | AT827: =AT826/AT825 -> 0.013013699 | AU827: =AU826/AU825 -> 0.0060882801 | AV827: =AV826/AV825 -> 0.00091324201 | AW827: =AW826/AW825 -> 0.023135464 | AY827: % DRY Exceedances | BA827: =BA826/BA825 -> 0.72523907 | BB827: =BB826/BB825 -> 0.71755464 | BC827: =BC826/BC825 -> 0.74620522 | BD827: =BD826/BD825 -> 0.68078324 | BE827: =BE826/BE825 -> 0.74074074
A829: TOTAL EXCEEDANCES | B829: =COUNTIF(B$3:B$733,">=23") -> 78 | C829: =COUNTIF(C$3:C$733,">=23") -> 50 | D829: =COUNTIF(D$3:D$733,">=23") -> 53 | E829: =COUNTIF(E$3:E$733,">=23") -> 41 | F829: =COUNTIF(F$3:F$733,">=23") -> 15 | G829: =COUNTIF(G$3:G$733,">=23") -> 15 | H829: =COUNTIF(H$3:H$733,">=23") -> 9 | I829: =COUNTIF(I$3:I$733,">=23") -> 30 | ... AG829: =COUNTIF(AG$3:AG$733,">=23") -> 215
A830: WET 1 | B830: =COUNTIF(B$3:B$184,">=23") -> 0 | C830: =COUNTIF(C$3:C$184,">=23") -> 0 | D830: =COUNTIF(D$3:D$184,">=23") -> 0 | E830: =COUNTIF(E$3:E$184,">=23") -> 0 | F830: =COUNTIF(F$3:F$184,">=23") -> 0 | G830: =COUNTIF(G$3:G$184,">=23") -> 0 | H830: =COUNTIF(H$3:H$184,">=23") -> 0 | I830: =COUNTIF(I$3:I$184,">=23") -> 0 | ... AG830: =COUNTIF(AG$3:AG$184,">=23") -> 0 | AH830: OCT 2018 - MARCH 2019
A831: WET 2 | B831: =COUNTIF(B$368:B$550,">=23") -> 0 | C831: =COUNTIF(C$368:C$550,">=23") -> 0 | D831: =COUNTIF(D$368:D$550,">=23") -> 0 | E831: =COUNTIF(E$368:E$550,">=23") -> 0 | F831: =COUNTIF(F$368:F$550,">=23") -> 0 | G831: =COUNTIF(G$368:G$550,">=23") -> 0 | H831: =COUNTIF(H$368:H$550,">=23") -> 0 | I831: =COUNTIF(I$368:I$550,">=23") -> 0 | ... AG831: =COUNTIF(AG$368:AG$550,">=23") -> 0 | AH831: OCT 2019 - MARCH 2020
A832: DRY 1 | B832: =COUNTIF(B$185:B$367,">=23") -> 38 | C832: =COUNTIF(C$185:C$367,">=23") -> 27 | D832: =COUNTIF(D$185:D$367,">=23") -> 27 | E832: =COUNTIF(E$185:E$367,">=23") -> 18 | F832: =COUNTIF(F$185:F$367,">=23") -> 7 | G832: =COUNTIF(G$185:G$367,">=23") -> 6 | H832: =COUNTIF(H$185:H$367,">=23") -> 6 | I832: =COUNTIF(I$185:I$367,">=23") -> 15 | ... AG832: =COUNTIF(AG$185:AG$367,">=23") -> 111 | AH832: APRIL 2019 - SEPTEMBER 2019
A833: DRY 2 | B833: =COUNTIF(B$551:B$733,">=23") -> 40 | C833: =COUNTIF(C$551:C$733,">=23") -> 23 | D833: =COUNTIF(D$551:D$733,">=23") -> 26 | E833: =COUNTIF(E$551:E$733,">=23") -> 23 | F833: =COUNTIF(F$551:F$733,">=23") -> 8 | G833: =COUNTIF(G$551:G$733,">=23") -> 9 | H833: =COUNTIF(H$551:H$733,">=23") -> 3 | I833: =COUNTIF(I$551:I$733,">=23") -> 15 | ... AG833: =COUNTIF(AG$551:AG$733,">=23") -> 104 | AH833: APRIL 2020 - SEPTEMBER 2020
A834: ALL WET | B834: =SUM(B$830,B$831) -> 0 | C834: =SUM(C$830,C$831) -> 0 | D834: =SUM(D$830,D$831) -> 0 | E834: =SUM(E$830,E$831) -> 0 | F834: =SUM(F$830,F$831) -> 0 | G834: =SUM(G$830,G$831) -> 0 | H834: =SUM(H$830,H$831) -> 0 | I834: =SUM(I$830,I$831) -> 0 | ... AG834: =SUM(AG$830,AG$831) -> 0
A835: ALL DRY | B835: =SUM(B$832,B$833) -> 78 | C835: =SUM(C$832,C$833) -> 50 | D835: =SUM(D$832,D$833) -> 53 | E835: =SUM(E$832,E$833) -> 41 | F835: =SUM(F$832,F$833) -> 15 | G835: =SUM(G$832,G$833) -> 15 | H835: =SUM(H$832,H$833) -> 9 | I835: =SUM(I$832,I$833) -> 30 | ... AG835: =SUM(AG$832,AG$833) -> 215
D837: Waterfowl 23C | F837: THRESHOLD: 23C | S837: WATERFOWL | AA837: WATERFOWL | AE837: WATERFOWL | AI837: WATERFOWL | AQ837: WATERFOWL | AY837: WATERFOWL
F838: WET SEASON | S838: TOTAL RUN | AA838: WET SEASONS | AE838: DRY SEASONS | AI838: TOTAL RUN | AK838: Delta-Wide | AL838: Suisun | AM838: Central Delta | AN838: North Delta | AO838: South Delta | AQ838: WET SEASONS | AS838: Delta-Wide | AT838: Suisun | AU838: Central Delta | AV838: North Delta | AW838: South Delta | AY838: DRY SEASONS | BA838: Delta-Wide | BB838: Suisun | BC838: Central Delta | BD838: North Delta | BE838: South Delta
F839: OCTOBER 1 - MARCH 31 | M839: DRY SEASON | S839: Total points | U839: =COUNTIF($B$2:$AG$2,"<>") -> 32 | AA839: Total points | AC839: =$U$839 -> 32 | AE839: Total points | AG839: =$U$839 -> 32 | AI839: Total points | AK839: =COUNTIF($B$2:$AG$2,"<>") -> 32 | AL839: =COUNTIF($B$2:$I$2,"<>") -> 8 | AM839: =COUNTIF($J$2:$R$2,"<>") -> 9 | AN839: =COUNTIF($S$2:$X$2,"<>") -> 6 | AO839: =COUNTIF($Y$2:$AG$2,"<>") -> 9 | AQ839: Total points | AS839: =COUNTIF($B$2:$AG$2,"<>") -> 32 | AT839: =COUNTIF($B$2:$I$2,"<>") -> 8 | AU839: =COUNTIF($J$2:$R$2,"<>") -> 9 | AV839: =COUNTIF($S$2:$X$2,"<>") -> 6 | AW839: =COUNTIF($Y$2:$AG$2,"<>") -> 9 | AY839: Total points | BA839: =COUNTIF($B$2:$AG$2,"<>") -> 32 | BB839: =COUNTIF($B$2:$I$2,"<>") -> 8 | BC839: =COUNTIF($J$2:$R$2,"<>") -> 9 | BD839: =COUNTIF($S$2:$X$2,"<>") -> 6 | BE839: =COUNTIF($Y$2:$AG$2,"<>") -> 9
F840: WET SEASON 1 | H840: 10/1/18 - 3/31/19 | J840: =COUNTIF($A$3:$A$184,"<>") -> 182 | M840: APRIL 1 - SEPTEMBER 30 | S840: Days in run | U840: =COUNTIF($A$3:$A$733,"<>") -> 731 | AA840: Days in run | AC840: =SUM($J$840:$J$841) -> 365 | AE840: Days in run | AG840: =SUM($Q$841:$Q$842) -> 366 | AI840: Days in run | AK840: =$U$840 -> 731 | AL840: =$U$840 -> 731 | AM840: =$U$840 -> 731 | AN840: =$U$840 -> 731 | AO840: =$U$840 -> 731 | AQ840: Days in run | AS840: =$AC$840 -> 365 | AT840: =$AC$840 -> 365 | AU840: =$AC$840 -> 365 | AV840: =$AC$840 -> 365 | AW840: =$AC$840 -> 365 | AY840: Days in run | BA840: =$AG$840 -> 366 | BB840: =$AG$840 -> 366 | BC840: =$AG$840 -> 366 | BD840: =$AG$840 -> 366 | BE840: =$AG$840 -> 366 | BG840: CHECK days: Total = Wet + Dry | BH840: =AND(U840=AC840+AG840,U840=731,AC840=365,AG840=366) -> TRUE
F841: WET SEASON 2 | H841: 10/1/19 - 3/31/20 | J841: =COUNTIF($A$368:$A$550,"<>") -> 183 | M841: DRY SEASON 1 | O841: 4/1/19 - 9/30/19 | Q841: =COUNTIF($A$185:$A$367,"<>") -> 183 | S841: Total measurements | U841: =U840*U839 -> 23392 | V841: DENOMINATOR FOR EXCEEDANCE % | AA841: Total measurements | AC841: =AC840*AC839 -> 11680 | AE841: Total measurements | AG841: =AG840*AG839 -> 11712 | AI841: Total measurements | AK841: =AK840*AK839 -> 23392 | AL841: =AL840*AL839 -> 5848 | AM841: =AM840*AM839 -> 6579 | AN841: =AN840*AN839 -> 4386 | AO841: =AO840*AO839 -> 6579 | AQ841: Total measurements | AS841: =AS840*AS839 -> 11680 | AT841: =AT840*AT839 -> 2920 | AU841: =AU840*AU839 -> 3285 | AV841: =AV840*AV839 -> 2190 | AW841: =AW840*AW839 -> 3285 | AY841: Total measurements | BA841: =BA840*BA839 -> 11712 | BB841: =BB840*BB839 -> 2928 | BC841: =BC840*BC839 -> 3294 | BD841: =BD840*BD839 -> 2196 | BE841: =BE840*BE839 -> 3294
F842: WET SEASON 3 | H842: 10/1/20 - 12/1/20 | J842: =COUNTIF($A$734:$A$795,"<>") -> 62 | M842: DRY SEASON 2 | O842: 4/1/20 - 9/30/20 | Q842: =COUNTIF($A$551:$A$733,"<>") -> 183 | S842: Measurements >= 23C | U842: =SUM($B$829:$AG$829) -> 2901 | V842: NUMERATOR FOR EXCEEDANCE % | AA842: Measurements >= 23C | AC842: =SUM($B$834:$AG$834) -> 0 | AE842: Measurements >= 23C | AG842: =SUM($B$835:$AG$835) -> 2901 | AI842: Measurements >= 23C | AK842: =SUM(B829:AG829) -> 2901 | AL842: =SUM(B829:I829) -> 291 | AM842: =SUM(J829:R829) -> 881 | AN842: =SUM(S829:X829) -> 296 | AO842: =SUM(Y829:AG829) -> 1433 | AQ842: Measurements >= 23C | AS842: =SUM(B834:AG834) -> 0 | AT842: =SUM(B834:I834) -> 0 | AU842: =SUM(J834:R834) -> 0 | AV842: =SUM(S834:X834) -> 0 | AW842: =SUM(Y834:AG834) -> 0 | AY842: Measurements >= 23C | BA842: =SUM(B835:AG835) -> 2901 | BB842: =SUM(B835:I835) -> 291 | BC842: =SUM(J835:R835) -> 881 | BD842: =SUM(S835:X835) -> 296 | BE842: =SUM(Y835:AG835) -> 1433 | BG842: CHECK counts: Total = Wet + Dry | BH842: =AND(U842=AC842+AG842,AK842=AS842+BA842,AL842=AT842+BB842,AM842=AU842+BC842,AN842=AV842+BD842,AO842=AW842+BE842) -> TRUE
S843: % Total Run Exceedances | U843: =U842/U841 -> 0.12401676 | AA843: % WET Exceedances | AC843: =AC842/AC841 -> 0 | AE843: % DRY Exceedances | AG843: =AG842/AG841 -> 0.24769467 | AI843: % Total Run Exceedances | AK843: =AK842/AK841 -> 0.12401676 | AL843: =AL842/AL841 -> 0.049760602 | AM843: =AM842/AM841 -> 0.13391093 | AN843: =AN842/AN841 -> 0.06748746 | AO843: =AO842/AO841 -> 0.21781426 | AQ843: % WET Exceedances | AS843: =AS842/AS841 -> 0 | AT843: =AT842/AT841 -> 0 | AU843: =AU842/AU841 -> 0 | AV843: =AV842/AV841 -> 0 | AW843: =AW842/AW841 -> 0 | AY843: % DRY Exceedances | BA843: =BA842/BA841 -> 0.24769467 | BB843: =BB842/BB841 -> 0.099385246 | BC843: =BC842/BC841 -> 0.26745598 | BD843: =BD842/BD841 -> 0.13479053 | BE843: =BE842/BE841 -> 0.43503339
A845: TOTAL EXCEEDANCES | B845: =COUNTIF(B$3:B$733,">=18.42") -> 355 | C845: =COUNTIF(C$3:C$733,">=18.42") -> 335 | D845: =COUNTIF(D$3:D$733,">=18.42") -> 348 | E845: =COUNTIF(E$3:E$733,">=18.42") -> 350 | F845: =COUNTIF(F$3:F$733,">=18.42") -> 328 | G845: =COUNTIF(G$3:G$733,">=18.42") -> 332 | H845: =COUNTIF(H$3:H$733,">=18.42") -> 325 | I845: =COUNTIF(I$3:I$733,">=18.42") -> 327 | ... AG845: =COUNTIF(AG$3:AG$733,">=18.42") -> 364
A846: WET 1 | B846: =COUNTIF(B$3:B$184,">=18.42") -> 19 | C846: =COUNTIF(C$3:C$184,">=18.42") -> 17 | D846: =COUNTIF(D$3:D$184,">=18.42") -> 20 | E846: =COUNTIF(E$3:E$184,">=18.42") -> 20 | F846: =COUNTIF(F$3:F$184,">=18.42") -> 13 | G846: =COUNTIF(G$3:G$184,">=18.42") -> 15 | H846: =COUNTIF(H$3:H$184,">=18.42") -> 13 | I846: =COUNTIF(I$3:I$184,">=18.42") -> 10 | ... AG846: =COUNTIF(AG$3:AG$184,">=18.42") -> 24 | AH846: OCT 2018 - MARCH 2019
A847: WET 2 | B847: =COUNTIF(B$368:B$550,">=18.42") -> 19 | C847: =COUNTIF(C$368:C$550,">=18.42") -> 16 | D847: =COUNTIF(D$368:D$550,">=18.42") -> 19 | E847: =COUNTIF(E$368:E$550,">=18.42") -> 18 | F847: =COUNTIF(F$368:F$550,">=18.42") -> 14 | G847: =COUNTIF(G$368:G$550,">=18.42") -> 14 | H847: =COUNTIF(H$368:H$550,">=18.42") -> 15 | I847: =COUNTIF(I$368:I$550,">=18.42") -> 13 | ... AG847: =COUNTIF(AG$368:AG$550,">=18.42") -> 23 | AH847: OCT 2019 - MARCH 2020
A848: DRY 1 | B848: =COUNTIF(B$185:B$367,">=18.42") -> 154 | C848: =COUNTIF(C$185:C$367,">=18.42") -> 142 | D848: =COUNTIF(D$185:D$367,">=18.42") -> 148 | E848: =COUNTIF(E$185:E$367,">=18.42") -> 151 | F848: =COUNTIF(F$185:F$367,">=18.42") -> 143 | G848: =COUNTIF(G$185:G$367,">=18.42") -> 145 | H848: =COUNTIF(H$185:H$367,">=18.42") -> 141 | I848: =COUNTIF(I$185:I$367,">=18.42") -> 144 | ... AG848: =COUNTIF(AG$185:AG$367,">=18.42") -> 147 | AH848: APRIL 2019 - SEPTEMBER 2019
A849: DRY 2 | B849: =COUNTIF(B$551:B$733,">=18.42") -> 163 | C849: =COUNTIF(C$551:C$733,">=18.42") -> 160 | D849: =COUNTIF(D$551:D$733,">=18.42") -> 161 | E849: =COUNTIF(E$551:E$733,">=18.42") -> 161 | F849: =COUNTIF(F$551:F$733,">=18.42") -> 158 | G849: =COUNTIF(G$551:G$733,">=18.42") -> 158 | H849: =COUNTIF(H$551:H$733,">=18.42") -> 156 | I849: =COUNTIF(I$551:I$733,">=18.42") -> 160 | ... AG849: =COUNTIF(AG$551:AG$733,">=18.42") -> 170 | AH849: APRIL 2020 - SEPTEMBER 2020
A850: ALL WET | B850: =SUM(B$846,B$847) -> 38 | C850: =SUM(C$846,C$847) -> 33 | D850: =SUM(D$846,D$847) -> 39 | E850: =SUM(E$846,E$847) -> 38 | F850: =SUM(F$846,F$847) -> 27 | G850: =SUM(G$846,G$847) -> 29 | H850: =SUM(H$846,H$847) -> 28 | I850: =SUM(I$846,I$847) -> 23 | ... AG850: =SUM(AG$846,AG$847) -> 47
A851: ALL DRY | B851: =SUM(B$848,B$849) -> 317 | C851: =SUM(C$848,C$849) -> 302 | D851: =SUM(D$848,D$849) -> 309 | E851: =SUM(E$848,E$849) -> 312 | F851: =SUM(F$848,F$849) -> 301 | G851: =SUM(G$848,G$849) -> 303 | H851: =SUM(H$848,H$849) -> 297 | I851: =SUM(I$848,I$849) -> 304 | ... AG851: =SUM(AG$848,AG$849) -> 317
D853: Angling 18.42C | F853: THRESHOLD: 18.42C | S853: ANGLING | AA853: ANGLING | AE853: ANGLING | AI853: ANGLING | AQ853: ANGLING | AY853: ANGLING
F854: WET SEASON | S854: TOTAL RUN | AA854: WET SEASONS | AE854: DRY SEASONS | AI854: TOTAL RUN | AK854: Delta-Wide | AL854: Suisun | AM854: Central Delta | AN854: North Delta | AO854: South Delta | AQ854: WET SEASONS | AS854: Delta-Wide | AT854: Suisun | AU854: Central Delta | AV854: North Delta | AW854: South Delta | AY854: DRY SEASONS | BA854: Delta-Wide | BB854: Suisun | BC854: Central Delta | BD854: North Delta | BE854: South Delta
F855: OCTOBER 1 - MARCH 31 | M855: DRY SEASON | S855: Total points | U855: =COUNTIF($B$2:$AG$2,"<>") -> 32 | AA855: Total points | AC855: =$U$855 -> 32 | AE855: Total points | AG855: =$U$855 -> 32 | AI855: Total points | AK855: =COUNTIF($B$2:$AG$2,"<>") -> 32 | AL855: =COUNTIF($B$2:$I$2,"<>") -> 8 | AM855: =COUNTIF($J$2:$R$2,"<>") -> 9 | AN855: =COUNTIF($S$2:$X$2,"<>") -> 6 | AO855: =COUNTIF($Y$2:$AG$2,"<>") -> 9 | AQ855: Total points | AS855: =COUNTIF($B$2:$AG$2,"<>") -> 32 | AT855: =COUNTIF($B$2:$I$2,"<>") -> 8 | AU855: =COUNTIF($J$2:$R$2,"<>") -> 9 | AV855: =COUNTIF($S$2:$X$2,"<>") -> 6 | AW855: =COUNTIF($Y$2:$AG$2,"<>") -> 9 | AY855: Total points | BA855: =COUNTIF($B$2:$AG$2,"<>") -> 32 | BB855: =COUNTIF($B$2:$I$2,"<>") -> 8 | BC855: =COUNTIF($J$2:$R$2,"<>") -> 9 | BD855: =COUNTIF($S$2:$X$2,"<>") -> 6 | BE855: =COUNTIF($Y$2:$AG$2,"<>") -> 9
F856: WET SEASON 1 | H856: 10/1/18 - 3/31/19 | J856: =COUNTIF($A$3:$A$184,"<>") -> 182 | M856: APRIL 1 - SEPTEMBER 30 | S856: Days in run | U856: =COUNTIF($A$3:$A$733,"<>") -> 731 | AA856: Days in run | AC856: =SUM($J$856:$J$857) -> 365 | AE856: Days in run | AG856: =SUM($Q$857:$Q$858) -> 366 | AI856: Days in run | AK856: =$U$856 -> 731 | AL856: =$U$856 -> 731 | AM856: =$U$856 -> 731 | AN856: =$U$856 -> 731 | AO856: =$U$856 -> 731 | AQ856: Days in run | AS856: =$AC$856 -> 365 | AT856: =$AC$856 -> 365 | AU856: =$AC$856 -> 365 | AV856: =$AC$856 -> 365 | AW856: =$AC$856 -> 365 | AY856: Days in run | BA856: =$AG$856 -> 366 | BB856: =$AG$856 -> 366 | BC856: =$AG$856 -> 366 | BD856: =$AG$856 -> 366 | BE856: =$AG$856 -> 366 | BG856: CHECK days: Total = Wet + Dry | BH856: =AND(U856=AC856+AG856,U856=731,AC856=365,AG856=366) -> TRUE
F857: WET SEASON 2 | H857: 10/1/19 - 3/31/20 | J857: =COUNTIF($A$368:$A$550,"<>") -> 183 | M857: DRY SEASON 1 | O857: 4/1/19 - 9/30/19 | Q857: =COUNTIF($A$185:$A$367,"<>") -> 183 | S857: Total measurements | U857: =U856*U855 -> 23392 | V857: DENOMINATOR FOR EXCEEDANCE % | AA857: Total measurements | AC857: =AC856*AC855 -> 11680 | AE857: Total measurements | AG857: =AG856*AG855 -> 11712 | AI857: Total measurements | AK857: =AK856*AK855 -> 23392 | AL857: =AL856*AL855 -> 5848 | AM857: =AM856*AM855 -> 6579 | AN857: =AN856*AN855 -> 4386 | AO857: =AO856*AO855 -> 6579 | AQ857: Total measurements | AS857: =AS856*AS855 -> 11680 | AT857: =AT856*AT855 -> 2920 | AU857: =AU856*AU855 -> 3285 | AV857: =AV856*AV855 -> 2190 | AW857: =AW856*AW855 -> 3285 | AY857: Total measurements | BA857: =BA856*BA855 -> 11712 | BB857: =BB856*BB855 -> 2928 | BC857: =BC856*BC855 -> 3294 | BD857: =BD856*BD855 -> 2196 | BE857: =BE856*BE855 -> 3294
F858: WET SEASON 3 | H858: 10/1/20 - 12/1/20 | J858: =COUNTIF($A$734:$A$795,"<>") -> 62 | M858: DRY SEASON 2 | O858: 4/1/20 - 9/30/20 | Q858: =COUNTIF($A$551:$A$733,"<>") -> 183 | S858: Measurements >= 18.42C | U858: =SUM($B$845:$AG$845) -> 10456 | V858: NUMERATOR FOR EXCEEDANCE % | AA858: Measurements >= 18.42C | AC858: =SUM($B$850:$AG$850) -> 741 | AE858: Measurements >= 18.42C | AG858: =SUM($B$851:$AG$851) -> 9715 | AI858: Measurements >= 18.42C | AK858: =SUM(B845:AG845) -> 10456 | AL858: =SUM(B845:I845) -> 2700 | AM858: =SUM(J845:R845) -> 2981 | AN858: =SUM(S845:X845) -> 1845 | AO858: =SUM(Y845:AG845) -> 2930 | AQ858: Measurements >= 18.42C | AS858: =SUM(B850:AG850) -> 741 | AT858: =SUM(B850:I850) -> 255 | AU858: =SUM(J850:R850) -> 201 | AV858: =SUM(S850:X850) -> 37 | AW858: =SUM(Y850:AG850) -> 248 | AY858: Measurements >= 18.42C | BA858: =SUM(B851:AG851) -> 9715 | BB858: =SUM(B851:I851) -> 2445 | BC858: =SUM(J851:R851) -> 2780 | BD858: =SUM(S851:X851) -> 1808 | BE858: =SUM(Y851:AG851) -> 2682 | BG858: CHECK counts: Total = Wet + Dry | BH858: =AND(U858=AC858+AG858,AK858=AS858+BA858,AL858=AT858+BB858,AM858=AU858+BC858,AN858=AV858+BD858,AO858=AW858+BE858) -> TRUE
S859: % Total Run Exceedances | U859: =U858/U857 -> 0.44699042 | AA859: % WET Exceedances | AC859: =AC858/AC857 -> 0.063441781 | AE859: % DRY Exceedances | AG859: =AG858/AG857 -> 0.82949112 | AI859: % Total Run Exceedances | AK859: =AK858/AK857 -> 0.44699042 | AL859: =AL858/AL857 -> 0.46169631 | AM859: =AM858/AM857 -> 0.45310838 | AN859: =AN858/AN857 -> 0.42065663 | AO859: =AO858/AO857 -> 0.44535644 | AQ859: % WET Exceedances | AS859: =AS858/AS857 -> 0.063441781 | AT859: =AT858/AT857 -> 0.087328767 | AU859: =AU858/AU857 -> 0.061187215 | AV859: =AV858/AV857 -> 0.016894977 | AW859: =AW858/AW857 -> 0.075494673 | AY859: % DRY Exceedances | BA859: =BA858/BA857 -> 0.82949112 | BB859: =BB858/BB857 -> 0.83504098 | BC859: =BC858/BC857 -> 0.84395871 | BD859: =BD858/BD857 -> 0.82331512 | BE859: =BE858/BE857 -> 0.81420765
A862: TOTAL EXCEEDANCES | B862: =COUNTIF(B$3:B$733,"<=18") -> 356 | C862: =COUNTIF(C$3:C$733,"<=18") -> 383 | D862: =COUNTIF(D$3:D$733,"<=18") -> 367 | E862: =COUNTIF(E$3:E$733,"<=18") -> 367 | F862: =COUNTIF(F$3:F$733,"<=18") -> 387 | G862: =COUNTIF(G$3:G$733,"<=18") -> 387 | H862: =COUNTIF(H$3:H$733,"<=18") -> 389 | I862: =COUNTIF(I$3:I$733,"<=18") -> 394 | ... AG862: =COUNTIF(AG$3:AG$733,"<=18") -> 355
A863: WET 1 | B863: =COUNTIF(B$3:B$184,"<=18") -> 156 | C863: =COUNTIF(C$3:C$184,"<=18") -> 162 | D863: =COUNTIF(D$3:D$184,"<=18") -> 158 | E863: =COUNTIF(E$3:E$184,"<=18") -> 158 | F863: =COUNTIF(F$3:F$184,"<=18") -> 162 | G863: =COUNTIF(G$3:G$184,"<=18") -> 162 | H863: =COUNTIF(H$3:H$184,"<=18") -> 163 | I863: =COUNTIF(I$3:I$184,"<=18") -> 169 | ... AG863: =COUNTIF(AG$3:AG$184,"<=18") -> 153 | AH863: OCT 2018 - MARCH 2019
A864: WET 2 | B864: =COUNTIF(B$368:B$550,"<=18") -> 163 | C864: =COUNTIF(C$368:C$550,"<=18") -> 163 | D864: =COUNTIF(D$368:D$550,"<=18") -> 162 | E864: =COUNTIF(E$368:E$550,"<=18") -> 163 | F864: =COUNTIF(F$368:F$550,"<=18") -> 168 | G864: =COUNTIF(G$368:G$550,"<=18") -> 167 | H864: =COUNTIF(H$368:H$550,"<=18") -> 167 | I864: =COUNTIF(I$368:I$550,"<=18") -> 167 | ... AG864: =COUNTIF(AG$368:AG$550,"<=18") -> 157 | AH864: OCT 2019 - MARCH 2020
A865: DRY 1 | B865: =COUNTIF(B$185:B$367,"<=18") -> 18 | C865: =COUNTIF(C$185:C$367,"<=18") -> 36 | D865: =COUNTIF(D$185:D$367,"<=18") -> 25 | E865: =COUNTIF(E$185:E$367,"<=18") -> 25 | F865: =COUNTIF(F$185:F$367,"<=18") -> 33 | G865: =COUNTIF(G$185:G$367,"<=18") -> 34 | H865: =COUNTIF(H$185:H$367,"<=18") -> 34 | I865: =COUNTIF(I$185:I$367,"<=18") -> 36 | ... AG865: =COUNTIF(AG$185:AG$367,"<=18") -> 33 | AH865: APRIL 2019 - SEPTEMBER 2019
A866: DRY 2 | B866: =COUNTIF(B$551:B$733,"<=18") -> 19 | C866: =COUNTIF(C$551:C$733,"<=18") -> 22 | D866: =COUNTIF(D$551:D$733,"<=18") -> 22 | E866: =COUNTIF(E$551:E$733,"<=18") -> 21 | F866: =COUNTIF(F$551:F$733,"<=18") -> 24 | G866: =COUNTIF(G$551:G$733,"<=18") -> 24 | H866: =COUNTIF(H$551:H$733,"<=18") -> 25 | I866: =COUNTIF(I$551:I$733,"<=18") -> 22 | ... AG866: =COUNTIF(AG$551:AG$733,"<=18") -> 12 | AH866: APRIL 2020 - SEPTEMBER 2020
A867: ALL WET | B867: =SUM(B$863,B$864) -> 319 | C867: =SUM(C$863,C$864) -> 325 | D867: =SUM(D$863,D$864) -> 320 | E867: =SUM(E$863,E$864) -> 321 | F867: =SUM(F$863,F$864) -> 330 | G867: =SUM(G$863,G$864) -> 329 | H867: =SUM(H$863,H$864) -> 330 | I867: =SUM(I$863,I$864) -> 336 | ... AG867: =SUM(AG$863,AG$864) -> 310
A868: ALL DRY | B868: =SUM(B$865,B$866) -> 37 | C868: =SUM(C$865,C$866) -> 58 | D868: =SUM(D$865,D$866) -> 47 | E868: =SUM(E$865,E$866) -> 46 | F868: =SUM(F$865,F$866) -> 57 | G868: =SUM(G$865,G$866) -> 58 | H868: =SUM(H$865,H$866) -> 59 | I868: =SUM(I$865,I$866) -> 58 | ... AG868: =SUM(AG$865,AG$866) -> 45
D870: Day Use <18C | F870: THRESHOLD: 18C | S870: SP DAY USE (<18C) | AA870: SP DAY USE (<18C) | AE870: SP DAY USE (<18C) | AI870: SP DAY USE (<18C) | AQ870: SP DAY USE (<18C) | AY870: SP DAY USE (<18C)
F871: WET SEASON | S871: TOTAL RUN | AA871: WET SEASONS | AE871: DRY SEASONS | AI871: TOTAL RUN | AK871: Delta-Wide | AL871: Suisun | AM871: Central Delta | AN871: North Delta | AO871: South Delta | AQ871: WET SEASONS | AS871: Delta-Wide | AT871: Suisun | AU871: Central Delta | AV871: North Delta | AW871: South Delta | AY871: DRY SEASONS | BA871: Delta-Wide | BB871: Suisun | BC871: Central Delta | BD871: North Delta | BE871: South Delta
F872: OCTOBER 1 - MARCH 31 | M872: DRY SEASON | S872: Total points | U872: =COUNTIF($B$2:$AG$2,"<>") -> 32 | AA872: Total points | AC872: =$U$872 -> 32 | AE872: Total points | AG872: =$U$872 -> 32 | AI872: Total points | AK872: =COUNTIF($B$2:$AG$2,"<>") -> 32 | AL872: =COUNTIF($B$2:$I$2,"<>") -> 8 | AM872: =COUNTIF($J$2:$R$2,"<>") -> 9 | AN872: =COUNTIF($S$2:$X$2,"<>") -> 6 | AO872: =COUNTIF($Y$2:$AG$2,"<>") -> 9 | AQ872: Total points | AS872: =COUNTIF($B$2:$AG$2,"<>") -> 32 | AT872: =COUNTIF($B$2:$I$2,"<>") -> 8 | AU872: =COUNTIF($J$2:$R$2,"<>") -> 9 | AV872: =COUNTIF($S$2:$X$2,"<>") -> 6 | AW872: =COUNTIF($Y$2:$AG$2,"<>") -> 9 | AY872: Total points | BA872: =COUNTIF($B$2:$AG$2,"<>") -> 32 | BB872: =COUNTIF($B$2:$I$2,"<>") -> 8 | BC872: =COUNTIF($J$2:$R$2,"<>") -> 9 | BD872: =COUNTIF($S$2:$X$2,"<>") -> 6 | BE872: =COUNTIF($Y$2:$AG$2,"<>") -> 9
F873: WET SEASON 1 | H873: 10/1/18 - 3/31/19 | J873: =COUNTIF($A$3:$A$184,"<>") -> 182 | M873: APRIL 1 - SEPTEMBER 30 | S873: Days in run | U873: =COUNTIF($A$3:$A$733,"<>") -> 731 | AA873: Days in run | AC873: =SUM($J$873:$J$874) -> 365 | AE873: Days in run | AG873: =SUM($Q$874:$Q$875) -> 366 | AI873: Days in run | AK873: =$U$873 -> 731 | AL873: =$U$873 -> 731 | AM873: =$U$873 -> 731 | AN873: =$U$873 -> 731 | AO873: =$U$873 -> 731 | AQ873: Days in run | AS873: =$AC$873 -> 365 | AT873: =$AC$873 -> 365 | AU873: =$AC$873 -> 365 | AV873: =$AC$873 -> 365 | AW873: =$AC$873 -> 365 | AY873: Days in run | BA873: =$AG$873 -> 366 | BB873: =$AG$873 -> 366 | BC873: =$AG$873 -> 366 | BD873: =$AG$873 -> 366 | BE873: =$AG$873 -> 366 | BG873: CHECK days: Total = Wet + Dry | BH873: =AND(U873=AC873+AG873,U873=731,AC873=365,AG873=366) -> TRUE
F874: WET SEASON 2 | H874: 10/1/19 - 3/31/20 | J874: =COUNTIF($A$368:$A$550,"<>") -> 183 | M874: DRY SEASON 1 | O874: 4/1/19 - 9/30/19 | Q874: =COUNTIF($A$185:$A$367,"<>") -> 183 | S874: Total measurements | U874: =U873*U872 -> 23392 | V874: DENOMINATOR FOR EXCEEDANCE % | AA874: Total measurements | AC874: =AC873*AC872 -> 11680 | AE874: Total measurements | AG874: =AG873*AG872 -> 11712 | AI874: Total measurements | AK874: =AK873*AK872 -> 23392 | AL874: =AL873*AL872 -> 5848 | AM874: =AM873*AM872 -> 6579 | AN874: =AN873*AN872 -> 4386 | AO874: =AO873*AO872 -> 6579 | AQ874: Total measurements | AS874: =AS873*AS872 -> 11680 | AT874: =AT873*AT872 -> 2920 | AU874: =AU873*AU872 -> 3285 | AV874: =AV873*AV872 -> 2190 | AW874: =AW873*AW872 -> 3285 | AY874: Total measurements | BA874: =BA873*BA872 -> 11712 | BB874: =BB873*BB872 -> 2928 | BC874: =BC873*BC872 -> 3294 | BD874: =BD873*BD872 -> 2196 | BE874: =BE873*BE872 -> 3294
F875: WET SEASON 3 | H875: 10/1/20 - 12/1/20 | J875: =COUNTIF($A$734:$A$795,"<>") -> 62 | M875: DRY SEASON 2 | O875: 4/1/20 - 9/30/20 | Q875: =COUNTIF($A$551:$A$733,"<>") -> 183 | S875: Measurements <= 18C | U875: =SUM($B$862:$AG$862) -> 12526 | V875: NUMERATOR FOR EXCEEDANCE % | AA875: Measurements <= 18C | AC875: =SUM($B$867:$AG$867) -> 10740 | AE875: Measurements <= 18C | AG875: =SUM($B$868:$AG$868) -> 1786 | AI875: Measurements <= 18C | AK875: =SUM(B862:AG862) -> 12526 | AL875: =SUM(B862:I862) -> 3030 | AM875: =SUM(J862:R862) -> 3480 | AN875: =SUM(S862:X862) -> 2464 | AO875: =SUM(Y862:AG862) -> 3552 | AQ875: Measurements <= 18C | AS875: =SUM(B867:AG867) -> 10740 | AT875: =SUM(B867:I867) -> 2610 | AU875: =SUM(J867:R867) -> 3017 | AV875: =SUM(S867:X867) -> 2134 | AW875: =SUM(Y867:AG867) -> 2979 | AY875: Measurements <= 18C | BA875: =SUM(B868:AG868) -> 1786 | BB875: =SUM(B868:I868) -> 420 | BC875: =SUM(J868:R868) -> 463 | BD875: =SUM(S868:X868) -> 330 | BE875: =SUM(Y868:AG868) -> 573 | BG875: CHECK counts: Total = Wet + Dry | BH875: =AND(U875=AC875+AG875,AK875=AS875+BA875,AL875=AT875+BB875,AM875=AU875+BC875,AN875=AV875+BD875,AO875=AW875+BE875) -> TRUE
S876: % Total Run Exceedances | U876: =U875/U874 -> 0.53548222 | AA876: % WET Exceedances | AC876: =AC875/AC874 -> 0.91952055 | AE876: % DRY Exceedances | AG876: =AG875/AG874 -> 0.15249317 | AI876: % Total Run Exceedances | AK876: =AK875/AK874 -> 0.53548222 | AL876: =AL875/AL874 -> 0.51812585 | AM876: =AM875/AM874 -> 0.52895577 | AN876: =AN875/AN874 -> 0.56178751 | AO876: =AO875/AO874 -> 0.53989968 | AQ876: % WET Exceedances | AS876: =AS875/AS874 -> 0.91952055 | AT876: =AT875/AT874 -> 0.89383562 | AU876: =AU875/AU874 -> 0.91841705 | AV876: =AV875/AV874 -> 0.97442922 | AW876: =AW875/AW874 -> 0.90684932 | AY876: % DRY Exceedances | BA876: =BA875/BA874 -> 0.15249317 | BB876: =BB875/BB874 -> 0.14344262 | BC876: =BC875/BC874 -> 0.14055859 | BD876: =BD875/BD874 -> 0.15027322 | BE876: =BE875/BE874 -> 0.17395264

Sheet B&F
B1: Suisun | J1: Central Delta | S1: North Delta | Y1: South Delta
A2: Date | B2: CHADBOURNE SLOUGH AT SUNRISE DUCK CLUB | C2: MONTEZUMA SLOUGH AT NATIONAL STEEL | D2: MONTEZUMA SLOUGH NEAR BELDENS LANDING | E2: SUISUN SLOUGH 300' SOUTH OF VOLANTI SLOUGH | F2: HONKER BAY | G2: SUISUN BAY AT VAN SICKLE ISLAND | H2: SUISUN BAY WEST REACH | I2: GRIZZLY BAY BUOY | J2: DUTCH SL BELOW JERSEY ISLAND | K2: FALSE RIVER NEAR OAKLEY | L2: OLD RIVER AT FRANKS TRACT | M2: PITTSBURG | N2: SACRAMENTO RIVER AT EMMATON | O2: SAN ANDREAS LANDING | P2: SAN JOAQUIN RIVER AT JERSEY POINT | Q2: SUISUN BAY AT CHANNEL MARKER 5 AT COLLINSVILLE | R2: BRANNAN MARINAS AT SAN JOAQUIN RIVER | S2: LIBERTY CUT AT FIVE POINTS | T2: CACHE SLOUGH ABOVE RYER ISLAND FERRY | U2: DELTA CROSS CHANNEL NEAR WALNUT GROVE | V2: SACRAMENTO RIVER DOWNSTREAM OF ISLETON | W2: COURTLAND AT SACRAMENTO RIVER | X2: VIERAS RESORT AT SACRAMENTO RIVER | Y2: GRANT LINE CANAL NEAR CLIFTON COURT FORE | Z2: LITTLE POTATO SLOUGH AT TERMINOUS | AA2: MIDDLE RIVER AT MILDRED ISLAND | AB2: OLD RIVER AT CLIFTON COURT | AC2: SAN JOAQUIN RIVER AT BRANDT BRIDGE | AD2: SAN JOAQUIN RIVER AT PRISONERS POINT | AE2: SAN JOAQUIN RIVER NEAR VERNALIS | AF2: SAN JOAQUIN RVER AT ROUGH AND READY ISLAND | AG2: VICTORIA CANAL BEFORE CLIFTON COURT FORE
A3: 43374 | B3: 19.61622 | C3: 19.64741 | D3: 19.467564 | E3: 19.274176 | F3: 19.05587 | G3: 19.089382 | H3: 18.870527 | I3: 18.729668 | J3: 20.42826 | K3: 20.104958 | L3: 20.03478 | M3: 19.106619 | N3: 19.442062 | O3: 19.880629 | P3: 19.965002 | Q3: 19.187864 | R3: 20.012558 | S3: 19.437504 | T3: 19.16362 | U3: 18.394327 | V3: 18.994667 | W3: 18.207794 | X3: 18.883308 | Y3: 21.630825 | Z3: 20.352444 | AA3: 20.616661 | AB3: 21.000694 | AC3: 22.367771 | AD3: 19.985447 | AE3: 21.385107 | AF3: 22.497746 | AG3: 21.375547
A4: 43375 | B4: 20.21409 | C4: 20.10629 | D4: 19.888706 | E4: 19.74126 | F4: 19.352234 | G4: 19.256538 | H4: 19.04901 | I4: 19.304342 | J4: 20.74912 | K4: 20.182325 | L4: 20.149706 | M4: 19.274942 | N4: 19.584131 | O4: 19.969168 | P4: 20.055372 | Q4: 19.351748 | R4: 20.0796 | S4: 19.939299 | T4: 19.356628 | U4: 18.444662 | V4: 19.098413 | W4: 18.242178 | X4: 18.93408 | Y4: 21.526215 | Z4: 20.364443 | AA4: 20.583387 | AB4: 20.925896 | AC4: 22.298983 | AD4: 20.07678 | AE4: 21.628126 | AF4: 22.423475 | AG4: 21.235674
A5: 43376 | B5: 20.496857 | C5: 20.347666 | D5: 20.253164 | E5: 20.119688 | F5: 19.519258 | G5: 19.409197 | H5: 19.226912 | I5: 19.672684 | J5: 20.867556 | K5: 20.260565 | L5: 20.18225 | M5: 19.433058 | N5: 19.678862 | O5: 19.961775 | P5: 20.140093 | Q5: 19.494986 | R5: 20.101627 | S5: 20.372887 | T5: 19.554352 | U5: 18.44552 | V5: 19.181719 | W5: 18.21065 | X5: 18.98821 | Y5: 21.533812 | Z5: 20.323696 | AA5: 20.657122 | AB5: 20.991535 | AC5: 22.30365 | AD5: 20.12973 | AE5: 21.69896 | AF5: 22.401072 | AG5: 21.254332
A6: 43377 | B6: 20.375988 | C6: 20.303349 | D6: 20.360533 | E6: 20.194407 | F6: 19.49049 | G6: 19.462273 | H6: 19.28617 | I6: 19.66117 | J6: 20.645056 | K6: 20.220432 | L6: 20.08149 | M6: 19.485651 | N6: 19.635729 | O6: 19.848211 | P6: 20.103521 | Q6: 19.535856 | R6: 20.024778 | S6: 20.07728 | T6: 19.497807 | U6: 18.301628 | V6: 19.03076 | W6: 18.072508 | X6: 18.812496 | Y6: 21.470228 | Z6: 20.228909 | AA6: 20.662539 | AB6: 20.998644 | AC6: 22.19042 | AD6: 20.05752 | AE6: 21.5 | AF6: 22.342424 | AG6: 21.14425
A7: 43378 | B7: 19.95909 | C7: 19.897852 | D7: 20.112627 | E7: 19.890501 | F7: 19.288992 | G7: 19.378622 | H7: 19.19742 | I7: 19.245298 | J7: 20.251318 | K7: 20.083467 | L7: 19.91009 | M7: 19.40668 | N7: 19.509653 | O7: 19.611414 | P7: 19.988565 | Q7: 19.434324 | R7: 19.848475 | S7: 19.395828 | T7: 19.17815 | U7: 18.123308 | V7: 18.724087 | W7: 17.92313 | X7: 18.511583 | Y7: 21.322756 | Z7: 20.048681 | AA7: 20.559134 | AB7: 20.875776 | AC7: 21.905336 | AD7: 19.895327 | AE7: 20.830208 | AF7: 22.197302 | AG7: 20.96095
A8: 43379 | B8: 20.163172 | C8: 19.981068 | D8: 20.171099 | E8: 19.982203 | F8: 19.365675 | G8: 19.405684 | H8: 19.215073 | I8: 19.284529 | J8: 20.141281 | K8: 20.019297 | L8: 19.793488 | M8: 19.42922 | N8: 19.474606 | O8: 19.54075 | P8: 19.93944 | Q8: 19.449453 | R8: 19.775316 | S8: 19.456343 | T8: 19.138746 | U8: 18.044744 | V8: 18.763483 | W8: 17.768293 | X8: 18.575216 | Y8: 21.05932 | Z8: 19.907503 | AA8: 20.389912 | AB8: 20.69214 | AC8: 21.556831 | AD8: 19.790474 | AE8: 20.447916 | AF8: 21.999273 | AG8: 20.774609
A9: 43380 | B9: 19.978392 | C9: 19.937115 | D9: 20.109652 | E9: 19.901026 | F9: 19.245684 | G9: 19.359875 | H9: 19.180014 | I9: 19.094625 | J9: 19.44655 | K9: 19.699507 | L9: 19.455334 | M9: 19.388287 | N9: 19.22355 | O9: 19.254417 | P9: 19.669264 | Q9: 19.381277 | R9: 19.494234 | S9: 19.117882 | T9: 18.91221 | U9: 17.56435 | V9: 18.536995 | W9: 17.36049 | X9: 18.334854 | Y9: 20.180613 | Z9: 19.336395 | AA9: 19.812222 | AB9: 19.872015 | AC9: 20.347208 | AD9: 19.493525 | AE9: 19.233334 | AF9: 21.182852 | AG9: 19.842539
A10: 43381 | B10: 20.14199 | C10: 19.931961 | D10: 20.092634 | E10: 19.89403 | F10: 19.303263 | G10: 19.337341 | H10: 19.146055 | I10: 19.129137 | J10: 19.050547 | K10: 19.472284 | L10: 19.263025 | M10: 19.354153 | N10: 19.147974 | O10: 19.11058 | P10: 19.46573 | Q10: 19.35274 | R10: 19.335314 | S10: 18.771778 | T10: 18.664062 | U10: 17.290567 | V10: 18.328825 | W10: 17.15042 | X10: 18.08932 | Y10: 19.66046 | Z10: 18.986238 | AA10: 19.552397 | AB10: 19.436426 | AC10: 19.52234 | AD10: 19.249853 | AE10: 18.642708 | AF10: 20.657944 | AG10: 19.38317
A11: 43382 | B11: 20.215525 | C11: 20.126265 | D11: 20.169268 | E11: 19.947554 | F11: 19.293707 | G11: 19.36754 | H11: 19.159132 | I11: 19.276335 | J11: 19.334425 | K11: 19.49582 | L11: 19.288614 | M11: 19.38204 | N11: 19.214506 | O11: 19.1589 | P11: 19.492817 | Q11: 19.394629 | R11: 19.371698 | S11: 18.761053 | T11: 18.566277 | U11: 17.29717 | V11: 18.290287 | W11: 17.12045 | X11: 18.034744 | Y11: 19.73336 | Z11: 18.99558 | AA11: 19.590937 | AB11: 19.584696 | AC11: 19.384787 | AD11: 19.247166 | AE11: 18.9125 | AF11: 20.563414 | AG11: 19.657885
A12: 43383 | B12: 19.529442 | C12: 19.699436 | D12: 19.751638 | E12: 19.453024 | F12: 18.964664 | G12: 19.147036 | H12: 18.924318 | I12: 18.694078 | J12: 19.183056 | K12: 19.366327 | L12: 19.174883 | M12: 19.164782 | N12: 19.064934 | O12: 19.045727 | P12: 19.349604 | Q12: 19.18749 | R12: 19.270937 | S12: 18.32969 | T12: 18.3257 | U12: 17.255411 | V12: 18.07067 | W12: 17.21511 | X12: 17.81885 | Y12: 19.796219 | Z12: 18.786654 | AA12: 19.580736 | AB12: 19.683384 | AC12: 19.3355 | AD12: 19.134497 | AE12: 19.247917 | AF12: 20.489542 | AG12: 19.801908
A13: 43384 | B13: 18.90074 | C13: 19.13325 | D13: 19.233292 | E13: 18.907576 | F13: 18.623484 | G13: 18.875444 | H13: 18.658438 | I13: 18.067013 | J13: 18.791862 | K13: 19.14125 | L13: 18.947046 | M13: 18.894583 | N13: 18.805145 | O13: 18.757181 | P13: 19.119453 | Q13: 18.914967 | R13: 19.027704 | S13: 17.739187 | T13: 17.94883 | U13: 17.278393 | V13: 17.713236 | W13: 17.253485 | X13: 17.485075 | Y13: 19.780945 | Z13: 18.491941 | AA13: 19.525717 | AB13: 19.68875 | AC13: 19.320011 | AD13: 18.909386 | AE13: 19.247917 | AF13: 20.337622 | AG13: 19.816977
A14: 43385 | B14: 18.908852 | C14: 18.98749 | D14: 19.04793 | E14: 18.768858 | F14: 18.611103 | G14: 18.77273 | H14: 18.567583 | I14: 18.019005 | J14: 18.689314 | K14: 19.021975 | L14: 18.812124 | M14: 18.78702 | N14: 18.675886 | O14: 18.585838 | P14: 19.004324 | Q14: 18.803085 | R14: 18.857222 | S14: 17.75531 | T14: 17.807184 | U14: 17.35557 | V14: 17.658686 | W14: 17.329824 | X14: 17.521317 | Y14: 19.711512 | Z14: 18.432571 | AA14: 19.419134 | AB14: 19.642113 | AC14: 19.311304 | AD14: 18.756012 | AE14: 19.136457 | AF14: 20.139597 | AG14: 19.762016
... A795: 44166 | B795: 9.691586 | C795: 11.109848 | D795: 10.31533 | E795: 9.804528 | F795: 10.825473 | G795: 11.281565 | H795: 11.299075 | I795: 9.613744 | J795: 10.12969 | K795: 11.131753 | L795: 11.385391 | M795: 11.282428 | N795: 10.974896 | O795: 10.538127 | P795: 11.320331 | Q795: 11.184311 | R795: 11.039741 | S795: 8.892751 | T795: 10.093353 | U795: 10.118706 | V795: 10.003117 | W795: 9.964334 | X795: 9.997386 | Y795: 9.889564 | Z795: 10.385803 | AA795: 10.998426 | AB795: 10.534959 | AC795: 9.708934 | AD795: 11.345511 | AE795: 9.7 | AF795: 10.668323 | AG795: 10.477416
A796: TOTAL EXCEEDANCES | B796: =COUNTIF(B$3:B$733,">=19") -> 327 | C796: =COUNTIF(C$3:C$733,">=19") -> 318 | D796: =COUNTIF(D$3:D$733,">=19") -> 324 | E796: =COUNTIF(E$3:E$733,">=19") -> 318 | F796: =COUNTIF(F$3:F$733,">=19") -> 299 | G796: =COUNTIF(G$3:G$733,">=19") -> 306 | H796: =COUNTIF(H$3:H$733,">=19") -> 295 | I796: =COUNTIF(I$3:I$733,">=19") -> 299 | ... AG796: =COUNTIF(AG$3:AG$733,">=19") -> 341
A797: WET 1 | B797: =COUNTIF(B$3:B$184,">=19") -> 10 | C797: =COUNTIF(C$3:C$184,">=19") -> 12 | D797: =COUNTIF(D$3:D$184,">=19") -> 13 | E797: =COUNTIF(E$3:E$184,">=19") -> 10 | F797: =COUNTIF(F$3:F$184,">=19") -> 9 | G797: =COUNTIF(G$3:G$184,">=19") -> 10 | H797: =COUNTIF(H$3:H$184,">=19") -> 8 | I797: =COUNTIF(I$3:I$184,">=19") -> 8 | ... AG797: =COUNTIF(AG$3:AG$184,">=19") -> 14 | AH797: OCT 2018 - MARCH 2019
A798: WET 2 | B798: =COUNTIF(B$368:B$550,">=19") -> 10 | C798: =COUNTIF(C$368:C$550,">=19") -> 14 | D798: =COUNTIF(D$368:D$550,">=19") -> 12 | E798: =COUNTIF(E$368:E$550,">=19") -> 9 | F798: =COUNTIF(F$368:F$550,">=19") -> 13 | G798: =COUNTIF(G$368:G$550,">=19") -> 10 | H798: =COUNTIF(H$368:H$550,">=19") -> 13 | I798: =COUNTIF(I$368:I$550,">=19") -> 7 | ... AG798: =COUNTIF(AG$368:AG$550,">=19") -> 17 | AH798: OCT 2019 - MARCH 2020
A799: DRY 1 | B799: =COUNTIF(B$185:B$367,">=19") -> 146 | C799: =COUNTIF(C$185:C$367,">=19") -> 133 | D799: =COUNTIF(D$185:D$367,">=19") -> 139 | E799: =COUNTIF(E$185:E$367,">=19") -> 139 | F799: =COUNTIF(F$185:F$367,">=19") -> 126 | G799: =COUNTIF(G$185:G$367,">=19") -> 130 | H799: =COUNTIF(H$185:H$367,">=19") -> 127 | I799: =COUNTIF(I$185:I$367,">=19") -> 134 | ... AG799: =COUNTIF(AG$185:AG$367,">=19") -> 142 | AH799: APRIL 2019 - SEPTEMBER 2019
A800: DRY 2 | B800: =COUNTIF(B$551:B$733,">=19") -> 161 | C800: =COUNTIF(C$551:C$733,">=19") -> 159 | D800: =COUNTIF(D$551:D$733,">=19") -> 160 | E800: =COUNTIF(E$551:E$733,">=19") -> 160 | F800: =COUNTIF(F$551:F$733,">=19") -> 151 | G800: =COUNTIF(G$551:G$733,">=19") -> 156 | H800: =COUNTIF(H$551:H$733,">=19") -> 147 | I800: =COUNTIF(I$551:I$733,">=19") -> 150 | ... AG800: =COUNTIF(AG$551:AG$733,">=19") -> 168 | AH800: APRIL 2020 - SEPTEMBER 2020
A801: ALL WET | B801: =SUM(B$797,B$798) -> 20 | C801: =SUM(C$797,C$798) -> 26 | D801: =SUM(D$797,D$798) -> 25 | E801: =SUM(E$797,E$798) -> 19 | F801: =SUM(F$797,F$798) -> 22 | G801: =SUM(G$797,G$798) -> 20 | H801: =SUM(H$797,H$798) -> 21 | I801: =SUM(I$797,I$798) -> 15 | ... AG801: =SUM(AG$797,AG$798) -> 31
A802: ALL DRY | B802: =SUM(B$799,B$800) -> 307 | C802: =SUM(C$799,C$800) -> 292 | D802: =SUM(D$799,D$800) -> 299 | E802: =SUM(E$799,E$800) -> 299 | F802: =SUM(F$799,F$800) -> 277 | G802: =SUM(G$799,G$800) -> 286 | H802: =SUM(H$799,H$800) -> 274 | I802: =SUM(I$799,I$800) -> 284 | ... AG802: =SUM(AG$799,AG$800) -> 310
D805: Day Use & Boating 19C | F805: THRESHOLD: 19C | S805: SP DAY USE & BOATING | AA805: SP DAY USE & BOATING | AE805: SP DAY USE & BOATING | AI805: SP DAY USE & BOATING | AQ805: SP DAY USE & BOATING | AY805: SP DAY USE & BOATING
F806: WET SEASON | S806: TOTAL RUN | AA806: WET SEASONS | AE806: DRY SEASONS | AI806: TOTAL RUN | AK806: Delta-Wide | AL806: Suisun | AM806: Central Delta | AN806: North Delta | AO806: South Delta | AQ806: WET SEASONS | AS806: Delta-Wide | AT806: Suisun | AU806: Central Delta | AV806: North Delta | AW806: South Delta | AY806: DRY SEASONS | BA806: Delta-Wide | BB806: Suisun | BC806: Central Delta | BD806: North Delta | BE806: South Delta
F807: OCTOBER 1 - MARCH 31 | M807: DRY SEASON | S807: Total points | U807: =COUNTIF($B$2:$AG$2,"<>") -> 32 | AA807: Total points | AC807: =$U$807 -> 32 | AE807: Total points | AG807: =$U$807 -> 32 | AI807: Total points | AK807: =COUNTIF($B$2:$AG$2,"<>") -> 32 | AL807: =COUNTIF($B$2:$I$2,"<>") -> 8 | AM807: =COUNTIF($J$2:$R$2,"<>") -> 9 | AN807: =COUNTIF($S$2:$X$2,"<>") -> 6 | AO807: =COUNTIF($Y$2:$AG$2,"<>") -> 9 | AQ807: Total points | AS807: =COUNTIF($B$2:$AG$2,"<>") -> 32 | AT807: =COUNTIF($B$2:$I$2,"<>") -> 8 | AU807: =COUNTIF($J$2:$R$2,"<>") -> 9 | AV807: =COUNTIF($S$2:$X$2,"<>") -> 6 | AW807: =COUNTIF($Y$2:$AG$2,"<>") -> 9 | AY807: Total points | BA807: =COUNTIF($B$2:$AG$2,"<>") -> 32 | BB807: =COUNTIF($B$2:$I$2,"<>") -> 8 | BC807: =COUNTIF($J$2:$R$2,"<>") -> 9 | BD807: =COUNTIF($S$2:$X$2,"<>") -> 6 | BE807: =COUNTIF($Y$2:$AG$2,"<>") -> 9
F808: WET SEASON 1 | H808: 10/1/18 - 3/31/19 | J808: =COUNTIF($A$3:$A$184,"<>") -> 182 | M808: APRIL 1 - SEPTEMBER 30 | S808: Days in run | U808: =COUNTIF($A$3:$A$733,"<>") -> 731 | AA808: Days in run | AC808: =SUM($J$808:$J$809) -> 365 | AE808: Days in run | AG808: =SUM($Q$809:$Q$810) -> 366 | AI808: Days in run | AK808: =$U$808 -> 731 | AL808: =$U$808 -> 731 | AM808: =$U$808 -> 731 | AN808: =$U$808 -> 731 | AO808: =$U$808 -> 731 | AQ808: Days in run | AS808: =$AC$808 -> 365 | AT808: =$AC$808 -> 365 | AU808: =$AC$808 -> 365 | AV808: =$AC$808 -> 365 | AW808: =$AC$808 -> 365 | AY808: Days in run | BA808: =$AG$808 -> 366 | BB808: =$AG$808 -> 366 | BC808: =$AG$808 -> 366 | BD808: =$AG$808 -> 366 | BE808: =$AG$808 -> 366 | BG808: CHECK days: Total = Wet + Dry | BH808: =AND(U808=AC808+AG808,U808=731,AC808=365,AG808=366) -> TRUE
F809: WET SEASON 2 | H809: 10/1/19 - 3/31/20 | J809: =COUNTIF($A$368:$A$550,"<>") -> 183 | M809: DRY SEASON 1 | O809: 4/1/19 - 9/30/19 | Q809: =COUNTIF($A$185:$A$367,"<>") -> 183 | S809: Total measurements | U809: =U808*U807 -> 23392 | V809: DENOMINATOR FOR EXCEEDANCE % | AA809: Total measurements | AC809: =AC808*AC807 -> 11680 | AE809: Total measurements | AG809: =AG808*AG807 -> 11712 | AI809: Total measurements | AK809: =AK808*AK807 -> 23392 | AL809: =AL808*AL807 -> 5848 | AM809: =AM808*AM807 -> 6579 | AN809: =AN808*AN807 -> 4386 | AO809: =AO808*AO807 -> 6579 | AQ809: Total measurements | AS809: =AS808*AS807 -> 11680 | AT809: =AT808*AT807 -> 2920 | AU809: =AU808*AU807 -> 3285 | AV809: =AV808*AV807 -> 2190 | AW809: =AW808*AW807 -> 3285 | AY809: Total measurements | BA809: =BA808*BA807 -> 11712 | BB809: =BB808*BB807 -> 2928 | BC809: =BC808*BC807 -> 3294 | BD809: =BD808*BD807 -> 2196 | BE809: =BE808*BE807 -> 3294
F810: WET SEASON 3 | H810: 10/1/20 - 12/1/20 | J810: =COUNTIF($A$734:$A$795,"<>") -> 62 | M810: DRY SEASON 2 | O810: 4/1/20 - 9/30/20 | Q810: =COUNTIF($A$551:$A$733,"<>") -> 183 | S810: Measurements >= 19C | U810: =SUM($B$796:$AG$796) -> 9820 | V810: NUMERATOR FOR EXCEEDANCE % | AA810: Measurements >= 19C | AC810: =SUM($B$801:$AG$801) -> 501 | AE810: Measurements >= 19C | AG810: =SUM($B$802:$AG$802) -> 9319 | AI810: Measurements >= 19C | AK810: =SUM(B796:AG796) -> 9820 | AL810: =SUM(B796:I796) -> 2486 | AM810: =SUM(J796:R796) -> 2824 | AN810: =SUM(S796:X796) -> 1719 | AO810: =SUM(Y796:AG796) -> 2791 | AQ810: Measurements >= 19C | AS810: =SUM(B801:AG801) -> 501 | AT810: =SUM(B801:I801) -> 168 | AU810: =SUM(J801:R801) -> 147 | AV810: =SUM(S801:X801) -> 16 | AW810: =SUM(Y801:AG801) -> 170 | AY810: Measurements >= 19C | BA810: =SUM(B802:AG802) -> 9319 | BB810: =SUM(B802:I802) -> 2318 | BC810: =SUM(J802:R802) -> 2677 | BD810: =SUM(S802:X802) -> 1703 | BE810: =SUM(Y802:AG802) -> 2621 | BG810: CHECK counts: Total = Wet + Dry | BH810: =AND(U810=AC810+AG810,AK810=AS810+BA810,AL810=AT810+BB810,AM810=AU810+BC810,AN810=AV810+BD810,AO810=AW810+BE810) -> TRUE
S811: % Total Run Exceedances | U811: =U810/U809 -> 0.41980164 | AA811: % WET Exceedances | AC811: =AC810/AC809 -> 0.042893836 | AE811: % DRY Exceedances | AG811: =AG810/AG809 -> 0.79567964 | AI811: % Total Run Exceedances | AK811: =AK810/AK809 -> 0.41980164 | AL811: =AL810/AL809 -> 0.4251026 | AM811: =AM810/AM809 -> 0.42924457 | AN811: =AN810/AN809 -> 0.39192886 | AO811: =AO810/AO809 -> 0.42422861 | AQ811: % WET Exceedances | AS811: =AS810/AS809 -> 0.042893836 | AT811: =AT810/AT809 -> 0.057534247 | AU811: =AU810/AU809 -> 0.044748858 | AV811: =AV810/AV809 -> 0.0073059361 | AW811: =AW810/AW809 -> 0.051750381 | AY811: % DRY Exceedances | BA811: =BA810/BA809 -> 0.79567964 | BB811: =BB810/BB809 -> 0.79166667 | BC811: =BC810/BC809 -> 0.81268974 | BD811: =BD810/BD809 -> 0.77550091 | BE811: =BE810/BE809 -> 0.79568913
A813: TOTAL EXCEEDANCES | B813: =COUNTIF(B$3:B$733,">=20") -> 294 | C813: =COUNTIF(C$3:C$733,">=20") -> 274 | D813: =COUNTIF(D$3:D$733,">=20") -> 291 | E813: =COUNTIF(E$3:E$733,">=20") -> 276 | F813: =COUNTIF(F$3:F$733,">=20") -> 250 | G813: =COUNTIF(G$3:G$733,">=20") -> 253 | H813: =COUNTIF(H$3:H$733,">=20") -> 247 | I813: =COUNTIF(I$3:I$733,">=20") -> 255 | ... AG813: =COUNTIF(AG$3:AG$733,">=20") -> 305
A814: WET 1 | B814: =COUNTIF(B$3:B$184,">=20") -> 6 | C814: =COUNTIF(C$3:C$184,">=20") -> 4 | D814: =COUNTIF(D$3:D$184,">=20") -> 7 | E814: =COUNTIF(E$3:E$184,">=20") -> 2 | F814: =COUNTIF(F$3:F$184,">=20") -> 0 | G814: =COUNTIF(G$3:G$184,">=20") -> 0 | H814: =COUNTIF(H$3:H$184,">=20") -> 0 | I814: =COUNTIF(I$3:I$184,">=20") -> 0 | ... AG814: =COUNTIF(AG$3:AG$184,">=20") -> 6 | AH814: OCT 2018 - MARCH 2019
A815: WET 2 | B815: =COUNTIF(B$368:B$550,">=20") -> 5 | C815: =COUNTIF(C$368:C$550,">=20") -> 3 | D815: =COUNTIF(D$368:D$550,">=20") -> 6 | E815: =COUNTIF(E$368:E$550,">=20") -> 4 | F815: =COUNTIF(F$368:F$550,">=20") -> 0 | G815: =COUNTIF(G$368:G$550,">=20") -> 0 | H815: =COUNTIF(H$368:H$550,">=20") -> 0 | I815: =COUNTIF(I$368:I$550,">=20") -> 1 | ... AG815: =COUNTIF(AG$368:AG$550,">=20") -> 6 | AH815: OCT 2019 - MARCH 2020
A816: DRY 1 | B816: =COUNTIF(B$185:B$367,">=20") -> 134 | C816: =COUNTIF(C$185:C$367,">=20") -> 119 | D816: =COUNTIF(D$185:D$367,">=20") -> 130 | E816: =COUNTIF(E$185:E$367,">=20") -> 127 | F816: =COUNTIF(F$185:F$367,">=20") -> 118 | G816: =COUNTIF(G$185:G$367,">=20") -> 119 | H816: =COUNTIF(H$185:H$367,">=20") -> 118 | I816: =COUNTIF(I$185:I$367,">=20") -> 121 | ... AG816: =COUNTIF(AG$185:AG$367,">=20") -> 129 | AH816: APRIL 2019 - SEPTEMBER 2019
A817: DRY 2 | B817: =COUNTIF(B$551:B$733,">=20") -> 149 | C817: =COUNTIF(C$551:C$733,">=20") -> 148 | D817: =COUNTIF(D$551:D$733,">=20") -> 148 | E817: =COUNTIF(E$551:E$733,">=20") -> 143 | F817: =COUNTIF(F$551:F$733,">=20") -> 132 | G817: =COUNTIF(G$551:G$733,">=20") -> 134 | H817: =COUNTIF(H$551:H$733,">=20") -> 129 | I817: =COUNTIF(I$551:I$733,">=20") -> 133 | ... AG817: =COUNTIF(AG$551:AG$733,">=20") -> 164 | AH817: APRIL 2020 - SEPTEMBER 2020
A818: ALL WET | B818: =SUM(B$814,B$815) -> 11 | C818: =SUM(C$814,C$815) -> 7 | D818: =SUM(D$814,D$815) -> 13 | E818: =SUM(E$814,E$815) -> 6 | F818: =SUM(F$814,F$815) -> 0 | G818: =SUM(G$814,G$815) -> 0 | H818: =SUM(H$814,H$815) -> 0 | I818: =SUM(I$814,I$815) -> 1 | ... AG818: =SUM(AG$814,AG$815) -> 12
A819: ALL DRY | B819: =SUM(B$816,B$817) -> 283 | C819: =SUM(C$816,C$817) -> 267 | D819: =SUM(D$816,D$817) -> 278 | E819: =SUM(E$816,E$817) -> 270 | F819: =SUM(F$816,F$817) -> 250 | G819: =SUM(G$816,G$817) -> 253 | H819: =SUM(H$816,H$817) -> 247 | I819: =SUM(I$816,I$817) -> 254 | ... AG819: =SUM(AG$816,AG$817) -> 293
D821: Birding 20C | F821: THRESHOLD: 20C | S821: BIRDING | AA821: BIRDING | AE821: BIRDING | AI821: BIRDING | AQ821: BIRDING | AY821: BIRDING
F822: WET SEASON | S822: TOTAL RUN | AA822: WET SEASONS | AE822: DRY SEASONS | AI822: TOTAL RUN | AK822: Delta-Wide | AL822: Suisun | AM822: Central Delta | AN822: North Delta | AO822: South Delta | AQ822: WET SEASONS | AS822: Delta-Wide | AT822: Suisun | AU822: Central Delta | AV822: North Delta | AW822: South Delta | AY822: DRY SEASONS | BA822: Delta-Wide | BB822: Suisun | BC822: Central Delta | BD822: North Delta | BE822: South Delta
F823: OCTOBER 1 - MARCH 31 | M823: DRY SEASON | S823: Total points | U823: =COUNTIF($B$2:$AG$2,"<>") -> 32 | AA823: Total points | AC823: =$U$823 -> 32 | AE823: Total points | AG823: =$U$823 -> 32 | AI823: Total points | AK823: =COUNTIF($B$2:$AG$2,"<>") -> 32 | AL823: =COUNTIF($B$2:$I$2,"<>") -> 8 | AM823: =COUNTIF($J$2:$R$2,"<>") -> 9 | AN823: =COUNTIF($S$2:$X$2,"<>") -> 6 | AO823: =COUNTIF($Y$2:$AG$2,"<>") -> 9 | AQ823: Total points | AS823: =COUNTIF($B$2:$AG$2,"<>") -> 32 | AT823: =COUNTIF($B$2:$I$2,"<>") -> 8 | AU823: =COUNTIF($J$2:$R$2,"<>") -> 9 | AV823: =COUNTIF($S$2:$X$2,"<>") -> 6 | AW823: =COUNTIF($Y$2:$AG$2,"<>") -> 9 | AY823: Total points | BA823: =COUNTIF($B$2:$AG$2,"<>") -> 32 | BB823: =COUNTIF($B$2:$I$2,"<>") -> 8 | BC823: =COUNTIF($J$2:$R$2,"<>") -> 9 | BD823: =COUNTIF($S$2:$X$2,"<>") -> 6 | BE823: =COUNTIF($Y$2:$AG$2,"<>") -> 9
F824: WET SEASON 1 | H824: 10/1/18 - 3/31/19 | J824: =COUNTIF($A$3:$A$184,"<>") -> 182 | M824: APRIL 1 - SEPTEMBER 30 | S824: Days in run | U824: =COUNTIF($A$3:$A$733,"<>") -> 731 | AA824: Days in run | AC824: =SUM($J$824:$J$825) -> 365 | AE824: Days in run | AG824: =SUM($Q$825:$Q$826) -> 366 | AI824: Days in run | AK824: =$U$824 -> 731 | AL824: =$U$824 -> 731 | AM824: =$U$824 -> 731 | AN824: =$U$824 -> 731 | AO824: =$U$824 -> 731 | AQ824: Days in run | AS824: =$AC$824 -> 365 | AT824: =$AC$824 -> 365 | AU824: =$AC$824 -> 365 | AV824: =$AC$824 -> 365 | AW824: =$AC$824 -> 365 | AY824: Days in run | BA824: =$AG$824 -> 366 | BB824: =$AG$824 -> 366 | BC824: =$AG$824 -> 366 | BD824: =$AG$824 -> 366 | BE824: =$AG$824 -> 366 | BG824: CHECK days: Total = Wet + Dry | BH824: =AND(U824=AC824+AG824,U824=731,AC824=365,AG824=366) -> TRUE
F825: WET SEASON 2 | H825: 10/1/19 - 3/31/20 | J825: =COUNTIF($A$368:$A$550,"<>") -> 183 | M825: DRY SEASON 1 | O825: 4/1/19 - 9/30/19 | Q825: =COUNTIF($A$185:$A$367,"<>") -> 183 | S825: Total measurements | U825: =U824*U823 -> 23392 | V825: DENOMINATOR FOR EXCEEDANCE % | AA825: Total measurements | AC825: =AC824*AC823 -> 11680 | AE825: Total measurements | AG825: =AG824*AG823 -> 11712 | AI825: Total measurements | AK825: =AK824*AK823 -> 23392 | AL825: =AL824*AL823 -> 5848 | AM825: =AM824*AM823 -> 6579 | AN825: =AN824*AN823 -> 4386 | AO825: =AO824*AO823 -> 6579 | AQ825: Total measurements | AS825: =AS824*AS823 -> 11680 | AT825: =AT824*AT823 -> 2920 | AU825: =AU824*AU823 -> 3285 | AV825: =AV824*AV823 -> 2190 | AW825: =AW824*AW823 -> 3285 | AY825: Total measurements | BA825: =BA824*BA823 -> 11712 | BB825: =BB824*BB823 -> 2928 | BC825: =BC824*BC823 -> 3294 | BD825: =BD824*BD823 -> 2196 | BE825: =BE824*BE823 -> 3294
F826: WET SEASON 3 | H826: 10/1/20 - 12/1/20 | J826: =COUNTIF($A$734:$A$795,"<>") -> 62 | M826: DRY SEASON 2 | O826: 4/1/20 - 9/30/20 | Q826: =COUNTIF($A$551:$A$733,"<>") -> 183 | S826: Measurements >= 20C | U826: =SUM($B$813:$AG$813) -> 8637 | V826: NUMERATOR FOR EXCEEDANCE % | AA826: Measurements >= 20C | AC826: =SUM($B$818:$AG$818) -> 138 | AE826: Measurements >= 20C | AG826: =SUM($B$819:$AG$819) -> 8499 | AI826: Measurements >= 20C | AK826: =SUM(B813:AG813) -> 8637 | AL826: =SUM(B813:I813) -> 2140 | AM826: =SUM(J813:R813) -> 2484 | AN826: =SUM(S813:X813) -> 1500 | AO826: =SUM(Y813:AG813) -> 2513 | AQ826: Measurements >= 20C | AS826: =SUM(B818:AG818) -> 138 | AT826: =SUM(B818:I818) -> 38 | AU826: =SUM(J818:R818) -> 24 | AV826: =SUM(S818:X818) -> 2 | AW826: =SUM(Y818:AG818) -> 74 | AY826: Measurements >= 20C | BA826: =SUM(B819:AG819) -> 8499 | BB826: =SUM(B819:I819) -> 2102 | BC826: =SUM(J819:R819) -> 2460 | BD826: =SUM(S819:X819) -> 1498 | BE826: =SUM(Y819:AG819) -> 2439 | BG826: CHECK counts: Total = Wet + Dry | BH826: =AND(U826=AC826+AG826,AK826=AS826+BA826,AL826=AT826+BB826,AM826=AU826+BC826,AN826=AV826+BD826,AO826=AW826+BE826) -> TRUE
S827: % Total Run Exceedances | U827: =U826/U825 -> 0.3692288 | AA827: % WET Exceedances | AC827: =AC826/AC825 -> 0.011815068 | AE827: % DRY Exceedances | AG827: =AG826/AG825 -> 0.72566598 | AI827: % Total Run Exceedances | AK827: =AK826/AK825 -> 0.3692288 | AL827: =AL826/AL825 -> 0.36593707 | AM827: =AM826/AM825 -> 0.37756498 | AN827: =AN826/AN825 -> 0.34199726 | AO827: =AO826/AO825 -> 0.38197294 | AQ827: % WET Exceedances | AS827: =AS826/AS825 -> 0.011815068 | AT827: =AT826/AT825 -> 0.013013699 | AU827: =AU826/AU825 -> 0.0073059361 | AV827: =AV826/AV825 -> 0.00091324201 | AW827: =AW826/AW825 -> 0.022526636 | AY827: % DRY Exceedances | BA827: =BA826/BA825 -> 0.72566598 | BB827: =BB826/BB825 -> 0.71789617 | BC827: =BC826/BC825 -> 0.74681239 | BD827: =BD826/BD825 -> 0.68214936 | BE827: =BE826/BE825 -> 0.74043716
A829: TOTAL EXCEEDANCES | B829: =COUNTIF(B$3:B$733,">=23") -> 78 | C829: =COUNTIF(C$3:C$733,">=23") -> 51 | D829: =COUNTIF(D$3:D$733,">=23") -> 53 | E829: =COUNTIF(E$3:E$733,">=23") -> 41 | F829: =COUNTIF(F$3:F$733,">=23") -> 15 | G829: =COUNTIF(G$3:G$733,">=23") -> 16 | H829: =COUNTIF(H$3:H$733,">=23") -> 9 | I829: =COUNTIF(I$3:I$733,">=23") -> 30 | ... AG829: =COUNTIF(AG$3:AG$733,">=23") -> 213
A830: WET 1 | B830: =COUNTIF(B$3:B$184,">=23") -> 0 | C830: =COUNTIF(C$3:C$184,">=23") -> 0 | D830: =COUNTIF(D$3:D$184,">=23") -> 0 | E830: =COUNTIF(E$3:E$184,">=23") -> 0 | F830: =COUNTIF(F$3:F$184,">=23") -> 0 | G830: =COUNTIF(G$3:G$184,">=23") -> 0 | H830: =COUNTIF(H$3:H$184,">=23") -> 0 | I830: =COUNTIF(I$3:I$184,">=23") -> 0 | ... AG830: =COUNTIF(AG$3:AG$184,">=23") -> 0 | AH830: OCT 2018 - MARCH 2019
A831: WET 2 | B831: =COUNTIF(B$368:B$550,">=23") -> 0 | C831: =COUNTIF(C$368:C$550,">=23") -> 0 | D831: =COUNTIF(D$368:D$550,">=23") -> 0 | E831: =COUNTIF(E$368:E$550,">=23") -> 0 | F831: =COUNTIF(F$368:F$550,">=23") -> 0 | G831: =COUNTIF(G$368:G$550,">=23") -> 0 | H831: =COUNTIF(H$368:H$550,">=23") -> 0 | I831: =COUNTIF(I$368:I$550,">=23") -> 0 | ... AG831: =COUNTIF(AG$368:AG$550,">=23") -> 0 | AH831: OCT 2019 - MARCH 2020
A832: DRY 1 | B832: =COUNTIF(B$185:B$367,">=23") -> 38 | C832: =COUNTIF(C$185:C$367,">=23") -> 27 | D832: =COUNTIF(D$185:D$367,">=23") -> 27 | E832: =COUNTIF(E$185:E$367,">=23") -> 18 | F832: =COUNTIF(F$185:F$367,">=23") -> 7 | G832: =COUNTIF(G$185:G$367,">=23") -> 7 | H832: =COUNTIF(H$185:H$367,">=23") -> 6 | I832: =COUNTIF(I$185:I$367,">=23") -> 15 | ... AG832: =COUNTIF(AG$185:AG$367,">=23") -> 110 | AH832: APRIL 2019 - SEPTEMBER 2019
A833: DRY 2 | B833: =COUNTIF(B$551:B$733,">=23") -> 40 | C833: =COUNTIF(C$551:C$733,">=23") -> 24 | D833: =COUNTIF(D$551:D$733,">=23") -> 26 | E833: =COUNTIF(E$551:E$733,">=23") -> 23 | F833: =COUNTIF(F$551:F$733,">=23") -> 8 | G833: =COUNTIF(G$551:G$733,">=23") -> 9 | H833: =COUNTIF(H$551:H$733,">=23") -> 3 | I833: =COUNTIF(I$551:I$733,">=23") -> 15 | ... AG833: =COUNTIF(AG$551:AG$733,">=23") -> 103 | AH833: APRIL 2020 - SEPTEMBER 2020
A834: ALL WET | B834: =SUM(B$830,B$831) -> 0 | C834: =SUM(C$830,C$831) -> 0 | D834: =SUM(D$830,D$831) -> 0 | E834: =SUM(E$830,E$831) -> 0 | F834: =SUM(F$830,F$831) -> 0 | G834: =SUM(G$830,G$831) -> 0 | H834: =SUM(H$830,H$831) -> 0 | I834: =SUM(I$830,I$831) -> 0 | ... AG834: =SUM(AG$830,AG$831) -> 0
A835: ALL DRY | B835: =SUM(B$832,B$833) -> 78 | C835: =SUM(C$832,C$833) -> 51 | D835: =SUM(D$832,D$833) -> 53 | E835: =SUM(E$832,E$833) -> 41 | F835: =SUM(F$832,F$833) -> 15 | G835: =SUM(G$832,G$833) -> 16 | H835: =SUM(H$832,H$833) -> 9 | I835: =SUM(I$832,I$833) -> 30 | ... AG835: =SUM(AG$832,AG$833) -> 213
D837: Waterfowl 23C | F837: THRESHOLD: 23C | S837: WATERFOWL | AA837: WATERFOWL | AE837: WATERFOWL | AI837: WATERFOWL | AQ837: WATERFOWL | AY837: WATERFOWL
F838: WET SEASON | S838: TOTAL RUN | AA838: WET SEASONS | AE838: DRY SEASONS | AI838: TOTAL RUN | AK838: Delta-Wide | AL838: Suisun | AM838: Central Delta | AN838: North Delta | AO838: South Delta | AQ838: WET SEASONS | AS838: Delta-Wide | AT838: Suisun | AU838: Central Delta | AV838: North Delta | AW838: South Delta | AY838: DRY SEASONS | BA838: Delta-Wide | BB838: Suisun | BC838: Central Delta | BD838: North Delta | BE838: South Delta
F839: OCTOBER 1 - MARCH 31 | M839: DRY SEASON | S839: Total points | U839: =COUNTIF($B$2:$AG$2,"<>") -> 32 | AA839: Total points | AC839: =$U$839 -> 32 | AE839: Total points | AG839: =$U$839 -> 32 | AI839: Total points | AK839: =COUNTIF($B$2:$AG$2,"<>") -> 32 | AL839: =COUNTIF($B$2:$I$2,"<>") -> 8 | AM839: =COUNTIF($J$2:$R$2,"<>") -> 9 | AN839: =COUNTIF($S$2:$X$2,"<>") -> 6 | AO839: =COUNTIF($Y$2:$AG$2,"<>") -> 9 | AQ839: Total points | AS839: =COUNTIF($B$2:$AG$2,"<>") -> 32 | AT839: =COUNTIF($B$2:$I$2,"<>") -> 8 | AU839: =COUNTIF($J$2:$R$2,"<>") -> 9 | AV839: =COUNTIF($S$2:$X$2,"<>") -> 6 | AW839: =COUNTIF($Y$2:$AG$2,"<>") -> 9 | AY839: Total points | BA839: =COUNTIF($B$2:$AG$2,"<>") -> 32 | BB839: =COUNTIF($B$2:$I$2,"<>") -> 8 | BC839: =COUNTIF($J$2:$R$2,"<>") -> 9 | BD839: =COUNTIF($S$2:$X$2,"<>") -> 6 | BE839: =COUNTIF($Y$2:$AG$2,"<>") -> 9
F840: WET SEASON 1 | H840: 10/1/18 - 3/31/19 | J840: =COUNTIF($A$3:$A$184,"<>") -> 182 | M840: APRIL 1 - SEPTEMBER 30 | S840: Days in run | U840: =COUNTIF($A$3:$A$733,"<>") -> 731 | AA840: Days in run | AC840: =SUM($J$840:$J$841) -> 365 | AE840: Days in run | AG840: =SUM($Q$841:$Q$842) -> 366 | AI840: Days in run | AK840: =$U$840 -> 731 | AL840: =$U$840 -> 731 | AM840: =$U$840 -> 731 | AN840: =$U$840 -> 731 | AO840: =$U$840 -> 731 | AQ840: Days in run | AS840: =$AC$840 -> 365 | AT840: =$AC$840 -> 365 | AU840: =$AC$840 -> 365 | AV840: =$AC$840 -> 365 | AW840: =$AC$840 -> 365 | AY840: Days in run | BA840: =$AG$840 -> 366 | BB840: =$AG$840 -> 366 | BC840: =$AG$840 -> 366 | BD840: =$AG$840 -> 366 | BE840: =$AG$840 -> 366 | BG840: CHECK days: Total = Wet + Dry | BH840: =AND(U840=AC840+AG840,U840=731,AC840=365,AG840=366) -> TRUE
F841: WET SEASON 2 | H841: 10/1/19 - 3/31/20 | J841: =COUNTIF($A$368:$A$550,"<>") -> 183 | M841: DRY SEASON 1 | O841: 4/1/19 - 9/30/19 | Q841: =COUNTIF($A$185:$A$367,"<>") -> 183 | S841: Total measurements | U841: =U840*U839 -> 23392 | V841: DENOMINATOR FOR EXCEEDANCE % | AA841: Total measurements | AC841: =AC840*AC839 -> 11680 | AE841: Total measurements | AG841: =AG840*AG839 -> 11712 | AI841: Total measurements | AK841: =AK840*AK839 -> 23392 | AL841: =AL840*AL839 -> 5848 | AM841: =AM840*AM839 -> 6579 | AN841: =AN840*AN839 -> 4386 | AO841: =AO840*AO839 -> 6579 | AQ841: Total measurements | AS841: =AS840*AS839 -> 11680 | AT841: =AT840*AT839 -> 2920 | AU841: =AU840*AU839 -> 3285 | AV841: =AV840*AV839 -> 2190 | AW841: =AW840*AW839 -> 3285 | AY841: Total measurements | BA841: =BA840*BA839 -> 11712 | BB841: =BB840*BB839 -> 2928 | BC841: =BC840*BC839 -> 3294 | BD841: =BD840*BD839 -> 2196 | BE841: =BE840*BE839 -> 3294
F842: WET SEASON 3 | H842: 10/1/20 - 12/1/20 | J842: =COUNTIF($A$734:$A$795,"<>") -> 62 | M842: DRY SEASON 2 | O842: 4/1/20 - 9/30/20 | Q842: =COUNTIF($A$551:$A$733,"<>") -> 183 | S842: Measurements >= 23C | U842: =SUM($B$829:$AG$829) -> 2906 | V842: NUMERATOR FOR EXCEEDANCE % | AA842: Measurements >= 23C | AC842: =SUM($B$834:$AG$834) -> 0 | AE842: Measurements >= 23C | AG842: =SUM($B$835:$AG$835) -> 2906 | AI842: Measurements >= 23C | AK842: =SUM(B829:AG829) -> 2906 | AL842: =SUM(B829:I829) -> 293 | AM842: =SUM(J829:R829) -> 891 | AN842: =SUM(S829:X829) -> 296 | AO842: =SUM(Y829:AG829) -> 1426 | AQ842: Measurements >= 23C | AS842: =SUM(B834:AG834) -> 0 | AT842: =SUM(B834:I834) -> 0 | AU842: =SUM(J834:R834) -> 0 | AV842: =SUM(S834:X834) -> 0 | AW842: =SUM(Y834:AG834) -> 0 | AY842: Measurements >= 23C | BA842: =SUM(B835:AG835) -> 2906 | BB842: =SUM(B835:I835) -> 293 | BC842: =SUM(J835:R835) -> 891 | BD842: =SUM(S835:X835) -> 296 | BE842: =SUM(Y835:AG835) -> 1426 | BG842: CHECK counts: Total = Wet + Dry | BH842: =AND(U842=AC842+AG842,AK842=AS842+BA842,AL842=AT842+BB842,AM842=AU842+BC842,AN842=AV842+BD842,AO842=AW842+BE842) -> TRUE
S843: % Total Run Exceedances | U843: =U842/U841 -> 0.12423051 | AA843: % WET Exceedances | AC843: =AC842/AC841 -> 0 | AE843: % DRY Exceedances | AG843: =AG842/AG841 -> 0.24812158 | AI843: % Total Run Exceedances | AK843: =AK842/AK841 -> 0.12423051 | AL843: =AL842/AL841 -> 0.050102599 | AM843: =AM842/AM841 -> 0.13543092 | AN843: =AN842/AN841 -> 0.06748746 | AO843: =AO842/AO841 -> 0.21675027 | AQ843: % WET Exceedances | AS843: =AS842/AS841 -> 0 | AT843: =AT842/AT841 -> 0 | AU843: =AU842/AU841 -> 0 | AV843: =AV842/AV841 -> 0 | AW843: =AW842/AW841 -> 0 | AY843: % DRY Exceedances | BA843: =BA842/BA841 -> 0.24812158 | BB843: =BB842/BB841 -> 0.10006831 | BC843: =BC842/BC841 -> 0.2704918 | BD843: =BD842/BD841 -> 0.13479053 | BE843: =BE842/BE841 -> 0.43290832
A845: TOTAL EXCEEDANCES | B845: =COUNTIF(B$3:B$733,">=18.42") -> 355 | C845: =COUNTIF(C$3:C$733,">=18.42") -> 335 | D845: =COUNTIF(D$3:D$733,">=18.42") -> 348 | E845: =COUNTIF(E$3:E$733,">=18.42") -> 350 | F845: =COUNTIF(F$3:F$733,">=18.42") -> 328 | G845: =COUNTIF(G$3:G$733,">=18.42") -> 332 | H845: =COUNTIF(H$3:H$733,">=18.42") -> 325 | I845: =COUNTIF(I$3:I$733,">=18.42") -> 327 | ... AG845: =COUNTIF(AG$3:AG$733,">=18.42") -> 364
A846: WET 1 | B846: =COUNTIF(B$3:B$184,">=18.42") -> 19 | C846: =COUNTIF(C$3:C$184,">=18.42") -> 17 | D846: =COUNTIF(D$3:D$184,">=18.42") -> 20 | E846: =COUNTIF(E$3:E$184,">=18.42") -> 20 | F846: =COUNTIF(F$3:F$184,">=18.42") -> 13 | G846: =COUNTIF(G$3:G$184,">=18.42") -> 15 | H846: =COUNTIF(H$3:H$184,">=18.42") -> 13 | I846: =COUNTIF(I$3:I$184,">=18.42") -> 10 | ... AG846: =COUNTIF(AG$3:AG$184,">=18.42") -> 24 | AH846: OCT 2018 - MARCH 2019
A847: WET 2 | B847: =COUNTIF(B$368:B$550,">=18.42") -> 19 | C847: =COUNTIF(C$368:C$550,">=18.42") -> 16 | D847: =COUNTIF(D$368:D$550,">=18.42") -> 19 | E847: =COUNTIF(E$368:E$550,">=18.42") -> 18 | F847: =COUNTIF(F$368:F$550,">=18.42") -> 14 | G847: =COUNTIF(G$368:G$550,">=18.42") -> 14 | H847: =COUNTIF(H$368:H$550,">=18.42") -> 15 | I847: =COUNTIF(I$368:I$550,">=18.42") -> 13 | ... AG847: =COUNTIF(AG$368:AG$550,">=18.42") -> 23 | AH847: OCT 2019 - MARCH 2020
A848: DRY 1 | B848: =COUNTIF(B$185:B$367,">=18.42") -> 154 | C848: =COUNTIF(C$185:C$367,">=18.42") -> 142 | D848: =COUNTIF(D$185:D$367,">=18.42") -> 148 | E848: =COUNTIF(E$185:E$367,">=18.42") -> 151 | F848: =COUNTIF(F$185:F$367,">=18.42") -> 143 | G848: =COUNTIF(G$185:G$367,">=18.42") -> 145 | H848: =COUNTIF(H$185:H$367,">=18.42") -> 141 | I848: =COUNTIF(I$185:I$367,">=18.42") -> 144 | ... AG848: =COUNTIF(AG$185:AG$367,">=18.42") -> 147 | AH848: APRIL 2019 - SEPTEMBER 2019
A849: DRY 2 | B849: =COUNTIF(B$551:B$733,">=18.42") -> 163 | C849: =COUNTIF(C$551:C$733,">=18.42") -> 160 | D849: =COUNTIF(D$551:D$733,">=18.42") -> 161 | E849: =COUNTIF(E$551:E$733,">=18.42") -> 161 | F849: =COUNTIF(F$551:F$733,">=18.42") -> 158 | G849: =COUNTIF(G$551:G$733,">=18.42") -> 158 | H849: =COUNTIF(H$551:H$733,">=18.42") -> 156 | I849: =COUNTIF(I$551:I$733,">=18.42") -> 160 | ... AG849: =COUNTIF(AG$551:AG$733,">=18.42") -> 170 | AH849: APRIL 2020 - SEPTEMBER 2020
A850: ALL WET | B850: =SUM(B$846,B$847) -> 38 | C850: =SUM(C$846,C$847) -> 33 | D850: =SUM(D$846,D$847) -> 39 | E850: =SUM(E$846,E$847) -> 38 | F850: =SUM(F$846,F$847) -> 27 | G850: =SUM(G$846,G$847) -> 29 | H850: =SUM(H$846,H$847) -> 28 | I850: =SUM(I$846,I$847) -> 23 | ... AG850: =SUM(AG$846,AG$847) -> 47
A851: ALL DRY | B851: =SUM(B$848,B$849) -> 317 | C851: =SUM(C$848,C$849) -> 302 | D851: =SUM(D$848,D$849) -> 309 | E851: =SUM(E$848,E$849) -> 312 | F851: =SUM(F$848,F$849) -> 301 | G851: =SUM(G$848,G$849) -> 303 | H851: =SUM(H$848,H$849) -> 297 | I851: =SUM(I$848,I$849) -> 304 | ... AG851: =SUM(AG$848,AG$849) -> 317
D853: Angling 18.42C | F853: THRESHOLD: 18.42C | S853: ANGLING | AA853: ANGLING | AE853: ANGLING | AI853: ANGLING | AQ853: ANGLING | AY853: ANGLING
F854: WET SEASON | S854: TOTAL RUN | AA854: WET SEASONS | AE854: DRY SEASONS | AI854: TOTAL RUN | AK854: Delta-Wide | AL854: Suisun | AM854: Central Delta | AN854: North Delta | AO854: South Delta | AQ854: WET SEASONS | AS854: Delta-Wide | AT854: Suisun | AU854: Central Delta | AV854: North Delta | AW854: South Delta | AY854: DRY SEASONS | BA854: Delta-Wide | BB854: Suisun | BC854: Central Delta | BD854: North Delta | BE854: South Delta
F855: OCTOBER 1 - MARCH 31 | M855: DRY SEASON | S855: Total points | U855: =COUNTIF($B$2:$AG$2,"<>") -> 32 | AA855: Total points | AC855: =$U$855 -> 32 | AE855: Total points | AG855: =$U$855 -> 32 | AI855: Total points | AK855: =COUNTIF($B$2:$AG$2,"<>") -> 32 | AL855: =COUNTIF($B$2:$I$2,"<>") -> 8 | AM855: =COUNTIF($J$2:$R$2,"<>") -> 9 | AN855: =COUNTIF($S$2:$X$2,"<>") -> 6 | AO855: =COUNTIF($Y$2:$AG$2,"<>") -> 9 | AQ855: Total points | AS855: =COUNTIF($B$2:$AG$2,"<>") -> 32 | AT855: =COUNTIF($B$2:$I$2,"<>") -> 8 | AU855: =COUNTIF($J$2:$R$2,"<>") -> 9 | AV855: =COUNTIF($S$2:$X$2,"<>") -> 6 | AW855: =COUNTIF($Y$2:$AG$2,"<>") -> 9 | AY855: Total points | BA855: =COUNTIF($B$2:$AG$2,"<>") -> 32 | BB855: =COUNTIF($B$2:$I$2,"<>") -> 8 | BC855: =COUNTIF($J$2:$R$2,"<>") -> 9 | BD855: =COUNTIF($S$2:$X$2,"<>") -> 6 | BE855: =COUNTIF($Y$2:$AG$2,"<>") -> 9
F856: WET SEASON 1 | H856: 10/1/18 - 3/31/19 | J856: =COUNTIF($A$3:$A$184,"<>") -> 182 | M856: APRIL 1 - SEPTEMBER 30 | S856: Days in run | U856: =COUNTIF($A$3:$A$733,"<>") -> 731 | AA856: Days in run | AC856: =SUM($J$856:$J$857) -> 365 | AE856: Days in run | AG856: =SUM($Q$857:$Q$858) -> 366 | AI856: Days in run | AK856: =$U$856 -> 731 | AL856: =$U$856 -> 731 | AM856: =$U$856 -> 731 | AN856: =$U$856 -> 731 | AO856: =$U$856 -> 731 | AQ856: Days in run | AS856: =$AC$856 -> 365 | AT856: =$AC$856 -> 365 | AU856: =$AC$856 -> 365 | AV856: =$AC$856 -> 365 | AW856: =$AC$856 -> 365 | AY856: Days in run | BA856: =$AG$856 -> 366 | BB856: =$AG$856 -> 366 | BC856: =$AG$856 -> 366 | BD856: =$AG$856 -> 366 | BE856: =$AG$856 -> 366 | BG856: CHECK days: Total = Wet + Dry | BH856: =AND(U856=AC856+AG856,U856=731,AC856=365,AG856=366) -> TRUE
F857: WET SEASON 2 | H857: 10/1/19 - 3/31/20 | J857: =COUNTIF($A$368:$A$550,"<>") -> 183 | M857: DRY SEASON 1 | O857: 4/1/19 - 9/30/19 | Q857: =COUNTIF($A$185:$A$367,"<>") -> 183 | S857: Total measurements | U857: =U856*U855 -> 23392 | V857: DENOMINATOR FOR EXCEEDANCE % | AA857: Total measurements | AC857: =AC856*AC855 -> 11680 | AE857: Total measurements | AG857: =AG856*AG855 -> 11712 | AI857: Total measurements | AK857: =AK856*AK855 -> 23392 | AL857: =AL856*AL855 -> 5848 | AM857: =AM856*AM855 -> 6579 | AN857: =AN856*AN855 -> 4386 | AO857: =AO856*AO855 -> 6579 | AQ857: Total measurements | AS857: =AS856*AS855 -> 11680 | AT857: =AT856*AT855 -> 2920 | AU857: =AU856*AU855 -> 3285 | AV857: =AV856*AV855 -> 2190 | AW857: =AW856*AW855 -> 3285 | AY857: Total measurements | BA857: =BA856*BA855 -> 11712 | BB857: =BB856*BB855 -> 2928 | BC857: =BC856*BC855 -> 3294 | BD857: =BD856*BD855 -> 2196 | BE857: =BE856*BE855 -> 3294
F858: WET SEASON 3 | H858: 10/1/20 - 12/1/20 | J858: =COUNTIF($A$734:$A$795,"<>") -> 62 | M858: DRY SEASON 2 | O858: 4/1/20 - 9/30/20 | Q858: =COUNTIF($A$551:$A$733,"<>") -> 183 | S858: Measurements >= 18.42C | U858: =SUM($B$845:$AG$845) -> 10456 | V858: NUMERATOR FOR EXCEEDANCE % | AA858: Measurements >= 18.42C | AC858: =SUM($B$850:$AG$850) -> 741 | AE858: Measurements >= 18.42C | AG858: =SUM($B$851:$AG$851) -> 9715 | AI858: Measurements >= 18.42C | AK858: =SUM(B845:AG845) -> 10456 | AL858: =SUM(B845:I845) -> 2700 | AM858: =SUM(J845:R845) -> 2982 | AN858: =SUM(S845:X845) -> 1845 | AO858: =SUM(Y845:AG845) -> 2929 | AQ858: Measurements >= 18.42C | AS858: =SUM(B850:AG850) -> 741 | AT858: =SUM(B850:I850) -> 255 | AU858: =SUM(J850:R850) -> 202 | AV858: =SUM(S850:X850) -> 37 | AW858: =SUM(Y850:AG850) -> 247 | AY858: Measurements >= 18.42C | BA858: =SUM(B851:AG851) -> 9715 | BB858: =SUM(B851:I851) -> 2445 | BC858: =SUM(J851:R851) -> 2780 | BD858: =SUM(S851:X851) -> 1808 | BE858: =SUM(Y851:AG851) -> 2682 | BG858: CHECK counts: Total = Wet + Dry | BH858: =AND(U858=AC858+AG858,AK858=AS858+BA858,AL858=AT858+BB858,AM858=AU858+BC858,AN858=AV858+BD858,AO858=AW858+BE858) -> TRUE
S859: % Total Run Exceedances | U859: =U858/U857 -> 0.44699042 | AA859: % WET Exceedances | AC859: =AC858/AC857 -> 0.063441781 | AE859: % DRY Exceedances | AG859: =AG858/AG857 -> 0.82949112 | AI859: % Total Run Exceedances | AK859: =AK858/AK857 -> 0.44699042 | AL859: =AL858/AL857 -> 0.46169631 | AM859: =AM858/AM857 -> 0.45326037 | AN859: =AN858/AN857 -> 0.42065663 | AO859: =AO858/AO857 -> 0.44520444 | AQ859: % WET Exceedances | AS859: =AS858/AS857 -> 0.063441781 | AT859: =AT858/AT857 -> 0.087328767 | AU859: =AU858/AU857 -> 0.061491629 | AV859: =AV858/AV857 -> 0.016894977 | AW859: =AW858/AW857 -> 0.075190259 | AY859: % DRY Exceedances | BA859: =BA858/BA857 -> 0.82949112 | BB859: =BB858/BB857 -> 0.83504098 | BC859: =BC858/BC857 -> 0.84395871 | BD859: =BD858/BD857 -> 0.82331512 | BE859: =BE858/BE857 -> 0.81420765
A862: TOTAL EXCEEDANCES | B862: =COUNTIF(B$3:B$733,"<=18") -> 356 | C862: =COUNTIF(C$3:C$733,"<=18") -> 383 | D862: =COUNTIF(D$3:D$733,"<=18") -> 367 | E862: =COUNTIF(E$3:E$733,"<=18") -> 367 | F862: =COUNTIF(F$3:F$733,"<=18") -> 387 | G862: =COUNTIF(G$3:G$733,"<=18") -> 387 | H862: =COUNTIF(H$3:H$733,"<=18") -> 389 | I862: =COUNTIF(I$3:I$733,"<=18") -> 394 | ... AG862: =COUNTIF(AG$3:AG$733,"<=18") -> 355
A863: WET 1 | B863: =COUNTIF(B$3:B$184,"<=18") -> 156 | C863: =COUNTIF(C$3:C$184,"<=18") -> 162 | D863: =COUNTIF(D$3:D$184,"<=18") -> 158 | E863: =COUNTIF(E$3:E$184,"<=18") -> 158 | F863: =COUNTIF(F$3:F$184,"<=18") -> 162 | G863: =COUNTIF(G$3:G$184,"<=18") -> 162 | H863: =COUNTIF(H$3:H$184,"<=18") -> 163 | I863: =COUNTIF(I$3:I$184,"<=18") -> 169 | ... AG863: =COUNTIF(AG$3:AG$184,"<=18") -> 153 | AH863: OCT 2018 - MARCH 2019
A864: WET 2 | B864: =COUNTIF(B$368:B$550,"<=18") -> 163 | C864: =COUNTIF(C$368:C$550,"<=18") -> 163 | D864: =COUNTIF(D$368:D$550,"<=18") -> 162 | E864: =COUNTIF(E$368:E$550,"<=18") -> 163 | F864: =COUNTIF(F$368:F$550,"<=18") -> 168 | G864: =COUNTIF(G$368:G$550,"<=18") -> 167 | H864: =COUNTIF(H$368:H$550,"<=18") -> 167 | I864: =COUNTIF(I$368:I$550,"<=18") -> 167 | ... AG864: =COUNTIF(AG$368:AG$550,"<=18") -> 157 | AH864: OCT 2019 - MARCH 2020
A865: DRY 1 | B865: =COUNTIF(B$185:B$367,"<=18") -> 18 | C865: =COUNTIF(C$185:C$367,"<=18") -> 36 | D865: =COUNTIF(D$185:D$367,"<=18") -> 25 | E865: =COUNTIF(E$185:E$367,"<=18") -> 25 | F865: =COUNTIF(F$185:F$367,"<=18") -> 33 | G865: =COUNTIF(G$185:G$367,"<=18") -> 34 | H865: =COUNTIF(H$185:H$367,"<=18") -> 34 | I865: =COUNTIF(I$185:I$367,"<=18") -> 36 | ... AG865: =COUNTIF(AG$185:AG$367,"<=18") -> 33 | AH865: APRIL 2019 - SEPTEMBER 2019
A866: DRY 2 | B866: =COUNTIF(B$551:B$733,"<=18") -> 19 | C866: =COUNTIF(C$551:C$733,"<=18") -> 22 | D866: =COUNTIF(D$551:D$733,"<=18") -> 22 | E866: =COUNTIF(E$551:E$733,"<=18") -> 21 | F866: =COUNTIF(F$551:F$733,"<=18") -> 24 | G866: =COUNTIF(G$551:G$733,"<=18") -> 24 | H866: =COUNTIF(H$551:H$733,"<=18") -> 25 | I866: =COUNTIF(I$551:I$733,"<=18") -> 22 | ... AG866: =COUNTIF(AG$551:AG$733,"<=18") -> 12 | AH866: APRIL 2020 - SEPTEMBER 2020
A867: ALL WET | B867: =SUM(B$863,B$864) -> 319 | C867: =SUM(C$863,C$864) -> 325 | D867: =SUM(D$863,D$864) -> 320 | E867: =SUM(E$863,E$864) -> 321 | F867: =SUM(F$863,F$864) -> 330 | G867: =SUM(G$863,G$864) -> 329 | H867: =SUM(H$863,H$864) -> 330 | I867: =SUM(I$863,I$864) -> 336 | ... AG867: =SUM(AG$863,AG$864) -> 310
A868: ALL DRY | B868: =SUM(B$865,B$866) -> 37 | C868: =SUM(C$865,C$866) -> 58 | D868: =SUM(D$865,D$866) -> 47 | E868: =SUM(E$865,E$866) -> 46 | F868: =SUM(F$865,F$866) -> 57 | G868: =SUM(G$865,G$866) -> 58 | H868: =SUM(H$865,H$866) -> 59 | I868: =SUM(I$865,I$866) -> 58 | ... AG868: =SUM(AG$865,AG$866) -> 45
D870: Day Use <18C | F870: THRESHOLD: 18C | S870: SP DAY USE (<18C) | AA870: SP DAY USE (<18C) | AE870: SP DAY USE (<18C) | AI870: SP DAY USE (<18C) | AQ870: SP DAY USE (<18C) | AY870: SP DAY USE (<18C)
F871: WET SEASON | S871: TOTAL RUN | AA871: WET SEASONS | AE871: DRY SEASONS | AI871: TOTAL RUN | AK871: Delta-Wide | AL871: Suisun | AM871: Central Delta | AN871: North Delta | AO871: South Delta | AQ871: WET SEASONS | AS871: Delta-Wide | AT871: Suisun | AU871: Central Delta | AV871: North Delta | AW871: South Delta | AY871: DRY SEASONS | BA871: Delta-Wide | BB871: Suisun | BC871: Central Delta | BD871: North Delta | BE871: South Delta
F872: OCTOBER 1 - MARCH 31 | M872: DRY SEASON | S872: Total points | U872: =COUNTIF($B$2:$AG$2,"<>") -> 32 | AA872: Total points | AC872: =$U$872 -> 32 | AE872: Total points | AG872: =$U$872 -> 32 | AI872: Total points | AK872: =COUNTIF($B$2:$AG$2,"<>") -> 32 | AL872: =COUNTIF($B$2:$I$2,"<>") -> 8 | AM872: =COUNTIF($J$2:$R$2,"<>") -> 9 | AN872: =COUNTIF($S$2:$X$2,"<>") -> 6 | AO872: =COUNTIF($Y$2:$AG$2,"<>") -> 9 | AQ872: Total points | AS872: =COUNTIF($B$2:$AG$2,"<>") -> 32 | AT872: =COUNTIF($B$2:$I$2,"<>") -> 8 | AU872: =COUNTIF($J$2:$R$2,"<>") -> 9 | AV872: =COUNTIF($S$2:$X$2,"<>") -> 6 | AW872: =COUNTIF($Y$2:$AG$2,"<>") -> 9 | AY872: Total points | BA872: =COUNTIF($B$2:$AG$2,"<>") -> 32 | BB872: =COUNTIF($B$2:$I$2,"<>") -> 8 | BC872: =COUNTIF($J$2:$R$2,"<>") -> 9 | BD872: =COUNTIF($S$2:$X$2,"<>") -> 6 | BE872: =COUNTIF($Y$2:$AG$2,"<>") -> 9
F873: WET SEASON 1 | H873: 10/1/18 - 3/31/19 | J873: =COUNTIF($A$3:$A$184,"<>") -> 182 | M873: APRIL 1 - SEPTEMBER 30 | S873: Days in run | U873: =COUNTIF($A$3:$A$733,"<>") -> 731 | AA873: Days in run | AC873: =SUM($J$873:$J$874) -> 365 | AE873: Days in run | AG873: =SUM($Q$874:$Q$875) -> 366 | AI873: Days in run | AK873: =$U$873 -> 731 | AL873: =$U$873 -> 731 | AM873: =$U$873 -> 731 | AN873: =$U$873 -> 731 | AO873: =$U$873 -> 731 | AQ873: Days in run | AS873: =$AC$873 -> 365 | AT873: =$AC$873 -> 365 | AU873: =$AC$873 -> 365 | AV873: =$AC$873 -> 365 | AW873: =$AC$873 -> 365 | AY873: Days in run | BA873: =$AG$873 -> 366 | BB873: =$AG$873 -> 366 | BC873: =$AG$873 -> 366 | BD873: =$AG$873 -> 366 | BE873: =$AG$873 -> 366 | BG873: CHECK days: Total = Wet + Dry | BH873: =AND(U873=AC873+AG873,U873=731,AC873=365,AG873=366) -> TRUE
F874: WET SEASON 2 | H874: 10/1/19 - 3/31/20 | J874: =COUNTIF($A$368:$A$550,"<>") -> 183 | M874: DRY SEASON 1 | O874: 4/1/19 - 9/30/19 | Q874: =COUNTIF($A$185:$A$367,"<>") -> 183 | S874: Total measurements | U874: =U873*U872 -> 23392 | V874: DENOMINATOR FOR EXCEEDANCE % | AA874: Total measurements | AC874: =AC873*AC872 -> 11680 | AE874: Total measurements | AG874: =AG873*AG872 -> 11712 | AI874: Total measurements | AK874: =AK873*AK872 -> 23392 | AL874: =AL873*AL872 -> 5848 | AM874: =AM873*AM872 -> 6579 | AN874: =AN873*AN872 -> 4386 | AO874: =AO873*AO872 -> 6579 | AQ874: Total measurements | AS874: =AS873*AS872 -> 11680 | AT874: =AT873*AT872 -> 2920 | AU874: =AU873*AU872 -> 3285 | AV874: =AV873*AV872 -> 2190 | AW874: =AW873*AW872 -> 3285 | AY874: Total measurements | BA874: =BA873*BA872 -> 11712 | BB874: =BB873*BB872 -> 2928 | BC874: =BC873*BC872 -> 3294 | BD874: =BD873*BD872 -> 2196 | BE874: =BE873*BE872 -> 3294
F875: WET SEASON 3 | H875: 10/1/20 - 12/1/20 | J875: =COUNTIF($A$734:$A$795,"<>") -> 62 | M875: DRY SEASON 2 | O875: 4/1/20 - 9/30/20 | Q875: =COUNTIF($A$551:$A$733,"<>") -> 183 | S875: Measurements <= 18C | U875: =SUM($B$862:$AG$862) -> 12524 | V875: NUMERATOR FOR EXCEEDANCE % | AA875: Measurements <= 18C | AC875: =SUM($B$867:$AG$867) -> 10740 | AE875: Measurements <= 18C | AG875: =SUM($B$868:$AG$868) -> 1784 | AI875: Measurements <= 18C | AK875: =SUM(B862:AG862) -> 12524 | AL875: =SUM(B862:I862) -> 3030 | AM875: =SUM(J862:R862) -> 3480 | AN875: =SUM(S862:X862) -> 2463 | AO875: =SUM(Y862:AG862) -> 3551 | AQ875: Measurements <= 18C | AS875: =SUM(B867:AG867) -> 10740 | AT875: =SUM(B867:I867) -> 2610 | AU875: =SUM(J867:R867) -> 3018 | AV875: =SUM(S867:X867) -> 2133 | AW875: =SUM(Y867:AG867) -> 2979 | AY875: Measurements <= 18C | BA875: =SUM(B868:AG868) -> 1784 | BB875: =SUM(B868:I868) -> 420 | BC875: =SUM(J868:R868) -> 462 | BD875: =SUM(S868:X868) -> 330 | BE875: =SUM(Y868:AG868) -> 572 | BG875: CHECK counts: Total = Wet + Dry | BH875: =AND(U875=AC875+AG875,AK875=AS875+BA875,AL875=AT875+BB875,AM875=AU875+BC875,AN875=AV875+BD875,AO875=AW875+BE875) -> TRUE
S876: % Total Run Exceedances | U876: =U875/U874 -> 0.53539672 | AA876: % WET Exceedances | AC876: =AC875/AC874 -> 0.91952055 | AE876: % DRY Exceedances | AG876: =AG875/AG874 -> 0.1523224 | AI876: % Total Run Exceedances | AK876: =AK875/AK874 -> 0.53539672 | AL876: =AL875/AL874 -> 0.51812585 | AM876: =AM875/AM874 -> 0.52895577 | AN876: =AN875/AN874 -> 0.56155951 | AO876: =AO875/AO874 -> 0.53974768 | AQ876: % WET Exceedances | AS876: =AS875/AS874 -> 0.91952055 | AT876: =AT875/AT874 -> 0.89383562 | AU876: =AU875/AU874 -> 0.91872146 | AV876: =AV875/AV874 -> 0.9739726 | AW876: =AW875/AW874 -> 0.90684932 | AY876: % DRY Exceedances | BA876: =BA875/BA874 -> 0.1523224 | BB876: =BB875/BB874 -> 0.14344262 | BC876: =BC875/BC874 -> 0.14025501 | BD876: =BD875/BD874 -> 0.15027322 | BE876: =BE875/BE874 -> 0.17364906

Sheet Eco Machine
B1: Suisun | J1: Central Delta | S1: North Delta | Y1: South Delta
A2: Date | B2: CHADBOURNE SLOUGH AT SUNRISE DUCK CLUB | C2: MONTEZUMA SLOUGH AT NATIONAL STEEL | D2: MONTEZUMA SLOUGH NEAR BELDENS LANDING | E2: SUISUN SLOUGH 300' SOUTH OF VOLANTI SLOUGH | F2: HONKER BAY | G2: SUISUN BAY AT VAN SICKLE ISLAND | H2: SUISUN BAY WEST REACH | I2: GRIZZLY BAY BUOY | J2: DUTCH SL BELOW JERSEY ISLAND | K2: FALSE RIVER NEAR OAKLEY | L2: OLD RIVER AT FRANKS TRACT | M2: PITTSBURG | N2: SACRAMENTO RIVER AT EMMATON | O2: SAN ANDREAS LANDING | P2: SAN JOAQUIN RIVER AT JERSEY POINT | Q2: SUISUN BAY AT CHANNEL MARKER 5 AT COLLINSVILLE | R2: BRANNAN MARINAS AT SAN JOAQUIN RIVER | S2: LIBERTY CUT AT FIVE POINTS | T2: CACHE SLOUGH ABOVE RYER ISLAND FERRY | U2: DELTA CROSS CHANNEL NEAR WALNUT GROVE | V2: SACRAMENTO RIVER DOWNSTREAM OF ISLETON | W2: COURTLAND AT SACRAMENTO RIVER | X2: VIERAS RESORT AT SACRAMENTO RIVER | Y2: GRANT LINE CANAL NEAR CLIFTON COURT FORE | Z2: LITTLE POTATO SLOUGH AT TERMINOUS | AA2: MIDDLE RIVER AT MILDRED ISLAND | AB2: OLD RIVER AT CLIFTON COURT | AC2: SAN JOAQUIN RIVER AT BRANDT BRIDGE | AD2: SAN JOAQUIN RIVER AT PRISONERS POINT | AE2: SAN JOAQUIN RIVER NEAR VERNALIS | AF2: SAN JOAQUIN RVER AT ROUGH AND READY ISLAND | AG2: VICTORIA CANAL BEFORE CLIFTON COURT FORE
A3: 43374 | B3: 19.676683 | C3: 19.276363 | D3: 19.204178 | E3: 19.169842 | F3: 19.054743 | G3: 19.077745 | H3: 18.878794 | I3: 18.743408 | J3: 20.367407 | K3: 20.02423 | L3: 20.078543 | M3: 19.092413 | N3: 19.440033 | O3: 19.87953 | P3: 19.901028 | Q3: 19.170153 | R3: 20.026682 | S3: 19.441168 | T3: 19.139637 | U3: 18.38393 | V3: 18.955421 | W3: 18.207735 | X3: 18.849436 | Y3: 21.687038 | Z3: 20.409702 | AA3: 20.622236 | AB3: 21.105467 | AC3: 22.349724 | AD3: 19.979807 | AE3: 21.385107 | AF3: 22.50983 | AG3: 21.407185
A4: 43375 | B4: 20.35853 | C4: 19.604338 | D4: 19.644716 | E4: 19.683617 | F4: 19.350739 | G4: 19.248205 | H4: 19.051401 | I4: 19.312721 | J4: 20.690012 | K4: 20.100107 | L4: 20.205956 | M4: 19.262838 | N4: 19.576418 | O4: 19.980434 | P4: 19.986319 | Q4: 19.33776 | R4: 20.097082 | S4: 19.937365 | T4: 19.329643 | U4: 18.43815 | V4: 19.049402 | W4: 18.24211 | X4: 18.883547 | Y4: 21.585817 | Z4: 20.416574 | AA4: 20.588717 | AB4: 21.02459 | AC4: 22.287636 | AD4: 20.067461 | AE4: 21.628126 | AF4: 22.436628 | AG4: 21.259886
A5: 43376 | B5: 20.691572 | C5: 19.892342 | D5: 20.013468 | E5: 20.098177 | F5: 19.518538 | G5: 19.404737 | H5: 19.234312 | I5: 19.67924 | J5: 20.816874 | K5: 20.159039 | L5: 20.24667 | M5: 19.423769 | N5: 19.66778 | O5: 19.97458 | P5: 20.066462 | Q5: 19.486567 | R5: 20.122374 | S5: 20.374685 | T5: 19.52532 | U5: 18.43536 | V5: 19.125486 | W5: 18.210905 | X5: 18.931412 | Y5: 21.582579 | Z5: 20.363792 | AA5: 20.660183 | AB5: 21.07255 | AC5: 22.294647 | AD5: 20.13094 | AE5: 21.69896 | AF5: 22.415194 | AG5: 21.277288
A6: 43377 | B6: 20.548878 | C6: 19.978386 | D6: 20.127737 | E6: 20.21279 | F6: 19.491457 | G6: 19.465082 | H6: 19.301176 | I6: 19.676758 | J6: 20.609365 | K6: 20.11088 | L6: 20.157923 | M6: 19.481874 | N6: 19.617685 | O6: 19.853922 | P6: 20.026052 | Q6: 19.535807 | R6: 20.041878 | S6: 20.099281 | T6: 19.470812 | U6: 18.292679 | V6: 18.967802 | W6: 18.072111 | X6: 18.747404 | Y6: 21.50788 | Z6: 20.26082 | AA6: 20.6705 | AB6: 21.07941 | AC6: 22.177668 | AD6: 20.07107 | AE6: 21.5 | AF6: 22.358667 | AG6: 21.166065
A7: 43378 | B7: 20.039656 | C7: 19.756346 | D7: 19.826002 | E7: 19.881187 | F7: 19.295103 | G7: 19.382927 | H7: 19.220766 | I7: 19.275148 | J7: 20.222887 | K7: 19.987108 | L7: 19.990225 | M7: 19.406326 | N7: 19.489107 | O7: 19.610807 | P7: 19.916725 | Q7: 19.433672 | R7: 19.863188 | S7: 19.435472 | T7: 19.152174 | U7: 18.115185 | V7: 18.66025 | W7: 17.922426 | X7: 18.445063 | Y7: 21.344795 | Z7: 20.082907 | AA7: 20.571753 | AB7: 20.946388 | AC7: 21.89202 | AD7: 19.91848 | AE7: 20.830208 | AF7: 22.21152 | AG7: 20.983767
A8: 43379 | B8: 20.246504 | C8: 19.796274 | D8: 19.877195 | E8: 19.964037 | F8: 19.378742 | G8: 19.416233 | H8: 19.243294 | I8: 19.322664 | J8: 20.110628 | K8: 19.93249 | L8: 19.867853 | M8: 19.435175 | N8: 19.454283 | O8: 19.532751 | P8: 19.873327 | Q8: 19.450724 | R8: 19.786573 | S8: 19.487505 | T8: 19.109901 | U8: 18.03303 | V8: 18.705832 | W8: 17.766592 | X8: 18.512468 | Y8: 21.08381 | Z8: 19.9429 | AA8: 20.405699 | AB8: 20.76426 | AC8: 21.543879 | AD8: 19.81258 | AE8: 20.447916 | AF8: 22.008257 | AG8: 20.797583
A9: 43380 | B9: 20.035072 | C9: 19.74305 | D9: 19.805447 | E9: 19.912077 | F9: 19.26147 | G9: 19.374708 | H9: 19.212427 | I9: 19.14652 | J9: 19.425535 | K9: 19.643204 | L9: 19.530375 | M9: 19.397512 | N9: 19.19351 | O9: 19.245705 | P9: 19.617268 | Q9: 19.388744 | R9: 19.505047 | S9: 19.15101 | T9: 18.890158 | U9: 17.551088 | V9: 18.483187 | W9: 17.359125 | X9: 18.274725 | Y9: 20.199947 | Z9: 19.353569 | AA9: 19.829342 | AB9: 19.933249 | AC9: 20.333305 | AD9: 19.5209 | AE9: 19.233334 | AF9: 21.179012 | AG9: 19.858484
A10: 43381 | B10: 20.198298 | C10: 19.71369 | D10: 19.78785 | E10: 19.887026 | F10: 19.323551 | G10: 19.358107 | H10: 19.184565 | I10: 19.180876 | J10: 19.026693 | K10: 19.462362 | L10: 19.326853 | M10: 19.3711 | N10: 19.110792 | O10: 19.105925 | P10: 19.438868 | Q10: 19.362131 | R10: 19.347027 | S10: 18.804743 | T10: 18.638199 | U10: 17.285965 | V10: 18.26499 | W10: 17.148865 | X10: 18.016909 | Y10: 19.677511 | Z10: 19.015322 | AA10: 19.574774 | AB10: 19.49624 | AC10: 19.510328 | AD10: 19.274729 | AE10: 18.642708 | AF10: 20.650728 | AG10: 19.395401
A11: 43382 | B11: 20.385683 | C11: 19.768515 | D11: 19.858614 | E11: 19.966692 | F11: 19.319374 | G11: 19.39519 | H11: 19.197737 | I11: 19.330706 | J11: 19.303043 | K11: 19.48045 | L11: 19.354853 | M11: 19.407658 | N11: 19.18122 | O11: 19.16562 | P11: 19.469553 | Q11: 19.412436 | R11: 19.387362 | S11: 18.795244 | T11: 18.529898 | U11: 17.285995 | V11: 18.216642 | W11: 17.119337 | X11: 17.951189 | Y11: 19.755936 | Z11: 19.035727 | AA11: 19.617498 | AB11: 19.648981 | AC11: 19.372133 | AD11: 19.261686 | AE11: 18.9125 | AF11: 20.552677 | AG11: 19.675444
A12: 43383 | B12: 19.58184 | C12: 19.431957 | D12: 19.39304 | E12: 19.438313 | F12: 18.993793 | G12: 19.17546 | H12: 18.959246 | I12: 18.755274 | J12: 19.155827 | K12: 19.35037 | L12: 19.234812 | M12: 19.19282 | N12: 19.04072 | O12: 19.05609 | P12: 19.331415 | Q12: 19.208641 | R12: 19.288166 | S12: 18.366385 | T12: 18.284088 | U12: 17.24816 | V12: 17.993637 | W12: 17.214838 | X12: 17.736015 | Y12: 19.830835 | Z12: 18.841978 | AA12: 19.609453 | AB12: 19.75285 | AC12: 19.322119 | AD12: 19.148508 | AE12: 19.247917 | AF12: 20.474472 | AG12: 19.819994
A13: 43384 | B13: 18.852755 | C13: 19.012375 | D13: 18.859238 | E13: 18.84269 | F13: 18.650442 | G13: 18.90011 | H13: 18.694635 | I13: 18.124235 | J13: 18.767859 | K13: 19.13766 | L13: 19.016035 | M13: 18.919634 | N13: 18.785028 | O13: 18.759424 | P13: 19.109953 | Q13: 18.931782 | R13: 19.049688 | S13: 17.770002 | T13: 17.906088 | U13: 17.27101 | V13: 17.641878 | W13: 17.253632 | X13: 17.414661 | Y13: 19.823666 | Z13: 18.55139 | AA13: 19.552263 | AB13: 19.755964 | AC13: 19.314526 | AD13: 18.933718 | AE13: 19.247917 | AF13: 20.318213 | AG13: 19.835878
A14: 43385 | B14: 18.862337 | C14: 18.865473 | D14: 18.70161 | E14: 18.654703 | F14: 18.634806 | G14: 18.79215 | H14: 18.6051 | I14: 18.060886 | J14: 18.66458 | K14: 19.035612 | L14: 18.88838 | M14: 18.806728 | N14: 18.65399 | O14: 18.58001 | P14: 19.005882 | Q14: 18.812408 | R14: 18.880953 | S14: 17.779945 | T14: 17.765734 | U14: 17.343489 | V14: 17.605795 | W14: 17.329996 | X14: 17.479912 | Y14: 19.755405 | Z14: 18.482939 | AA14: 19.441631 | AB14: 19.704563 | AC14: 19.310997 | AD14: 18.785202 | AE14: 19.136457 | AF14: 20.116932 | AG14: 19.781263
... A795: 44166 | B795: 9.321292 | C795: 11.162491 | D795: 9.775291 | E795: 9.604683 | F795: 10.803072 | G795: 11.237329 | H795: 11.267261 | I795: 9.645882 | J795: 10.243812 | K795: 11.48698 | L795: 11.471183 | M795: 11.267945 | N795: 10.947698 | O795: 10.566823 | P795: 11.531491 | Q795: 11.166652 | R795: 11.137828 | S795: 8.969864 | T795: 10.101359 | U795: 10.109407 | V795: 9.99348 | W795: 9.960386 | X795: 9.990428 | Y795: 9.85784 | Z795: 10.399309 | AA795: 11.053988 | AB795: 10.558542 | AC795: 9.678026 | AD795: 11.423812 | AE795: 9.7 | AF795: 10.646533 | AG795: 10.499966
A796: TOTAL EXCEEDANCES | B796: =COUNTIF(B$3:B$733,">=19") -> 331 | C796: =COUNTIF(C$3:C$733,">=19") -> 321 | D796: =COUNTIF(D$3:D$733,">=19") -> 320 | E796: =COUNTIF(E$3:E$733,">=19") -> 317 | F796: =COUNTIF(F$3:F$733,">=19") -> 303 | G796: =COUNTIF(G$3:G$733,">=19") -> 307 | H796: =COUNTIF(H$3:H$733,">=19") -> 297 | I796: =COUNTIF(I$3:I$733,">=19") -> 300 | ... AG796: =COUNTIF(AG$3:AG$733,">=19") -> 341
A797: WET 1 | B797: =COUNTIF(B$3:B$184,">=19") -> 10 | C797: =COUNTIF(C$3:C$184,">=19") -> 11 | D797: =COUNTIF(D$3:D$184,">=19") -> 10 | E797: =COUNTIF(E$3:E$184,">=19") -> 10 | F797: =COUNTIF(F$3:F$184,">=19") -> 9 | G797: =COUNTIF(G$3:G$184,">=19") -> 10 | H797: =COUNTIF(H$3:H$184,">=19") -> 8 | I797: =COUNTIF(I$3:I$184,">=19") -> 8 | ... AG797: =COUNTIF(AG$3:AG$184,">=19") -> 15 | AH797: OCT 2018 - MARCH 2019
A798: WET 2 | B798: =COUNTIF(B$368:B$550,">=19") -> 11 | C798: =COUNTIF(C$368:C$550,">=19") -> 12 | D798: =COUNTIF(D$368:D$550,">=19") -> 9 | E798: =COUNTIF(E$368:E$550,">=19") -> 9 | F798: =COUNTIF(F$368:F$550,">=19") -> 13 | G798: =COUNTIF(G$368:G$550,">=19") -> 11 | H798: =COUNTIF(H$368:H$550,">=19") -> 13 | I798: =COUNTIF(I$368:I$550,">=19") -> 7 | ... AG798: =COUNTIF(AG$368:AG$550,">=19") -> 17 | AH798: OCT 2019 - MARCH 2020
A799: DRY 1 | B799: =COUNTIF(B$185:B$367,">=19") -> 150 | C799: =COUNTIF(C$185:C$367,">=19") -> 139 | D799: =COUNTIF(D$185:D$367,">=19") -> 141 | E799: =COUNTIF(E$185:E$367,">=19") -> 142 | F799: =COUNTIF(F$185:F$367,">=19") -> 127 | G799: =COUNTIF(G$185:G$367,">=19") -> 130 | H799: =COUNTIF(H$185:H$367,">=19") -> 127 | I799: =COUNTIF(I$185:I$367,">=19") -> 134 | ... AG799: =COUNTIF(AG$185:AG$367,">=19") -> 141 | AH799: APRIL 2019 - SEPTEMBER 2019
A800: DRY 2 | B800: =COUNTIF(B$551:B$733,">=19") -> 160 | C800: =COUNTIF(C$551:C$733,">=19") -> 159 | D800: =COUNTIF(D$551:D$733,">=19") -> 160 | E800: =COUNTIF(E$551:E$733,">=19") -> 156 | F800: =COUNTIF(F$551:F$733,">=19") -> 154 | G800: =COUNTIF(G$551:G$733,">=19") -> 156 | H800: =COUNTIF(H$551:H$733,">=19") -> 149 | I800: =COUNTIF(I$551:I$733,">=19") -> 151 | ... AG800: =COUNTIF(AG$551:AG$733,">=19") -> 168 | AH800: APRIL 2020 - SEPTEMBER 2020
A801: ALL WET | B801: =SUM(B$797,B$798) -> 21 | C801: =SUM(C$797,C$798) -> 23 | D801: =SUM(D$797,D$798) -> 19 | E801: =SUM(E$797,E$798) -> 19 | F801: =SUM(F$797,F$798) -> 22 | G801: =SUM(G$797,G$798) -> 21 | H801: =SUM(H$797,H$798) -> 21 | I801: =SUM(I$797,I$798) -> 15 | ... AG801: =SUM(AG$797,AG$798) -> 32
A802: ALL DRY | B802: =SUM(B$799,B$800) -> 310 | C802: =SUM(C$799,C$800) -> 298 | D802: =SUM(D$799,D$800) -> 301 | E802: =SUM(E$799,E$800) -> 298 | F802: =SUM(F$799,F$800) -> 281 | G802: =SUM(G$799,G$800) -> 286 | H802: =SUM(H$799,H$800) -> 276 | I802: =SUM(I$799,I$800) -> 285 | ... AG802: =SUM(AG$799,AG$800) -> 309
D805: Day Use & Boating 19C | F805: THRESHOLD: 19C | S805: SP DAY USE & BOATING | AA805: SP DAY USE & BOATING | AE805: SP DAY USE & BOATING | AI805: SP DAY USE & BOATING | AQ805: SP DAY USE & BOATING | AY805: SP DAY USE & BOATING
F806: WET SEASON | S806: TOTAL RUN | AA806: WET SEASONS | AE806: DRY SEASONS | AI806: TOTAL RUN | AK806: Delta-Wide | AL806: Suisun | AM806: Central Delta | AN806: North Delta | AO806: South Delta | AQ806: WET SEASONS | AS806: Delta-Wide | AT806: Suisun | AU806: Central Delta | AV806: North Delta | AW806: South Delta | AY806: DRY SEASONS | BA806: Delta-Wide | BB806: Suisun | BC806: Central Delta | BD806: North Delta | BE806: South Delta
F807: OCTOBER 1 - MARCH 31 | M807: DRY SEASON | S807: Total points | U807: =COUNTIF($B$2:$AG$2,"<>") -> 32 | AA807: Total points | AC807: =$U$807 -> 32 | AE807: Total points | AG807: =$U$807 -> 32 | AI807: Total points | AK807: =COUNTIF($B$2:$AG$2,"<>") -> 32 | AL807: =COUNTIF($B$2:$I$2,"<>") -> 8 | AM807: =COUNTIF($J$2:$R$2,"<>") -> 9 | AN807: =COUNTIF($S$2:$X$2,"<>") -> 6 | AO807: =COUNTIF($Y$2:$AG$2,"<>") -> 9 | AQ807: Total points | AS807: =COUNTIF($B$2:$AG$2,"<>") -> 32 | AT807: =COUNTIF($B$2:$I$2,"<>") -> 8 | AU807: =COUNTIF($J$2:$R$2,"<>") -> 9 | AV807: =COUNTIF($S$2:$X$2,"<>") -> 6 | AW807: =COUNTIF($Y$2:$AG$2,"<>") -> 9 | AY807: Total points | BA807: =COUNTIF($B$2:$AG$2,"<>") -> 32 | BB807: =COUNTIF($B$2:$I$2,"<>") -> 8 | BC807: =COUNTIF($J$2:$R$2,"<>") -> 9 | BD807: =COUNTIF($S$2:$X$2,"<>") -> 6 | BE807: =COUNTIF($Y$2:$AG$2,"<>") -> 9
F808: WET SEASON 1 | H808: 10/1/18 - 3/31/19 | J808: =COUNTIF($A$3:$A$184,"<>") -> 182 | M808: APRIL 1 - SEPTEMBER 30 | S808: Days in run | U808: =COUNTIF($A$3:$A$733,"<>") -> 731 | AA808: Days in run | AC808: =SUM($J$808:$J$809) -> 365 | AE808: Days in run | AG808: =SUM($Q$809:$Q$810) -> 366 | AI808: Days in run | AK808: =$U$808 -> 731 | AL808: =$U$808 -> 731 | AM808: =$U$808 -> 731 | AN808: =$U$808 -> 731 | AO808: =$U$808 -> 731 | AQ808: Days in run | AS808: =$AC$808 -> 365 | AT808: =$AC$808 -> 365 | AU808: =$AC$808 -> 365 | AV808: =$AC$808 -> 365 | AW808: =$AC$808 -> 365 | AY808: Days in run | BA808: =$AG$808 -> 366 | BB808: =$AG$808 -> 366 | BC808: =$AG$808 -> 366 | BD808: =$AG$808 -> 366 | BE808: =$AG$808 -> 366 | BG808: CHECK days: Total = Wet + Dry | BH808: =AND(U808=AC808+AG808,U808=731,AC808=365,AG808=366) -> TRUE
F809: WET SEASON 2 | H809: 10/1/19 - 3/31/20 | J809: =COUNTIF($A$368:$A$550,"<>") -> 183 | M809: DRY SEASON 1 | O809: 4/1/19 - 9/30/19 | Q809: =COUNTIF($A$185:$A$367,"<>") -> 183 | S809: Total measurements | U809: =U808*U807 -> 23392 | V809: DENOMINATOR FOR EXCEEDANCE % | AA809: Total measurements | AC809: =AC808*AC807 -> 11680 | AE809: Total measurements | AG809: =AG808*AG807 -> 11712 | AI809: Total measurements | AK809: =AK808*AK807 -> 23392 | AL809: =AL808*AL807 -> 5848 | AM809: =AM808*AM807 -> 6579 | AN809: =AN808*AN807 -> 4386 | AO809: =AO808*AO807 -> 6579 | AQ809: Total measurements | AS809: =AS808*AS807 -> 11680 | AT809: =AT808*AT807 -> 2920 | AU809: =AU808*AU807 -> 3285 | AV809: =AV808*AV807 -> 2190 | AW809: =AW808*AW807 -> 3285 | AY809: Total measurements | BA809: =BA808*BA807 -> 11712 | BB809: =BB808*BB807 -> 2928 | BC809: =BC808*BC807 -> 3294 | BD809: =BD808*BD807 -> 2196 | BE809: =BE808*BE807 -> 3294
F810: WET SEASON 3 | H810: 10/1/20 - 12/1/20 | J810: =COUNTIF($A$734:$A$795,"<>") -> 62 | M810: DRY SEASON 2 | O810: 4/1/20 - 9/30/20 | Q810: =COUNTIF($A$551:$A$733,"<>") -> 183 | S810: Measurements >= 19C | U810: =SUM($B$796:$AG$796) -> 9838 | V810: NUMERATOR FOR EXCEEDANCE % | AA810: Measurements >= 19C | AC810: =SUM($B$801:$AG$801) -> 500 | AE810: Measurements >= 19C | AG810: =SUM($B$802:$AG$802) -> 9338 | AI810: Measurements >= 19C | AK810: =SUM(B796:AG796) -> 9838 | AL810: =SUM(B796:I796) -> 2496 | AM810: =SUM(J796:R796) -> 2830 | AN810: =SUM(S796:X796) -> 1718 | AO810: =SUM(Y796:AG796) -> 2794 | AQ810: Measurements >= 19C | AS810: =SUM(B801:AG801) -> 500 | AT810: =SUM(B801:I801) -> 161 | AU810: =SUM(J801:R801) -> 150 | AV810: =SUM(S801:X801) -> 16 | AW810: =SUM(Y801:AG801) -> 173 | AY810: Measurements >= 19C | BA810: =SUM(B802:AG802) -> 9338 | BB810: =SUM(B802:I802) -> 2335 | BC810: =SUM(J802:R802) -> 2680 | BD810: =SUM(S802:X802) -> 1702 | BE810: =SUM(Y802:AG802) -> 2621 | BG810: CHECK counts: Total = Wet + Dry | BH810: =AND(U810=AC810+AG810,AK810=AS810+BA810,AL810=AT810+BB810,AM810=AU810+BC810,AN810=AV810+BD810,AO810=AW810+BE810) -> TRUE
S811: % Total Run Exceedances | U811: =U810/U809 -> 0.42057114 | AA811: % WET Exceedances | AC811: =AC810/AC809 -> 0.042808219 | AE811: % DRY Exceedances | AG811: =AG810/AG809 -> 0.79730191 | AI811: % Total Run Exceedances | AK811: =AK810/AK809 -> 0.42057114 | AL811: =AL810/AL809 -> 0.42681259 | AM811: =AM810/AM809 -> 0.43015656 | AN811: =AN810/AN809 -> 0.39170087 | AO811: =AO810/AO809 -> 0.4246846 | AQ811: % WET Exceedances | AS811: =AS810/AS809 -> 0.042808219 | AT811: =AT810/AT809 -> 0.055136986 | AU811: =AU810/AU809 -> 0.0456621 | AV811: =AV810/AV809 -> 0.0073059361 | AW811: =AW810/AW809 -> 0.052663623 | AY811: % DRY Exceedances | BA811: =BA810/BA809 -> 0.79730191 | BB811: =BB810/BB809 -> 0.79747268 | BC811: =BC810/BC809 -> 0.81360049 | BD811: =BD810/BD809 -> 0.77504554 | BE811: =BE810/BE809 -> 0.79568913
A813: TOTAL EXCEEDANCES | B813: =COUNTIF(B$3:B$733,">=20") -> 296 | C813: =COUNTIF(C$3:C$733,">=20") -> 263 | D813: =COUNTIF(D$3:D$733,">=20") -> 278 | E813: =COUNTIF(E$3:E$733,">=20") -> 280 | F813: =COUNTIF(F$3:F$733,">=20") -> 249 | G813: =COUNTIF(G$3:G$733,">=20") -> 253 | H813: =COUNTIF(H$3:H$733,">=20") -> 247 | I813: =COUNTIF(I$3:I$733,">=20") -> 254 | ... AG813: =COUNTIF(AG$3:AG$733,">=20") -> 304
A814: WET 1 | B814: =COUNTIF(B$3:B$184,">=20") -> 8 | C814: =COUNTIF(C$3:C$184,">=20") -> 0 | D814: =COUNTIF(D$3:D$184,">=20") -> 2 | E814: =COUNTIF(E$3:E$184,">=20") -> 2 | F814: =COUNTIF(F$3:F$184,">=20") -> 0 | G814: =COUNTIF(G$3:G$184,">=20") -> 0 | H814: =COUNTIF(H$3:H$184,">=20") -> 0 | I814: =COUNTIF(I$3:I$184,">=20") -> 0 | ... AG814: =COUNTIF(AG$3:AG$184,">=20") -> 6 | AH814: OCT 2018 - MARCH 2019
A815: WET 2 | B815: =COUNTIF(B$368:B$550,">=20") -> 4 | C815: =COUNTIF(C$368:C$550,">=20") -> 0 | D815: =COUNTIF(D$368:D$550,">=20") -> 3 | E815: =COUNTIF(E$368:E$550,">=20") -> 3 | F815: =COUNTIF(F$368:F$550,">=20") -> 0 | G815: =COUNTIF(G$368:G$550,">=20") -> 0 | H815: =COUNTIF(H$368:H$550,">=20") -> 0 | I815: =COUNTIF(I$368:I$550,">=20") -> 2 | ... AG815: =COUNTIF(AG$368:AG$550,">=20") -> 5 | AH815: OCT 2019 - MARCH 2020
A816: DRY 1 | B816: =COUNTIF(B$185:B$367,">=20") -> 134 | C816: =COUNTIF(C$185:C$367,">=20") -> 117 | D816: =COUNTIF(D$185:D$367,">=20") -> 128 | E816: =COUNTIF(E$185:E$367,">=20") -> 129 | F816: =COUNTIF(F$185:F$367,">=20") -> 118 | G816: =COUNTIF(G$185:G$367,">=20") -> 119 | H816: =COUNTIF(H$185:H$367,">=20") -> 118 | I816: =COUNTIF(I$185:I$367,">=20") -> 121 | ... AG816: =COUNTIF(AG$185:AG$367,">=20") -> 129 | AH816: APRIL 2019 - SEPTEMBER 2019
A817: DRY 2 | B817: =COUNTIF(B$551:B$733,">=20") -> 150 | C817: =COUNTIF(C$551:C$733,">=20") -> 146 | D817: =COUNTIF(D$551:D$733,">=20") -> 145 | E817: =COUNTIF(E$551:E$733,">=20") -> 146 | F817: =COUNTIF(F$551:F$733,">=20") -> 131 | G817: =COUNTIF(G$551:G$733,">=20") -> 134 | H817: =COUNTIF(H$551:H$733,">=20") -> 129 | I817: =COUNTIF(I$551:I$733,">=20") -> 131 | ... AG817: =COUNTIF(AG$551:AG$733,">=20") -> 164 | AH817: APRIL 2020 - SEPTEMBER 2020
A818: ALL WET | B818: =SUM(B$814,B$815) -> 12 | C818: =SUM(C$814,C$815) -> 0 | D818: =SUM(D$814,D$815) -> 5 | E818: =SUM(E$814,E$815) -> 5 | F818: =SUM(F$814,F$815) -> 0 | G818: =SUM(G$814,G$815) -> 0 | H818: =SUM(H$814,H$815) -> 0 | I818: =SUM(I$814,I$815) -> 2 | ... AG818: =SUM(AG$814,AG$815) -> 11
A819: ALL DRY | B819: =SUM(B$816,B$817) -> 284 | C819: =SUM(C$816,C$817) -> 263 | D819: =SUM(D$816,D$817) -> 273 | E819: =SUM(E$816,E$817) -> 275 | F819: =SUM(F$816,F$817) -> 249 | G819: =SUM(G$816,G$817) -> 253 | H819: =SUM(H$816,H$817) -> 247 | I819: =SUM(I$816,I$817) -> 252 | ... AG819: =SUM(AG$816,AG$817) -> 293
D821: Birding 20C | F821: THRESHOLD: 20C | S821: BIRDING | AA821: BIRDING | AE821: BIRDING | AI821: BIRDING | AQ821: BIRDING | AY821: BIRDING
F822: WET SEASON | S822: TOTAL RUN | AA822: WET SEASONS | AE822: DRY SEASONS | AI822: TOTAL RUN | AK822: Delta-Wide | AL822: Suisun | AM822: Central Delta | AN822: North Delta | AO822: South Delta | AQ822: WET SEASONS | AS822: Delta-Wide | AT822: Suisun | AU822: Central Delta | AV822: North Delta | AW822: South Delta | AY822: DRY SEASONS | BA822: Delta-Wide | BB822: Suisun | BC822: Central Delta | BD822: North Delta | BE822: South Delta
F823: OCTOBER 1 - MARCH 31 | M823: DRY SEASON | S823: Total points | U823: =COUNTIF($B$2:$AG$2,"<>") -> 32 | AA823: Total points | AC823: =$U$823 -> 32 | AE823: Total points | AG823: =$U$823 -> 32 | AI823: Total points | AK823: =COUNTIF($B$2:$AG$2,"<>") -> 32 | AL823: =COUNTIF($B$2:$I$2,"<>") -> 8 | AM823: =COUNTIF($J$2:$R$2,"<>") -> 9 | AN823: =COUNTIF($S$2:$X$2,"<>") -> 6 | AO823: =COUNTIF($Y$2:$AG$2,"<>") -> 9 | AQ823: Total points | AS823: =COUNTIF($B$2:$AG$2,"<>") -> 32 | AT823: =COUNTIF($B$2:$I$2,"<>") -> 8 | AU823: =COUNTIF($J$2:$R$2,"<>") -> 9 | AV823: =COUNTIF($S$2:$X$2,"<>") -> 6 | AW823: =COUNTIF($Y$2:$AG$2,"<>") -> 9 | AY823: Total points | BA823: =COUNTIF($B$2:$AG$2,"<>") -> 32 | BB823: =COUNTIF($B$2:$I$2,"<>") -> 8 | BC823: =COUNTIF($J$2:$R$2,"<>") -> 9 | BD823: =COUNTIF($S$2:$X$2,"<>") -> 6 | BE823: =COUNTIF($Y$2:$AG$2,"<>") -> 9
F824: WET SEASON 1 | H824: 10/1/18 - 3/31/19 | J824: =COUNTIF($A$3:$A$184,"<>") -> 182 | M824: APRIL 1 - SEPTEMBER 30 | S824: Days in run | U824: =COUNTIF($A$3:$A$733,"<>") -> 731 | AA824: Days in run | AC824: =SUM($J$824:$J$825) -> 365 | AE824: Days in run | AG824: =SUM($Q$825:$Q$826) -> 366 | AI824: Days in run | AK824: =$U$824 -> 731 | AL824: =$U$824 -> 731 | AM824: =$U$824 -> 731 | AN824: =$U$824 -> 731 | AO824: =$U$824 -> 731 | AQ824: Days in run | AS824: =$AC$824 -> 365 | AT824: =$AC$824 -> 365 | AU824: =$AC$824 -> 365 | AV824: =$AC$824 -> 365 | AW824: =$AC$824 -> 365 | AY824: Days in run | BA824: =$AG$824 -> 366 | BB824: =$AG$824 -> 366 | BC824: =$AG$824 -> 366 | BD824: =$AG$824 -> 366 | BE824: =$AG$824 -> 366 | BG824: CHECK days: Total = Wet + Dry | BH824: =AND(U824=AC824+AG824,U824=731,AC824=365,AG824=366) -> TRUE
F825: WET SEASON 2 | H825: 10/1/19 - 3/31/20 | J825: =COUNTIF($A$368:$A$550,"<>") -> 183 | M825: DRY SEASON 1 | O825: 4/1/19 - 9/30/19 | Q825: =COUNTIF($A$185:$A$367,"<>") -> 183 | S825: Total measurements | U825: =U824*U823 -> 23392 | V825: DENOMINATOR FOR EXCEEDANCE % | AA825: Total measurements | AC825: =AC824*AC823 -> 11680 | AE825: Total measurements | AG825: =AG824*AG823 -> 11712 | AI825: Total measurements | AK825: =AK824*AK823 -> 23392 | AL825: =AL824*AL823 -> 5848 | AM825: =AM824*AM823 -> 6579 | AN825: =AN824*AN823 -> 4386 | AO825: =AO824*AO823 -> 6579 | AQ825: Total measurements | AS825: =AS824*AS823 -> 11680 | AT825: =AT824*AT823 -> 2920 | AU825: =AU824*AU823 -> 3285 | AV825: =AV824*AV823 -> 2190 | AW825: =AW824*AW823 -> 3285 | AY825: Total measurements | BA825: =BA824*BA823 -> 11712 | BB825: =BB824*BB823 -> 2928 | BC825: =BC824*BC823 -> 3294 | BD825: =BD824*BD823 -> 2196 | BE825: =BE824*BE823 -> 3294
F826: WET SEASON 3 | H826: 10/1/20 - 12/1/20 | J826: =COUNTIF($A$734:$A$795,"<>") -> 62 | M826: DRY SEASON 2 | O826: 4/1/20 - 9/30/20 | Q826: =COUNTIF($A$551:$A$733,"<>") -> 183 | S826: Measurements >= 20C | U826: =SUM($B$813:$AG$813) -> 8608 | V826: NUMERATOR FOR EXCEEDANCE % | AA826: Measurements >= 20C | AC826: =SUM($B$818:$AG$818) -> 122 | AE826: Measurements >= 20C | AG826: =SUM($B$819:$AG$819) -> 8486 | AI826: Measurements >= 20C | AK826: =SUM(B813:AG813) -> 8608 | AL826: =SUM(B813:I813) -> 2120 | AM826: =SUM(J813:R813) -> 2483 | AN826: =SUM(S813:X813) -> 1493 | AO826: =SUM(Y813:AG813) -> 2512 | AQ826: Measurements >= 20C | AS826: =SUM(B818:AG818) -> 122 | AT826: =SUM(B818:I818) -> 24 | AU826: =SUM(J818:R818) -> 23 | AV826: =SUM(S818:X818) -> 2 | AW826: =SUM(Y818:AG818) -> 73 | AY826: Measurements >= 20C | BA826: =SUM(B819:AG819) -> 8486 | BB826: =SUM(B819:I819) -> 2096 | BC826: =SUM(J819:R819) -> 2460 | BD826: =SUM(S819:X819) -> 1491 | BE826: =SUM(Y819:AG819) -> 2439 | BG826: CHECK counts: Total = Wet + Dry | BH826: =AND(U826=AC826+AG826,AK826=AS826+BA826,AL826=AT826+BB826,AM826=AU826+BC826,AN826=AV826+BD826,AO826=AW826+BE826) -> TRUE
S827: % Total Run Exceedances | U827: =U826/U825 -> 0.36798906 | AA827: % WET Exceedances | AC827: =AC826/AC825 -> 0.010445205 | AE827: % DRY Exceedances | AG827: =AG826/AG825 -> 0.72455601 | AI827: % Total Run Exceedances | AK827: =AK826/AK825 -> 0.36798906 | AL827: =AL826/AL825 -> 0.3625171 | AM827: =AM826/AM825 -> 0.37741298 | AN827: =AN826/AN825 -> 0.34040128 | AO827: =AO826/AO825 -> 0.38182095 | AQ827: % WET Exceedances | AS827: =AS826/AS825 -> 0.010445205 | AT827: =AT826/AT825 -> 0.0082191781 | AU827: =AU826/AU825 -> 0.0070015221 | AV827: =AV826/AV825 -> 0.00091324201 | AW827: =AW826/AW825 -> 0.022222222 | AY827: % DRY Exceedances | BA827: =BA826/BA825 -> 0.72455601 | BB827: =BB826/BB825 -> 0.71584699 | BC827: =BC826/BC825 -> 0.74681239 | BD827: =BD826/BD825 -> 0.67896175 | BE827: =BE826/BE825 -> 0.74043716
A829: TOTAL EXCEEDANCES | B829: =COUNTIF(B$3:B$733,">=23") -> 104 | C829: =COUNTIF(C$3:C$733,">=23") -> 33 | D829: =COUNTIF(D$3:D$733,">=23") -> 41 | E829: =COUNTIF(E$3:E$733,">=23") -> 41 | F829: =COUNTIF(F$3:F$733,">=23") -> 15 | G829: =COUNTIF(G$3:G$733,">=23") -> 14 | H829: =COUNTIF(H$3:H$733,">=23") -> 9 | I829: =COUNTIF(I$3:I$733,">=23") -> 29 | ... AG829: =COUNTIF(AG$3:AG$733,">=23") -> 212
A830: WET 1 | B830: =COUNTIF(B$3:B$184,">=23") -> 0 | C830: =COUNTIF(C$3:C$184,">=23") -> 0 | D830: =COUNTIF(D$3:D$184,">=23") -> 0 | E830: =COUNTIF(E$3:E$184,">=23") -> 0 | F830: =COUNTIF(F$3:F$184,">=23") -> 0 | G830: =COUNTIF(G$3:G$184,">=23") -> 0 | H830: =COUNTIF(H$3:H$184,">=23") -> 0 | I830: =COUNTIF(I$3:I$184,">=23") -> 0 | ... AG830: =COUNTIF(AG$3:AG$184,">=23") -> 0 | AH830: OCT 2018 - MARCH 2019
A831: WET 2 | B831: =COUNTIF(B$368:B$550,">=23") -> 0 | C831: =COUNTIF(C$368:C$550,">=23") -> 0 | D831: =COUNTIF(D$368:D$550,">=23") -> 0 | E831: =COUNTIF(E$368:E$550,">=23") -> 0 | F831: =COUNTIF(F$368:F$550,">=23") -> 0 | G831: =COUNTIF(G$368:G$550,">=23") -> 0 | H831: =COUNTIF(H$368:H$550,">=23") -> 0 | I831: =COUNTIF(I$368:I$550,">=23") -> 0 | ... AG831: =COUNTIF(AG$368:AG$550,">=23") -> 0 | AH831: OCT 2019 - MARCH 2020
A832: DRY 1 | B832: =COUNTIF(B$185:B$367,">=23") -> 49 | C832: =COUNTIF(C$185:C$367,">=23") -> 15 | D832: =COUNTIF(D$185:D$367,">=23") -> 18 | E832: =COUNTIF(E$185:E$367,">=23") -> 17 | F832: =COUNTIF(F$185:F$367,">=23") -> 7 | G832: =COUNTIF(G$185:G$367,">=23") -> 5 | H832: =COUNTIF(H$185:H$367,">=23") -> 6 | I832: =COUNTIF(I$185:I$367,">=23") -> 15 | ... AG832: =COUNTIF(AG$185:AG$367,">=23") -> 109 | AH832: APRIL 2019 - SEPTEMBER 2019
A833: DRY 2 | B833: =COUNTIF(B$551:B$733,">=23") -> 55 | C833: =COUNTIF(C$551:C$733,">=23") -> 18 | D833: =COUNTIF(D$551:D$733,">=23") -> 23 | E833: =COUNTIF(E$551:E$733,">=23") -> 24 | F833: =COUNTIF(F$551:F$733,">=23") -> 8 | G833: =COUNTIF(G$551:G$733,">=23") -> 9 | H833: =COUNTIF(H$551:H$733,">=23") -> 3 | I833: =COUNTIF(I$551:I$733,">=23") -> 14 | ... AG833: =COUNTIF(AG$551:AG$733,">=23") -> 103 | AH833: APRIL 2020 - SEPTEMBER 2020
A834: ALL WET | B834: =SUM(B$830,B$831) -> 0 | C834: =SUM(C$830,C$831) -> 0 | D834: =SUM(D$830,D$831) -> 0 | E834: =SUM(E$830,E$831) -> 0 | F834: =SUM(F$830,F$831) -> 0 | G834: =SUM(G$830,G$831) -> 0 | H834: =SUM(H$830,H$831) -> 0 | I834: =SUM(I$830,I$831) -> 0 | ... AG834: =SUM(AG$830,AG$831) -> 0
A835: ALL DRY | B835: =SUM(B$832,B$833) -> 104 | C835: =SUM(C$832,C$833) -> 33 | D835: =SUM(D$832,D$833) -> 41 | E835: =SUM(E$832,E$833) -> 41 | F835: =SUM(F$832,F$833) -> 15 | G835: =SUM(G$832,G$833) -> 14 | H835: =SUM(H$832,H$833) -> 9 | I835: =SUM(I$832,I$833) -> 29 | ... AG835: =SUM(AG$832,AG$833) -> 212
D837: Waterfowl 23C | F837: THRESHOLD: 23C | S837: WATERFOWL | AA837: WATERFOWL | AE837: WATERFOWL | AI837: WATERFOWL | AQ837: WATERFOWL | AY837: WATERFOWL
F838: WET SEASON | S838: TOTAL RUN | AA838: WET SEASONS | AE838: DRY SEASONS | AI838: TOTAL RUN | AK838: Delta-Wide | AL838: Suisun | AM838: Central Delta | AN838: North Delta | AO838: South Delta | AQ838: WET SEASONS | AS838: Delta-Wide | AT838: Suisun | AU838: Central Delta | AV838: North Delta | AW838: South Delta | AY838: DRY SEASONS | BA838: Delta-Wide | BB838: Suisun | BC838: Central Delta | BD838: North Delta | BE838: South Delta
F839: OCTOBER 1 - MARCH 31 | M839: DRY SEASON | S839: Total points | U839: =COUNTIF($B$2:$AG$2,"<>") -> 32 | AA839: Total points | AC839: =$U$839 -> 32 | AE839: Total points | AG839: =$U$839 -> 32 | AI839: Total points | AK839: =COUNTIF($B$2:$AG$2,"<>") -> 32 | AL839: =COUNTIF($B$2:$I$2,"<>") -> 8 | AM839: =COUNTIF($J$2:$R$2,"<>") -> 9 | AN839: =COUNTIF($S$2:$X$2,"<>") -> 6 | AO839: =COUNTIF($Y$2:$AG$2,"<>") -> 9 | AQ839: Total points | AS839: =COUNTIF($B$2:$AG$2,"<>") -> 32 | AT839: =COUNTIF($B$2:$I$2,"<>") -> 8 | AU839: =COUNTIF($J$2:$R$2,"<>") -> 9 | AV839: =COUNTIF($S$2:$X$2,"<>") -> 6 | AW839: =COUNTIF($Y$2:$AG$2,"<>") -> 9 | AY839: Total points | BA839: =COUNTIF($B$2:$AG$2,"<>") -> 32 | BB839: =COUNTIF($B$2:$I$2,"<>") -> 8 | BC839: =COUNTIF($J$2:$R$2,"<>") -> 9 | BD839: =COUNTIF($S$2:$X$2,"<>") -> 6 | BE839: =COUNTIF($Y$2:$AG$2,"<>") -> 9
F840: WET SEASON 1 | H840: 10/1/18 - 3/31/19 | J840: =COUNTIF($A$3:$A$184,"<>") -> 182 | M840: APRIL 1 - SEPTEMBER 30 | S840: Days in run | U840: =COUNTIF($A$3:$A$733,"<>") -> 731 | AA840: Days in run | AC840: =SUM($J$840:$J$841) -> 365 | AE840: Days in run | AG840: =SUM($Q$841:$Q$842) -> 366 | AI840: Days in run | AK840: =$U$840 -> 731 | AL840: =$U$840 -> 731 | AM840: =$U$840 -> 731 | AN840: =$U$840 -> 731 | AO840: =$U$840 -> 731 | AQ840: Days in run | AS840: =$AC$840 -> 365 | AT840: =$AC$840 -> 365 | AU840: =$AC$840 -> 365 | AV840: =$AC$840 -> 365 | AW840: =$AC$840 -> 365 | AY840: Days in run | BA840: =$AG$840 -> 366 | BB840: =$AG$840 -> 366 | BC840: =$AG$840 -> 366 | BD840: =$AG$840 -> 366 | BE840: =$AG$840 -> 366 | BG840: CHECK days: Total = Wet + Dry | BH840: =AND(U840=AC840+AG840,U840=731,AC840=365,AG840=366) -> TRUE
F841: WET SEASON 2 | H841: 10/1/19 - 3/31/20 | J841: =COUNTIF($A$368:$A$550,"<>") -> 183 | M841: DRY SEASON 1 | O841: 4/1/19 - 9/30/19 | Q841: =COUNTIF($A$185:$A$367,"<>") -> 183 | S841: Total measurements | U841: =U840*U839 -> 23392 | V841: DENOMINATOR FOR EXCEEDANCE % | AA841: Total measurements | AC841: =AC840*AC839 -> 11680 | AE841: Total measurements | AG841: =AG840*AG839 -> 11712 | AI841: Total measurements | AK841: =AK840*AK839 -> 23392 | AL841: =AL840*AL839 -> 5848 | AM841: =AM840*AM839 -> 6579 | AN841: =AN840*AN839 -> 4386 | AO841: =AO840*AO839 -> 6579 | AQ841: Total measurements | AS841: =AS840*AS839 -> 11680 | AT841: =AT840*AT839 -> 2920 | AU841: =AU840*AU839 -> 3285 | AV841: =AV840*AV839 -> 2190 | AW841: =AW840*AW839 -> 3285 | AY841: Total measurements | BA841: =BA840*BA839 -> 11712 | BB841: =BB840*BB839 -> 2928 | BC841: =BC840*BC839 -> 3294 | BD841: =BD840*BD839 -> 2196 | BE841: =BE840*BE839 -> 3294
F842: WET SEASON 3 | H842: 10/1/20 - 12/1/20 | J842: =COUNTIF($A$734:$A$795,"<>") -> 62 | M842: DRY SEASON 2 | O842: 4/1/20 - 9/30/20 | Q842: =COUNTIF($A$551:$A$733,"<>") -> 183 | S842: Measurements >= 23C | U842: =SUM($B$829:$AG$829) -> 2884 | V842: NUMERATOR FOR EXCEEDANCE % | AA842: Measurements >= 23C | AC842: =SUM($B$834:$AG$834) -> 0 | AE842: Measurements >= 23C | AG842: =SUM($B$835:$AG$835) -> 2884 | AI842: Measurements >= 23C | AK842: =SUM(B829:AG829) -> 2884 | AL842: =SUM(B829:I829) -> 286 | AM842: =SUM(J829:R829) -> 878 | AN842: =SUM(S829:X829) -> 293 | AO842: =SUM(Y829:AG829) -> 1427 | AQ842: Measurements >= 23C | AS842: =SUM(B834:AG834) -> 0 | AT842: =SUM(B834:I834) -> 0 | AU842: =SUM(J834:R834) -> 0 | AV842: =SUM(S834:X834) -> 0 | AW842: =SUM(Y834:AG834) -> 0 | AY842: Measurements >= 23C | BA842: =SUM(B835:AG835) -> 2884 | BB842: =SUM(B835:I835) -> 286 | BC842: =SUM(J835:R835) -> 878 | BD842: =SUM(S835:X835) -> 293 | BE842: =SUM(Y835:AG835) -> 1427 | BG842: CHECK counts: Total = Wet + Dry | BH842: =AND(U842=AC842+AG842,AK842=AS842+BA842,AL842=AT842+BB842,AM842=AU842+BC842,AN842=AV842+BD842,AO842=AW842+BE842) -> TRUE
S843: % Total Run Exceedances | U843: =U842/U841 -> 0.12329001 | AA843: % WET Exceedances | AC843: =AC842/AC841 -> 0 | AE843: % DRY Exceedances | AG843: =AG842/AG841 -> 0.24624317 | AI843: % Total Run Exceedances | AK843: =AK842/AK841 -> 0.12329001 | AL843: =AL842/AL841 -> 0.048905609 | AM843: =AM842/AM841 -> 0.13345493 | AN843: =AN842/AN841 -> 0.066803466 | AO843: =AO842/AO841 -> 0.21690226 | AQ843: % WET Exceedances | AS843: =AS842/AS841 -> 0 | AT843: =AT842/AT841 -> 0 | AU843: =AU842/AU841 -> 0 | AV843: =AV842/AV841 -> 0 | AW843: =AW842/AW841 -> 0 | AY843: % DRY Exceedances | BA843: =BA842/BA841 -> 0.24624317 | BB843: =BB842/BB841 -> 0.097677596 | BC843: =BC842/BC841 -> 0.26654523 | BD843: =BD842/BD841 -> 0.13342441 | BE843: =BE842/BE841 -> 0.4332119
A845: TOTAL EXCEEDANCES | B845: =COUNTIF(B$3:B$733,">=18.42") -> 361 | C845: =COUNTIF(C$3:C$733,">=18.42") -> 337 | D845: =COUNTIF(D$3:D$733,">=18.42") -> 346 | E845: =COUNTIF(E$3:E$733,">=18.42") -> 352 | F845: =COUNTIF(F$3:F$733,">=18.42") -> 329 | G845: =COUNTIF(G$3:G$733,">=18.42") -> 330 | H845: =COUNTIF(H$3:H$733,">=18.42") -> 324 | I845: =COUNTIF(I$3:I$733,">=18.42") -> 326 | ... AG845: =COUNTIF(AG$3:AG$733,">=18.42") -> 364
A846: WET 1 | B846: =COUNTIF(B$3:B$184,">=18.42") -> 19 | C846: =COUNTIF(C$3:C$184,">=18.42") -> 17 | D846: =COUNTIF(D$3:D$184,">=18.42") -> 17 | E846: =COUNTIF(E$3:E$184,">=18.42") -> 18 | F846: =COUNTIF(F$3:F$184,">=18.42") -> 13 | G846: =COUNTIF(G$3:G$184,">=18.42") -> 15 | H846: =COUNTIF(H$3:H$184,">=18.42") -> 13 | I846: =COUNTIF(I$3:I$184,">=18.42") -> 10 | ... AG846: =COUNTIF(AG$3:AG$184,">=18.42") -> 24 | AH846: OCT 2018 - MARCH 2019
A847: WET 2 | B847: =COUNTIF(B$368:B$550,">=18.42") -> 19 | C847: =COUNTIF(C$368:C$550,">=18.42") -> 15 | D847: =COUNTIF(D$368:D$550,">=18.42") -> 17 | E847: =COUNTIF(E$368:E$550,">=18.42") -> 17 | F847: =COUNTIF(F$368:F$550,">=18.42") -> 14 | G847: =COUNTIF(G$368:G$550,">=18.42") -> 14 | H847: =COUNTIF(H$368:H$550,">=18.42") -> 15 | I847: =COUNTIF(I$368:I$550,">=18.42") -> 12 | ... AG847: =COUNTIF(AG$368:AG$550,">=18.42") -> 23 | AH847: OCT 2019 - MARCH 2020
A848: DRY 1 | B848: =COUNTIF(B$185:B$367,">=18.42") -> 159 | C848: =COUNTIF(C$185:C$367,">=18.42") -> 145 | D848: =COUNTIF(D$185:D$367,">=18.42") -> 150 | E848: =COUNTIF(E$185:E$367,">=18.42") -> 153 | F848: =COUNTIF(F$185:F$367,">=18.42") -> 143 | G848: =COUNTIF(G$185:G$367,">=18.42") -> 143 | H848: =COUNTIF(H$185:H$367,">=18.42") -> 140 | I848: =COUNTIF(I$185:I$367,">=18.42") -> 144 | ... AG848: =COUNTIF(AG$185:AG$367,">=18.42") -> 147 | AH848: APRIL 2019 - SEPTEMBER 2019
A849: DRY 2 | B849: =COUNTIF(B$551:B$733,">=18.42") -> 164 | C849: =COUNTIF(C$551:C$733,">=18.42") -> 160 | D849: =COUNTIF(D$551:D$733,">=18.42") -> 162 | E849: =COUNTIF(E$551:E$733,">=18.42") -> 164 | F849: =COUNTIF(F$551:F$733,">=18.42") -> 159 | G849: =COUNTIF(G$551:G$733,">=18.42") -> 158 | H849: =COUNTIF(H$551:H$733,">=18.42") -> 156 | I849: =COUNTIF(I$551:I$733,">=18.42") -> 160 | ... AG849: =COUNTIF(AG$551:AG$733,">=18.42") -> 170 | AH849: APRIL 2020 - SEPTEMBER 2020
A850: ALL WET | B850: =SUM(B$846,B$847) -> 38 | C850: =SUM(C$846,C$847) -> 32 | D850: =SUM(D$846,D$847) -> 34 | E850: =SUM(E$846,E$847) -> 35 | F850: =SUM(F$846,F$847) -> 27 | G850: =SUM(G$846,G$847) -> 29 | H850: =SUM(H$846,H$847) -> 28 | I850: =SUM(I$846,I$847) -> 22 | ... AG850: =SUM(AG$846,AG$847) -> 47
A851: ALL DRY | B851: =SUM(B$848,B$849) -> 323 | C851: =SUM(C$848,C$849) -> 305 | D851: =SUM(D$848,D$849) -> 312 | E851: =SUM(E$848,E$849) -> 317 | F851: =SUM(F$848,F$849) -> 302 | G851: =SUM(G$848,G$849) -> 301 | H851: =SUM(H$848,H$849) -> 296 | I851: =SUM(I$848,I$849) -> 304 | ... AG851: =SUM(AG$848,AG$849) -> 317
D853: Angling 18.42C | F853: THRESHOLD: 18.42C | S853: ANGLING | AA853: ANGLING | AE853: ANGLING | AI853: ANGLING | AQ853: ANGLING | AY853: ANGLING
F854: WET SEASON | S854: TOTAL RUN | AA854: WET SEASONS | AE854: DRY SEASONS | AI854: TOTAL RUN | AK854: Delta-Wide | AL854: Suisun | AM854: Central Delta | AN854: North Delta | AO854: South Delta | AQ854: WET SEASONS | AS854: Delta-Wide | AT854: Suisun | AU854: Central Delta | AV854: North Delta | AW854: South Delta | AY854: DRY SEASONS | BA854: Delta-Wide | BB854: Suisun | BC854: Central Delta | BD854: North Delta | BE854: South Delta
F855: OCTOBER 1 - MARCH 31 | M855: DRY SEASON | S855: Total points | U855: =COUNTIF($B$2:$AG$2,"<>") -> 32 | AA855: Total points | AC855: =$U$855 -> 32 | AE855: Total points | AG855: =$U$855 -> 32 | AI855: Total points | AK855: =COUNTIF($B$2:$AG$2,"<>") -> 32 | AL855: =COUNTIF($B$2:$I$2,"<>") -> 8 | AM855: =COUNTIF($J$2:$R$2,"<>") -> 9 | AN855: =COUNTIF($S$2:$X$2,"<>") -> 6 | AO855: =COUNTIF($Y$2:$AG$2,"<>") -> 9 | AQ855: Total points | AS855: =COUNTIF($B$2:$AG$2,"<>") -> 32 | AT855: =COUNTIF($B$2:$I$2,"<>") -> 8 | AU855: =COUNTIF($J$2:$R$2,"<>") -> 9 | AV855: =COUNTIF($S$2:$X$2,"<>") -> 6 | AW855: =COUNTIF($Y$2:$AG$2,"<>") -> 9 | AY855: Total points | BA855: =COUNTIF($B$2:$AG$2,"<>") -> 32 | BB855: =COUNTIF($B$2:$I$2,"<>") -> 8 | BC855: =COUNTIF($J$2:$R$2,"<>") -> 9 | BD855: =COUNTIF($S$2:$X$2,"<>") -> 6 | BE855: =COUNTIF($Y$2:$AG$2,"<>") -> 9
F856: WET SEASON 1 | H856: 10/1/18 - 3/31/19 | J856: =COUNTIF($A$3:$A$184,"<>") -> 182 | M856: APRIL 1 - SEPTEMBER 30 | S856: Days in run | U856: =COUNTIF($A$3:$A$733,"<>") -> 731 | AA856: Days in run | AC856: =SUM($J$856:$J$857) -> 365 | AE856: Days in run | AG856: =SUM($Q$857:$Q$858) -> 366 | AI856: Days in run | AK856: =$U$856 -> 731 | AL856: =$U$856 -> 731 | AM856: =$U$856 -> 731 | AN856: =$U$856 -> 731 | AO856: =$U$856 -> 731 | AQ856: Days in run | AS856: =$AC$856 -> 365 | AT856: =$AC$856 -> 365 | AU856: =$AC$856 -> 365 | AV856: =$AC$856 -> 365 | AW856: =$AC$856 -> 365 | AY856: Days in run | BA856: =$AG$856 -> 366 | BB856: =$AG$856 -> 366 | BC856: =$AG$856 -> 366 | BD856: =$AG$856 -> 366 | BE856: =$AG$856 -> 366 | BG856: CHECK days: Total = Wet + Dry | BH856: =AND(U856=AC856+AG856,U856=731,AC856=365,AG856=366) -> TRUE
