Workbook

Sheet OVERALL
AG1: Notes: 1. In overview, most exceedances happen at Suisun Marsh for this Sea Level Rise Salinity model scenario, while the Central Delta sees exceedances to a lesser extent for Total Runs and Winter seasonal thresholds, and by activity-based threshold gradients as well, with angling showing zero threshold crossings at the North and South Delta. Under BAU Total Run, Suisun exceeds 82% of days for Day Use and Boating, 74% for Birding, 70% for Waterfowl, and 42% for angling; the Central Delta follows this gradient to lesser intensities at 38%, 20%, 13%, and 5%. In general, our lower threshold base activities (Day Use and Boating) cross the thresholds most often. 2. Scenario rankings (-5 to 5 vs BAU), similar to our base salinity scenario, show that Bolster and Fortify are very similar to BAU in terms of threshold exceedance. Eco Machine and New Green Watershed follow each other's moves closely, albeit with a few regional differences (Dry Seasons: Birding and Day Use and Boating) in the Central Delta and Suisun Marsh. 3. Surprisingly, threshold exceedances during wet seasons exceed salinity thresholds more often than during dry seasons in every activity (Waterfowl 70% vs 65% in BAF). These unexpected moves are reflected across our NGW and ECO scenarios, both showing -5 scores for birding, waterfowl, and even angling.
C2: TOTAL RUN SCORES | M2: WET SEASON SCORES | W2: DRY SEASON SCORES
D3: REGION | E3: BAU | F3: BAF | G3: ECO | H3: NGW | I3: BAU CS | J3: COR vs CS | K3: TUNNEL VS CS | N3: REGION | O3: BAU | P3: BAF | Q3: ECO | R3: NGW | S3: BAU CS | T3: COR vs CS | U3: TUNNEL VS CS | X3: REGION | Y3: BAU | Z3: BAF | AA3: ECO | AB3: NGW | AC3: BAU CS | AD3: COR vs CS | AE3: TUNNEL VS CS
C4: SP DAY USE & BOATING | D4: Delta-Wide | E4: =-MAX(-5,MIN(5,ROUND((D$33-D$33)*100,0))) -> 0 | F4: =-MAX(-5,MIN(5,ROUND((D$41-D$33)*100,0))) -> 0 | G4: =-MAX(-5,MIN(5,ROUND((D$73-D$33)*100,0))) -> 0 | H4: =-MAX(-5,MIN(5,ROUND((D$81-D$33)*100,0))) -> 0 | I4: =-MAX(-5,MIN(5,ROUND((D$49-D$49)*100,0))) -> 0 | J4: =-MAX(-5,MIN(5,ROUND((D$57-D$49)*100,0))) -> 1 | K4: =-MAX(-5,MIN(5,ROUND((D$65-D$49)*100,0))) -> -1 | M4: SP DAY USE & BOATING | N4: Delta-Wide | O4: =-MAX(-5,MIN(5,ROUND((I$33-I$33)*100,0))) -> 0 | P4: =-MAX(-5,MIN(5,ROUND((I$41-I$33)*100,0))) -> -1 | Q4: =-MAX(-5,MIN(5,ROUND((I$73-I$33)*100,0))) -> 0 | R4: =-MAX(-5,MIN(5,ROUND((I$81-I$33)*100,0))) -> 0 | S4: =-MAX(-5,MIN(5,ROUND((I$49-I$49)*100,0))) -> 0 | T4: =-MAX(-5,MIN(5,ROUND((I$57-I$49)*100,0))) -> 1 | U4: =-MAX(-5,MIN(5,ROUND((I$65-I$49)*100,0))) -> -1 | W4: SP DAY USE & BOATING | X4: Delta-Wide | Y4: =-MAX(-5,MIN(5,ROUND((N$33-N$33)*100,0))) -> 0 | Z4: =-MAX(-5,MIN(5,ROUND((N$41-N$33)*100,0))) -> -1 | AA4: =-MAX(-5,MIN(5,ROUND((N$73-N$33)*100,0))) -> 0 | AB4: =-MAX(-5,MIN(5,ROUND((N$81-N$33)*100,0))) -> 0 | AC4: =-MAX(-5,MIN(5,ROUND((N$49-N$49)*100,0))) -> 0 | AD4: =-MAX(-5,MIN(5,ROUND((N$57-N$49)*100,0))) -> 0 | AE4: =-MAX(-5,MIN(5,ROUND((N$65-N$49)*100,0))) -> -1
D5: Suisun | E5: =-MAX(-5,MIN(5,ROUND((E$33-E$33)*100,0))) -> 0 | F5: =-MAX(-5,MIN(5,ROUND((E$41-E$33)*100,0))) -> 0 | G5: =-MAX(-5,MIN(5,ROUND((E$73-E$33)*100,0))) -> -2 | H5: =-MAX(-5,MIN(5,ROUND((E$81-E$33)*100,0))) -> -2 | I5: =-MAX(-5,MIN(5,ROUND((E$49-E$49)*100,0))) -> 0 | J5: =-MAX(-5,MIN(5,ROUND((E$57-E$49)*100,0))) -> 1 | K5: =-MAX(-5,MIN(5,ROUND((E$65-E$49)*100,0))) -> -1 | N5: Suisun | O5: =-MAX(-5,MIN(5,ROUND((J$33-J$33)*100,0))) -> 0 | P5: =-MAX(-5,MIN(5,ROUND((J$41-J$33)*100,0))) -> 0 | Q5: =-MAX(-5,MIN(5,ROUND((J$73-J$33)*100,0))) -> -3 | R5: =-MAX(-5,MIN(5,ROUND((J$81-J$33)*100,0))) -> -3 | S5: =-MAX(-5,MIN(5,ROUND((J$49-J$49)*100,0))) -> 0 | T5: =-MAX(-5,MIN(5,ROUND((J$57-J$49)*100,0))) -> 2 | U5: =-MAX(-5,MIN(5,ROUND((J$65-J$49)*100,0))) -> -1 | X5: Suisun | Y5: =-MAX(-5,MIN(5,ROUND((O$33-O$33)*100,0))) -> 0 | Z5: =-MAX(-5,MIN(5,ROUND((O$41-O$33)*100,0))) -> 0 | AA5: =-MAX(-5,MIN(5,ROUND((O$73-O$33)*100,0))) -> -1 | AB5: =-MAX(-5,MIN(5,ROUND((O$81-O$33)*100,0))) -> -1 | AC5: =-MAX(-5,MIN(5,ROUND((O$49-O$49)*100,0))) -> 0 | AD5: =-MAX(-5,MIN(5,ROUND((O$57-O$49)*100,0))) -> 0 | AE5: =-MAX(-5,MIN(5,ROUND((O$65-O$49)*100,0))) -> -2
D6: Central | E6: =-MAX(-5,MIN(5,ROUND((F$33-F$33)*100,0))) -> 0 | F6: =-MAX(-5,MIN(5,ROUND((F$41-F$33)*100,0))) -> -3 | G6: =-MAX(-5,MIN(5,ROUND((F$73-F$33)*100,0))) -> 0 | H6: =-MAX(-5,MIN(5,ROUND((F$81-F$33)*100,0))) -> 0 | I6: =-MAX(-5,MIN(5,ROUND((F$49-F$49)*100,0))) -> 0 | J6: =-MAX(-5,MIN(5,ROUND((F$57-F$49)*100,0))) -> 2 | K6: =-MAX(-5,MIN(5,ROUND((F$65-F$49)*100,0))) -> -1 | N6: Central | O6: =-MAX(-5,MIN(5,ROUND((K$33-K$33)*100,0))) -> 0 | P6: =-MAX(-5,MIN(5,ROUND((K$41-K$33)*100,0))) -> -2 | Q6: =-MAX(-5,MIN(5,ROUND((K$73-K$33)*100,0))) -> 1 | R6: =-MAX(-5,MIN(5,ROUND((K$81-K$33)*100,0))) -> 1 | S6: =-MAX(-5,MIN(5,ROUND((K$49-K$49)*100,0))) -> 0 | T6: =-MAX(-5,MIN(5,ROUND((K$57-K$49)*100,0))) -> 3 | U6: =-MAX(-5,MIN(5,ROUND((K$65-K$49)*100,0))) -> -3 | X6: Central | Y6: =-MAX(-5,MIN(5,ROUND((P$33-P$33)*100,0))) -> 0 | Z6: =-MAX(-5,MIN(5,ROUND((P$41-P$33)*100,0))) -> -3 | AA6: =-MAX(-5,MIN(5,ROUND((P$73-P$33)*100,0))) -> 1 | AB6: =-MAX(-5,MIN(5,ROUND((P$81-P$33)*100,0))) -> 0 | AC6: =-MAX(-5,MIN(5,ROUND((P$49-P$49)*100,0))) -> 0 | AD6: =-MAX(-5,MIN(5,ROUND((P$57-P$49)*100,0))) -> 0 | AE6: =-MAX(-5,MIN(5,ROUND((P$65-P$49)*100,0))) -> 0
D7: North | E7: =-MAX(-5,MIN(5,ROUND((G$33-G$33)*100,0))) -> 0 | F7: =-MAX(-5,MIN(5,ROUND((G$41-G$33)*100,0))) -> 0 | G7: =-MAX(-5,MIN(5,ROUND((G$73-G$33)*100,0))) -> 0 | H7: =-MAX(-5,MIN(5,ROUND((G$81-G$33)*100,0))) -> 0 | I7: =-MAX(-5,MIN(5,ROUND((G$49-G$49)*100,0))) -> 0 | J7: =-MAX(-5,MIN(5,ROUND((G$57-G$49)*100,0))) -> 0 | K7: =-MAX(-5,MIN(5,ROUND((G$65-G$49)*100,0))) -> 0 | N7: North | O7: =-MAX(-5,MIN(5,ROUND((L$33-L$33)*100,0))) -> 0 | P7: =-MAX(-5,MIN(5,ROUND((L$41-L$33)*100,0))) -> 0 | Q7: =-MAX(-5,MIN(5,ROUND((L$73-L$33)*100,0))) -> 0 | R7: =-MAX(-5,MIN(5,ROUND((L$81-L$33)*100,0))) -> 0 | S7: =-MAX(-5,MIN(5,ROUND((L$49-L$49)*100,0))) -> 0 | T7: =-MAX(-5,MIN(5,ROUND((L$57-L$49)*100,0))) -> 0 | U7: =-MAX(-5,MIN(5,ROUND((L$65-L$49)*100,0))) -> 0 | X7: North | Y7: =-MAX(-5,MIN(5,ROUND((Q$33-Q$33)*100,0))) -> 0 | Z7: =-MAX(-5,MIN(5,ROUND((Q$41-Q$33)*100,0))) -> 0 | AA7: =-MAX(-5,MIN(5,ROUND((Q$73-Q$33)*100,0))) -> 0 | AB7: =-MAX(-5,MIN(5,ROUND((Q$81-Q$33)*100,0))) -> 0 | AC7: =-MAX(-5,MIN(5,ROUND((Q$49-Q$49)*100,0))) -> 0 | AD7: =-MAX(-5,MIN(5,ROUND((Q$57-Q$49)*100,0))) -> 0 | AE7: =-MAX(-5,MIN(5,ROUND((Q$65-Q$49)*100,0))) -> 0
D8: South | E8: =-MAX(-5,MIN(5,ROUND((H$33-H$33)*100,0))) -> 0 | F8: =-MAX(-5,MIN(5,ROUND((H$41-H$33)*100,0))) -> 1 | G8: =-MAX(-5,MIN(5,ROUND((H$73-H$33)*100,0))) -> 3 | H8: =-MAX(-5,MIN(5,ROUND((H$81-H$33)*100,0))) -> 2 | I8: =-MAX(-5,MIN(5,ROUND((H$49-H$49)*100,0))) -> 0 | J8: =-MAX(-5,MIN(5,ROUND((H$57-H$49)*100,0))) -> 0 | K8: =-MAX(-5,MIN(5,ROUND((H$65-H$49)*100,0))) -> 0 | N8: South | O8: =-MAX(-5,MIN(5,ROUND((M$33-M$33)*100,0))) -> 0 | P8: =-MAX(-5,MIN(5,ROUND((M$41-M$33)*100,0))) -> 0 | Q8: =-MAX(-5,MIN(5,ROUND((M$73-M$33)*100,0))) -> 1 | R8: =-MAX(-5,MIN(5,ROUND((M$81-M$33)*100,0))) -> 2 | S8: =-MAX(-5,MIN(5,ROUND((M$49-M$49)*100,0))) -> 0 | T8: =-MAX(-5,MIN(5,ROUND((M$57-M$49)*100,0))) -> 0 | U8: =-MAX(-5,MIN(5,ROUND((M$65-M$49)*100,0))) -> 0 | X8: South | Y8: =-MAX(-5,MIN(5,ROUND((R$33-R$33)*100,0))) -> 0 | Z8: =-MAX(-5,MIN(5,ROUND((R$41-R$33)*100,0))) -> 1 | AA8: =-MAX(-5,MIN(5,ROUND((R$73-R$33)*100,0))) -> 2 | AB8: =-MAX(-5,MIN(5,ROUND((R$81-R$33)*100,0))) -> 1 | AC8: =-MAX(-5,MIN(5,ROUND((R$49-R$49)*100,0))) -> 0 | AD8: =-MAX(-5,MIN(5,ROUND((R$57-R$49)*100,0))) -> 0 | AE8: =-MAX(-5,MIN(5,ROUND((R$65-R$49)*100,0))) -> 0
D9: REGION | E9: BAU | F9: BAF | G9: ECO | H9: NGW | I9: BAU CS | J9: COR vs CS | K9: TUNNEL VS CS | N9: REGION | O9: BAU | P9: BAF | Q9: ECO | R9: NGW | S9: BAU CS | T9: COR vs CS | U9: TUNNEL VS CS | X9: REGION | Y9: BAU | Z9: BAF | AA9: ECO | AB9: NGW | AC9: BAU CS | AD9: COR vs CS | AE9: TUNNEL VS CS
C10: BIRDING | D10: Delta-Wide | E10: =-MAX(-5,MIN(5,ROUND((D$34-D$34)*100,0))) -> 0 | F10: =-MAX(-5,MIN(5,ROUND((D$42-D$34)*100,0))) -> 0 | G10: =-MAX(-5,MIN(5,ROUND((D$74-D$34)*100,0))) -> 0 | H10: =-MAX(-5,MIN(5,ROUND((D$82-D$34)*100,0))) -> 0 | I10: =-MAX(-5,MIN(5,ROUND((D$50-D$50)*100,0))) -> 0 | J10: =-MAX(-5,MIN(5,ROUND((D$58-D$50)*100,0))) -> 0 | K10: =-MAX(-5,MIN(5,ROUND((D$66-D$50)*100,0))) -> 0 | M10: BIRDING | N10: Delta-Wide | O10: =-MAX(-5,MIN(5,ROUND((I$34-I$34)*100,0))) -> 0 | P10: =-MAX(-5,MIN(5,ROUND((I$42-I$34)*100,0))) -> 0 | Q10: =-MAX(-5,MIN(5,ROUND((I$74-I$34)*100,0))) -> -1 | R10: =-MAX(-5,MIN(5,ROUND((I$82-I$34)*100,0))) -> -1 | S10: =-MAX(-5,MIN(5,ROUND((I$50-I$50)*100,0))) -> 0 | T10: =-MAX(-5,MIN(5,ROUND((I$58-I$50)*100,0))) -> 1 | U10: =-MAX(-5,MIN(5,ROUND((I$66-I$50)*100,0))) -> 0 | W10: BIRDING | X10: Delta-Wide | Y10: =-MAX(-5,MIN(5,ROUND((N$34-N$34)*100,0))) -> 0 | Z10: =-MAX(-5,MIN(5,ROUND((N$42-N$34)*100,0))) -> 0 | AA10: =-MAX(-5,MIN(5,ROUND((N$74-N$34)*100,0))) -> 1 | AB10: =-MAX(-5,MIN(5,ROUND((N$82-N$34)*100,0))) -> 1 | AC10: =-MAX(-5,MIN(5,ROUND((N$50-N$50)*100,0))) -> 0 | AD10: =-MAX(-5,MIN(5,ROUND((N$58-N$50)*100,0))) -> 0 | AE10: =-MAX(-5,MIN(5,ROUND((N$66-N$50)*100,0))) -> 0
D11: Suisun | E11: =-MAX(-5,MIN(5,ROUND((E$34-E$34)*100,0))) -> 0 | F11: =-MAX(-5,MIN(5,ROUND((E$42-E$34)*100,0))) -> 0 | G11: =-MAX(-5,MIN(5,ROUND((E$74-E$34)*100,0))) -> -4 | H11: =-MAX(-5,MIN(5,ROUND((E$82-E$34)*100,0))) -> -4 | I11: =-MAX(-5,MIN(5,ROUND((E$50-E$50)*100,0))) -> 0 | J11: =-MAX(-5,MIN(5,ROUND((E$58-E$50)*100,0))) -> 1 | K11: =-MAX(-5,MIN(5,ROUND((E$66-E$50)*100,0))) -> 0 | N11: Suisun | O11: =-MAX(-5,MIN(5,ROUND((J$34-J$34)*100,0))) -> 0 | P11: =-MAX(-5,MIN(5,ROUND((J$42-J$34)*100,0))) -> 0 | Q11: =-MAX(-5,MIN(5,ROUND((J$74-J$34)*100,0))) -> -5 | R11: =-MAX(-5,MIN(5,ROUND((J$82-J$34)*100,0))) -> -5 | S11: =-MAX(-5,MIN(5,ROUND((J$50-J$50)*100,0))) -> 0 | T11: =-MAX(-5,MIN(5,ROUND((J$58-J$50)*100,0))) -> 2 | U11: =-MAX(-5,MIN(5,ROUND((J$66-J$50)*100,0))) -> -1 | X11: Suisun | Y11: =-MAX(-5,MIN(5,ROUND((O$34-O$34)*100,0))) -> 0 | Z11: =-MAX(-5,MIN(5,ROUND((O$42-O$34)*100,0))) -> 0 | AA11: =-MAX(-5,MIN(5,ROUND((O$74-O$34)*100,0))) -> -1 | AB11: =-MAX(-5,MIN(5,ROUND((O$82-O$34)*100,0))) -> -2 | AC11: =-MAX(-5,MIN(5,ROUND((O$50-O$50)*100,0))) -> 0 | AD11: =-MAX(-5,MIN(5,ROUND((O$58-O$50)*100,0))) -> 0 | AE11: =-MAX(-5,MIN(5,ROUND((O$66-O$50)*100,0))) -> 0
D12: Central | E12: =-MAX(-5,MIN(5,ROUND((F$34-F$34)*100,0))) -> 0 | F12: =-MAX(-5,MIN(5,ROUND((F$42-F$34)*100,0))) -> 0 | G12: =-MAX(-5,MIN(5,ROUND((F$74-F$34)*100,0))) -> 3 | H12: =-MAX(-5,MIN(5,ROUND((F$82-F$34)*100,0))) -> 3 | I12: =-MAX(-5,MIN(5,ROUND((F$50-F$50)*100,0))) -> 0 | J12: =-MAX(-5,MIN(5,ROUND((F$58-F$50)*100,0))) -> 1 | K12: =-MAX(-5,MIN(5,ROUND((F$66-F$50)*100,0))) -> -1 | N12: Central | O12: =-MAX(-5,MIN(5,ROUND((K$34-K$34)*100,0))) -> 0 | P12: =-MAX(-5,MIN(5,ROUND((K$42-K$34)*100,0))) -> 0 | Q12: =-MAX(-5,MIN(5,ROUND((K$74-K$34)*100,0))) -> 2 | R12: =-MAX(-5,MIN(5,ROUND((K$82-K$34)*100,0))) -> 2 | S12: =-MAX(-5,MIN(5,ROUND((K$50-K$50)*100,0))) -> 0 | T12: =-MAX(-5,MIN(5,ROUND((K$58-K$50)*100,0))) -> 2 | U12: =-MAX(-5,MIN(5,ROUND((K$66-K$50)*100,0))) -> -1 | X12: Central | Y12: =-MAX(-5,MIN(5,ROUND((P$34-P$34)*100,0))) -> 0 | Z12: =-MAX(-5,MIN(5,ROUND((P$42-P$34)*100,0))) -> 0 | AA12: =-MAX(-5,MIN(5,ROUND((P$74-P$34)*100,0))) -> 4 | AB12: =-MAX(-5,MIN(5,ROUND((P$82-P$34)*100,0))) -> 3 | AC12: =-MAX(-5,MIN(5,ROUND((P$50-P$50)*100,0))) -> 0 | AD12: =-MAX(-5,MIN(5,ROUND((P$58-P$50)*100,0))) -> 0 | AE12: =-MAX(-5,MIN(5,ROUND((P$66-P$50)*100,0))) -> -1
D13: North | E13: =-MAX(-5,MIN(5,ROUND((G$34-G$34)*100,0))) -> 0 | F13: =-MAX(-5,MIN(5,ROUND((G$42-G$34)*100,0))) -> 0 | G13: =-MAX(-5,MIN(5,ROUND((G$74-G$34)*100,0))) -> 0 | H13: =-MAX(-5,MIN(5,ROUND((G$82-G$34)*100,0))) -> 0 | I13: =-MAX(-5,MIN(5,ROUND((G$50-G$50)*100,0))) -> 0 | J13: =-MAX(-5,MIN(5,ROUND((G$58-G$50)*100,0))) -> 0 | K13: =-MAX(-5,MIN(5,ROUND((G$66-G$50)*100,0))) -> 0 | N13: North | O13: =-MAX(-5,MIN(5,ROUND((L$34-L$34)*100,0))) -> 0 | P13: =-MAX(-5,MIN(5,ROUND((L$42-L$34)*100,0))) -> 0 | Q13: =-MAX(-5,MIN(5,ROUND((L$74-L$34)*100,0))) -> 0 | R13: =-MAX(-5,MIN(5,ROUND((L$82-L$34)*100,0))) -> 0 | S13: =-MAX(-5,MIN(5,ROUND((L$50-L$50)*100,0))) -> 0 | T13: =-MAX(-5,MIN(5,ROUND((L$58-L$50)*100,0))) -> 0 | U13: =-MAX(-5,MIN(5,ROUND((L$66-L$50)*100,0))) -> 0 | X13: North | Y13: =-MAX(-5,MIN(5,ROUND((Q$34-Q$34)*100,0))) -> 0 | Z13: =-MAX(-5,MIN(5,ROUND((Q$42-Q$34)*100,0))) -> 0 | AA13: =-MAX(-5,MIN(5,ROUND((Q$74-Q$34)*100,0))) -> 0 | AB13: =-MAX(-5,MIN(5,ROUND((Q$82-Q$34)*100,0))) -> 0 | AC13: =-MAX(-5,MIN(5,ROUND((Q$50-Q$50)*100,0))) -> 0 | AD13: =-MAX(-5,MIN(5,ROUND((Q$58-Q$50)*100,0))) -> 0 | AE13: =-MAX(-5,MIN(5,ROUND((Q$66-Q$50)*100,0))) -> 0
D14: South | E14: =-MAX(-5,MIN(5,ROUND((H$34-H$34)*100,0))) -> 0 | F14: =-MAX(-5,MIN(5,ROUND((H$42-H$34)*100,0))) -> 0 | G14: =-MAX(-5,MIN(5,ROUND((H$74-H$34)*100,0))) -> 0 | H14: =-MAX(-5,MIN(5,ROUND((H$82-H$34)*100,0))) -> 0 | I14: =-MAX(-5,MIN(5,ROUND((H$50-H$50)*100,0))) -> 0 | J14: =-MAX(-5,MIN(5,ROUND((H$58-H$50)*100,0))) -> 0 | K14: =-MAX(-5,MIN(5,ROUND((H$66-H$50)*100,0))) -> 0 | N14: South | O14: =-MAX(-5,MIN(5,ROUND((M$34-M$34)*100,0))) -> 0 | P14: =-MAX(-5,MIN(5,ROUND((M$42-M$34)*100,0))) -> 0 | Q14: =-MAX(-5,MIN(5,ROUND((M$74-M$34)*100,0))) -> 0 | R14: =-MAX(-5,MIN(5,ROUND((M$82-M$34)*100,0))) -> 0 | S14: =-MAX(-5,MIN(5,ROUND((M$50-M$50)*100,0))) -> 0 | T14: =-MAX(-5,MIN(5,ROUND((M$58-M$50)*100,0))) -> 0 | U14: =-MAX(-5,MIN(5,ROUND((M$66-M$50)*100,0))) -> 0 | X14: South | Y14: =-MAX(-5,MIN(5,ROUND((R$34-R$34)*100,0))) -> 0 | Z14: =-MAX(-5,MIN(5,ROUND((R$42-R$34)*100,0))) -> 0 | AA14: =-MAX(-5,MIN(5,ROUND((R$74-R$34)*100,0))) -> 0 | AB14: =-MAX(-5,MIN(5,ROUND((R$82-R$34)*100,0))) -> 0 | AC14: =-MAX(-5,MIN(5,ROUND((R$50-R$50)*100,0))) -> 0 | AD14: =-MAX(-5,MIN(5,ROUND((R$58-R$50)*100,0))) -> 0 | AE14: =-MAX(-5,MIN(5,ROUND((R$66-R$50)*100,0))) -> 0
D15: REGION | E15: BAU | F15: BAF | G15: ECO | H15: NGW | I15: BAU CS | J15: COR vs CS | K15: TUNNEL VS CS | N15: REGION | O15: BAU | P15: BAF | Q15: ECO | R15: NGW | S15: BAU CS | T15: COR vs CS | U15: TUNNEL VS CS | X15: REGION | Y15: BAU | Z15: BAF | AA15: ECO | AB15: NGW | AC15: BAU CS | AD15: COR vs CS | AE15: TUNNEL VS CS
C16: WATERFOWL | D16: Delta-Wide | E16: =-MAX(-5,MIN(5,ROUND((D$35-D$35)*100,0))) -> 0 | F16: =-MAX(-5,MIN(5,ROUND((D$43-D$35)*100,0))) -> 0 | G16: =-MAX(-5,MIN(5,ROUND((D$75-D$35)*100,0))) -> 0 | H16: =-MAX(-5,MIN(5,ROUND((D$83-D$35)*100,0))) -> 0 | I16: =-MAX(-5,MIN(5,ROUND((D$51-D$51)*100,0))) -> 0 | J16: =-MAX(-5,MIN(5,ROUND((D$59-D$51)*100,0))) -> 0 | K16: =-MAX(-5,MIN(5,ROUND((D$67-D$51)*100,0))) -> 0 | M16: WATERFOWL | N16: Delta-Wide | O16: =-MAX(-5,MIN(5,ROUND((I$35-I$35)*100,0))) -> 0 | P16: =-MAX(-5,MIN(5,ROUND((I$43-I$35)*100,0))) -> 0 | Q16: =-MAX(-5,MIN(5,ROUND((I$75-I$35)*100,0))) -> -1 | R16: =-MAX(-5,MIN(5,ROUND((I$83-I$35)*100,0))) -> -1 | S16: =-MAX(-5,MIN(5,ROUND((I$51-I$51)*100,0))) -> 0 | T16: =-MAX(-5,MIN(5,ROUND((I$59-I$51)*100,0))) -> 0 | U16: =-MAX(-5,MIN(5,ROUND((I$67-I$51)*100,0))) -> 0 | W16: WATERFOWL | X16: Delta-Wide | Y16: =-MAX(-5,MIN(5,ROUND((N$35-N$35)*100,0))) -> 0 | Z16: =-MAX(-5,MIN(5,ROUND((N$43-N$35)*100,0))) -> 0 | AA16: =-MAX(-5,MIN(5,ROUND((N$75-N$35)*100,0))) -> 0 | AB16: =-MAX(-5,MIN(5,ROUND((N$83-N$35)*100,0))) -> 0 | AC16: =-MAX(-5,MIN(5,ROUND((N$51-N$51)*100,0))) -> 0 | AD16: =-MAX(-5,MIN(5,ROUND((N$59-N$51)*100,0))) -> 0 | AE16: =-MAX(-5,MIN(5,ROUND((N$67-N$51)*100,0))) -> 0
D17: Suisun | E17: =-MAX(-5,MIN(5,ROUND((E$35-E$35)*100,0))) -> 0 | F17: =-MAX(-5,MIN(5,ROUND((E$43-E$35)*100,0))) -> 0 | G17: =-MAX(-5,MIN(5,ROUND((E$75-E$35)*100,0))) -> -3 | H17: =-MAX(-5,MIN(5,ROUND((E$83-E$35)*100,0))) -> -3 | I17: =-MAX(-5,MIN(5,ROUND((E$51-E$51)*100,0))) -> 0 | J17: =-MAX(-5,MIN(5,ROUND((E$59-E$51)*100,0))) -> 1 | K17: =-MAX(-5,MIN(5,ROUND((E$67-E$51)*100,0))) -> 0 | N17: Suisun | O17: =-MAX(-5,MIN(5,ROUND((J$35-J$35)*100,0))) -> 0 | P17: =-MAX(-5,MIN(5,ROUND((J$43-J$35)*100,0))) -> 0 | Q17: =-MAX(-5,MIN(5,ROUND((J$75-J$35)*100,0))) -> -5 | R17: =-MAX(-5,MIN(5,ROUND((J$83-J$35)*100,0))) -> -5 | S17: =-MAX(-5,MIN(5,ROUND((J$51-J$51)*100,0))) -> 0 | T17: =-MAX(-5,MIN(5,ROUND((J$59-J$51)*100,0))) -> 1 | U17: =-MAX(-5,MIN(5,ROUND((J$67-J$51)*100,0))) -> -1 | X17: Suisun | Y17: =-MAX(-5,MIN(5,ROUND((O$35-O$35)*100,0))) -> 0 | Z17: =-MAX(-5,MIN(5,ROUND((O$43-O$35)*100,0))) -> 0 | AA17: =-MAX(-5,MIN(5,ROUND((O$75-O$35)*100,0))) -> -1 | AB17: =-MAX(-5,MIN(5,ROUND((O$83-O$35)*100,0))) -> -1 | AC17: =-MAX(-5,MIN(5,ROUND((O$51-O$51)*100,0))) -> 0 | AD17: =-MAX(-5,MIN(5,ROUND((O$59-O$51)*100,0))) -> 0 | AE17: =-MAX(-5,MIN(5,ROUND((O$67-O$51)*100,0))) -> 0
D18: Central | E18: =-MAX(-5,MIN(5,ROUND((F$35-F$35)*100,0))) -> 0 | F18: =-MAX(-5,MIN(5,ROUND((F$43-F$35)*100,0))) -> 0 | G18: =-MAX(-5,MIN(5,ROUND((F$75-F$35)*100,0))) -> 1 | H18: =-MAX(-5,MIN(5,ROUND((F$83-F$35)*100,0))) -> 1 | I18: =-MAX(-5,MIN(5,ROUND((F$51-F$51)*100,0))) -> 0 | J18: =-MAX(-5,MIN(5,ROUND((F$59-F$51)*100,0))) -> 0 | K18: =-MAX(-5,MIN(5,ROUND((F$67-F$51)*100,0))) -> 0 | N18: Central | O18: =-MAX(-5,MIN(5,ROUND((K$35-K$35)*100,0))) -> 0 | P18: =-MAX(-5,MIN(5,ROUND((K$43-K$35)*100,0))) -> 0 | Q18: =-MAX(-5,MIN(5,ROUND((K$75-K$35)*100,0))) -> 1 | R18: =-MAX(-5,MIN(5,ROUND((K$83-K$35)*100,0))) -> 1 | S18: =-MAX(-5,MIN(5,ROUND((K$51-K$51)*100,0))) -> 0 | T18: =-MAX(-5,MIN(5,ROUND((K$59-K$51)*100,0))) -> 0 | U18: =-MAX(-5,MIN(5,ROUND((K$67-K$51)*100,0))) -> -1 | X18: Central | Y18: =-MAX(-5,MIN(5,ROUND((P$35-P$35)*100,0))) -> 0 | Z18: =-MAX(-5,MIN(5,ROUND((P$43-P$35)*100,0))) -> 0 | AA18: =-MAX(-5,MIN(5,ROUND((P$75-P$35)*100,0))) -> 1 | AB18: =-MAX(-5,MIN(5,ROUND((P$83-P$35)*100,0))) -> 1 | AC18: =-MAX(-5,MIN(5,ROUND((P$51-P$51)*100,0))) -> 0 | AD18: =-MAX(-5,MIN(5,ROUND((P$59-P$51)*100,0))) -> 0 | AE18: =-MAX(-5,MIN(5,ROUND((P$67-P$51)*100,0))) -> 1
D19: North | E19: =-MAX(-5,MIN(5,ROUND((G$35-G$35)*100,0))) -> 0 | F19: =-MAX(-5,MIN(5,ROUND((G$43-G$35)*100,0))) -> 0 | G19: =-MAX(-5,MIN(5,ROUND((G$75-G$35)*100,0))) -> 0 | H19: =-MAX(-5,MIN(5,ROUND((G$83-G$35)*100,0))) -> 0 | I19: =-MAX(-5,MIN(5,ROUND((G$51-G$51)*100,0))) -> 0 | J19: =-MAX(-5,MIN(5,ROUND((G$59-G$51)*100,0))) -> 0 | K19: =-MAX(-5,MIN(5,ROUND((G$67-G$51)*100,0))) -> 0 | N19: North | O19: =-MAX(-5,MIN(5,ROUND((L$35-L$35)*100,0))) -> 0 | P19: =-MAX(-5,MIN(5,ROUND((L$43-L$35)*100,0))) -> 0 | Q19: =-MAX(-5,MIN(5,ROUND((L$75-L$35)*100,0))) -> 0 | R19: =-MAX(-5,MIN(5,ROUND((L$83-L$35)*100,0))) -> 0 | S19: =-MAX(-5,MIN(5,ROUND((L$51-L$51)*100,0))) -> 0 | T19: =-MAX(-5,MIN(5,ROUND((L$59-L$51)*100,0))) -> 0 | U19: =-MAX(-5,MIN(5,ROUND((L$67-L$51)*100,0))) -> 0 | X19: North | Y19: =-MAX(-5,MIN(5,ROUND((Q$35-Q$35)*100,0))) -> 0 | Z19: =-MAX(-5,MIN(5,ROUND((Q$43-Q$35)*100,0))) -> 0 | AA19: =-MAX(-5,MIN(5,ROUND((Q$75-Q$35)*100,0))) -> 0 | AB19: =-MAX(-5,MIN(5,ROUND((Q$83-Q$35)*100,0))) -> 0 | AC19: =-MAX(-5,MIN(5,ROUND((Q$51-Q$51)*100,0))) -> 0 | AD19: =-MAX(-5,MIN(5,ROUND((Q$59-Q$51)*100,0))) -> 0 | AE19: =-MAX(-5,MIN(5,ROUND((Q$67-Q$51)*100,0))) -> 0
D20: South | E20: =-MAX(-5,MIN(5,ROUND((H$35-H$35)*100,0))) -> 0 | F20: =-MAX(-5,MIN(5,ROUND((H$43-H$35)*100,0))) -> 0 | G20: =-MAX(-5,MIN(5,ROUND((H$75-H$35)*100,0))) -> 0 | H20: =-MAX(-5,MIN(5,ROUND((H$83-H$35)*100,0))) -> 0 | I20: =-MAX(-5,MIN(5,ROUND((H$51-H$51)*100,0))) -> 0 | J20: =-MAX(-5,MIN(5,ROUND((H$59-H$51)*100,0))) -> 0 | K20: =-MAX(-5,MIN(5,ROUND((H$67-H$51)*100,0))) -> 0 | N20: South | O20: =-MAX(-5,MIN(5,ROUND((M$35-M$35)*100,0))) -> 0 | P20: =-MAX(-5,MIN(5,ROUND((M$43-M$35)*100,0))) -> 0 | Q20: =-MAX(-5,MIN(5,ROUND((M$75-M$35)*100,0))) -> 0 | R20: =-MAX(-5,MIN(5,ROUND((M$83-M$35)*100,0))) -> 0 | S20: =-MAX(-5,MIN(5,ROUND((M$51-M$51)*100,0))) -> 0 | T20: =-MAX(-5,MIN(5,ROUND((M$59-M$51)*100,0))) -> 0 | U20: =-MAX(-5,MIN(5,ROUND((M$67-M$51)*100,0))) -> 0 | X20: South | Y20: =-MAX(-5,MIN(5,ROUND((R$35-R$35)*100,0))) -> 0 | Z20: =-MAX(-5,MIN(5,ROUND((R$43-R$35)*100,0))) -> 0 | AA20: =-MAX(-5,MIN(5,ROUND((R$75-R$35)*100,0))) -> 0 | AB20: =-MAX(-5,MIN(5,ROUND((R$83-R$35)*100,0))) -> 0 | AC20: =-MAX(-5,MIN(5,ROUND((R$51-R$51)*100,0))) -> 0 | AD20: =-MAX(-5,MIN(5,ROUND((R$59-R$51)*100,0))) -> 0 | AE20: =-MAX(-5,MIN(5,ROUND((R$67-R$51)*100,0))) -> 0
D21: REGION | E21: BAU | F21: BAF | G21: ECO | H21: NGW | I21: BAU CS | J21: COR vs CS | K21: TUNNEL VS CS | N21: REGION | O21: BAU | P21: BAF | Q21: ECO | R21: NGW | S21: BAU CS | T21: COR vs CS | U21: TUNNEL VS CS | X21: REGION | Y21: BAU | Z21: BAF | AA21: ECO | AB21: NGW | AC21: BAU CS | AD21: COR vs CS | AE21: TUNNEL VS CS
C22: ANGLING | D22: Delta-Wide | E22: =-MAX(-5,MIN(5,ROUND((D$36-D$36)*100,0))) -> 0 | F22: =-MAX(-5,MIN(5,ROUND((D$44-D$36)*100,0))) -> 0 | G22: =-MAX(-5,MIN(5,ROUND((D$76-D$36)*100,0))) -> -2 | H22: =-MAX(-5,MIN(5,ROUND((D$84-D$36)*100,0))) -> -2 | I22: =-MAX(-5,MIN(5,ROUND((D$52-D$52)*100,0))) -> 0 | J22: =-MAX(-5,MIN(5,ROUND((D$60-D$52)*100,0))) -> 0 | K22: =-MAX(-5,MIN(5,ROUND((D$68-D$52)*100,0))) -> 0 | M22: ANGLING | N22: Delta-Wide | O22: =-MAX(-5,MIN(5,ROUND((I$36-I$36)*100,0))) -> 0 | P22: =-MAX(-5,MIN(5,ROUND((I$44-I$36)*100,0))) -> 0 | Q22: =-MAX(-5,MIN(5,ROUND((I$76-I$36)*100,0))) -> -3 | R22: =-MAX(-5,MIN(5,ROUND((I$84-I$36)*100,0))) -> -3 | S22: =-MAX(-5,MIN(5,ROUND((I$52-I$52)*100,0))) -> 0 | T22: =-MAX(-5,MIN(5,ROUND((I$60-I$52)*100,0))) -> 1 | U22: =-MAX(-5,MIN(5,ROUND((I$68-I$52)*100,0))) -> -1 | W22: ANGLING | X22: Delta-Wide | Y22: =-MAX(-5,MIN(5,ROUND((N$36-N$36)*100,0))) -> 0 | Z22: =-MAX(-5,MIN(5,ROUND((N$44-N$36)*100,0))) -> 0 | AA22: =-MAX(-5,MIN(5,ROUND((N$76-N$36)*100,0))) -> -2 | AB22: =-MAX(-5,MIN(5,ROUND((N$84-N$36)*100,0))) -> -2 | AC22: =-MAX(-5,MIN(5,ROUND((N$52-N$52)*100,0))) -> 0 | AD22: =-MAX(-5,MIN(5,ROUND((N$60-N$52)*100,0))) -> 0 | AE22: =-MAX(-5,MIN(5,ROUND((N$68-N$52)*100,0))) -> 0
D23: Suisun | E23: =-MAX(-5,MIN(5,ROUND((E$36-E$36)*100,0))) -> 0 | F23: =-MAX(-5,MIN(5,ROUND((E$44-E$36)*100,0))) -> 0 | G23: =-MAX(-5,MIN(5,ROUND((E$76-E$36)*100,0))) -> -5 | H23: =-MAX(-5,MIN(5,ROUND((E$84-E$36)*100,0))) -> -5 | I23: =-MAX(-5,MIN(5,ROUND((E$52-E$52)*100,0))) -> 0 | J23: =-MAX(-5,MIN(5,ROUND((E$60-E$52)*100,0))) -> 1 | K23: =-MAX(-5,MIN(5,ROUND((E$68-E$52)*100,0))) -> 0 | N23: Suisun | O23: =-MAX(-5,MIN(5,ROUND((J$36-J$36)*100,0))) -> 0 | P23: =-MAX(-5,MIN(5,ROUND((J$44-J$36)*100,0))) -> 0 | Q23: =-MAX(-5,MIN(5,ROUND((J$76-J$36)*100,0))) -> -5 | R23: =-MAX(-5,MIN(5,ROUND((J$84-J$36)*100,0))) -> -5 | S23: =-MAX(-5,MIN(5,ROUND((J$52-J$52)*100,0))) -> 0 | T23: =-MAX(-5,MIN(5,ROUND((J$60-J$52)*100,0))) -> 2 | U23: =-MAX(-5,MIN(5,ROUND((J$68-J$52)*100,0))) -> -2 | X23: Suisun | Y23: =-MAX(-5,MIN(5,ROUND((O$36-O$36)*100,0))) -> 0 | Z23: =-MAX(-5,MIN(5,ROUND((O$44-O$36)*100,0))) -> 0 | AA23: =-MAX(-5,MIN(5,ROUND((O$76-O$36)*100,0))) -> -5 | AB23: =-MAX(-5,MIN(5,ROUND((O$84-O$36)*100,0))) -> -5 | AC23: =-MAX(-5,MIN(5,ROUND((O$52-O$52)*100,0))) -> 0 | AD23: =-MAX(-5,MIN(5,ROUND((O$60-O$52)*100,0))) -> 0 | AE23: =-MAX(-5,MIN(5,ROUND((O$68-O$52)*100,0))) -> 3
D24: Central | E24: =-MAX(-5,MIN(5,ROUND((F$36-F$36)*100,0))) -> 0 | F24: =-MAX(-5,MIN(5,ROUND((F$44-F$36)*100,0))) -> 0 | G24: =-MAX(-5,MIN(5,ROUND((F$76-F$36)*100,0))) -> 1 | H24: =-MAX(-5,MIN(5,ROUND((F$84-F$36)*100,0))) -> 1 | I24: =-MAX(-5,MIN(5,ROUND((F$52-F$52)*100,0))) -> 0 | J24: =-MAX(-5,MIN(5,ROUND((F$60-F$52)*100,0))) -> 0 | K24: =-MAX(-5,MIN(5,ROUND((F$68-F$52)*100,0))) -> -1 | N24: Central | O24: =-MAX(-5,MIN(5,ROUND((K$36-K$36)*100,0))) -> 0 | P24: =-MAX(-5,MIN(5,ROUND((K$44-K$36)*100,0))) -> 0 | Q24: =-MAX(-5,MIN(5,ROUND((K$76-K$36)*100,0))) -> 1 | R24: =-MAX(-5,MIN(5,ROUND((K$84-K$36)*100,0))) -> 1 | S24: =-MAX(-5,MIN(5,ROUND((K$52-K$52)*100,0))) -> 0 | T24: =-MAX(-5,MIN(5,ROUND((K$60-K$52)*100,0))) -> 0 | U24: =-MAX(-5,MIN(5,ROUND((K$68-K$52)*100,0))) -> 0 | X24: Central | Y24: =-MAX(-5,MIN(5,ROUND((P$36-P$36)*100,0))) -> 0 | Z24: =-MAX(-5,MIN(5,ROUND((P$44-P$36)*100,0))) -> 0 | AA24: =-MAX(-5,MIN(5,ROUND((P$76-P$36)*100,0))) -> 1 | AB24: =-MAX(-5,MIN(5,ROUND((P$84-P$36)*100,0))) -> 1 | AC24: =-MAX(-5,MIN(5,ROUND((P$52-P$52)*100,0))) -> 0 | AD24: =-MAX(-5,MIN(5,ROUND((P$60-P$52)*100,0))) -> 0 | AE24: =-MAX(-5,MIN(5,ROUND((P$68-P$52)*100,0))) -> -1
D25: North | E25: =-MAX(-5,MIN(5,ROUND((G$36-G$36)*100,0))) -> 0 | F25: =-MAX(-5,MIN(5,ROUND((G$44-G$36)*100,0))) -> 0 | G25: =-MAX(-5,MIN(5,ROUND((G$76-G$36)*100,0))) -> 0 | H25: =-MAX(-5,MIN(5,ROUND((G$84-G$36)*100,0))) -> 0 | I25: =-MAX(-5,MIN(5,ROUND((G$52-G$52)*100,0))) -> 0 | J25: =-MAX(-5,MIN(5,ROUND((G$60-G$52)*100,0))) -> 0 | K25: =-MAX(-5,MIN(5,ROUND((G$68-G$52)*100,0))) -> 0 | N25: North | O25: =-MAX(-5,MIN(5,ROUND((L$36-L$36)*100,0))) -> 0 | P25: =-MAX(-5,MIN(5,ROUND((L$44-L$36)*100,0))) -> 0 | Q25: =-MAX(-5,MIN(5,ROUND((L$76-L$36)*100,0))) -> 0 | R25: =-MAX(-5,MIN(5,ROUND((L$84-L$36)*100,0))) -> 0 | S25: =-MAX(-5,MIN(5,ROUND((L$52-L$52)*100,0))) -> 0 | T25: =-MAX(-5,MIN(5,ROUND((L$60-L$52)*100,0))) -> 0 | U25: =-MAX(-5,MIN(5,ROUND((L$68-L$52)*100,0))) -> 0 | X25: North | Y25: =-MAX(-5,MIN(5,ROUND((Q$36-Q$36)*100,0))) -> 0 | Z25: =-MAX(-5,MIN(5,ROUND((Q$44-Q$36)*100,0))) -> 0 | AA25: =-MAX(-5,MIN(5,ROUND((Q$76-Q$36)*100,0))) -> 0 | AB25: =-MAX(-5,MIN(5,ROUND((Q$84-Q$36)*100,0))) -> 0 | AC25: =-MAX(-5,MIN(5,ROUND((Q$52-Q$52)*100,0))) -> 0 | AD25: =-MAX(-5,MIN(5,ROUND((Q$60-Q$52)*100,0))) -> 0 | AE25: =-MAX(-5,MIN(5,ROUND((Q$68-Q$52)*100,0))) -> 0
D26: South | E26: =-MAX(-5,MIN(5,ROUND((H$36-H$36)*100,0))) -> 0 | F26: =-MAX(-5,MIN(5,ROUND((H$44-H$36)*100,0))) -> 0 | G26: =-MAX(-5,MIN(5,ROUND((H$76-H$36)*100,0))) -> 0 | H26: =-MAX(-5,MIN(5,ROUND((H$84-H$36)*100,0))) -> 0 | I26: =-MAX(-5,MIN(5,ROUND((H$52-H$52)*100,0))) -> 0 | J26: =-MAX(-5,MIN(5,ROUND((H$60-H$52)*100,0))) -> 0 | K26: =-MAX(-5,MIN(5,ROUND((H$68-H$52)*100,0))) -> 0 | N26: South | O26: =-MAX(-5,MIN(5,ROUND((M$36-M$36)*100,0))) -> 0 | P26: =-MAX(-5,MIN(5,ROUND((M$44-M$36)*100,0))) -> 0 | Q26: =-MAX(-5,MIN(5,ROUND((M$76-M$36)*100,0))) -> 0 | R26: =-MAX(-5,MIN(5,ROUND((M$84-M$36)*100,0))) -> 0 | S26: =-MAX(-5,MIN(5,ROUND((M$52-M$52)*100,0))) -> 0 | T26: =-MAX(-5,MIN(5,ROUND((M$60-M$52)*100,0))) -> 0 | U26: =-MAX(-5,MIN(5,ROUND((M$68-M$52)*100,0))) -> 0 | X26: South | Y26: =-MAX(-5,MIN(5,ROUND((R$36-R$36)*100,0))) -> 0 | Z26: =-MAX(-5,MIN(5,ROUND((R$44-R$36)*100,0))) -> 0 | AA26: =-MAX(-5,MIN(5,ROUND((R$76-R$36)*100,0))) -> 0 | AB26: =-MAX(-5,MIN(5,ROUND((R$84-R$36)*100,0))) -> 0 | AC26: =-MAX(-5,MIN(5,ROUND((R$52-R$52)*100,0))) -> 0 | AD26: =-MAX(-5,MIN(5,ROUND((R$60-R$52)*100,0))) -> 0 | AE26: =-MAX(-5,MIN(5,ROUND((R$68-R$52)*100,0))) -> 0
C30: BAU % EXCEEDANCES
D31: Total Run | I31: Wet Seasons | N31: Dry Seasons | T31: RECREATION: SALINITY SCORE (A) — RMA SLR Salinity
D32: Delta-Wide | E32: Suisun | F32: Central Delta | G32: North Delta | H32: South Delta | I32: Delta-Wide | J32: Suisun | K32: Central Delta | L32: North Delta | M32: South Delta | N32: Delta-Wide | O32: Suisun | P32: Central Delta | Q32: North Delta | R32: South Delta | T32: Workflow: (1) Each activity = its Delta-Wide, Total Run score (-5 to 5). No Wet/Dry or sub-region rows, to avoid double counting. (2) Sum the activity scores. (3) Divide by # of activities = Salinity Score (A). Day Use & Boating share one salinity threshold (1,000 µS/cm), so they're one combined activity here (will split for temperature). Final Recreation Score = (A Salinity + B Temperature + C Habitat + D Economy) / 4. B–D come from the other workbooks.
C33: Day Use & Boating | D33: =BAU!AK811 -> 0.32183953 | E33: =BAU!AL811 -> 0.82061791 | F33: =BAU!AM811 -> 0.37845033 | G33: =BAU!AN811 -> 0 | H33: =BAU!AO811 -> 0.036429872 | I33: =BAU!AS811 -> 0.32037671 | J33: =BAU!AT811 -> 0.85034247 | K33: =BAU!AU811 -> 0.36194825 | L33: =BAU!AV811 -> 0 | M33: =BAU!AW811 -> 0.02130898 | N33: =BAU!BA811 -> 0.27817623 | O33: =BAU!BB811 -> 0.76058743 | P33: =BAU!BC811 -> 0.2962963 | Q33: =BAU!BD811 -> 0 | R33: =BAU!BE811 -> 0.016697025
C34: Birding | D34: =BAU!AK827 -> 0.24062106 | E34: =BAU!AL827 -> 0.73644388 | F34: =BAU!AM827 -> 0.20092476 | G34: =BAU!AN827 -> 0 | H34: =BAU!AO827 -> 0 | I34: =BAU!AS827 -> 0.2322774 | J34: =BAU!AT827 -> 0.74520548 | K34: =BAU!AU827 -> 0.16347032 | L34: =BAU!AV827 -> 0 | M34: =BAU!AW827 -> 0 | N34: =BAU!BA827 -> 0.21653005 | O34: =BAU!BB827 -> 0.68306011 | P34: =BAU!BC827 -> 0.1627201 | Q34: =BAU!BD827 -> 0 | R34: =BAU!BE827 -> 0 | T34: ACTIVITY | U34: SOURCE | V34: BAU | W34: BAF | X34: ECO | Y34: NGW | Z34: BAU CS | AA34: COR vs CS | AB34: Tunnel vs CS
C35: Waterfowl | D35: =BAU!AK843 -> 0.21071091 | E35: =BAU!AL843 -> 0.69955864 | F35: =BAU!AM843 -> 0.12736444 | G35: =BAU!AN843 -> 0 | H35: =BAU!AO843 -> 0 | I35: =BAU!AS843 -> 0.20847603 | J35: =BAU!AT843 -> 0.70308219 | K35: =BAU!AU843 -> 0.11628615 | L35: =BAU!AV843 -> 0 | M35: =BAU!AW843 -> 0 | N35: =BAU!BA843 -> 0.19031762 | O35: =BAU!BB843 -> 0.64515027 | P35: =BAU!BC843 -> 0.10321797 | Q35: =BAU!BD843 -> 0 | R35: =BAU!BE843 -> 0 | T35: Day Use/Boating | U35: Row 4 | V35: =E$4 -> 0 | W35: =F$4 -> 0 | X35: =G$4 -> 0 | Y35: =H$4 -> 0 | Z35: =I$4 -> 0 | AA35: =J$4 -> 1 | AB35: =K$4 -> -1
C36: Angling | D36: =BAU!AK859 -> 0.11834016 | E36: =BAU!AL859 -> 0.4175599 | F36: =BAU!AM859 -> 0.049600673 | G36: =BAU!AN859 -> 0 | H36: =BAU!AO859 -> 0 | I36: =BAU!AS859 -> 0.10496575 | J36: =BAU!AT859 -> 0.37773973 | K36: =BAU!AU859 -> 0.037442922 | L36: =BAU!AV859 -> 0 | M36: =BAU!AW859 -> 0 | N36: =BAU!BA859 -> 0.099385246 | O36: =BAU!BB859 -> 0.35928962 | P36: =BAU!BC859 -> 0.034001214 | Q36: =BAU!BD859 -> 0 | R36: =BAU!BE859 -> 0 | T36: Birding | U36: Row 10 | V36: =E$10 -> 0 | W36: =F$10 -> 0 | X36: =G$10 -> 0 | Y36: =H$10 -> 0 | Z36: =I$10 -> 0 | AA36: =J$10 -> 0 | AB36: =K$10 -> 0
T37: Waterfowl | U37: Row 16 | V37: =E$16 -> 0 | W37: =F$16 -> 0 | X37: =G$16 -> 0 | Y37: =H$16 -> 0 | Z37: =I$16 -> 0 | AA37: =J$16 -> 0 | AB37: =K$16 -> 0
C38: BAF % EXCEEDANCES | T38: Angling | U38: Row 22 | V38: =E$22 -> 0 | W38: =F$22 -> 0 | X38: =G$22 -> -2 | Y38: =H$22 -> -2 | Z38: =I$22 -> 0 | AA38: =J$22 -> 0 | AB38: =K$22 -> 0
D39: Total Run | I39: Wet Seasons | N39: Dry Seasons | T39: Sum of scores | V39: =SUM(V35:V38) -> 0 | W39: =SUM(W35:W38) -> 0 | X39: =SUM(X35:X38) -> -2 | Y39: =SUM(Y35:Y38) -> -2 | Z39: =SUM(Z35:Z38) -> 0 | AA39: =SUM(AA35:AA38) -> 1 | AB39: =SUM(AB35:AB38) -> -1
D40: Delta-Wide | E40: Suisun | F40: Central Delta | G40: North Delta | H40: South Delta | I40: Delta-Wide | J40: Suisun | K40: Central Delta | L40: North Delta | M40: South Delta | N40: Delta-Wide | O40: Suisun | P40: Central Delta | Q40: North Delta | R40: South Delta | T40: # of activities | V40: =COUNT(V35:V38) -> 4 | W40: =COUNT(W35:W38) -> 4 | X40: =COUNT(X35:X38) -> 4 | Y40: =COUNT(Y35:Y38) -> 4 | Z40: =COUNT(Z35:Z38) -> 4 | AA40: =COUNT(AA35:AA38) -> 4 | AB40: =COUNT(AB35:AB38) -> 4
C41: Day Use & Boating | D41: =BAF!AK811 -> 0.32550441 | E41: =BAF!AL811 -> 0.82093317 | F41: =BAF!AM811 -> 0.40423147 | G41: =BAF!AN811 -> 0 | H41: =BAF!AO811 -> 0.023399187 | I41: =BAF!AS811 -> 0.32842466 | J41: =BAF!AT811 -> 0.85068493 | K41: =BAF!AU811 -> 0.38599696 | L41: =BAF!AV811 -> 0 | M41: =BAF!AW811 -> 0.025570776 | N41: =BAF!BA811 -> 0.28329918 | O41: =BAF!BB811 -> 0.76092896 | P41: =BAF!BC811 -> 0.32210079 | Q41: =BAF!BD811 -> 0 | R41: =BAF!BE811 -> 0.0088038859 | T41: SALINITY SCORE (A) | V41: =IFERROR(V39/V40,0) -> 0 | W41: =IFERROR(W39/W40,0) -> 0 | X41: =IFERROR(X39/X40,0) -> -0.5 | Y41: =IFERROR(Y39/Y40,0) -> -0.5 | Z41: =IFERROR(Z39/Z40,0) -> 0 | AA41: =IFERROR(AA39/AA40,0) -> 0.25 | AB41: =IFERROR(AB39/AB40,0) -> -0.25
C42: Birding | D42: =BAF!AK827 -> 0.24101513 | E42: =BAF!AL827 -> 0.73660151 | F42: =BAF!AM827 -> 0.20218579 | G42: =BAF!AN827 -> 0 | H42: =BAF!AO827 -> 0 | I42: =BAF!AS827 -> 0.23287671 | J42: =BAF!AT827 -> 0.74554795 | K42: =BAF!AU827 -> 0.1652968 | L42: =BAF!AV827 -> 0 | M42: =BAF!AW827 -> 0 | N42: =BAF!BA827 -> 0.21610314 | O42: =BAF!BB827 -> 0.68306011 | P42: =BAF!BC827 -> 0.16120219 | Q42: =BAF!BD827 -> 0 | R42: =BAF!BE827 -> 0
C43: Waterfowl | D43: =BAF!AK843 -> 0.21169609 | E43: =BAF!AL843 -> 0.69955864 | F43: =BAF!AM843 -> 0.13086731 | G43: =BAF!AN843 -> 0 | H43: =BAF!AO843 -> 0 | I43: =BAF!AS843 -> 0.20864726 | J43: =BAF!AT843 -> 0.70308219 | K43: =BAF!AU843 -> 0.11689498 | L43: =BAF!AV843 -> 0 | M43: =BAF!AW843 -> 0 | N43: =BAF!BA843 -> 0.19134221 | O43: =BAF!BB843 -> 0.64515027 | P43: =BAF!BC843 -> 0.10686096 | Q43: =BAF!BD843 -> 0 | R43: =BAF!BE843 -> 0
C44: Angling | D44: =BAF!AK859 -> 0.11881305 | E44: =BAF!AL859 -> 0.41929382 | F44: =BAF!AM859 -> 0.049740787 | G44: =BAF!AN859 -> 0 | H44: =BAF!AO859 -> 0 | I44: =BAF!AS859 -> 0.10582192 | J44: =BAF!AT859 -> 0.38082192 | K44: =BAF!AU859 -> 0.037747336 | L44: =BAF!AV859 -> 0 | M44: =BAF!AW859 -> 0 | N44: =BAF!BA859 -> 0.099470628 | O44: =BAF!BB859 -> 0.35997268 | P44: =BAF!BC859 -> 0.033697632 | Q44: =BAF!BD859 -> 0 | R44: =BAF!BE859 -> 0
C46: BAU % EXCEEDANCES (CalSIM)
D47: Total Run | I47: Wet Seasons | N47: Dry Seasons
D48: Delta-Wide | E48: Suisun | F48: Central Delta | G48: North Delta | H48: South Delta | I48: Delta-Wide | J48: Suisun | K48: Central Delta | L48: North Delta | M48: South Delta | N48: Delta-Wide | O48: Suisun | P48: Central Delta | Q48: North Delta | R48: South Delta
C49: Day Use & Boating | D49: ='BAU CalSim EC'!AK802 -> 0.35817921 | E49: ='BAU CalSim EC'!AL802 -> 0.8330676 | F49: ='BAU CalSim EC'!AM802 -> 0.44302721 | G49: ='BAU CalSim EC'!AN802 -> 0 | H49: ='BAU CalSim EC'!AO802 -> 0.089994331 | I49: ='BAU CalSim EC'!AS802 -> 0.37569252 | J49: ='BAU CalSim EC'!AT802 -> 0.83898892 | K49: ='BAU CalSim EC'!AU802 -> 0.46075716 | L49: ='BAU CalSim EC'!AV802 -> 0 | M49: ='BAU CalSim EC'!AW802 -> 0.12927054 | N49: ='BAU CalSim EC'!BA802 -> 0.29670423 | O49: ='BAU CalSim EC'!BB802 -> 0.80122951 | P49: ='BAU CalSim EC'!BC802 -> 0.33879781 | Q49: ='BAU CalSim EC'!BD802 -> 0 | R49: ='BAU CalSim EC'!BE802 -> 0.0039465695
C50: Birding | D50: ='BAU CalSim EC'!AK818 -> 0.27008929 | E50: ='BAU CalSim EC'!AL818 -> 0.7890625 | F50: ='BAU CalSim EC'!AM818 -> 0.25892857 | G50: ='BAU CalSim EC'!AN818 -> 0 | H50: ='BAU CalSim EC'!AO818 -> 0 | I50: ='BAU CalSim EC'!AS818 -> 0.27389197 | J50: ='BAU CalSim EC'!AT818 -> 0.79224377 | K50: ='BAU CalSim EC'!AU818 -> 0.26962142 | L50: ='BAU CalSim EC'!AV818 -> 0 | M50: ='BAU CalSim EC'!AW818 -> 0 | N50: ='BAU CalSim EC'!BA818 -> 0.24018101 | O50: ='BAU CalSim EC'!BB818 -> 0.75307377 | P50: ='BAU CalSim EC'!BC818 -> 0.18457802 | Q50: ='BAU CalSim EC'!BD818 -> 0 | R50: ='BAU CalSim EC'!BE818 -> 0
C51: Waterfowl | D51: ='BAU CalSim EC'!AK834 -> 0.24561543 | E51: ='BAU CalSim EC'!AL834 -> 0.75095663 | F51: ='BAU CalSim EC'!AM834 -> 0.20578231 | G51: ='BAU CalSim EC'!AN834 -> 0 | H51: ='BAU CalSim EC'!AO834 -> 0 | I51: ='BAU CalSim EC'!AS834 -> 0.24298823 | J51: ='BAU CalSim EC'!AT834 -> 0.75 | K51: ='BAU CalSim EC'!AU834 -> 0.19729147 | L51: ='BAU CalSim EC'!AV834 -> 0 | M51: ='BAU CalSim EC'!AW834 -> 0 | N51: ='BAU CalSim EC'!BA834 -> 0.22148224 | O51: ='BAU CalSim EC'!BB834 -> 0.71311475 | P51: ='BAU CalSim EC'!BC834 -> 0.15361263 | Q51: ='BAU CalSim EC'!BD834 -> 0 | R51: ='BAU CalSim EC'!BE834 -> 0
C52: Angling | D52: ='BAU CalSim EC'!AK850 -> 0.14835778 | E52: ='BAU CalSim EC'!AL850 -> 0.52758291 | F52: ='BAU CalSim EC'!AM850 -> 0.058531746 | G52: ='BAU CalSim EC'!AN850 -> 0 | H52: ='BAU CalSim EC'!AO850 -> 0 | I52: ='BAU CalSim EC'!AS850 -> 0.14395776 | J52: ='BAU CalSim EC'!AT850 -> 0.50865651 | K52: ='BAU CalSim EC'!AU850 -> 0.05971068 | L52: ='BAU CalSim EC'!AV850 -> 0 | M52: ='BAU CalSim EC'!AW850 -> 0 | N52: ='BAU CalSim EC'!BA850 -> 0.12713456 | O52: ='BAU CalSim EC'!BB850 -> 0.4726776 | P52: ='BAU CalSim EC'!BC850 -> 0.031876138 | Q52: ='BAU CalSim EC'!BD850 -> 0 | R52: ='BAU CalSim EC'!BE850 -> 0
C54: COR % EXCEEDANCES (CalSIM)
D55: Total Run | I55: Wet Seasons | N55: Dry Seasons
D56: Delta-Wide | E56: Suisun | F56: Central Delta | G56: North Delta | H56: South Delta | I56: Delta-Wide | J56: Suisun | K56: Central Delta | L56: North Delta | M56: South Delta | N56: Delta-Wide | O56: Suisun | P56: Central Delta | Q56: North Delta | R56: South Delta
C57: Day Use & Boating | D57: ='COR CS'!AK802 -> 0.35168208 | E57: ='COR CS'!AL802 -> 0.82461735 | F57: ='COR CS'!AM802 -> 0.42800454 | G57: ='COR CS'!AN802 -> 0 | H57: ='COR CS'!AO802 -> 0.089427438 | I57: ='COR CS'!AS802 -> 0.36253463 | J57: ='COR CS'!AT802 -> 0.82202216 | K57: ='COR CS'!AU802 -> 0.42936288 | L57: ='COR CS'!AV802 -> 0 | M57: ='COR CS'!AW802 -> 0.12896276 | N57: ='COR CS'!BA802 -> 0.29602117 | O57: ='COR CS'!BB802 -> 0.79986339 | P57: ='COR CS'!BC802 -> 0.33758349 | Q57: ='COR CS'!BD802 -> 0 | R57: ='COR CS'!BE802 -> 0.0039465695
C58: Birding | D58: ='COR CS'!AK818 -> 0.26606346 | E58: ='COR CS'!AL818 -> 0.78172832 | F58: ='COR CS'!AM818 -> 0.25113379 | G58: ='COR CS'!AN818 -> 0 | H58: ='COR CS'!AO818 -> 0 | I58: ='COR CS'!AS818 -> 0.26566828 | J58: ='COR CS'!AT818 -> 0.77631579 | K58: ='COR CS'!AU818 -> 0.25453986 | L58: ='COR CS'!AV818 -> 0 | M58: ='COR CS'!AW818 -> 0 | N58: ='COR CS'!BA818 -> 0.2397541 | O58: ='COR CS'!BB818 -> 0.75307377 | P58: ='COR CS'!BC818 -> 0.18306011 | Q58: ='COR CS'!BD818 -> 0 | R58: ='COR CS'!BE818 -> 0
C59: Waterfowl | D59: ='COR CS'!AK834 -> 0.24382175 | E59: ='COR CS'!AL834 -> 0.74441964 | F59: ='COR CS'!AM834 -> 0.20521542 | G59: ='COR CS'!AN834 -> 0 | H59: ='COR CS'!AO834 -> 0 | I59: ='COR CS'!AS834 -> 0.2390928 | J59: ='COR CS'!AT834 -> 0.7351108 | K59: ='COR CS'!AU834 -> 0.1966759 | L59: ='COR CS'!AV834 -> 0 | M59: ='COR CS'!AW834 -> 0 | N59: ='COR CS'!BA834 -> 0.22165301 | O59: ='COR CS'!BB834 -> 0.71379781 | P59: ='COR CS'!BC834 -> 0.15361263 | Q59: ='COR CS'!BD834 -> 0 | R59: ='COR CS'!BE834 -> 0
C60: Angling | D60: ='COR CS'!AK850 -> 0.14572704 | E60: ='COR CS'!AL850 -> 0.51753827 | F60: ='COR CS'!AM850 -> 0.058106576 | G60: ='COR CS'!AN850 -> 0 | H60: ='COR CS'!AO850 -> 0 | I60: ='COR CS'!AS850 -> 0.13729224 | J60: ='COR CS'!AT850 -> 0.48407202 | K60: ='COR CS'!AU850 -> 0.057863958 | L60: ='COR CS'!AV850 -> 0 | M60: ='COR CS'!AW850 -> 0 | N60: ='COR CS'!BA850 -> 0.12807377 | O60: ='COR CS'!BB850 -> 0.47540984 | P60: ='COR CS'!BC850 -> 0.032786885 | Q60: ='COR CS'!BD850 -> 0 | R60: ='COR CS'!BE850 -> 0
C62: Tunnel % EXCEEDANCES (CalSIM)
D63: Total Run | I63: Wet Seasons | N63: Dry Seasons
D64: Delta-Wide | E64: Suisun | F64: Central Delta | G64: North Delta | H64: South Delta | I64: Delta-Wide | J64: Suisun | K64: Central Delta | L64: North Delta | M64: South Delta | N64: Delta-Wide | O64: Suisun | P64: Central Delta | Q64: North Delta | R64: South Delta
C65: Day Use & Boating | D65: ='Tunnel CS'!AK802 -> 0.36547353 | E65: ='Tunnel CS'!AL802 -> 0.84470663 | F65: ='Tunnel CS'!AM802 -> 0.45493197 | G65: ='Tunnel CS'!AN802 -> 0 | H65: ='Tunnel CS'!AO802 -> 0.093679138 | I65: ='Tunnel CS'!AS802 -> 0.38460873 | J65: ='Tunnel CS'!AT802 -> 0.84556787 | K65: ='Tunnel CS'!AU802 -> 0.48876577 | L65: ='Tunnel CS'!AV802 -> 0 | M65: ='Tunnel CS'!AW802 -> 0.12711604 | N65: ='Tunnel CS'!BA802 -> 0.30208333 | O65: ='Tunnel CS'!BB802 -> 0.81967213 | P65: ='Tunnel CS'!BC802 -> 0.33667274 | Q65: ='Tunnel CS'!BD802 -> 0 | R65: ='Tunnel CS'!BE802 -> 0.0088038859
C66: Birding | D66: ='Tunnel CS'!AK818 -> 0.27264031 | E66: ='Tunnel CS'!AL818 -> 0.79033801 | F66: ='Tunnel CS'!AM818 -> 0.26686508 | G66: ='Tunnel CS'!AN818 -> 0 | H66: ='Tunnel CS'!AO818 -> 0 | I66: ='Tunnel CS'!AS818 -> 0.27873961 | J66: ='Tunnel CS'!AT818 -> 0.79951524 | K66: ='Tunnel CS'!AU818 -> 0.28039397 | L66: ='Tunnel CS'!AV818 -> 0 | M66: ='Tunnel CS'!AW818 -> 0 | N66: ='Tunnel CS'!BA818 -> 0.24103484 | O66: ='Tunnel CS'!BB818 -> 0.74863388 | P66: ='Tunnel CS'!BC818 -> 0.19156041 | Q66: ='Tunnel CS'!BD818 -> 0 | R66: ='Tunnel CS'!BE818 -> 0
C67: Waterfowl | D67: ='Tunnel CS'!AK834 -> 0.24589445 | E67: ='Tunnel CS'!AL834 -> 0.75558036 | F67: ='Tunnel CS'!AM834 -> 0.2026644 | G67: ='Tunnel CS'!AN834 -> 0 | H67: ='Tunnel CS'!AO834 -> 0 | I67: ='Tunnel CS'!AS834 -> 0.24766274 | J67: ='Tunnel CS'!AT834 -> 0.76177285 | K67: ='Tunnel CS'!AU834 -> 0.20344721 | L67: ='Tunnel CS'!AV834 -> 0 | M67: ='Tunnel CS'!AW834 -> 0 | N67: ='Tunnel CS'!BA834 -> 0.21798156 | O67: ='Tunnel CS'!BB834 -> 0.7114071 | P67: ='Tunnel CS'!BC834 -> 0.14268367 | Q67: ='Tunnel CS'!BD834 -> 0 | R67: ='Tunnel CS'!BE834 -> 0
C68: Angling | D68: ='Tunnel CS'!AK850 -> 0.14899554 | E68: ='Tunnel CS'!AL850 -> 0.52295918 | F68: ='Tunnel CS'!AM850 -> 0.064909297 | G68: ='Tunnel CS'!AN850 -> 0 | H68: ='Tunnel CS'!AO850 -> 0 | I68: ='Tunnel CS'!AS850 -> 0.14984418 | J68: ='Tunnel CS'!AT850 -> 0.52908587 | K68: ='Tunnel CS'!AU850 -> 0.062480763 | L68: ='Tunnel CS'!AV850 -> 0 | M68: ='Tunnel CS'!AW850 -> 0 | N68: ='Tunnel CS'!BA850 -> 0.12278005 | O68: ='Tunnel CS'!BB850 -> 0.44262295 | P68: ='Tunnel CS'!BC850 -> 0.043108682 | Q68: ='Tunnel CS'!BD850 -> 0 | R68: ='Tunnel CS'!BE850 -> 0
C70: ECO % EXCEEDANCES
D71: Total Run | I71: Wet Seasons | N71: Dry Seasons
D72: Delta-Wide | E72: Suisun | F72: Central Delta | G72: North Delta | H72: South Delta | I72: Delta-Wide | J72: Suisun | K72: Central Delta | L72: North Delta | M72: South Delta | N72: Delta-Wide | O72: Suisun | P72: Central Delta | Q72: North Delta | R72: South Delta
C73: Day Use & Boating | D73: =ECO!AK811 -> 0.31908102 | E73: =ECO!AL811 -> 0.84315889 | F73: =ECO!AM811 -> 0.37368642 | G73: =ECO!AN811 -> 0 | H73: =ECO!AO811 -> 0.011349306 | I73: =ECO!AS811 -> 0.32208904 | J73: =ECO!AT811 -> 0.88527397 | K73: =ECO!AU811 -> 0.35159817 | L73: =ECO!AV811 -> 0 | M73: =ECO!AW811 -> 0.0066971081 | N73: =ECO!BA811 -> 0.27595628 | O73: =ECO!BB811 -> 0.77459016 | P73: =ECO!BC811 -> 0.2911354 | Q73: =ECO!BD811 -> 0 | R73: =ECO!BE811 -> 0.0015179114
C74: Birding | D74: =ECO!AK827 -> 0.24018758 | E74: =ECO!AL827 -> 0.77380202 | F74: =ECO!AM827 -> 0.16617626 | G74: =ECO!AN827 -> 0 | H74: =ECO!AO827 -> 0 | I74: =ECO!AS827 -> 0.24263699 | J74: =ECO!AT827 -> 0.8130137 | K74: =ECO!AU827 -> 0.14003044 | L74: =ECO!AV827 -> 0 | M74: =ECO!AW827 -> 0 | N74: =ECO!BA827 -> 0.20961407 | O74: =ECO!BB827 -> 0.69637978 | P74: =ECO!BC827 -> 0.12629022 | Q74: =ECO!BD827 -> 0 | R74: =ECO!BE827 -> 0
C75: Waterfowl | D75: =ECO!AK843 -> 0.21398172 | E75: =ECO!AL843 -> 0.72808953 | F75: =ECO!AM843 -> 0.11363318 | G75: =ECO!AN843 -> 0 | H75: =ECO!AO843 -> 0 | I75: =ECO!AS843 -> 0.21789384 | J75: =ECO!AT843 -> 0.75239726 | K75: =ECO!AU843 -> 0.10593607 | L75: =ECO!AV843 -> 0 | M75: =ECO!AW843 -> 0 | N75: =ECO!BA843 -> 0.18980533 | O75: =ECO!BB843 -> 0.65778689 | P75: =ECO!BC843 -> 0.090163934 | Q75: =ECO!BD843 -> 0 | R75: =ECO!BE843 -> 0
C76: Angling | D76: =ECO!AK859 -> 0.13914723 | E76: =ECO!AL859 -> 0.50866961 | F76: =ECO!AM859 -> 0.042594928 | G76: =ECO!AN859 -> 0 | H76: =ECO!AO859 -> 0 | I76: =ECO!AS859 -> 0.13116438 | J76: =ECO!AT859 -> 0.48938356 | K76: =ECO!AU859 -> 0.031354642 | L76: =ECO!AV859 -> 0 | M76: =ECO!AW859 -> 0 | N76: =ECO!BA859 -> 0.11876708 | O76: =ECO!BB859 -> 0.44501366 | P76: =ECO!BC859 -> 0.02671524 | Q76: =ECO!BD859 -> 0 | R76: =ECO!BE859 -> 0
C78: NGW % EXCEEDANCES
D79: Total Run | I79: Wet Seasons | N79: Dry Seasons
D80: Delta-Wide | E80: Suisun | F80: Central Delta | G80: North Delta | H80: South Delta | I80: Delta-Wide | J80: Suisun | K80: Central Delta | L80: North Delta | M80: South Delta | N80: Delta-Wide | O80: Suisun | P80: Central Delta | Q80: North Delta | R80: South Delta
C81: Day Use & Boating | D81: =NGW!AK811 -> 0.32026324 | E81: =NGW!AL811 -> 0.84300126 | F81: =NGW!AM811 -> 0.37648872 | G81: =NGW!AN811 -> 0 | H81: =NGW!AO811 -> 0.01289057 | I81: =NGW!AS811 -> 0.32183219 | J81: =NGW!AT811 -> 0.88493151 | K81: =NGW!AU811 -> 0.35190259 | L81: =NGW!AV811 -> 0 | M81: =NGW!AW811 -> 0.0057838661 | N81: =NGW!BA811 -> 0.27800546 | O81: =NGW!BB811 -> 0.77459016 | P81: =NGW!BC811 -> 0.29659988 | Q81: =NGW!BD811 -> 0 | R81: =NGW!BE811 -> 0.003339405
C82: Birding | D82: =NGW!AK827 -> 0.24093632 | E82: =NGW!AL827 -> 0.77395965 | F82: =NGW!AM827 -> 0.16869833 | G82: =NGW!AN827 -> 0 | H82: =NGW!AO827 -> 0 | I82: =NGW!AS827 -> 0.24229452 | J82: =NGW!AT827 -> 0.81130137 | K82: =NGW!AU827 -> 0.14033486 | L82: =NGW!AV827 -> 0 | M82: =NGW!AW827 -> 0 | N82: =NGW!BA827 -> 0.21115096 | O82: =NGW!BB827 -> 0.69842896 | P82: =NGW!BC827 -> 0.12993321 | Q82: =NGW!BD827 -> 0 | R82: =NGW!BE827 -> 0
C83: Waterfowl | D83: =NGW!AK843 -> 0.21402112 | E83: =NGW!AL843 -> 0.72730139 | F83: =NGW!AM843 -> 0.11447387 | G83: =NGW!AN843 -> 0 | H83: =NGW!AO843 -> 0 | I83: =NGW!AS843 -> 0.21763699 | J83: =NGW!AT843 -> 0.7510274 | K83: =NGW!AU843 -> 0.10624049 | L83: =NGW!AV843 -> 0 | M83: =NGW!AW843 -> 0 | N83: =NGW!BA843 -> 0.19006148 | O83: =NGW!BB843 -> 0.65744536 | P83: =NGW!BC843 -> 0.091378264 | Q83: =NGW!BD843 -> 0 | R83: =NGW!BE843 -> 0
C84: Angling | D84: =NGW!AK859 -> 0.13930485 | E84: =NGW!AL859 -> 0.50788146 | F84: =NGW!AM859 -> 0.043855962 | G84: =NGW!AN859 -> 0 | H84: =NGW!AO859 -> 0 | I84: =NGW!AS859 -> 0.13056507 | J84: =NGW!AT859 -> 0.48664384 | K84: =NGW!AU859 -> 0.031659056 | L84: =NGW!AV859 -> 0 | M84: =NGW!AW859 -> 0 | N84: =NGW!BA859 -> 0.11953552 | O84: =NGW!BB859 -> 0.44569672 | P84: =NGW!BC859 -> 0.028840316 | Q84: =NGW!BD859 -> 0 | R84: =NGW!BE859 -> 0
C88: Day Use & Boating
C89: Total Run
C90: Delta-Wide | G90: Suisun | K90: Central Delta | O90: North Delta | S90: South Delta
C91: Results | D91: Ranking | E91: Scale | G91: Results | H91: Ranking | I91: Scale | K91: Results | L91: Ranking | M91: Scale | O91: Results | P91: Ranking | Q91: Scale | S91: Results | T91: Ranking | U91: Scale
C92: =_xlfn.TEXTJOIN(", ",TRUE,IF($E$4=$D92,"BAU ("&TEXT($D$33,"0%")&")",""),IF($F$4=$D92,"BAF",""),IF($G$4=$D92,"ECO",""),IF($H$4=$D92,"NGW",""),IF($I$4=$D92,"BAU CS ("&TEXT($D$49,"0%")&")",""),IF($J$4=$D92,"COR (vs CS)",""),IF($K$4=$D92,"TUNNEL (vs CS)","")) | D92: 5 | E92: greater than or equal to 5% less | G92: =_xlfn.TEXTJOIN(", ",TRUE,IF($E$5=$H92,"BAU ("&TEXT($E$33,"0%")&")",""),IF($F$5=$H92,"BAF",""),IF($G$5=$H92,"ECO",""),IF($H$5=$H92,"NGW",""),IF($I$5=$H92,"BAU CS ("&TEXT($E$49,"0%")&")",""),IF($J$5=$H92,"COR (vs CS)",""),IF($K$5=$H92,"TUNNEL (vs CS)","")) | H92: 5 | I92: greater than or equal to 5% less | K92: =_xlfn.TEXTJOIN(", ",TRUE,IF($E$6=$L92,"BAU ("&TEXT($F$33,"0%")&")",""),IF($F$6=$L92,"BAF",""),IF($G$6=$L92,"ECO",""),IF($H$6=$L92,"NGW",""),IF($I$6=$L92,"BAU CS ("&TEXT($F$49,"0%")&")",""),IF($J$6=$L92,"COR (vs CS)",""),IF($K$6=$L92,"TUNNEL (vs CS)","")) | L92: 5 | M92: greater than or equal to 5% less | O92: =_xlfn.TEXTJOIN(", ",TRUE,IF($E$7=$P92,"BAU ("&TEXT($G$33,"0%")&")",""),IF($F$7=$P92,"BAF",""),IF($G$7=$P92,"ECO",""),IF($H$7=$P92,"NGW",""),IF($I$7=$P92,"BAU CS ("&TEXT($G$49,"0%")&")",""),IF($J$7=$P92,"COR (vs CS)",""),IF($K$7=$P92,"TUNNEL (vs CS)","")) | P92: 5 | Q92: greater than or equal to 5% less | S92: =_xlfn.TEXTJOIN(", ",TRUE,IF($E$8=$T92,"BAU ("&TEXT($H$33,"0%")&")",""),IF($F$8=$T92,"BAF",""),IF($G$8=$T92,"ECO",""),IF($H$8=$T92,"NGW",""),IF($I$8=$T92,"BAU CS ("&TEXT($H$49,"0%")&")",""),IF($J$8=$T92,"COR (vs CS)",""),IF($K$8=$T92,"TUNNEL (vs CS)","")) | T92: 5 | U92: greater than or equal to 5% less
C93: =_xlfn.TEXTJOIN(", ",TRUE,IF($E$4=$D93,"BAU ("&TEXT($D$33,"0%")&")",""),IF($F$4=$D93,"BAF",""),IF($G$4=$D93,"ECO",""),IF($H$4=$D93,"NGW",""),IF($I$4=$D93,"BAU CS ("&TEXT($D$49,"0%")&")",""),IF($J$4=$D93,"COR (vs CS)",""),IF($K$4=$D93,"TUNNEL (vs CS)","")) | D93: 4 | E93: 4% less | G93: =_xlfn.TEXTJOIN(", ",TRUE,IF($E$5=$H93,"BAU ("&TEXT($E$33,"0%")&")",""),IF($F$5=$H93,"BAF",""),IF($G$5=$H93,"ECO",""),IF($H$5=$H93,"NGW",""),IF($I$5=$H93,"BAU CS ("&TEXT($E$49,"0%")&")",""),IF($J$5=$H93,"COR (vs CS)",""),IF($K$5=$H93,"TUNNEL (vs CS)","")) | H93: 4 | I93: 4% less | K93: =_xlfn.TEXTJOIN(", ",TRUE,IF($E$6=$L93,"BAU ("&TEXT($F$33,"0%")&")",""),IF($F$6=$L93,"BAF",""),IF($G$6=$L93,"ECO",""),IF($H$6=$L93,"NGW",""),IF($I$6=$L93,"BAU CS ("&TEXT($F$49,"0%")&")",""),IF($J$6=$L93,"COR (vs CS)",""),IF($K$6=$L93,"TUNNEL (vs CS)","")) | L93: 4 | M93: 4% less | O93: =_xlfn.TEXTJOIN(", ",TRUE,IF($E$7=$P93,"BAU ("&TEXT($G$33,"0%")&")",""),IF($F$7=$P93,"BAF",""),IF($G$7=$P93,"ECO",""),IF($H$7=$P93,"NGW",""),IF($I$7=$P93,"BAU CS ("&TEXT($G$49,"0%")&")",""),IF($J$7=$P93,"COR (vs CS)",""),IF($K$7=$P93,"TUNNEL (vs CS)","")) | P93: 4 | Q93: 4% less | S93: =_xlfn.TEXTJOIN(", ",TRUE,IF($E$8=$T93,"BAU ("&TEXT($H$33,"0%")&")",""),IF($F$8=$T93,"BAF",""),IF($G$8=$T93,"ECO",""),IF($H$8=$T93,"NGW",""),IF($I$8=$T93,"BAU CS ("&TEXT($H$49,"0%")&")",""),IF($J$8=$T93,"COR (vs CS)",""),IF($K$8=$T93,"TUNNEL (vs CS)","")) | T93: 4 | U93: 4% less
C94: =_xlfn.TEXTJOIN(", ",TRUE,IF($E$4=$D94,"BAU ("&TEXT($D$33,"0%")&")",""),IF($F$4=$D94,"BAF",""),IF($G$4=$D94,"ECO",""),IF($H$4=$D94,"NGW",""),IF($I$4=$D94,"BAU CS ("&TEXT($D$49,"0%")&")",""),IF($J$4=$D94,"COR (vs CS)",""),IF($K$4=$D94,"TUNNEL (vs CS)","")) | D94: 3 | E94: 3% less | G94: =_xlfn.TEXTJOIN(", ",TRUE,IF($E$5=$H94,"BAU ("&TEXT($E$33,"0%")&")",""),IF($F$5=$H94,"BAF",""),IF($G$5=$H94,"ECO",""),IF($H$5=$H94,"NGW",""),IF($I$5=$H94,"BAU CS ("&TEXT($E$49,"0%")&")",""),IF($J$5=$H94,"COR (vs CS)",""),IF($K$5=$H94,"TUNNEL (vs CS)","")) | H94: 3 | I94: 3% less | K94: =_xlfn.TEXTJOIN(", ",TRUE,IF($E$6=$L94,"BAU ("&TEXT($F$33,"0%")&")",""),IF($F$6=$L94,"BAF",""),IF($G$6=$L94,"ECO",""),IF($H$6=$L94,"NGW",""),IF($I$6=$L94,"BAU CS ("&TEXT($F$49,"0%")&")",""),IF($J$6=$L94,"COR (vs CS)",""),IF($K$6=$L94,"TUNNEL (vs CS)","")) | L94: 3 | M94: 3% less | O94: =_xlfn.TEXTJOIN(", ",TRUE,IF($E$7=$P94,"BAU ("&TEXT($G$33,"0%")&")",""),IF($F$7=$P94,"BAF",""),IF($G$7=$P94,"ECO",""),IF($H$7=$P94,"NGW",""),IF($I$7=$P94,"BAU CS ("&TEXT($G$49,"0%")&")",""),IF($J$7=$P94,"COR (vs CS)",""),IF($K$7=$P94,"TUNNEL (vs CS)","")) | P94: 3 | Q94: 3% less | S94: =_xlfn.TEXTJOIN(", ",TRUE,IF($E$8=$T94,"BAU ("&TEXT($H$33,"0%")&")",""),IF($F$8=$T94,"BAF",""),IF($G$8=$T94,"ECO",""),IF($H$8=$T94,"NGW",""),IF($I$8=$T94,"BAU CS ("&TEXT($H$49,"0%")&")",""),IF($J$8=$T94,"COR (vs CS)",""),IF($K$8=$T94,"TUNNEL (vs CS)","")) -> ECO | T94: 3 | U94: 3% less
C95: =_xlfn.TEXTJOIN(", ",TRUE,IF($E$4=$D95,"BAU ("&TEXT($D$33,"0%")&")",""),IF($F$4=$D95,"BAF",""),IF($G$4=$D95,"ECO",""),IF($H$4=$D95,"NGW",""),IF($I$4=$D95,"BAU CS ("&TEXT($D$49,"0%")&")",""),IF($J$4=$D95,"COR (vs CS)",""),IF($K$4=$D95,"TUNNEL (vs CS)","")) | D95: 2 | E95: 2% less | G95: =_xlfn.TEXTJOIN(", ",TRUE,IF($E$5=$H95,"BAU ("&TEXT($E$33,"0%")&")",""),IF($F$5=$H95,"BAF",""),IF($G$5=$H95,"ECO",""),IF($H$5=$H95,"NGW",""),IF($I$5=$H95,"BAU CS ("&TEXT($E$49,"0%")&")",""),IF($J$5=$H95,"COR (vs CS)",""),IF($K$5=$H95,"TUNNEL (vs CS)","")) | H95: 2 | I95: 2% less | K95: =_xlfn.TEXTJOIN(", ",TRUE,IF($E$6=$L95,"BAU ("&TEXT($F$33,"0%")&")",""),IF($F$6=$L95,"BAF",""),IF($G$6=$L95,"ECO",""),IF($H$6=$L95,"NGW",""),IF($I$6=$L95,"BAU CS ("&TEXT($F$49,"0%")&")",""),IF($J$6=$L95,"COR (vs CS)",""),IF($K$6=$L95,"TUNNEL (vs CS)","")) -> COR (vs CS) | L95: 2 | M95: 2% less | O95: =_xlfn.TEXTJOIN(", ",TRUE,IF($E$7=$P95,"BAU ("&TEXT($G$33,"0%")&")",""),IF($F$7=$P95,"BAF",""),IF($G$7=$P95,"ECO",""),IF($H$7=$P95,"NGW",""),IF($I$7=$P95,"BAU CS ("&TEXT($G$49,"0%")&")",""),IF($J$7=$P95,"COR (vs CS)",""),IF($K$7=$P95,"TUNNEL (vs CS)","")) | P95: 2 | Q95: 2% less | S95: =_xlfn.TEXTJOIN(", ",TRUE,IF($E$8=$T95,"BAU ("&TEXT($H$33,"0%")&")",""),IF($F$8=$T95,"BAF",""),IF($G$8=$T95,"ECO",""),IF($H$8=$T95,"NGW",""),IF($I$8=$T95,"BAU CS ("&TEXT($H$49,"0%")&")",""),IF($J$8=$T95,"COR (vs CS)",""),IF($K$8=$T95,"TUNNEL (vs CS)","")) -> NGW | T95: 2 | U95: 2% less
C96: =_xlfn.TEXTJOIN(", ",TRUE,IF($E$4=$D96,"BAU ("&TEXT($D$33,"0%")&")",""),IF($F$4=$D96,"BAF",""),IF($G$4=$D96,"ECO",""),IF($H$4=$D96,"NGW",""),IF($I$4=$D96,"BAU CS ("&TEXT($D$49,"0%")&")",""),IF($J$4=$D96,"COR (vs CS)",""),IF($K$4=$D96,"TUNNEL (vs CS)","")) -> COR (vs CS) | D96: 1 | E96: 1% less | G96: =_xlfn.TEXTJOIN(", ",TRUE,IF($E$5=$H96,"BAU ("&TEXT($E$33,"0%")&")",""),IF($F$5=$H96,"BAF",""),IF($G$5=$H96,"ECO",""),IF($H$5=$H96,"NGW",""),IF($I$5=$H96,"BAU CS ("&TEXT($E$49,"0%")&")",""),IF($J$5=$H96,"COR (vs CS)",""),IF($K$5=$H96,"TUNNEL (vs CS)","")) -> COR (vs CS) | H96: 1 | I96: 1% less | K96: =_xlfn.TEXTJOIN(", ",TRUE,IF($E$6=$L96,"BAU ("&TEXT($F$33,"0%")&")",""),IF($F$6=$L96,"BAF",""),IF($G$6=$L96,"ECO",""),IF($H$6=$L96,"NGW",""),IF($I$6=$L96,"BAU CS ("&TEXT($F$49,"0%")&")",""),IF($J$6=$L96,"COR (vs CS)",""),IF($K$6=$L96,"TUNNEL (vs CS)","")) | L96: 1 | M96: 1% less | O96: =_xlfn.TEXTJOIN(", ",TRUE,IF($E$7=$P96,"BAU ("&TEXT($G$33,"0%")&")",""),IF($F$7=$P96,"BAF",""),IF($G$7=$P96,"ECO",""),IF($H$7=$P96,"NGW",""),IF($I$7=$P96,"BAU CS ("&TEXT($G$49,"0%")&")",""),IF($J$7=$P96,"COR (vs CS)",""),IF($K$7=$P96,"TUNNEL (vs CS)","")) | P96: 1 | Q96: 1% less | S96: =_xlfn.TEXTJOIN(", ",TRUE,IF($E$8=$T96,"BAU ("&TEXT($H$33,"0%")&")",""),IF($F$8=$T96,"BAF",""),IF($G$8=$T96,"ECO",""),IF($H$8=$T96,"NGW",""),IF($I$8=$T96,"BAU CS ("&TEXT($H$49,"0%")&")",""),IF($J$8=$T96,"COR (vs CS)",""),IF($K$8=$T96,"TUNNEL (vs CS)","")) -> BAF | T96: 1 | U96: 1% less
C97: =_xlfn.TEXTJOIN(", ",TRUE,IF($E$4=$D97,"BAU ("&TEXT($D$33,"0%")&")",""),IF($F$4=$D97,"BAF",""),IF($G$4=$D97,"ECO",""),IF($H$4=$D97,"NGW",""),IF($I$4=$D97,"BAU CS ("&TEXT($D$49,"0%")&")",""),IF($J$4=$D97,"COR (vs CS)",""),IF($K$4=$D97,"TUNNEL (vs CS)","")) -> BAU (32%), BAF, ECO, NGW, BAU CS (36%) | D97: 0 | E97: No change from baseline | G97: =_xlfn.TEXTJOIN(", ",TRUE,IF($E$5=$H97,"BAU ("&TEXT($E$33,"0%")&")",""),IF($F$5=$H97,"BAF",""),IF($G$5=$H97,"ECO",""),IF($H$5=$H97,"NGW",""),IF($I$5=$H97,"BAU CS ("&TEXT($E$49,"0%")&")",""),IF($J$5=$H97,"COR (vs CS)",""),IF($K$5=$H97,"TUNNEL (vs CS)","")) -> BAU (82%), BAF, BAU CS (83%) | H97: 0 | I97: No change from baseline | K97: =_xlfn.TEXTJOIN(", ",TRUE,IF($E$6=$L97,"BAU ("&TEXT($F$33,"0%")&")",""),IF($F$6=$L97,"BAF",""),IF($G$6=$L97,"ECO",""),IF($H$6=$L97,"NGW",""),IF($I$6=$L97,"BAU CS ("&TEXT($F$49,"0%")&")",""),IF($J$6=$L97,"COR (vs CS)",""),IF($K$6=$L97,"TUNNEL (vs CS)","")) -> BAU (38%), ECO, NGW, BAU CS (44%) | L97: 0 | M97: No change from baseline | O97: =_xlfn.TEXTJOIN(", ",TRUE,IF($E$7=$P97,"BAU ("&TEXT($G$33,"0%")&")",""),IF($F$7=$P97,"BAF",""),IF($G$7=$P97,"ECO",""),IF($H$7=$P97,"NGW",""),IF($I$7=$P97,"BAU CS ("&TEXT($G$49,"0%")&")",""),IF($J$7=$P97,"COR (vs CS)",""),IF($K$7=$P97,"TUNNEL (vs CS)","")) -> BAU (0%), BAF, ECO, NGW, BAU CS (0%), COR (vs CS), TUNNEL (vs CS) | P97: 0 | Q97: No change from baseline | S97: =_xlfn.TEXTJOIN(", ",TRUE,IF($E$8=$T97,"BAU ("&TEXT($H$33,"0%")&")",""),IF($F$8=$T97,"BAF",""),IF($G$8=$T97,"ECO",""),IF($H$8=$T97,"NGW",""),IF($I$8=$T97,"BAU CS ("&TEXT($H$49,"0%")&")",""),IF($J$8=$T97,"COR (vs CS)",""),IF($K$8=$T97,"TUNNEL (vs CS)","")) -> BAU (4%), BAU CS (9%), COR (vs CS), TUNNEL (vs CS) | T97: 0 | U97: No change from baseline
C98: =_xlfn.TEXTJOIN(", ",TRUE,IF($E$4=$D98,"BAU ("&TEXT($D$33,"0%")&")",""),IF($F$4=$D98,"BAF",""),IF($G$4=$D98,"ECO",""),IF($H$4=$D98,"NGW",""),IF($I$4=$D98,"BAU CS ("&TEXT($D$49,"0%")&")",""),IF($J$4=$D98,"COR (vs CS)",""),IF($K$4=$D98,"TUNNEL (vs CS)","")) -> TUNNEL (vs CS) | D98: -1 | E98: 1% more than baseline | G98: =_xlfn.TEXTJOIN(", ",TRUE,IF($E$5=$H98,"BAU ("&TEXT($E$33,"0%")&")",""),IF($F$5=$H98,"BAF",""),IF($G$5=$H98,"ECO",""),IF($H$5=$H98,"NGW",""),IF($I$5=$H98,"BAU CS ("&TEXT($E$49,"0%")&")",""),IF($J$5=$H98,"COR (vs CS)",""),IF($K$5=$H98,"TUNNEL (vs CS)","")) -> TUNNEL (vs CS) | H98: -1 | I98: 1% more than baseline | K98: =_xlfn.TEXTJOIN(", ",TRUE,IF($E$6=$L98,"BAU ("&TEXT($F$33,"0%")&")",""),IF($F$6=$L98,"BAF",""),IF($G$6=$L98,"ECO",""),IF($H$6=$L98,"NGW",""),IF($I$6=$L98,"BAU CS ("&TEXT($F$49,"0%")&")",""),IF($J$6=$L98,"COR (vs CS)",""),IF($K$6=$L98,"TUNNEL (vs CS)","")) -> TUNNEL (vs CS) | L98: -1 | M98: 1% more than baseline | O98: =_xlfn.TEXTJOIN(", ",TRUE,IF($E$7=$P98,"BAU ("&TEXT($G$33,"0%")&")",""),IF($F$7=$P98,"BAF",""),IF($G$7=$P98,"ECO",""),IF($H$7=$P98,"NGW",""),IF($I$7=$P98,"BAU CS ("&TEXT($G$49,"0%")&")",""),IF($J$7=$P98,"COR (vs CS)",""),IF($K$7=$P98,"TUNNEL (vs CS)","")) | P98: -1 | Q98: 1% more than baseline | S98: =_xlfn.TEXTJOIN(", ",TRUE,IF($E$8=$T98,"BAU ("&TEXT($H$33,"0%")&")",""),IF($F$8=$T98,"BAF",""),IF($G$8=$T98,"ECO",""),IF($H$8=$T98,"NGW",""),IF($I$8=$T98,"BAU CS ("&TEXT($H$49,"0%")&")",""),IF($J$8=$T98,"COR (vs CS)",""),IF($K$8=$T98,"TUNNEL (vs CS)","")) | T98: -1 | U98: 1% more than baseline
C99: =_xlfn.TEXTJOIN(", ",TRUE,IF($E$4=$D99,"BAU ("&TEXT($D$33,"0%")&")",""),IF($F$4=$D99,"BAF",""),IF($G$4=$D99,"ECO",""),IF($H$4=$D99,"NGW",""),IF($I$4=$D99,"BAU CS ("&TEXT($D$49,"0%")&")",""),IF($J$4=$D99,"COR (vs CS)",""),IF($K$4=$D99,"TUNNEL (vs CS)","")) | D99: -2 | E99: 2% more | G99: =_xlfn.TEXTJOIN(", ",TRUE,IF($E$5=$H99,"BAU ("&TEXT($E$33,"0%")&")",""),IF($F$5=$H99,"BAF",""),IF($G$5=$H99,"ECO",""),IF($H$5=$H99,"NGW",""),IF($I$5=$H99,"BAU CS ("&TEXT($E$49,"0%")&")",""),IF($J$5=$H99,"COR (vs CS)",""),IF($K$5=$H99,"TUNNEL (vs CS)","")) -> ECO, NGW | H99: -2 | I99: 2% more | K99: =_xlfn.TEXTJOIN(", ",TRUE,IF($E$6=$L99,"BAU ("&TEXT($F$33,"0%")&")",""),IF($F$6=$L99,"BAF",""),IF($G$6=$L99,"ECO",""),IF($H$6=$L99,"NGW",""),IF($I$6=$L99,"BAU CS ("&TEXT($F$49,"0%")&")",""),IF($J$6=$L99,"COR (vs CS)",""),IF($K$6=$L99,"TUNNEL (vs CS)","")) | L99: -2 | M99: 2% more | O99: =_xlfn.TEXTJOIN(", ",TRUE,IF($E$7=$P99,"BAU ("&TEXT($G$33,"0%")&")",""),IF($F$7=$P99,"BAF",""),IF($G$7=$P99,"ECO",""),IF($H$7=$P99,"NGW",""),IF($I$7=$P99,"BAU CS ("&TEXT($G$49,"0%")&")",""),IF($J$7=$P99,"COR (vs CS)",""),IF($K$7=$P99,"TUNNEL (vs CS)","")) | P99: -2 | Q99: 2% more | S99: =_xlfn.TEXTJOIN(", ",TRUE,IF($E$8=$T99,"BAU ("&TEXT($H$33,"0%")&")",""),IF($F$8=$T99,"BAF",""),IF($G$8=$T99,"ECO",""),IF($H$8=$T99,"NGW",""),IF($I$8=$T99,"BAU CS ("&TEXT($H$49,"0%")&")",""),IF($J$8=$T99,"COR (vs CS)",""),IF($K$8=$T99,"TUNNEL (vs CS)","")) | T99: -2 | U99: 2% more
C100: =_xlfn.TEXTJOIN(", ",TRUE,IF($E$4=$D100,"BAU ("&TEXT($D$33,"0%")&")",""),IF($F$4=$D100,"BAF",""),IF($G$4=$D100,"ECO",""),IF($H$4=$D100,"NGW",""),IF($I$4=$D100,"BAU CS ("&TEXT($D$49,"0%")&")",""),IF($J$4=$D100,"COR (vs CS)",""),IF($K$4=$D100,"TUNNEL (vs CS)","")) | D100: -3 | E100: 3% more | G100: =_xlfn.TEXTJOIN(", ",TRUE,IF($E$5=$H100,"BAU ("&TEXT($E$33,"0%")&")",""),IF($F$5=$H100,"BAF",""),IF($G$5=$H100,"ECO",""),IF($H$5=$H100,"NGW",""),IF($I$5=$H100,"BAU CS ("&TEXT($E$49,"0%")&")",""),IF($J$5=$H100,"COR (vs CS)",""),IF($K$5=$H100,"TUNNEL (vs CS)","")) | H100: -3 | I100: 3% more | K100: =_xlfn.TEXTJOIN(", ",TRUE,IF($E$6=$L100,"BAU ("&TEXT($F$33,"0%")&")",""),IF($F$6=$L100,"BAF",""),IF($G$6=$L100,"ECO",""),IF($H$6=$L100,"NGW",""),IF($I$6=$L100,"BAU CS ("&TEXT($F$49,"0%")&")",""),IF($J$6=$L100,"COR (vs CS)",""),IF($K$6=$L100,"TUNNEL (vs CS)","")) -> BAF | L100: -3 | M100: 3% more | O100: =_xlfn.TEXTJOIN(", ",TRUE,IF($E$7=$P100,"BAU ("&TEXT($G$33,"0%")&")",""),IF($F$7=$P100,"BAF",""),IF($G$7=$P100,"ECO",""),IF($H$7=$P100,"NGW",""),IF($I$7=$P100,"BAU CS ("&TEXT($G$49,"0%")&")",""),IF($J$7=$P100,"COR (vs CS)",""),IF($K$7=$P100,"TUNNEL (vs CS)","")) | P100: -3 | Q100: 3% more | S100: =_xlfn.TEXTJOIN(", ",TRUE,IF($E$8=$T100,"BAU ("&TEXT($H$33,"0%")&")",""),IF($F$8=$T100,"BAF",""),IF($G$8=$T100,"ECO",""),IF($H$8=$T100,"NGW",""),IF($I$8=$T100,"BAU CS ("&TEXT($H$49,"0%")&")",""),IF($J$8=$T100,"COR (vs CS)",""),IF($K$8=$T100,"TUNNEL (vs CS)","")) | T100: -3 | U100: 3% more
C101: =_xlfn.TEXTJOIN(", ",TRUE,IF($E$4=$D101,"BAU ("&TEXT($D$33,"0%")&")",""),IF($F$4=$D101,"BAF",""),IF($G$4=$D101,"ECO",""),IF($H$4=$D101,"NGW",""),IF($I$4=$D101,"BAU CS ("&TEXT($D$49,"0%")&")",""),IF($J$4=$D101,"COR (vs CS)",""),IF($K$4=$D101,"TUNNEL (vs CS)","")) | D101: -4 | E101: 4% more | G101: =_xlfn.TEXTJOIN(", ",TRUE,IF($E$5=$H101,"BAU ("&TEXT($E$33,"0%")&")",""),IF($F$5=$H101,"BAF",""),IF($G$5=$H101,"ECO",""),IF($H$5=$H101,"NGW",""),IF($I$5=$H101,"BAU CS ("&TEXT($E$49,"0%")&")",""),IF($J$5=$H101,"COR (vs CS)",""),IF($K$5=$H101,"TUNNEL (vs CS)","")) | H101: -4 | I101: 4% more | K101: =_xlfn.TEXTJOIN(", ",TRUE,IF($E$6=$L101,"BAU ("&TEXT($F$33,"0%")&")",""),IF($F$6=$L101,"BAF",""),IF($G$6=$L101,"ECO",""),IF($H$6=$L101,"NGW",""),IF($I$6=$L101,"BAU CS ("&TEXT($F$49,"0%")&")",""),IF($J$6=$L101,"COR (vs CS)",""),IF($K$6=$L101,"TUNNEL (vs CS)","")) | L101: -4 | M101: 4% more | O101: =_xlfn.TEXTJOIN(", ",TRUE,IF($E$7=$P101,"BAU ("&TEXT($G$33,"0%")&")",""),IF($F$7=$P101,"BAF",""),IF($G$7=$P101,"ECO",""),IF($H$7=$P101,"NGW",""),IF($I$7=$P101,"BAU CS ("&TEXT($G$49,"0%")&")",""),IF($J$7=$P101,"COR (vs CS)",""),IF($K$7=$P101,"TUNNEL (vs CS)","")) | P101: -4 | Q101: 4% more | S101: =_xlfn.TEXTJOIN(", ",TRUE,IF($E$8=$T101,"BAU ("&TEXT($H$33,"0%")&")",""),IF($F$8=$T101,"BAF",""),IF($G$8=$T101,"ECO",""),IF($H$8=$T101,"NGW",""),IF($I$8=$T101,"BAU CS ("&TEXT($H$49,"0%")&")",""),IF($J$8=$T101,"COR (vs CS)",""),IF($K$8=$T101,"TUNNEL (vs CS)","")) | T101: -4 | U101: 4% more
C102: =_xlfn.TEXTJOIN(", ",TRUE,IF($E$4=$D102,"BAU ("&TEXT($D$33,"0%")&")",""),IF($F$4=$D102,"BAF",""),IF($G$4=$D102,"ECO",""),IF($H$4=$D102,"NGW",""),IF($I$4=$D102,"BAU CS ("&TEXT($D$49,"0%")&")",""),IF($J$4=$D102,"COR (vs CS)",""),IF($K$4=$D102,"TUNNEL (vs CS)","")) | D102: -5 | E102: greater than or equal to 5% more | G102: =_xlfn.TEXTJOIN(", ",TRUE,IF($E$5=$H102,"BAU ("&TEXT($E$33,"0%")&")",""),IF($F$5=$H102,"BAF",""),IF($G$5=$H102,"ECO",""),IF($H$5=$H102,"NGW",""),IF($I$5=$H102,"BAU CS ("&TEXT($E$49,"0%")&")",""),IF($J$5=$H102,"COR (vs CS)",""),IF($K$5=$H102,"TUNNEL (vs CS)","")) | H102: -5 | I102: greater than or equal to 5% more | K102: =_xlfn.TEXTJOIN(", ",TRUE,IF($E$6=$L102,"BAU ("&TEXT($F$33,"0%")&")",""),IF($F$6=$L102,"BAF",""),IF($G$6=$L102,"ECO",""),IF($H$6=$L102,"NGW",""),IF($I$6=$L102,"BAU CS ("&TEXT($F$49,"0%")&")",""),IF($J$6=$L102,"COR (vs CS)",""),IF($K$6=$L102,"TUNNEL (vs CS)","")) | L102: -5 | M102: greater than or equal to 5% more | O102: =_xlfn.TEXTJOIN(", ",TRUE,IF($E$7=$P102,"BAU ("&TEXT($G$33,"0%")&")",""),IF($F$7=$P102,"BAF",""),IF($G$7=$P102,"ECO",""),IF($H$7=$P102,"NGW",""),IF($I$7=$P102,"BAU CS ("&TEXT($G$49,"0%")&")",""),IF($J$7=$P102,"COR (vs CS)",""),IF($K$7=$P102,"TUNNEL (vs CS)","")) | P102: -5 | Q102: greater than or equal to 5% more | S102: =_xlfn.TEXTJOIN(", ",TRUE,IF($E$8=$T102,"BAU ("&TEXT($H$33,"0%")&")",""),IF($F$8=$T102,"BAF",""),IF($G$8=$T102,"ECO",""),IF($H$8=$T102,"NGW",""),IF($I$8=$T102,"BAU CS ("&TEXT($H$49,"0%")&")",""),IF($J$8=$T102,"COR (vs CS)",""),IF($K$8=$T102,"TUNNEL (vs CS)","")) | T102: -5 | U102: greater than or equal to 5% more
C104: Day Use & Boating
C105: Wet Seasons
C106: Delta-Wide | G106: Suisun | K106: Central Delta | O106: North Delta | S106: South Delta
C107: Results | D107: Ranking | E107: Scale | G107: Results | H107: Ranking | I107: Scale | K107: Results | L107: Ranking | M107: Scale | O107: Results | P107: Ranking | Q107: Scale | S107: Results | T107: Ranking | U107: Scale
C108: =_xlfn.TEXTJOIN(", ",TRUE,IF($O$4=$D108,"BAU ("&TEXT($I$33,"0%")&")",""),IF($P$4=$D108,"BAF",""),IF($Q$4=$D108,"ECO",""),IF($R$4=$D108,"NGW",""),IF($S$4=$D108,"BAU CS ("&TEXT($I$49,"0%")&")",""),IF($T$4=$D108,"COR (vs CS)",""),IF($U$4=$D108,"TUNNEL (vs CS)","")) | D108: 5 | E108: greater than or equal to 5% less | G108: =_xlfn.TEXTJOIN(", ",TRUE,IF($O$5=$H108,"BAU ("&TEXT($J$33,"0%")&")",""),IF($P$5=$H108,"BAF",""),IF($Q$5=$H108,"ECO",""),IF($R$5=$H108,"NGW",""),IF($S$5=$H108,"BAU CS ("&TEXT($J$49,"0%")&")",""),IF($T$5=$H108,"COR (vs CS)",""),IF($U$5=$H108,"TUNNEL (vs CS)","")) | H108: 5 | I108: greater than or equal to 5% less | K108: =_xlfn.TEXTJOIN(", ",TRUE,IF($O$6=$L108,"BAU ("&TEXT($K$33,"0%")&")",""),IF($P$6=$L108,"BAF",""),IF($Q$6=$L108,"ECO",""),IF($R$6=$L108,"NGW",""),IF($S$6=$L108,"BAU CS ("&TEXT($K$49,"0%")&")",""),IF($T$6=$L108,"COR (vs CS)",""),IF($U$6=$L108,"TUNNEL (vs CS)","")) | L108: 5 | M108: greater than or equal to 5% less | O108: =_xlfn.TEXTJOIN(", ",TRUE,IF($O$7=$P108,"BAU ("&TEXT($L$33,"0%")&")",""),IF($P$7=$P108,"BAF",""),IF($Q$7=$P108,"ECO",""),IF($R$7=$P108,"NGW",""),IF($S$7=$P108,"BAU CS ("&TEXT($L$49,"0%")&")",""),IF($T$7=$P108,"COR (vs CS)",""),IF($U$7=$P108,"TUNNEL (vs CS)","")) | P108: 5 | Q108: greater than or equal to 5% less | S108: =_xlfn.TEXTJOIN(", ",TRUE,IF($O$8=$T108,"BAU ("&TEXT($M$33,"0%")&")",""),IF($P$8=$T108,"BAF",""),IF($Q$8=$T108,"ECO",""),IF($R$8=$T108,"NGW",""),IF($S$8=$T108,"BAU CS ("&TEXT($M$49,"0%")&")",""),IF($T$8=$T108,"COR (vs CS)",""),IF($U$8=$T108,"TUNNEL (vs CS)","")) | T108: 5 | U108: greater than or equal to 5% less
C109: =_xlfn.TEXTJOIN(", ",TRUE,IF($O$4=$D109,"BAU ("&TEXT($I$33,"0%")&")",""),IF($P$4=$D109,"BAF",""),IF($Q$4=$D109,"ECO",""),IF($R$4=$D109,"NGW",""),IF($S$4=$D109,"BAU CS ("&TEXT($I$49,"0%")&")",""),IF($T$4=$D109,"COR (vs CS)",""),IF($U$4=$D109,"TUNNEL (vs CS)","")) | D109: 4 | E109: 4% less | G109: =_xlfn.TEXTJOIN(", ",TRUE,IF($O$5=$H109,"BAU ("&TEXT($J$33,"0%")&")",""),IF($P$5=$H109,"BAF",""),IF($Q$5=$H109,"ECO",""),IF($R$5=$H109,"NGW",""),IF($S$5=$H109,"BAU CS ("&TEXT($J$49,"0%")&")",""),IF($T$5=$H109,"COR (vs CS)",""),IF($U$5=$H109,"TUNNEL (vs CS)","")) | H109: 4 | I109: 4% less | K109: =_xlfn.TEXTJOIN(", ",TRUE,IF($O$6=$L109,"BAU ("&TEXT($K$33,"0%")&")",""),IF($P$6=$L109,"BAF",""),IF($Q$6=$L109,"ECO",""),IF($R$6=$L109,"NGW",""),IF($S$6=$L109,"BAU CS ("&TEXT($K$49,"0%")&")",""),IF($T$6=$L109,"COR (vs CS)",""),IF($U$6=$L109,"TUNNEL (vs CS)","")) | L109: 4 | M109: 4% less | O109: =_xlfn.TEXTJOIN(", ",TRUE,IF($O$7=$P109,"BAU ("&TEXT($L$33,"0%")&")",""),IF($P$7=$P109,"BAF",""),IF($Q$7=$P109,"ECO",""),IF($R$7=$P109,"NGW",""),IF($S$7=$P109,"BAU CS ("&TEXT($L$49,"0%")&")",""),IF($T$7=$P109,"COR (vs CS)",""),IF($U$7=$P109,"TUNNEL (vs CS)","")) | P109: 4 | Q109: 4% less | S109: =_xlfn.TEXTJOIN(", ",TRUE,IF($O$8=$T109,"BAU ("&TEXT($M$33,"0%")&")",""),IF($P$8=$T109,"BAF",""),IF($Q$8=$T109,"ECO",""),IF($R$8=$T109,"NGW",""),IF($S$8=$T109,"BAU CS ("&TEXT($M$49,"0%")&")",""),IF($T$8=$T109,"COR (vs CS)",""),IF($U$8=$T109,"TUNNEL (vs CS)","")) | T109: 4 | U109: 4% less
C110: =_xlfn.TEXTJOIN(", ",TRUE,IF($O$4=$D110,"BAU ("&TEXT($I$33,"0%")&")",""),IF($P$4=$D110,"BAF",""),IF($Q$4=$D110,"ECO",""),IF($R$4=$D110,"NGW",""),IF($S$4=$D110,"BAU CS ("&TEXT($I$49,"0%")&")",""),IF($T$4=$D110,"COR (vs CS)",""),IF($U$4=$D110,"TUNNEL (vs CS)","")) | D110: 3 | E110: 3% less | G110: =_xlfn.TEXTJOIN(", ",TRUE,IF($O$5=$H110,"BAU ("&TEXT($J$33,"0%")&")",""),IF($P$5=$H110,"BAF",""),IF($Q$5=$H110,"ECO",""),IF($R$5=$H110,"NGW",""),IF($S$5=$H110,"BAU CS ("&TEXT($J$49,"0%")&")",""),IF($T$5=$H110,"COR (vs CS)",""),IF($U$5=$H110,"TUNNEL (vs CS)","")) | H110: 3 | I110: 3% less | K110: =_xlfn.TEXTJOIN(", ",TRUE,IF($O$6=$L110,"BAU ("&TEXT($K$33,"0%")&")",""),IF($P$6=$L110,"BAF",""),IF($Q$6=$L110,"ECO",""),IF($R$6=$L110,"NGW",""),IF($S$6=$L110,"BAU CS ("&TEXT($K$49,"0%")&")",""),IF($T$6=$L110,"COR (vs CS)",""),IF($U$6=$L110,"TUNNEL (vs CS)","")) -> COR (vs CS) | L110: 3 | M110: 3% less | O110: =_xlfn.TEXTJOIN(", ",TRUE,IF($O$7=$P110,"BAU ("&TEXT($L$33,"0%")&")",""),IF($P$7=$P110,"BAF",""),IF($Q$7=$P110,"ECO",""),IF($R$7=$P110,"NGW",""),IF($S$7=$P110,"BAU CS ("&TEXT($L$49,"0%")&")",""),IF($T$7=$P110,"COR (vs CS)",""),IF($U$7=$P110,"TUNNEL (vs CS)","")) | P110: 3 | Q110: 3% less | S110: =_xlfn.TEXTJOIN(", ",TRUE,IF($O$8=$T110,"BAU ("&TEXT($M$33,"0%")&")",""),IF($P$8=$T110,"BAF",""),IF($Q$8=$T110,"ECO",""),IF($R$8=$T110,"NGW",""),IF($S$8=$T110,"BAU CS ("&TEXT($M$49,"0%")&")",""),IF($T$8=$T110,"COR (vs CS)",""),IF($U$8=$T110,"TUNNEL (vs CS)","")) | T110: 3 | U110: 3% less
C111: =_xlfn.TEXTJOIN(", ",TRUE,IF($O$4=$D111,"BAU ("&TEXT($I$33,"0%")&")",""),IF($P$4=$D111,"BAF",""),IF($Q$4=$D111,"ECO",""),IF($R$4=$D111,"NGW",""),IF($S$4=$D111,"BAU CS ("&TEXT($I$49,"0%")&")",""),IF($T$4=$D111,"COR (vs CS)",""),IF($U$4=$D111,"TUNNEL (vs CS)","")) | D111: 2 | E111: 2% less | G111: =_xlfn.TEXTJOIN(", ",TRUE,IF($O$5=$H111,"BAU ("&TEXT($J$33,"0%")&")",""),IF($P$5=$H111,"BAF",""),IF($Q$5=$H111,"ECO",""),IF($R$5=$H111,"NGW",""),IF($S$5=$H111,"BAU CS ("&TEXT($J$49,"0%")&")",""),IF($T$5=$H111,"COR (vs CS)",""),IF($U$5=$H111,"TUNNEL (vs CS)","")) -> COR (vs CS) | H111: 2 | I111: 2% less | K111: =_xlfn.TEXTJOIN(", ",TRUE,IF($O$6=$L111,"BAU ("&TEXT($K$33,"0%")&")",""),IF($P$6=$L111,"BAF",""),IF($Q$6=$L111,"ECO",""),IF($R$6=$L111,"NGW",""),IF($S$6=$L111,"BAU CS ("&TEXT($K$49,"0%")&")",""),IF($T$6=$L111,"COR (vs CS)",""),IF($U$6=$L111,"TUNNEL (vs CS)","")) | L111: 2 | M111: 2% less | O111: =_xlfn.TEXTJOIN(", ",TRUE,IF($O$7=$P111,"BAU ("&TEXT($L$33,"0%")&")",""),IF($P$7=$P111,"BAF",""),IF($Q$7=$P111,"ECO",""),IF($R$7=$P111,"NGW",""),IF($S$7=$P111,"BAU CS ("&TEXT($L$49,"0%")&")",""),IF($T$7=$P111,"COR (vs CS)",""),IF($U$7=$P111,"TUNNEL (vs CS)","")) | P111: 2 | Q111: 2% less | S111: =_xlfn.TEXTJOIN(", ",TRUE,IF($O$8=$T111,"BAU ("&TEXT($M$33,"0%")&")",""),IF($P$8=$T111,"BAF",""),IF($Q$8=$T111,"ECO",""),IF($R$8=$T111,"NGW",""),IF($S$8=$T111,"BAU CS ("&TEXT($M$49,"0%")&")",""),IF($T$8=$T111,"COR (vs CS)",""),IF($U$8=$T111,"TUNNEL (vs CS)","")) -> NGW | T111: 2 | U111: 2% less
C112: =_xlfn.TEXTJOIN(", ",TRUE,IF($O$4=$D112,"BAU ("&TEXT($I$33,"0%")&")",""),IF($P$4=$D112,"BAF",""),IF($Q$4=$D112,"ECO",""),IF($R$4=$D112,"NGW",""),IF($S$4=$D112,"BAU CS ("&TEXT($I$49,"0%")&")",""),IF($T$4=$D112,"COR (vs CS)",""),IF($U$4=$D112,"TUNNEL (vs CS)","")) -> COR (vs CS) | D112: 1 | E112: 1% less | G112: =_xlfn.TEXTJOIN(", ",TRUE,IF($O$5=$H112,"BAU ("&TEXT($J$33,"0%")&")",""),IF($P$5=$H112,"BAF",""),IF($Q$5=$H112,"ECO",""),IF($R$5=$H112,"NGW",""),IF($S$5=$H112,"BAU CS ("&TEXT($J$49,"0%")&")",""),IF($T$5=$H112,"COR (vs CS)",""),IF($U$5=$H112,"TUNNEL (vs CS)","")) | H112: 1 | I112: 1% less | K112: =_xlfn.TEXTJOIN(", ",TRUE,IF($O$6=$L112,"BAU ("&TEXT($K$33,"0%")&")",""),IF($P$6=$L112,"BAF",""),IF($Q$6=$L112,"ECO",""),IF($R$6=$L112,"NGW",""),IF($S$6=$L112,"BAU CS ("&TEXT($K$49,"0%")&")",""),IF($T$6=$L112,"COR (vs CS)",""),IF($U$6=$L112,"TUNNEL (vs CS)","")) -> ECO, NGW | L112: 1 | M112: 1% less | O112: =_xlfn.TEXTJOIN(", ",TRUE,IF($O$7=$P112,"BAU ("&TEXT($L$33,"0%")&")",""),IF($P$7=$P112,"BAF",""),IF($Q$7=$P112,"ECO",""),IF($R$7=$P112,"NGW",""),IF($S$7=$P112,"BAU CS ("&TEXT($L$49,"0%")&")",""),IF($T$7=$P112,"COR (vs CS)",""),IF($U$7=$P112,"TUNNEL (vs CS)","")) | P112: 1 | Q112: 1% less | S112: =_xlfn.TEXTJOIN(", ",TRUE,IF($O$8=$T112,"BAU ("&TEXT($M$33,"0%")&")",""),IF($P$8=$T112,"BAF",""),IF($Q$8=$T112,"ECO",""),IF($R$8=$T112,"NGW",""),IF($S$8=$T112,"BAU CS ("&TEXT($M$49,"0%")&")",""),IF($T$8=$T112,"COR (vs CS)",""),IF($U$8=$T112,"TUNNEL (vs CS)","")) -> ECO | T112: 1 | U112: 1% less
...

Sheet BAU
B1: Suisun | J1: Central Delta | S1: North Delta | Y1: South Delta
A2: Date | B2: CHADBOURNE SLOUGH AT SUNRISE DUCK CLUB | C2: MONTEZUMA SLOUGH AT NATIONAL STEEL | D2: MONTEZUMA SLOUGH NEAR BELDENS LANDING | E2: SUISUN SLOUGH 300' SOUTH OF VOLANTI SLOUGH | F2: HONKER BAY | G2: SUISUN BAY AT VAN SICKLE ISLAND | H2: SUISUN BAY WEST REACH | I2: GRIZZLY BAY BUOY | J2: DUTCH SL BELOW JERSEY ISLAND | K2: FALSE RIVER NEAR OAKLEY | L2: OLD RIVER AT FRANKS TRACT | M2: PITTSBURG | N2: SACRAMENTO RIVER AT EMMATON | O2: SAN ANDREAS LANDING | P2: SAN JOAQUIN RIVER AT JERSEY POINT | Q2: SUISUN BAY AT CHANNEL MARKER 5 AT COLLINSVILLE | R2: BRANNAN MARINAS AT SAN JOAQUIN RIVER | S2: LIBERTY CUT AT FIVE POINTS | T2: CACHE SLOUGH ABOVE RYER ISLAND FERRY | U2: DELTA CROSS CHANNEL NEAR WALNUT GROVE | V2: SACRAMENTO RIVER DOWNSTREAM OF ISLETON | W2: COURTLAND AT SACRAMENTO RIVER | X2: VIERAS RESORT AT SACRAMENTO RIVER | Y2: GRANT LINE CANAL NEAR CLIFTON COURT FORE | Z2: LITTLE POTATO SLOUGH AT TERMINOUS | AA2: MIDDLE RIVER AT MILDRED ISLAND | AB2: OLD RIVER AT CLIFTON COURT | AC2: SAN JOAQUIN RIVER AT BRANDT BRIDGE | AD2: SAN JOAQUIN RIVER AT PRISONERS POINT | AE2: SAN JOAQUIN RIVER NEAR VERNALIS | AF2: SAN JOAQUIN RVER AT ROUGH AND READY ISLAND | AG2: VICTORIA CANAL BEFORE CLIFTON COURT FORE
A3: 43374 | B3: 15491.159 | C3: 6308.7646 | D3: 13535.573 | E3: 15645.412 | F3: 12701.988 | G3: 10018.657 | H3: 17600.361 | I3: 17035.219 | J3: 1804.9523 | K3: 1800.4069 | L3: 633.9048 | M3: 9800.864 | N3: 1656.0243 | O3: 701.0631 | P3: 2061.692 | Q3: 6861.0527 | R3: 967.8121 | S3: 281.35776 | T3: 141.81566 | U3: 109.16977 | V3: 127.44006 | W3: 110.73523 | X3: 116.47016 | Y3: 510.4771 | Z3: 134.32439 | AA3: 540.99786 | AB3: 844.1023 | AC3: 413.43805 | AD3: 519.06055 | AE3: 448.86038 | AF3: 432.15237 | AG3: 501.21756
A4: 43375 | B4: 15628.714 | C4: 6314.8164 | D4: 13675.848 | E4: 15795.319 | F4: 12925.177 | G4: 10250.212 | H4: 17812.51 | I4: 17097.164 | J4: 1807.7274 | K4: 1855.0044 | L4: 664.76654 | M4: 10011.478 | N4: 1778.7666 | O4: 735.2354 | P4: 2125.9001 | Q4: 7042.7305 | R4: 1003.751 | S4: 271.1294 | T4: 142.51825 | U4: 109.85611 | V4: 126.36919 | W4: 109.1926 | X4: 113.6285 | Y4: 528.98083 | Z4: 133.85085 | AA4: 532.02924 | AB4: 840.81805 | AC4: 421.00937 | AD4: 532.86273 | AE4: 480.7754 | AF4: 430.20584 | AG4: 493.03613
A5: 43376 | B5: 15784.017 | C5: 6326.136 | D5: 13720.399 | E5: 15864.098 | F5: 12945.628 | G5: 10066.431 | H5: 17536.271 | I5: 17140.06 | J5: 1811.8735 | K5: 1829.9349 | L5: 684.4926 | M5: 9715.1045 | N5: 1697.3256 | O5: 717.60114 | P5: 2094.966 | Q5: 6928.606 | R5: 1007.5832 | S5: 267.7271 | T5: 140.20715 | U5: 109.28668 | V5: 124.68064 | W5: 109.15531 | X5: 114.66095 | Y5: 556.2249 | Z5: 134.37726 | AA5: 529.31195 | AB5: 830.65204 | AC5: 425.41116 | AD5: 534.3498 | AE5: 498.2621 | AF5: 429.21036 | AG5: 486.88452
A6: 43377 | B6: 15929.47 | C6: 6371.511 | D6: 13753.684 | E6: 15919.953 | F6: 12829.897 | G6: 9821.697 | H6: 17290.623 | I6: 17211.385 | J6: 1817.355 | K6: 1796.2954 | L6: 680.9484 | M6: 9419.462 | N6: 1594.6631 | O6: 690.41846 | P6: 2056.2478 | Q6: 6730.9766 | R6: 990.21576 | S6: 262.87625 | T6: 137.66876 | U6: 109.47163 | V6: 122.56097 | W6: 109.27136 | X6: 113.57633 | Y6: 581.43884 | Z6: 134.7112 | AA6: 527.6747 | AB6: 831.52563 | AC6: 431.5326 | AD6: 533.3575 | AE6: 445.90475 | AF6: 429.6155 | AG6: 484.4795
A7: 43378 | B7: 16025.042 | C7: 6395.506 | D7: 13758.41 | E7: 15934.409 | F7: 12477.003 | G7: 9427.751 | H7: 16849.662 | I7: 17293.373 | J7: 1814.0844 | K7: 1760.5182 | L7: 668.32336 | M7: 9020.22 | N7: 1476.2706 | O7: 643.3658 | P7: 2002.164 | Q7: 6385.9004 | R7: 939.22723 | S7: 258.4514 | T7: 137.436 | U7: 106.461 | V7: 123.13013 | W7: 104.41894 | X7: 113.89976 | Y7: 593.0991 | Z7: 133.82335 | AA7: 526.5951 | AB7: 819.3792 | AC7: 444.1726 | AD7: 524.5575 | AE7: 449.29773 | AF7: 432.6993 | AG7: 481.7496
A8: 43379 | B8: 16139.038 | C8: 6379.818 | D8: 13981.695 | E8: 16102.738 | F8: 12504.282 | G8: 9752.153 | H8: 17296.555 | I8: 17324.088 | J8: 1814.0449 | K8: 1789.1063 | L8: 645.4565 | M8: 9324.1 | N8: 1618.6466 | O8: 675.44635 | P8: 2028.3373 | Q8: 6671.765 | R8: 967.0866 | S8: 245.15758 | T8: 138.9693 | U8: 108.4718 | V8: 125.48579 | W8: 119.01929 | X8: 114.44297 | Y8: 629.4232 | Z8: 133.35463 | AA8: 527.7196 | AB8: 829.82697 | AC8: 449.17514 | AD8: 509.88736 | AE8: 465.14456 | AF8: 436.3206 | AG8: 480.95535
A9: 43380 | B9: 16213.547 | C9: 6414.484 | D9: 14113.452 | E9: 16157.297 | F9: 12434.333 | G9: 9626.361 | H9: 17024.848 | I9: 17393.44 | J9: 1800.3862 | K9: 1714.8766 | L9: 678.8112 | M9: 9066.809 | N9: 1560.602 | O9: 683.269 | P9: 1968.9644 | Q9: 6549.5957 | R9: 975.2723 | S9: 237.44969 | T9: 137.62161 | U9: 120.7485 | V9: 123.70077 | W9: 116.67078 | X9: 113.10145 | Y9: 628.39044 | Z9: 131.65007 | AA9: 537.8468 | AB9: 851.9878 | AC9: 453.2247 | AD9: 488.7992 | AE9: 457.11743 | AF9: 440.7236 | AG9: 481.55295
A10: 43381 | B10: 16351.664 | C10: 6433.0234 | D10: 14457.797 | E10: 16409.19 | F10: 12520.798 | G10: 10091.606 | H10: 17838.346 | I10: 17368.9 | J10: 1790.2352 | K10: 1770.9076 | L10: 613.2471 | M10: 9664.404 | N10: 1755.5431 | O10: 711.32745 | P10: 2010.7153 | Q10: 6944.734 | R10: 996.38983 | S10: 228.73466 | T10: 141.10022 | U10: 113.43459 | V10: 135.75447 | W10: 112.69254 | X10: 124.03192 | Y10: 664.1046 | Z10: 134.94781 | AA10: 542.4827 | AB10: 858.94244 | AC10: 463.65332 | AD10: 497.09436 | AE10: 433.6356 | AF10: 445.30676 | AG10: 488.51187
A11: 43382 | B11: 16580.504 | C11: 6522.0312 | D11: 14904.528 | E11: 16751.498 | F11: 13625.317 | G11: 11495.128 | H11: 19409.23 | I11: 17479.201 | J11: 1800.8092 | K11: 1915.9418 | L11: 656.1298 | M11: 11001.917 | N11: 2426.1294 | O11: 827.39777 | P11: 2185.312 | Q11: 8178.18 | R11: 1097.7218 | S11: 218.18878 | T11: 154.62697 | U11: 114.61978 | V11: 152.49052 | W11: 113.93241 | X11: 130.38358 | Y11: 667.49554 | Z11: 138.33662 | AA11: 524.3593 | AB11: 828.85425 | AC11: 454.26352 | AD11: 539.7493 | AE11: 425.36978 | AF11: 447.8353 | AG11: 489.3623
A12: 43383 | B12: 16836.43 | C12: 6799.3613 | D12: 15278.405 | E12: 17107.246 | F12: 14993.138 | G12: 12632.75 | H12: 20465.03 | I12: 17750.064 | J12: 1838.2262 | K12: 2067.6375 | L12: 730.28217 | M12: 12117 | N12: 3118.1416 | O12: 914.6653 | P12: 2391.4373 | Q12: 9291.098 | R12: 1183.3077 | S12: 210.49083 | T12: 173.54814 | U12: 119.69137 | V12: 169.93062 | W12: 129.0721 | X12: 134.76627 | Y12: 674.2861 | Z12: 141.65431 | AA12: 514.80725 | AB12: 827.5925 | AC12: 442.2037 | AD12: 594.0948 | AE12: 448.22903 | AF12: 449.5117 | AG12: 484.9631
A13: 43384 | B13: 17027.547 | C13: 7224.397 | D13: 15420.257 | E13: 17307.22 | F13: 15356.38 | G13: 12651.667 | H13: 20381.203 | I13: 18040.488 | J13: 1871.1812 | K13: 2074.735 | L13: 767.13434 | M13: 12143.359 | N13: 3162.9226 | O13: 867.4963 | P13: 2410.743 | Q13: 9397.998 | R13: 1157.8599 | S13: 208.87328 | T13: 175.85661 | U13: 122.24628 | V13: 168.82115 | W13: 120.17617 | X13: 133.60481 | Y13: 678.21655 | Z13: 141.998 | AA13: 516.01886 | AB13: 823.8372 | AC13: 433.40854 | AD13: 604.2972 | AE13: 473.5988 | AF13: 451.2698 | AG13: 479.74167
A14: 43385 | B14: 17190.596 | C14: 7624.363 | D14: 15494.915 | E14: 17431.541 | F14: 15127.646 | G14: 12227.93 | H14: 19885.877 | I14: 18401.03 | J14: 1887.4946 | K14: 2042.5132 | L14: 740.85114 | M14: 11774.723 | N14: 2886.1204 | O14: 802.1387 | P14: 2364.453 | Q14: 8998.3955 | R14: 1101.4172 | S14: 206.11229 | T14: 169.37712 | U14: 119.61243 | V14: 162.70386 | W14: 117.31164 | X14: 136.95842 | Y14: 667.7361 | Z14: 141.34251 | AA14: 525.20953 | AB14: 820.4673 | AC14: 446.62772 | AD14: 587.8101 | AE14: 482.0358 | AF14: 450.83554 | AG14: 478.0601
... A795: 44166 | B795: 16243.354 | C795: 10367.393 | D795: 10005.476 | E795: 15210.817 | F795: 17692.969 | G795: 9145.906 | H795: 14908.921 | I795: 21075.797 | J795: 2709.668 | K795: 2464.8035 | L795: 1655.2594 | M795: 8729.155 | N795: 2620.5312 | O795: 500.32718 | P795: 2517.744 | Q795: 5465.22 | R795: 1063.6771 | S795: 199.93715 | T795: 199.63115 | U795: 142.56554 | V795: 148.14203 | W795: 144.44926 | X795: 146.44826 | Y795: 958.5978 | Z795: 187.3148 | AA795: 1015.0657 | AB795: 1397.3455 | AC795: 646.164 | AD795: 941.91504 | AE795: 799.69885 | AF795: 475.55237 | AG795: 1002.4056
A796: TOTAL EXCEEDANCES | B796: =COUNTIF(B$3:B$795,">=1000") -> 678 | C796: =COUNTIF(C$3:C$795,">=1000") -> 589 | D796: =COUNTIF(D$3:D$795,">=1000") -> 656 | E796: =COUNTIF(E$3:E$795,">=1000") -> 678 | F796: =COUNTIF(F$3:F$795,">=1000") -> 636 | G796: =COUNTIF(G$3:G$795,">=1000") -> 631 | H796: =COUNTIF(H$3:H$795,">=1000") -> 669 | I796: =COUNTIF(I$3:I$795,">=1000") -> 669 | ... AG796: =COUNTIF(AG$3:AG$795,">=1000") -> 19
A797: WET 1 | B797: =COUNTIF(B$3:B$184,">=1000") -> 152 | C797: =COUNTIF(C$3:C$184,">=1000") -> 105 | D797: =COUNTIF(D$3:D$184,">=1000") -> 136 | E797: =COUNTIF(E$3:E$184,">=1000") -> 147 | F797: =COUNTIF(F$3:F$184,">=1000") -> 116 | G797: =COUNTIF(G$3:G$184,">=1000") -> 112 | H797: =COUNTIF(H$3:H$184,">=1000") -> 130 | I797: =COUNTIF(I$3:I$184,">=1000") -> 138 | ... AG797: =COUNTIF(AG$3:AG$184,">=1000") -> 0 | AH797: OCT 2018 - MARCH 2019
A798: WET 2 | B798: =COUNTIF(B$368:B$550,">=1000") -> 183 | C798: =COUNTIF(C$368:C$550,">=1000") -> 166 | D798: =COUNTIF(D$368:D$550,">=1000") -> 183 | E798: =COUNTIF(E$368:E$550,">=1000") -> 183 | F798: =COUNTIF(F$368:F$550,">=1000") -> 183 | G798: =COUNTIF(G$368:G$550,">=1000") -> 183 | H798: =COUNTIF(H$368:H$550,">=1000") -> 183 | I798: =COUNTIF(I$368:I$550,">=1000") -> 183 | ... AG798: =COUNTIF(AG$368:AG$550,">=1000") -> 0 | AH798: OCT 2019 - MARCH 2020
A799: DRY 1 | B799: =COUNTIF(B$185:B$367,">=1000") -> 98 | C799: =COUNTIF(C$185:C$367,">=1000") -> 73 | D799: =COUNTIF(D$185:D$367,">=1000") -> 92 | E799: =COUNTIF(E$185:E$367,">=1000") -> 103 | F799: =COUNTIF(F$185:F$367,">=1000") -> 92 | G799: =COUNTIF(G$185:G$367,">=1000") -> 91 | H799: =COUNTIF(H$185:H$367,">=1000") -> 111 | I799: =COUNTIF(I$185:I$367,">=1000") -> 103 | ... AG799: =COUNTIF(AG$185:AG$367,">=1000") -> 0 | AH799: APRIL 2019 - SEPTEMBER 2019
A800: DRY 2 | B800: =COUNTIF(B$551:B$733,">=1000") -> 183 | C800: =COUNTIF(C$551:C$733,">=1000") -> 183 | D800: =COUNTIF(D$551:D$733,">=1000") -> 183 | E800: =COUNTIF(E$551:E$733,">=1000") -> 183 | F800: =COUNTIF(F$551:F$733,">=1000") -> 183 | G800: =COUNTIF(G$551:G$733,">=1000") -> 183 | H800: =COUNTIF(H$551:H$733,">=1000") -> 183 | I800: =COUNTIF(I$551:I$733,">=1000") -> 183 | ... AG800: =COUNTIF(AG$551:AG$733,">=1000") -> 0 | AH800: APRIL 2020 - SEPTEMBER 2020
A801: ALL WET | B801: =SUM(B$797,B$798) -> 335 | C801: =SUM(C$797,C$798) -> 271 | D801: =SUM(D$797,D$798) -> 319 | E801: =SUM(E$797,E$798) -> 330 | F801: =SUM(F$797,F$798) -> 299 | G801: =SUM(G$797,G$798) -> 295 | H801: =SUM(H$797,H$798) -> 313 | I801: =SUM(I$797,I$798) -> 321 | ... AG801: =SUM(AG$797,AG$798) -> 0
A802: ALL DRY | B802: =SUM(B$799,B$800) -> 281 | C802: =SUM(C$799,C$800) -> 256 | D802: =SUM(D$799,D$800) -> 275 | E802: =SUM(E$799,E$800) -> 286 | F802: =SUM(F$799,F$800) -> 275 | G802: =SUM(G$799,G$800) -> 274 | H802: =SUM(H$799,H$800) -> 294 | I802: =SUM(I$799,I$800) -> 286 | ... AG802: =SUM(AG$799,AG$800) -> 0
D805: Day Use & Boating | F805: THRESHOLD: 1,000 MICROSIEMENS/CM (EC) | S805: SP DAY USE & BOATING | AA805: SP DAY USE & BOATING | AE805: SP DAY USE & BOATING | AI805: SP DAY USE & BOATING | AQ805: SP DAY USE & BOATING | AY805: SP DAY USE & BOATING
F806: WET SEASON | S806: TOTAL RUN | AA806: WET SEASONS | AE806: DRY SEASONS | AI806: TOTAL RUN | AK806: Delta-Wide | AL806: Suisun | AM806: Central Delta | AN806: North Delta | AO806: South Delta | AQ806: WET SEASONS | AS806: Delta-Wide | AT806: Suisun | AU806: Central Delta | AV806: North Delta | AW806: South Delta | AY806: DRY SEASONS | BA806: Delta-Wide | BB806: Suisun | BC806: Central Delta | BD806: North Delta | BE806: South Delta
F807: OCTOBER 1 - MARCH 31 | M807: DRY SEASON | S807: Total points | U807: =COUNTIF($B$2:$AG$2,"<>") -> 32 | AA807: Total points | AC807: =$U$807 -> 32 | AE807: Total points | AG807: =$U$807 -> 32 | AI807: Total points | AK807: =COUNTIF($B$2:$AG$2,"<>") -> 32 | AL807: =COUNTIF($B$2:$I$2,"<>") -> 8 | AM807: =COUNTIF($J$2:$R$2,"<>") -> 9 | AN807: =COUNTIF($S$2:$X$2,"<>") -> 6 | AO807: =COUNTIF($Y$2:$AG$2,"<>") -> 9 | AQ807: Total points | AS807: =COUNTIF($B$2:$AG$2,"<>") -> 32 | AT807: =COUNTIF($B$2:$I$2,"<>") -> 8 | AU807: =COUNTIF($J$2:$R$2,"<>") -> 9 | AV807: =COUNTIF($S$2:$X$2,"<>") -> 6 | AW807: =COUNTIF($Y$2:$AG$2,"<>") -> 9 | AY807: Total points | BA807: =COUNTIF($B$2:$AG$2,"<>") -> 32 | BB807: =COUNTIF($B$2:$I$2,"<>") -> 8 | BC807: =COUNTIF($J$2:$R$2,"<>") -> 9 | BD807: =COUNTIF($S$2:$X$2,"<>") -> 6 | BE807: =COUNTIF($Y$2:$AG$2,"<>") -> 9
F808: WET SEASON 1 | H808: 10/1/18 - 3/31/19 | J808: =COUNTIF($A$3:$A$184,"<>") -> 182 | M808: APRIL 1 - SEPTEMBER 30 | S808: Days in run | U808: =COUNTIF($A$3:$A$795,"<>") -> 793 | AA808: Days in run | AC808: =SUM($J$808:$J$809) -> 365 | AE808: Days in run | AG808: =SUM($Q$809:$Q$810) -> 366 | AI808: Days in run | AK808: =COUNTIF($A$3:$A$795,"<>") -> 793 | AL808: =COUNTIF($A$3:$A$795,"<>") -> 793 | AM808: =COUNTIF($A$3:$A$795,"<>") -> 793 | AN808: =COUNTIF($A$3:$A$795,"<>") -> 793 | AO808: =COUNTIF($A$3:$A$795,"<>") -> 793 | AQ808: Days in run | AS808: =SUM($J$808:$J$809) -> 365 | AT808: =SUM($J$808:$J$809) -> 365 | AU808: =SUM($J$808:$J$809) -> 365 | AV808: =SUM($J$808:$J$809) -> 365 | AW808: =SUM($J$808:$J$809) -> 365 | AY808: Days in run | BA808: =SUM($Q$809:$Q$810) -> 366 | BB808: =SUM($Q$809:$Q$810) -> 366 | BC808: =SUM($Q$809:$Q$810) -> 366 | BD808: =SUM($Q$809:$Q$810) -> 366 | BE808: =SUM($Q$809:$Q$810) -> 366
F809: WET SEASON 2 | H809: 10/1/19 - 3/31/20 | J809: =COUNTIF($A$368:$A$550,"<>") -> 183 | M809: DRY SEASON 1 | O809: 4/1/19 - 9/30/19 | Q809: =COUNTIF($A$185:$A$367,"<>") -> 183 | S809: Total measurements | U809: =U808*U807 -> 25376 | V809: DENOMINATOR FOR EXCEEDANCE % | AA809: Total measurements | AC809: =AC808*AC807 -> 11680 | AE809: Total measurements | AG809: =$AG$808*$AG$807 -> 11712 | AI809: Total measurements | AK809: =AK808*AK807 -> 25376 | AL809: =AL808*AL807 -> 6344 | AM809: =AM808*AM807 -> 7137 | AN809: =AN808*AN807 -> 4758 | AO809: =AO808*AO807 -> 7137 | AQ809: Total measurements | AS809: =AS808*AS807 -> 11680 | AT809: =AT808*AT807 -> 2920 | AU809: =AU808*AU807 -> 3285 | AV809: =AV808*AV807 -> 2190 | AW809: =AW808*AW807 -> 3285 | AY809: Total measurements | BA809: =BA808*BA807 -> 11712 | BB809: =BB808*BB807 -> 2928 | BC809: =BC808*BC807 -> 3294 | BD809: =BD808*BD807 -> 2196 | BE809: =BE808*BE807 -> 3294
F810: WET SEASON 3 | H810: 10/1/20 - 12/1/20 | J810: =COUNTIF($A$734:$A$795,"<>") -> 62 | M810: DRY SEASON 2 | O810: 4/1/20 - 9/30/20 | Q810: =COUNTIF($A$551:$A$733,"<>") -> 183 | S810: Measurements >= 1000 | U810: =SUM(B796:AG796) -> 8167 | V810: NUMERATOR FOR EXCEEDANCE % | AA810: Measurements >= 1000 | AC810: =SUM($B$801:$AG$801) -> 3742 | AE810: Measurements >= 1000 | AG810: =SUM($B$802:$AG$802) -> 3258 | AI810: Measurements >= 1000 | AK810: =SUM(B796:AG796) -> 8167 | AL810: =SUM(B796:I796) -> 5206 | AM810: =SUM(J796:R796) -> 2701 | AN810: =SUM(S796:X796) -> 0 | AO810: =SUM(Y796:AG796) -> 260 | AQ810: Measurements >= 1000 | AS810: =SUM($B$801:$AG$801) -> 3742 | AT810: =SUM(B801:I801) -> 2483 | AU810: =SUM(J801:R801) -> 1189 | AV810: =SUM(S801:X801) -> 0 | AW810: =SUM(Y801:AG801) -> 70 | AY810: Measurements >= 1000 | BA810: =SUM($B$802:$AG$802) -> 3258 | BB810: =SUM(B802:I802) -> 2227 | BC810: =SUM(J802:R802) -> 976 | BD810: =SUM(S802:X802) -> 0 | BE810: =SUM(Y802:AG802) -> 55
S811: % Total Run Exceedances | U811: =$U810/$U809 -> 0.32183953 | AA811: % WET Exceedances | AC811: =AC810/AC809 -> 0.32037671 | AE811: % DRY Exceedances | AG811: =AG810/AG809 -> 0.27817623 | AI811: % Total Run Exceedances | AK811: =AK810/AK809 -> 0.32183953 | AL811: =AL810/AL809 -> 0.82061791 | AM811: =AM810/AM809 -> 0.37845033 | AN811: =AN810/AN809 -> 0 | AO811: =AO810/AO809 -> 0.036429872 | AQ811: % WET Exceedances | AS811: =AS810/AS809 -> 0.32037671 | AT811: =AT810/AT809 -> 0.85034247 | AU811: =AU810/AU809 -> 0.36194825 | AV811: =AV810/AV809 -> 0 | AW811: =AW810/AW809 -> 0.02130898 | AY811: % DRY Exceedances | BA811: =BA810/BA809 -> 0.27817623 | BB811: =BB810/BB809 -> 0.76058743 | BC811: =BC810/BC809 -> 0.2962963 | BD811: =BD810/BD809 -> 0 | BE811: =BE810/BE809 -> 0.016697025
A813: TOTAL EXCEEDANCES | B813: =COUNTIF(B$3:B$795,">=2640") -> 642 | C813: =COUNTIF(C$3:C$795,">=2640") -> 356 | D813: =COUNTIF(D$3:D$795,">=2640") -> 561 | E813: =COUNTIF(E$3:E$795,">=2640") -> 645 | F813: =COUNTIF(F$3:F$795,">=2640") -> 623 | G813: =COUNTIF(G$3:G$795,">=2640") -> 572 | H813: =COUNTIF(H$3:H$795,">=2640") -> 637 | I813: =COUNTIF(I$3:I$795,">=2640") -> 636 | ... AG813: =COUNTIF(AG$3:AG$795,">=2640") -> 0
A814: WET 1 | B814: =COUNTIF(B$3:B$184,">=2640") -> 130 | C814: =COUNTIF(C$3:C$184,">=2640") -> 102 | D814: =COUNTIF(D$3:D$184,">=2640") -> 109 | E814: =COUNTIF(E$3:E$184,">=2640") -> 130 | F814: =COUNTIF(F$3:F$184,">=2640") -> 110 | G814: =COUNTIF(G$3:G$184,">=2640") -> 105 | H814: =COUNTIF(H$3:H$184,">=2640") -> 116 | I814: =COUNTIF(I$3:I$184,">=2640") -> 119 | ... AG814: =COUNTIF(AG$3:AG$184,">=2640") -> 0 | AH814: OCT 2018 - MARCH 2019
A815: WET 2 | B815: =COUNTIF(B$368:B$550,">=2640") -> 183 | C815: =COUNTIF(C$368:C$550,">=2640") -> 44 | D815: =COUNTIF(D$368:D$550,">=2640") -> 138 | E815: =COUNTIF(E$368:E$550,">=2640") -> 183 | F815: =COUNTIF(F$368:F$550,">=2640") -> 183 | G815: =COUNTIF(G$368:G$550,">=2640") -> 158 | H815: =COUNTIF(H$368:H$550,">=2640") -> 183 | I815: =COUNTIF(I$368:I$550,">=2640") -> 183 | ... AG815: =COUNTIF(AG$368:AG$550,">=2640") -> 0 | AH815: OCT 2019 - MARCH 2020
A816: DRY 1 | B816: =COUNTIF(B$185:B$367,">=2640") -> 84 | C816: =COUNTIF(C$185:C$367,">=2640") -> 0 | D816: =COUNTIF(D$185:D$367,">=2640") -> 80 | E816: =COUNTIF(E$185:E$367,">=2640") -> 87 | F816: =COUNTIF(F$185:F$367,">=2640") -> 85 | G816: =COUNTIF(G$185:G$367,">=2640") -> 64 | H816: =COUNTIF(H$185:H$367,">=2640") -> 93 | I816: =COUNTIF(I$185:I$367,">=2640") -> 89 | ... AG816: =COUNTIF(AG$185:AG$367,">=2640") -> 0 | AH816: APRIL 2019 - SEPTEMBER 2019
A817: DRY 2 | B817: =COUNTIF(B$551:B$733,">=2640") -> 183 | C817: =COUNTIF(C$551:C$733,">=2640") -> 148 | D817: =COUNTIF(D$551:D$733,">=2640") -> 172 | E817: =COUNTIF(E$551:E$733,">=2640") -> 183 | F817: =COUNTIF(F$551:F$733,">=2640") -> 183 | G817: =COUNTIF(G$551:G$733,">=2640") -> 183 | H817: =COUNTIF(H$551:H$733,">=2640") -> 183 | I817: =COUNTIF(I$551:I$733,">=2640") -> 183 | ... AG817: =COUNTIF(AG$551:AG$733,">=2640") -> 0 | AH817: APRIL 2020 - SEPTEMBER 2020
A818: ALL WET | B818: =SUM(B814,B815) -> 313 | C818: =SUM(C814,C815) -> 146 | D818: =SUM(D814,D815) -> 247 | E818: =SUM(E814,E815) -> 313 | F818: =SUM(F814,F815) -> 293 | G818: =SUM(G814,G815) -> 263 | H818: =SUM(H814,H815) -> 299 | I818: =SUM(I814,I815) -> 302 | ... AG818: =SUM(AG814,AG815) -> 0
A819: ALL DRY | B819: =SUM(B816,B817) -> 267 | C819: =SUM(C816,C817) -> 148 | D819: =SUM(D816,D817) -> 252 | E819: =SUM(E816,E817) -> 270 | F819: =SUM(F816,F817) -> 268 | G819: =SUM(G816,G817) -> 247 | H819: =SUM(H816,H817) -> 276 | I819: =SUM(I816,I817) -> 272 | ... AG819: =SUM(AG816,AG817) -> 0
D821: Birding | F821: THRESHOLD: 2,640 MICROSIEMENS/CM (EC) | S821: BIRDING | AA821: BIRDING | AE821: BIRDING | AI821: BIRDING | AQ821: BIRDING | AY821: BIRDING
F822: WET SEASON | S822: TOTAL RUN | AA822: WET SEASONS | AE822: DRY SEASONS | AI822: TOTAL RUN | AK822: Delta-Wide | AL822: Suisun | AM822: Central Delta | AN822: North Delta | AO822: South Delta | AQ822: WET SEASONS | AS822: Delta-Wide | AT822: Suisun | AU822: Central Delta | AV822: North Delta | AW822: South Delta | AY822: DRY SEASONS | BA822: Delta-Wide | BB822: Suisun | BC822: Central Delta | BD822: North Delta | BE822: South Delta
F823: OCTOBER 1 - MARCH 31 | M823: DRY SEASON | S823: Total points | U823: =COUNTIF($B$2:$AG$2,"<>") -> 32 | AA823: Total points | AC823: =$U$807 -> 32 | AE823: Total points | AG823: =$U$807 -> 32 | AI823: Total points | AK823: =COUNTIF($B$2:$AG$2,"<>") -> 32 | AL823: =COUNTIF($B$2:$I$2,"<>") -> 8 | AM823: =COUNTIF($J$2:$R$2,"<>") -> 9 | AN823: =COUNTIF($S$2:$X$2,"<>") -> 6 | AO823: =COUNTIF($Y$2:$AG$2,"<>") -> 9 | AQ823: Total points | AS823: =COUNTIF($B$2:$AG$2,"<>") -> 32 | AT823: =COUNTIF($B$2:$I$2,"<>") -> 8 | AU823: =COUNTIF($J$2:$R$2,"<>") -> 9 | AV823: =COUNTIF($S$2:$X$2,"<>") -> 6 | AW823: =COUNTIF($Y$2:$AG$2,"<>") -> 9 | AY823: Total points | BA823: =COUNTIF($B$2:$AG$2,"<>") -> 32 | BB823: =COUNTIF($B$2:$I$2,"<>") -> 8 | BC823: =COUNTIF($J$2:$R$2,"<>") -> 9 | BD823: =COUNTIF($S$2:$X$2,"<>") -> 6 | BE823: =COUNTIF($Y$2:$AG$2,"<>") -> 9
F824: WET SEASON 1 | H824: 10/1/18 - 3/31/19 | J824: =COUNTIF($A$3:$A$184,"<>") -> 182 | M824: APRIL 1 - SEPTEMBER 30 | S824: Days in run | U824: =COUNTIF($A$3:$A$795,"<>") -> 793 | AA824: Days in run | AC824: =SUM($J$808:$J$809) -> 365 | AE824: Days in run | AG824: =SUM($Q$809:$Q$810) -> 366 | AI824: Days in run | AK824: =COUNTIF($A$3:$A$795,"<>") -> 793 | AL824: =COUNTIF($A$3:$A$795,"<>") -> 793 | AM824: =COUNTIF($A$3:$A$795,"<>") -> 793 | AN824: =COUNTIF($A$3:$A$795,"<>") -> 793 | AO824: =COUNTIF($A$3:$A$795,"<>") -> 793 | AQ824: Days in run | AS824: =SUM($J$808:$J$809) -> 365 | AT824: =SUM($J$808:$J$809) -> 365 | AU824: =SUM($J$808:$J$809) -> 365 | AV824: =SUM($J$808:$J$809) -> 365 | AW824: =SUM($J$808:$J$809) -> 365 | AY824: Days in run | BA824: =SUM($Q$809:$Q$810) -> 366 | BB824: =SUM($Q$809:$Q$810) -> 366 | BC824: =SUM($Q$809:$Q$810) -> 366 | BD824: =SUM($Q$809:$Q$810) -> 366 | BE824: =SUM($Q$809:$Q$810) -> 366
F825: WET SEASON 2 | H825: 10/1/19 - 3/31/20 | J825: =COUNTIF($A$368:$A$550,"<>") -> 183 | M825: DRY SEASON 1 | O825: 4/1/19 - 9/30/19 | Q825: =COUNTIF($A$185:$A$367,"<>") -> 183 | S825: Total measurements | U825: =$U$808*$U$807 -> 25376 | V825: DENOMINATOR FOR EXCEEDANCE % | AA825: Total measurements | AC825: =AC824*AC823 -> 11680 | AE825: Total measurements | AG825: =$AG$808*$AG$807 -> 11712 | AI825: Total measurements | AK825: =AK824*AK823 -> 25376 | AL825: =AL824*AL823 -> 6344 | AM825: =AM824*AM823 -> 7137 | AN825: =AN824*AN823 -> 4758 | AO825: =AO824*AO823 -> 7137 | AQ825: Total measurements | AS825: =AS824*AS823 -> 11680 | AT825: =AT824*AT823 -> 2920 | AU825: =AU824*AU823 -> 3285 | AV825: =AV824*AV823 -> 2190 | AW825: =AW824*AW823 -> 3285 | AY825: Total measurements | BA825: =BA824*BA823 -> 11712 | BB825: =BB824*BB823 -> 2928 | BC825: =BC824*BC823 -> 3294 | BD825: =BD824*BD823 -> 2196 | BE825: =BE824*BE823 -> 3294
F826: WET SEASON 3 | H826: 10/1/20 - 12/1/20 | J826: =COUNTIF($A$734:$A$795,"<>") -> 62 | M826: DRY SEASON 2 | O826: 4/1/20 - 9/30/20 | Q826: =COUNTIF($A$551:$A$733,"<>") -> 183 | S826: Measurements >= 2640 | U826: =SUM(B813:AG813) -> 6106 | V826: NUMERATOR FOR EXCEEDANCE % | AA826: Measurements >= 2640 | AC826: =SUM(B818:AG818) -> 2713 | AE826: Measurements >2640 | AG826: =SUM(B819:AG819) -> 2536 | AI826: Measurements >= 2,640 | AK826: =SUM(B813:AG813) -> 6106 | AL826: =SUM(B813:I813) -> 4672 | AM826: =SUM(J813:R813) -> 1434 | AN826: =SUM(S813:X813) -> 0 | AO826: =SUM(Y813:AG813) -> 0 | AQ826: Measurements >= 2,640 | AS826: =SUM(B818:AG818) -> 2713 | AT826: =SUM(B818:I818) -> 2176 | AU826: =SUM(J818:R818) -> 537 | AV826: =SUM(S818:X818) -> 0 | AW826: =SUM(Y818:AG818) -> 0 | AY826: Measurements >= 2,640 | BA826: =SUM(B819:AG819) -> 2536 | BB826: =SUM(B819:I819) -> 2000 | BC826: =SUM(J819:R819) -> 536 | BD826: =SUM(S819:X819) -> 0 | BE826: =SUM(Y819:AG819) -> 0
S827: % Total Run Exceedances | U827: =$U826/$U825 -> 0.24062106 | AA827: % WET Exceedances | AC827: =AC826/AC825 -> 0.2322774 | AE827: % DRY Exceedances | AG827: =AG826/AG825 -> 0.21653005 | AI827: % Total Run Exceedances | AK827: =AK826/AK825 -> 0.24062106 | AL827: =AL826/AL825 -> 0.73644388 | AM827: =AM826/AM825 -> 0.20092476 | AN827: =AN826/AN825 -> 0 | AO827: =AO826/AO825 -> 0 | AQ827: % WET Exceedances | AS827: =AS826/AS825 -> 0.2322774 | AT827: =AT826/AT825 -> 0.74520548 | AU827: =AU826/AU825 -> 0.16347032 | AV827: =AV826/AV825 -> 0 | AW827: =AW826/AW825 -> 0 | AY827: % DRY Exceedances | BA827: =BA826/BA825 -> 0.21653005 | BB827: =BB826/BB825 -> 0.68306011 | BC827: =BC826/BC825 -> 0.1627201 | BD827: =BD826/BD825 -> 0 | BE827: =BE826/BE825 -> 0
A829: TOTAL EXCEEDANCES | B829: =COUNTIF(B$3:B$795,">=3600") -> 625 | C829: =COUNTIF(C$3:C$795,">=3600") -> 307 | D829: =COUNTIF(D$3:D$795,">=3600") -> 521 | E829: =COUNTIF(E$3:E$795,">=3600") -> 624 | F829: =COUNTIF(F$3:F$795,">=3600") -> 608 | G829: =COUNTIF(G$3:G$795,">=3600") -> 489 | H829: =COUNTIF(H$3:H$795,">=3600") -> 634 | I829: =COUNTIF(I$3:I$795,">=3600") -> 630 | ... AG829: =COUNTIF(AG$3:AG$795,">=3600") -> 0
A830: WET 1 | B830: =COUNTIF(B$3:B$184,">=3600") -> 118 | C830: =COUNTIF(C$3:C$184,">=3600") -> 96 | D830: =COUNTIF(D$3:D$184,">=3600") -> 106 | E830: =COUNTIF(E$3:E$184,">=3600") -> 115 | F830: =COUNTIF(F$3:F$184,">=3600") -> 109 | G830: =COUNTIF(G$3:G$184,">=3600") -> 103 | H830: =COUNTIF(H$3:H$184,">=3600") -> 115 | I830: =COUNTIF(I$3:I$184,">=3600") -> 117 | ... AG830: =COUNTIF(AG$3:AG$184,">=3600") -> 0 | AH830: OCT 2018 - MARCH 2019
A831: WET 2 | B831: =COUNTIF(B$368:B$550,">=3600") -> 183 | C831: =COUNTIF(C$368:C$550,">=3600") -> 26 | D831: =COUNTIF(D$368:D$550,">=3600") -> 118 | E831: =COUNTIF(E$368:E$550,">=3600") -> 183 | F831: =COUNTIF(F$368:F$550,">=3600") -> 174 | G831: =COUNTIF(G$368:G$550,">=3600") -> 124 | H831: =COUNTIF(H$368:H$550,">=3600") -> 183 | I831: =COUNTIF(I$368:I$550,">=3600") -> 183 | ... AG831: =COUNTIF(AG$368:AG$550,">=3600") -> 0 | AH831: OCT 2019 - MARCH 2020
A832: DRY 1 | B832: =COUNTIF(B$185:B$367,">=3600") -> 79 | C832: =COUNTIF(C$185:C$367,">=3600") -> 0 | D832: =COUNTIF(D$185:D$367,">=3600") -> 76 | E832: =COUNTIF(E$185:E$367,">=3600") -> 81 | F832: =COUNTIF(F$185:F$367,">=3600") -> 80 | G832: =COUNTIF(G$185:G$367,">=3600") -> 25 | H832: =COUNTIF(H$185:H$367,">=3600") -> 91 | I832: =COUNTIF(I$185:I$367,">=3600") -> 85 | ... AG832: =COUNTIF(AG$185:AG$367,">=3600") -> 0 | AH832: APRIL 2019 - SEPTEMBER 2019
A833: DRY 2 | B833: =COUNTIF(B$551:B$733,">=3600") -> 183 | C833: =COUNTIF(C$551:C$733,">=3600") -> 123 | D833: =COUNTIF(D$551:D$733,">=3600") -> 159 | E833: =COUNTIF(E$551:E$733,">=3600") -> 183 | F833: =COUNTIF(F$551:F$733,">=3600") -> 183 | G833: =COUNTIF(G$551:G$733,">=3600") -> 175 | H833: =COUNTIF(H$551:H$733,">=3600") -> 183 | I833: =COUNTIF(I$551:I$733,">=3600") -> 183 | ... AG833: =COUNTIF(AG$551:AG$733,">=3600") -> 0 | AH833: APRIL 2020 - SEPTEMBER 2020
A834: ALL WET | B834: =SUM(B830,B831) -> 301 | C834: =SUM(C830,C831) -> 122 | D834: =SUM(D830,D831) -> 224 | E834: =SUM(E830,E831) -> 298 | F834: =SUM(F830,F831) -> 283 | G834: =SUM(G830,G831) -> 227 | H834: =SUM(H830,H831) -> 298 | I834: =SUM(I830,I831) -> 300 | ... AG834: =SUM(AG830,AG831) -> 0
A835: ALL DRY | B835: =SUM(B832,B833) -> 262 | C835: =SUM(C832,C833) -> 123 | D835: =SUM(D832,D833) -> 235 | E835: =SUM(E832,E833) -> 264 | F835: =SUM(F832,F833) -> 263 | G835: =SUM(G832,G833) -> 200 | H835: =SUM(H832,H833) -> 274 | I835: =SUM(I832,I833) -> 268 | ... AG835: =SUM(AG832,AG833) -> 0
D837: Waterfowl | F837: THRESHOLD: 3,600 MICROSIEMENS/CM (EC) | S837: WATERFOWL | AA837: WATERFOWL | AE837: WATERFOWL | AI837: WATERFOWL | AQ837: WATERFOWL | AY837: WATERFOWL
F838: WET SEASON | S838: TOTAL RUN | AA838: WET SEASONS | AE838: DRY SEASONS | AI838: TOTAL RUN | AK838: Delta-Wide | AL838: Suisun | AM838: Central Delta | AN838: North Delta | AO838: South Delta | AQ838: WET SEASONS | AS838: Delta-Wide | AT838: Suisun | AU838: Central Delta | AV838: North Delta | AW838: South Delta | AY838: DRY SEASONS | BA838: Delta-Wide | BB838: Suisun | BC838: Central Delta | BD838: North Delta | BE838: South Delta
F839: OCTOBER 1 - MARCH 31 | M839: DRY SEASON | S839: Total points | U839: =COUNTIF($B$2:$AG$2,"<>") -> 32 | AA839: Total points | AC839: =$U$807 -> 32 | AE839: Total points | AG839: =$U$807 -> 32 | AI839: Total points | AK839: =COUNTIF($B$2:$AG$2,"<>") -> 32 | AL839: =COUNTIF($B$2:$I$2,"<>") -> 8 | AM839: =COUNTIF($J$2:$R$2,"<>") -> 9 | AN839: =COUNTIF($S$2:$X$2,"<>") -> 6 | AO839: =COUNTIF($Y$2:$AG$2,"<>") -> 9 | AQ839: Total points | AS839: =COUNTIF($B$2:$AG$2,"<>") -> 32 | AT839: =COUNTIF($B$2:$I$2,"<>") -> 8 | AU839: =COUNTIF($J$2:$R$2,"<>") -> 9 | AV839: =COUNTIF($S$2:$X$2,"<>") -> 6 | AW839: =COUNTIF($Y$2:$AG$2,"<>") -> 9 | AY839: Total points | BA839: =COUNTIF($B$2:$AG$2,"<>") -> 32 | BB839: =COUNTIF($B$2:$I$2,"<>") -> 8 | BC839: =COUNTIF($J$2:$R$2,"<>") -> 9 | BD839: =COUNTIF($S$2:$X$2,"<>") -> 6 | BE839: =COUNTIF($Y$2:$AG$2,"<>") -> 9
F840: WET SEASON 1 | H840: 10/1/18 - 3/31/19 | J840: =COUNTIF($A$3:$A$184,"<>") -> 182 | M840: APRIL 1 - SEPTEMBER 30 | S840: Days in run | U840: =COUNTIF($A$3:$A$795,"<>") -> 793 | AA840: Days in run | AC840: =SUM($J$808:$J$809) -> 365 | AE840: Days in run | AG840: =SUM($Q$809:$Q$810) -> 366 | AI840: Days in run | AK840: =COUNTIF($A$3:$A$795,"<>") -> 793 | AL840: =COUNTIF($A$3:$A$795,"<>") -> 793 | AM840: =COUNTIF($A$3:$A$795,"<>") -> 793 | AN840: =COUNTIF($A$3:$A$795,"<>") -> 793 | AO840: =COUNTIF($A$3:$A$795,"<>") -> 793 | AQ840: Days in run | AS840: =SUM($J$808:$J$809) -> 365 | AT840: =SUM($J$808:$J$809) -> 365 | AU840: =SUM($J$808:$J$809) -> 365 | AV840: =SUM($J$808:$J$809) -> 365 | AW840: =SUM($J$808:$J$809) -> 365 | AY840: Days in run | BA840: =SUM($Q$809:$Q$810) -> 366 | BB840: =SUM($Q$809:$Q$810) -> 366 | BC840: =SUM($Q$809:$Q$810) -> 366 | BD840: =SUM($Q$809:$Q$810) -> 366 | BE840: =SUM($Q$809:$Q$810) -> 366
F841: WET SEASON 2 | H841: 10/1/19 - 3/31/20 | J841: =COUNTIF($A$368:$A$550,"<>") -> 183 | M841: DRY SEASON 1 | O841: 4/1/19 - 9/30/19 | Q841: =COUNTIF($A$185:$A$367,"<>") -> 183 | S841: Total measurements | U841: =$U$808*$U$807 -> 25376 | V841: DENOMINATOR FOR EXCEEDANCE % | AA841: Total measurements | AC841: =AC840*AC839 -> 11680 | AE841: Total measurements | AG841: =$AG$808*$AG$807 -> 11712 | AI841: Total measurements | AK841: =AK840*AK839 -> 25376 | AL841: =AL840*AL839 -> 6344 | AM841: =AM840*AM839 -> 7137 | AN841: =AN840*AN839 -> 4758 | AO841: =AO840*AO839 -> 7137 | AQ841: Total measurements | AS841: =AS840*AS839 -> 11680 | AT841: =AT840*AT839 -> 2920 | AU841: =AU840*AU839 -> 3285 | AV841: =AV840*AV839 -> 2190 | AW841: =AW840*AW839 -> 3285 | AY841: Total measurements | BA841: =BA840*BA839 -> 11712 | BB841: =BB840*BB839 -> 2928 | BC841: =BC840*BC839 -> 3294 | BD841: =BD840*BD839 -> 2196 | BE841: =BE840*BE839 -> 3294
F842: WET SEASON 3 | H842: 10/1/20 - 12/1/20 | J842: =COUNTIF($A$734:$A$795,"<>") -> 62 | M842: DRY SEASON 2 | O842: 4/1/20 - 9/30/20 | Q842: =COUNTIF($A$551:$A$733,"<>") -> 183 | S842: Measurements >= 3,600 | U842: =SUM(B829:AG829) -> 5347 | V842: NUMERATOR FOR EXCEEDANCE % | AA842: Measurements >= 3,600 | AC842: =SUM(B834:AG834) -> 2435 | AE842: Measurements >3,600 | AG842: =SUM(B835:AG835) -> 2229 | AI842: Measurements >= 3,600 | AK842: =SUM(B829:AG829) -> 5347 | AL842: =SUM(B829:I829) -> 4438 | AM842: =SUM(J829:R829) -> 909 | AN842: =SUM(S829:X829) -> 0 | AO842: =SUM(Y829:AG829) -> 0 | AQ842: Measurements >= 3,600 | AS842: =SUM(B834:AG834) -> 2435 | AT842: =SUM(B834:I834) -> 2053 | AU842: =SUM(J834:R834) -> 382 | AV842: =SUM(S834:X834) -> 0 | AW842: =SUM(Y834:AG834) -> 0 | AY842: Measurements >= 3,600 | BA842: =SUM(B835:AG835) -> 2229 | BB842: =SUM(B835:I835) -> 1889 | BC842: =SUM(J835:R835) -> 340 | BD842: =SUM(S835:X835) -> 0 | BE842: =SUM(Y835:AG835) -> 0
S843: % Total Run Exceedances | U843: =$U842/$U841 -> 0.21071091 | AA843: % WET Exceedances | AC843: =AC842/AC841 -> 0.20847603 | AE843: % DRY Exceedances | AG843: =AG842/AG841 -> 0.19031762 | AI843: % Total Run Exceedances | AK843: =AK842/AK841 -> 0.21071091 | AL843: =AL842/AL841 -> 0.69955864 | AM843: =AM842/AM841 -> 0.12736444 | AN843: =AN842/AN841 -> 0 | AO843: =AO842/AO841 -> 0 | AQ843: % WET Exceedances | AS843: =AS842/AS841 -> 0.20847603 | AT843: =AT842/AT841 -> 0.70308219 | AU843: =AU842/AU841 -> 0.11628615 | AV843: =AV842/AV841 -> 0 | AW843: =AW842/AW841 -> 0 | AY843: % DRY Exceedances | BA843: =BA842/BA841 -> 0.19031762 | BB843: =BB842/BB841 -> 0.64515027 | BC843: =BC842/BC841 -> 0.10321797 | BD843: =BD842/BD841 -> 0 | BE843: =BE842/BE841 -> 0
A845: TOTAL EXCEEDANCES | B845: =COUNTIF(B$3:B$795,">=9130") -> 373 | C845: =COUNTIF(C$3:C$795,">=9130") -> 110 | D845: =COUNTIF(D$3:D$795,">=9130") -> 247 | E845: =COUNTIF(E$3:E$795,">=9130") -> 371 | F845: =COUNTIF(F$3:F$795,">=9130") -> 297 | G845: =COUNTIF(G$3:G$795,">=9130") -> 241 | H845: =COUNTIF(H$3:H$795,">=9130") -> 500 | I845: =COUNTIF(I$3:I$795,">=9130") -> 510 | ... AG845: =COUNTIF(AG$3:AG$795,">=9130") -> 0
A846: WET 1 | B846: =COUNTIF(B$3:B$184,">=9130") -> 97 | C846: =COUNTIF(C$3:C$184,">=9130") -> 25 | D846: =COUNTIF(D$3:D$184,">=9130") -> 64 | E846: =COUNTIF(E$3:E$184,">=9130") -> 98 | F846: =COUNTIF(F$3:F$184,">=9130") -> 97 | G846: =COUNTIF(G$3:G$184,">=9130") -> 87 | H846: =COUNTIF(H$3:H$184,">=9130") -> 103 | I846: =COUNTIF(I$3:I$184,">=9130") -> 111 | ... AG846: =COUNTIF(AG$3:AG$184,">=9130") -> 0 | AH846: OCT 2018 - MARCH 2019
A847: WET 2 | B847: =COUNTIF(B$368:B$550,">=9130") -> 53 | C847: =COUNTIF(C$368:C$550,">=9130") -> 0 | D847: =COUNTIF(D$368:D$550,">=9130") -> 16 | E847: =COUNTIF(E$368:E$550,">=9130") -> 56 | F847: =COUNTIF(F$368:F$550,">=9130") -> 21 | G847: =COUNTIF(G$368:G$550,">=9130") -> 6 | H847: =COUNTIF(H$368:H$550,">=9130") -> 131 | I847: =COUNTIF(I$368:I$550,">=9130") -> 138 | ... AG847: =COUNTIF(AG$368:AG$550,">=9130") -> 0 | AH847: OCT 2019 - MARCH 2020
A848: DRY 1 | B848: =COUNTIF(B$185:B$367,">=9130") -> 31 | C848: =COUNTIF(C$185:C$367,">=9130") -> 0 | D848: =COUNTIF(D$185:D$367,">=9130") -> 0 | E848: =COUNTIF(E$185:E$367,">=9130") -> 26 | F848: =COUNTIF(F$185:F$367,">=9130") -> 0 | G848: =COUNTIF(G$185:G$367,">=9130") -> 0 | H848: =COUNTIF(H$185:H$367,">=9130") -> 28 | I848: =COUNTIF(I$185:I$367,">=9130") -> 27 | ... AG848: =COUNTIF(AG$185:AG$367,">=9130") -> 0 | AH848: APRIL 2019 - SEPTEMBER 2019
A849: DRY 2 | B849: =COUNTIF(B$551:B$733,">=9130") -> 130 | C849: =COUNTIF(C$551:C$733,">=9130") -> 25 | D849: =COUNTIF(D$551:D$733,">=9130") -> 105 | E849: =COUNTIF(E$551:E$733,">=9130") -> 129 | F849: =COUNTIF(F$551:F$733,">=9130") -> 117 | G849: =COUNTIF(G$551:G$733,">=9130") -> 86 | H849: =COUNTIF(H$551:H$733,">=9130") -> 176 | I849: =COUNTIF(I$551:I$733,">=9130") -> 172 | ... AG849: =COUNTIF(AG$551:AG$733,">=9130") -> 0 | AH849: APRIL 2020 - SEPTEMBER 2020
A850: ALL WET | B850: =SUM(B846,B847) -> 150 | C850: =SUM(C846,C847) -> 25 | D850: =SUM(D846,D847) -> 80 | E850: =SUM(E846,E847) -> 154 | F850: =SUM(F846,F847) -> 118 | G850: =SUM(G846,G847) -> 93 | H850: =SUM(H846,H847) -> 234 | I850: =SUM(I846,I847) -> 249 | ... AG850: =SUM(AG846,AG847) -> 0
A851: ALL DRY | B851: =SUM(B848,B849) -> 161 | C851: =SUM(C848,C849) -> 25 | D851: =SUM(D848,D849) -> 105 | E851: =SUM(E848,E849) -> 155 | F851: =SUM(F848,F849) -> 117 | G851: =SUM(G848,G849) -> 86 | H851: =SUM(H848,H849) -> 204 | I851: =SUM(I848,I849) -> 199 | ... AG851: =SUM(AG848,AG849) -> 0
D853: Angling | F853: THRESHOLD: 9,130 MICROSIEMENS/CM (EC) | S853: ANGLING | AA853: ANGLING | AE853: SP DAY USE | AI853: ANGLING | AQ853: ANGLING | AY853: ANGLING
F854: WET SEASON | S854: TOTAL RUN | AA854: WET SEASONS | AE854: DRY SEASONS | AI854: TOTAL RUN | AK854: Delta-Wide | AL854: Suisun | AM854: Central Delta | AN854: North Delta | AO854: South Delta | AQ854: WET SEASONS | AS854: Delta-Wide | AT854: Suisun | AU854: Central Delta | AV854: North Delta | AW854: South Delta | AY854: DRY SEASONS | BA854: Delta-Wide | BB854: Suisun | BC854: Central Delta | BD854: North Delta | BE854: South Delta
F855: OCTOBER 1 - MARCH 31 | M855: DRY SEASON | S855: Total points | U855: =COUNTIF($B$2:$AG$2,"<>") -> 32 | AA855: Total points | AC855: =$U$807 -> 32 | AE855: Total points | AG855: =$U$807 -> 32 | AI855: Total points | AK855: =COUNTIF($B$2:$AG$2,"<>") -> 32 | AL855: =COUNTIF($B$2:$I$2,"<>") -> 8 | AM855: =COUNTIF($J$2:$R$2,"<>") -> 9 | AN855: =COUNTIF($S$2:$X$2,"<>") -> 6 | AO855: =COUNTIF($Y$2:$AG$2,"<>") -> 9 | AQ855: Total points | AS855: =COUNTIF($B$2:$AG$2,"<>") -> 32 | AT855: =COUNTIF($B$2:$I$2,"<>") -> 8 | AU855: =COUNTIF($J$2:$R$2,"<>") -> 9 | AV855: =COUNTIF($S$2:$X$2,"<>") -> 6 | AW855: =COUNTIF($Y$2:$AG$2,"<>") -> 9 | AY855: Total points | BA855: =COUNTIF($B$2:$AG$2,"<>") -> 32 | BB855: =COUNTIF($B$2:$I$2,"<>") -> 8 | BC855: =COUNTIF($J$2:$R$2,"<>") -> 9 | BD855: =COUNTIF($S$2:$X$2,"<>") -> 6 | BE855: =COUNTIF($Y$2:$AG$2,"<>") -> 9
F856: WET SEASON 1 | H856: 10/1/18 - 3/31/19 | J856: =COUNTIF($A$3:$A$184,"<>") -> 182 | M856: APRIL 1 - SEPTEMBER 30 | S856: Days in run | U856: =COUNTIF($A$3:$A$795,"<>") -> 793 | AA856: Days in run | AC856: =SUM($J$808:$J$809) -> 365 | AE856: Days in run | AG856: =SUM($Q$809:$Q$810) -> 366 | AI856: Days in run | AK856: =COUNTIF($A$3:$A$795,"<>") -> 793 | AL856: =COUNTIF($A$3:$A$795,"<>") -> 793 | AM856: =COUNTIF($A$3:$A$795,"<>") -> 793 | AN856: =COUNTIF($A$3:$A$795,"<>") -> 793 | AO856: =COUNTIF($A$3:$A$795,"<>") -> 793 | AQ856: Days in run | AS856: =SUM($J$808:$J$809) -> 365 | AT856: =SUM($J$808:$J$809) -> 365 | AU856: =SUM($J$808:$J$809) -> 365 | AV856: =SUM($J$808:$J$809) -> 365 | AW856: =SUM($J$808:$J$809) -> 365 | AY856: Days in run | BA856: =SUM($Q$809:$Q$810) -> 366 | BB856: =SUM($Q$809:$Q$810) -> 366 | BC856: =SUM($Q$809:$Q$810) -> 366 | BD856: =SUM($Q$809:$Q$810) -> 366 | BE856: =SUM($Q$809:$Q$810) -> 366
F857: WET SEASON 2 | H857: 10/1/19 - 3/31/20 | J857: =COUNTIF($A$368:$A$550,"<>") -> 183 | M857: DRY SEASON 1 | O857: 4/1/19 - 9/30/19 | Q857: =COUNTIF($A$185:$A$367,"<>") -> 183 | S857: Total measurements | U857: =$U$808*$U$807 -> 25376 | V857: DENOMINATOR FOR EXCEEDANCE % | AA857: Total measurements | AC857: =AC856*AC855 -> 11680 | AE857: Total measurements | AG857: =$AG$808*$AG$807 -> 11712 | AI857: Total measurements | AK857: =AK856*AK855 -> 25376 | AL857: =AL856*AL855 -> 6344 | AM857: =AM856*AM855 -> 7137 | AN857: =AN856*AN855 -> 4758 | AO857: =AO856*AO855 -> 7137 | AQ857: Total measurements | AS857: =AS856*AS855 -> 11680 | AT857: =AT856*AT855 -> 2920 | AU857: =AU856*AU855 -> 3285 | AV857: =AV856*AV855 -> 2190 | AW857: =AW856*AW855 -> 3285 | AY857: Total measurements | BA857: =BA856*BA855 -> 11712 | BB857: =BB856*BB855 -> 2928 | BC857: =BC856*BC855 -> 3294 | BD857: =BD856*BD855 -> 2196 | BE857: =BE856*BE855 -> 3294
F858: WET SEASON 3 | H858: 10/1/20 - 12/1/20 | J858: =COUNTIF($A$734:$A$795,"<>") -> 62 | M858: DRY SEASON 2 | O858: 4/1/20 - 9/30/20 | Q858: =COUNTIF($A$551:$A$733,"<>") -> 183 | S858: Measurements >= 9,130 | U858: =SUM(B845:AG845) -> 3003 | V858: NUMERATOR FOR EXCEEDANCE % | AA858: Measurements >= 9,130 | AC858: =SUM(B850:AG850) -> 1226 | AE858: Measurements >9,130 | AG858: =SUM(B851:AG851) -> 1164 | AI858: Measurements >= 9,130 | AK858: =SUM(B845:AG845) -> 3003 | AL858: =SUM(B845:I845) -> 2649 | AM858: =SUM(J845:R845) -> 354 | AN858: =SUM(S845:X845) -> 0 | AO858: =SUM(Y845:AG845) -> 0 | AQ858: Measurements >= 9,130 | AS858: =SUM(B850:AG850) -> 1226 | AT858: =SUM(B850:I850) -> 1103 | AU858: =SUM(J850:R850) -> 123 | AV858: =SUM(S850:X850) -> 0 | AW858: =SUM(Y850:AG850) -> 0 | AY858: Measurements >= 9,130 | BA858: =SUM(B851:AG851) -> 1164 | BB858: =SUM(B851:I851) -> 1052 | BC858: =SUM(J851:R851) -> 112 | BD858: =SUM(S851:X851) -> 0 | BE858: =SUM(Y851:AG851) -> 0
S859: % Total Run Exceedances | U859: =$U858/$U857 -> 0.11834016 | AA859: % WET Exceedances | AC859: =AC858/AC857 -> 0.10496575 | AE859: % DRY Exceedances | AG859: =AG858/AG857 -> 0.099385246 | AI859: % Total Run Exceedances | AK859: =AK858/AK857 -> 0.11834016 | AL859: =AL858/AL857 -> 0.4175599 | AM859: =AM858/AM857 -> 0.049600673 | AN859: =AN858/AN857 -> 0 | AO859: =AO858/AO857 -> 0 | AQ859: % WET Exceedances | AS859: =AS858/AS857 -> 0.10496575 | AT859: =AT858/AT857 -> 0.37773973 | AU859: =AU858/AU857 -> 0.037442922 | AV859: =AV858/AV857 -> 0 | AW859: =AW858/AW857 -> 0 | AY859: % DRY Exceedances | BA859: =BA858/BA857 -> 0.099385246 | BB859: =BB858/BB857 -> 0.35928962 | BC859: =BC858/BC857 -> 0.034001214 | BD859: =BD858/BD857 -> 0 | BE859: =BE858/BE857 -> 0

Sheet BAF
B1: Suisun | J1: Central Delta | S1: North Delta | Y1: South Delta
A2: Date | B2: CHADBOURNE SLOUGH AT SUNRISE DUCK CLUB | C2: MONTEZUMA SLOUGH AT NATIONAL STEEL | D2: MONTEZUMA SLOUGH NEAR BELDENS LANDING | E2: SUISUN SLOUGH 300' SOUTH OF VOLANTI SLOUGH | F2: HONKER BAY | G2: SUISUN BAY AT VAN SICKLE ISLAND | H2: SUISUN BAY WEST REACH | I2: GRIZZLY BAY BUOY | J2: DUTCH SL BELOW JERSEY ISLAND | K2: FALSE RIVER NEAR OAKLEY | L2: OLD RIVER AT FRANKS TRACT | M2: PITTSBURG | N2: SACRAMENTO RIVER AT EMMATON | O2: SAN ANDREAS LANDING | P2: SAN JOAQUIN RIVER AT JERSEY POINT | Q2: SUISUN BAY AT CHANNEL MARKER 5 AT COLLINSVILLE | R2: BRANNAN MARINAS AT SAN JOAQUIN RIVER | S2: LIBERTY CUT AT FIVE POINTS | T2: CACHE SLOUGH ABOVE RYER ISLAND FERRY | U2: DELTA CROSS CHANNEL NEAR WALNUT GROVE | V2: SACRAMENTO RIVER DOWNSTREAM OF ISLETON | W2: COURTLAND AT SACRAMENTO RIVER | X2: VIERAS RESORT AT SACRAMENTO RIVER | Y2: GRANT LINE CANAL NEAR CLIFTON COURT FORE | Z2: LITTLE POTATO SLOUGH AT TERMINOUS | AA2: MIDDLE RIVER AT MILDRED ISLAND | AB2: OLD RIVER AT CLIFTON COURT | AC2: SAN JOAQUIN RIVER AT BRANDT BRIDGE | AD2: SAN JOAQUIN RIVER AT PRISONERS POINT | AE2: SAN JOAQUIN RIVER NEAR VERNALIS | AF2: SAN JOAQUIN RVER AT ROUGH AND READY ISLAND | AG2: VICTORIA CANAL BEFORE CLIFTON COURT FORE
A3: 43374 | B3: 15635.199 | C3: 6344.161 | D3: 13715.155 | E3: 15796.606 | F3: 12710.851 | G3: 10022.274 | H3: 17674.936 | I3: 17087.264 | J3: 1698.1898 | K3: 1682.9191 | L3: 827.5831 | M3: 9772.137 | N3: 1784.9921 | O3: 879.9628 | P3: 1977.4282 | Q3: 6910.837 | R3: 1140.7704 | S3: 279.35333 | T3: 145.29579 | U3: 109.188 | V3: 132.61646 | W3: 110.72922 | X3: 118.62231 | Y3: 467.4685 | Z3: 130.66962 | AA3: 603.42865 | AB3: 673.3455 | AC3: 430.99652 | AD3: 718.24915 | AE3: 448.86038 | AF3: 447.91327 | AG3: 586.7396
A4: 43375 | B4: 15775.989 | C4: 6350.1895 | D4: 13845.36 | E4: 15944.465 | F4: 12930.038 | G4: 10259.771 | H4: 17889.96 | I4: 17148.357 | J4: 1705.2533 | K4: 1723.472 | L4: 857.87256 | M4: 9990.733 | N4: 1909.6285 | O4: 913.9516 | P4: 2046.0773 | Q4: 7093.2383 | R4: 1180.5901 | S4: 269.14822 | T4: 146.678 | U4: 109.79845 | V4: 132.589 | W4: 109.19177 | X4: 115.97275 | Y4: 486.38443 | Z4: 131.06882 | AA4: 596.0474 | AB4: 667.7829 | AC4: 438.35757 | AD4: 739.71826 | AE4: 480.7754 | AF4: 446.77148 | AG4: 579.7093
A5: 43376 | B5: 15930.887 | C5: 6359.1562 | D5: 13884.356 | E5: 16012.286 | F5: 12958.418 | G5: 10084.919 | H5: 17625.135 | I5: 17192.438 | J5: 1711.9146 | K5: 1725.1576 | L5: 865.98486 | M5: 9704.296 | N5: 1828.127 | O5: 895.2339 | P5: 2030.1176 | Q5: 6982.92 | R5: 1185.5195 | S5: 265.61404 | T5: 144.29668 | U5: 109.29227 | V5: 129.81743 | W5: 109.1555 | X5: 116.4706 | Y5: 504.30994 | Z5: 131.9033 | AA5: 590.22504 | AB5: 660.8297 | AC5: 442.00272 | AD5: 741.9152 | AE5: 498.2621 | AF5: 446.36365 | AG5: 575.9025
A6: 43377 | B6: 16073.606 | C6: 6400.49 | D6: 13916.515 | E6: 16068.734 | F6: 12849.759 | G6: 9843.151 | H6: 17380.955 | I6: 17267.328 | J6: 1718.7819 | K6: 1709.3223 | L6: 858.56635 | M6: 9405.652 | N6: 1716.0231 | O6: 867.1563 | P6: 2005.5034 | Q6: 6793.485 | R6: 1170.9719 | S6: 260.7006 | T6: 141.37544 | U6: 109.48865 | V6: 127.75253 | W6: 109.2709 | X6: 115.48505 | Y6: 527.9218 | Z6: 131.69185 | AA6: 587.69183 | AB6: 658.5133 | AC6: 445.99088 | AD6: 739.2524 | AE6: 445.90475 | AF6: 447.14145 | AG6: 573.74146
A7: 43378 | B7: 16167.808 | C7: 6426.066 | D7: 13926.083 | E7: 16085.735 | F7: 12501.483 | G7: 9447.387 | H7: 16933.387 | I7: 17351.965 | J7: 1718.1459 | K7: 1698.3883 | L7: 836.51416 | M7: 8992.038 | N7: 1592.2062 | O7: 814.4519 | P7: 1972.9103 | Q7: 6458.7876 | R7: 1121.0774 | S7: 256.20645 | T7: 141.1584 | U7: 106.54459 | V7: 128.44868 | W7: 104.41192 | X7: 115.82851 | Y7: 544.64105 | Z7: 130.38667 | AA7: 589.6793 | AB7: 653.4377 | AC7: 453.88147 | AD7: 721.6661 | AE7: 449.29773 | AF7: 450.41882 | AG7: 569.12384
A8: 43379 | B8: 16281.281 | C8: 6415.707 | D8: 14154.274 | E8: 16255.113 | F8: 12529.567 | G8: 9760.786 | H8: 17374.328 | I8: 17383.33 | J8: 1729.0426 | K8: 1725.5643 | L8: 824.2329 | M8: 9284.958 | N8: 1744.0631 | O8: 846.0738 | P8: 2000.1195 | Q8: 6745.22 | R8: 1151.1202 | S8: 243.15535 | T8: 143.50563 | U8: 108.48242 | V8: 131.85808 | W8: 119.0418 | X8: 116.98917 | Y8: 571.31305 | Z8: 130.08736 | AA8: 593.7822 | AB8: 656.5371 | AC8: 453.04477 | AD8: 710.90594 | AE8: 465.14456 | AF8: 453.66702 | AG8: 566.8241
A9: 43380 | B9: 16357.125 | C9: 6449.4966 | D9: 14292.778 | E9: 16312.481 | F9: 12466.918 | G9: 9640.563 | H9: 17103.951 | I9: 17459.1 | J9: 1741.0503 | K9: 1710.526 | L9: 800.37067 | M9: 9015.176 | N9: 1688.5482 | O9: 824.61346 | P9: 1979.068 | Q9: 6633.404 | R9: 1125.0132 | S9: 235.65263 | T9: 141.8191 | U9: 120.75433 | V9: 129.48991 | W9: 116.664 | X9: 115.28321 | Y9: 569.4433 | Z9: 129.52243 | AA9: 593.5119 | AB9: 663.16437 | AC9: 453.92636 | AD9: 679.2082 | AE9: 457.11743 | AF9: 456.59305 | AG9: 567.1627
A10: 43381 | B10: 16497.406 | C10: 6475.15 | D10: 14641.97 | E10: 16565.467 | F10: 12545.652 | G10: 10087.763 | H10: 17910.836 | I10: 17436.186 | J10: 1744.7148 | K10: 1737.9244 | L10: 776.58057 | M10: 9606.726 | N10: 1900.0181 | O10: 862.03973 | P10: 1997.3834 | Q10: 7015.1196 | R10: 1161.9999 | S10: 227.05717 | T10: 146.25212 | U10: 113.50354 | V10: 143.19324 | W10: 112.70921 | X10: 126.51276 | Y10: 582.6145 | Z10: 132.45937 | AA10: 584.3589 | AB10: 663.77655 | AC10: 464.08252 | AD10: 680.6694 | AE10: 433.6356 | AF10: 458.69034 | AG10: 572.10803
A11: 43382 | B11: 16727.861 | C11: 6564.1484 | D11: 15092.493 | E11: 16907.99 | F11: 13644.698 | G11: 11484.521 | H11: 19481.246 | I11: 17548.48 | J11: 1764.0458 | K11: 1809.7676 | L11: 853.4207 | M11: 10938.378 | N11: 2620.7756 | O11: 1014.6155 | P11: 2119.7478 | Q11: 8239.785 | R11: 1301.8389 | S11: 216.76997 | T11: 162.48073 | U11: 114.64352 | V11: 164.85283 | W11: 113.9473 | X11: 135.95668 | Y11: 588.99176 | Z11: 135.28099 | AA11: 571.3808 | AB11: 660.412 | AC11: 454.15756 | AD11: 746.2139 | AE11: 425.36978 | AF11: 459.78943 | AG11: 571.04285
A12: 43383 | B12: 16984.568 | C12: 6832.612 | D12: 15471.258 | E12: 17265.322 | F12: 15020.522 | G12: 12625.988 | H12: 20547.725 | I12: 17820.225 | J12: 1792.1337 | K12: 1908.7119 | L12: 952.49396 | M12: 12056.966 | N12: 3365.4368 | O12: 1126.3927 | P12: 2295.3276 | Q12: 9358.64 | R12: 1411.8517 | S12: 209.28319 | T12: 186.52675 | U12: 119.75131 | V12: 189.84013 | W12: 129.02234 | X12: 143.92613 | Y12: 595.1109 | Z12: 138.22813 | AA12: 567.0803 | AB12: 657.40295 | AC12: 442.06375 | AD12: 830.9333 | AE12: 448.22903 | AF12: 461.0341 | AG12: 561.01886
A13: 43384 | B13: 17177.838 | C13: 7256.03 | D13: 15620.843 | E13: 17469.701 | F13: 15387.677 | G13: 12653.669 | H13: 20476.639 | I13: 18110.082 | J13: 1815.1727 | K13: 1961.359 | L13: 954.51874 | M13: 12092.179 | N13: 3427.1838 | O13: 1078.7401 | P13: 2352.7551 | Q13: 9481.2295 | R13: 1389.6371 | S13: 207.7494 | T13: 191.13579 | U13: 122.3537 | V13: 190.38348 | W13: 120.16418 | X13: 142.75722 | Y13: 592.3376 | Z13: 138.53413 | AA13: 568.99115 | AB13: 650.65894 | AC13: 432.8828 | AD13: 833.08685 | AE13: 473.5988 | AF13: 461.68588 | AG13: 554.2581
A14: 43385 | B14: 17344.186 | C14: 7662.813 | D14: 15698.961 | E14: 17597.627 | F14: 15152.387 | G14: 12230.046 | H14: 19977.986 | I14: 18471.408 | J14: 1831.5156 | K14: 1970.7173 | L14: 914.24225 | M14: 11728.464 | N14: 3133.957 | O14: 1006.1518 | P14: 2345.779 | Q14: 9082.485 | R14: 1326.4613 | S14: 205.20988 | T14: 183.6338 | U14: 119.82797 | V14: 180.84607 | W14: 117.30151 | X14: 143.82756 | Y14: 581.31903 | Z14: 137.91338 | AA14: 579.6435 | AB14: 641.7263 | AC14: 446.65518 | AD14: 798.7974 | AE14: 482.0358 | AF14: 459.53183 | AG14: 552.9604
... A795: 44166 | B795: 16375.654 | C795: 10594.069 | D795: 10223.564 | E795: 15346.647 | F795: 17732.695 | G795: 9349.208 | H795: 15038.792 | I795: 21166.75 | J795: 2823.635 | K795: 2926.8806 | L795: 1322.98 | M795: 8830.082 | N795: 2797.7568 | O795: 611.337 | P795: 2929.5774 | Q795: 5715.0356 | R795: 1265.761 | S795: 224.21368 | T795: 223.0603 | U795: 142.93541 | V795: 150.86311 | W795: 144.44284 | X795: 147.53888 | Y795: 830.71136 | Z795: 182.94083 | AA795: 999.86346 | AB795: 983.87134 | AC795: 636.54675 | AD795: 1199.4225 | AE795: 799.69885 | AF795: 490.88553 | AG795: 945.7667
A796: TOTAL EXCEEDANCES | B796: =COUNTIF(B$3:B$795,">=1000") -> 679 | C796: =COUNTIF(C$3:C$795,">=1000") -> 589 | D796: =COUNTIF(D$3:D$795,">=1000") -> 657 | E796: =COUNTIF(E$3:E$795,">=1000") -> 678 | F796: =COUNTIF(F$3:F$795,">=1000") -> 636 | G796: =COUNTIF(G$3:G$795,">=1000") -> 631 | H796: =COUNTIF(H$3:H$795,">=1000") -> 669 | I796: =COUNTIF(I$3:I$795,">=1000") -> 669 | ... AG796: =COUNTIF(AG$3:AG$795,">=1000") -> 4
A797: WET 1 | B797: =COUNTIF(B$3:B$184,">=1000") -> 152 | C797: =COUNTIF(C$3:C$184,">=1000") -> 105 | D797: =COUNTIF(D$3:D$184,">=1000") -> 137 | E797: =COUNTIF(E$3:E$184,">=1000") -> 147 | F797: =COUNTIF(F$3:F$184,">=1000") -> 116 | G797: =COUNTIF(G$3:G$184,">=1000") -> 112 | H797: =COUNTIF(H$3:H$184,">=1000") -> 130 | I797: =COUNTIF(I$3:I$184,">=1000") -> 138 | ... AG797: =COUNTIF(AG$3:AG$184,">=1000") -> 4 | AH797: OCT 2018 - MARCH 2019
A798: WET 2 | B798: =COUNTIF(B$368:B$550,">=1000") -> 183 | C798: =COUNTIF(C$368:C$550,">=1000") -> 166 | D798: =COUNTIF(D$368:D$550,">=1000") -> 183 | E798: =COUNTIF(E$368:E$550,">=1000") -> 183 | F798: =COUNTIF(F$368:F$550,">=1000") -> 183 | G798: =COUNTIF(G$368:G$550,">=1000") -> 183 | H798: =COUNTIF(H$368:H$550,">=1000") -> 183 | I798: =COUNTIF(I$368:I$550,">=1000") -> 183 | ... AG798: =COUNTIF(AG$368:AG$550,">=1000") -> 0 | AH798: OCT 2019 - MARCH 2020
A799: DRY 1 | B799: =COUNTIF(B$185:B$367,">=1000") -> 99 | C799: =COUNTIF(C$185:C$367,">=1000") -> 73 | D799: =COUNTIF(D$185:D$367,">=1000") -> 92 | E799: =COUNTIF(E$185:E$367,">=1000") -> 103 | F799: =COUNTIF(F$185:F$367,">=1000") -> 92 | G799: =COUNTIF(G$185:G$367,">=1000") -> 91 | H799: =COUNTIF(H$185:H$367,">=1000") -> 111 | I799: =COUNTIF(I$185:I$367,">=1000") -> 103 | ... AG799: =COUNTIF(AG$185:AG$367,">=1000") -> 0 | AH799: APRIL 2019 - SEPTEMBER 2019
A800: DRY 2 | B800: =COUNTIF(B$551:B$733,">=1000") -> 183 | C800: =COUNTIF(C$551:C$733,">=1000") -> 183 | D800: =COUNTIF(D$551:D$733,">=1000") -> 183 | E800: =COUNTIF(E$551:E$733,">=1000") -> 183 | F800: =COUNTIF(F$551:F$733,">=1000") -> 183 | G800: =COUNTIF(G$551:G$733,">=1000") -> 183 | H800: =COUNTIF(H$551:H$733,">=1000") -> 183 | I800: =COUNTIF(I$551:I$733,">=1000") -> 183 | ... AG800: =COUNTIF(AG$551:AG$733,">=1000") -> 0 | AH800: APRIL 2020 - SEPTEMBER 2020
A801: ALL WET | B801: =SUM(B$797,B$798) -> 335 | C801: =SUM(C$797,C$798) -> 271 | D801: =SUM(D$797,D$798) -> 320 | E801: =SUM(E$797,E$798) -> 330 | F801: =SUM(F$797,F$798) -> 299 | G801: =SUM(G$797,G$798) -> 295 | H801: =SUM(H$797,H$798) -> 313 | I801: =SUM(I$797,I$798) -> 321 | ... AG801: =SUM(AG$797,AG$798) -> 4
A802: ALL DRY | B802: =SUM(B$799,B$800) -> 282 | C802: =SUM(C$799,C$800) -> 256 | D802: =SUM(D$799,D$800) -> 275 | E802: =SUM(E$799,E$800) -> 286 | F802: =SUM(F$799,F$800) -> 275 | G802: =SUM(G$799,G$800) -> 274 | H802: =SUM(H$799,H$800) -> 294 | I802: =SUM(I$799,I$800) -> 286 | ... AG802: =SUM(AG$799,AG$800) -> 0
D805: Day Use & Boating | F805: THRESHOLD: 1,000 MICROSIEMENS/CM (EC) | S805: SP DAY USE & BOATING | AA805: SP DAY USE & BOATING | AE805: SP DAY USE & BOATING | AI805: SP DAY USE & BOATING | AQ805: SP DAY USE & BOATING | AY805: SP DAY USE & BOATING
F806: WET SEASON | S806: TOTAL RUN | AA806: WET SEASONS | AE806: DRY SEASONS | AI806: TOTAL RUN | AK806: Delta-Wide | AL806: Suisun | AM806: Central Delta | AN806: North Delta | AO806: South Delta | AQ806: WET SEASONS | AS806: Delta-Wide | AT806: Suisun | AU806: Central Delta | AV806: North Delta | AW806: South Delta | AY806: DRY SEASONS | BA806: Delta-Wide | BB806: Suisun | BC806: Central Delta | BD806: North Delta | BE806: South Delta
F807: OCTOBER 1 - MARCH 31 | M807: DRY SEASON | S807: Total points | U807: =COUNTIF($B$2:$AG$2,"<>") -> 32 | AA807: Total points | AC807: =$U$807 -> 32 | AE807: Total points | AG807: =$U$807 -> 32 | AI807: Total points | AK807: =COUNTIF($B$2:$AG$2,"<>") -> 32 | AL807: =COUNTIF($B$2:$I$2,"<>") -> 8 | AM807: =COUNTIF($J$2:$R$2,"<>") -> 9 | AN807: =COUNTIF($S$2:$X$2,"<>") -> 6 | AO807: =COUNTIF($Y$2:$AG$2,"<>") -> 9 | AQ807: Total points | AS807: =COUNTIF($B$2:$AG$2,"<>") -> 32 | AT807: =COUNTIF($B$2:$I$2,"<>") -> 8 | AU807: =COUNTIF($J$2:$R$2,"<>") -> 9 | AV807: =COUNTIF($S$2:$X$2,"<>") -> 6 | AW807: =COUNTIF($Y$2:$AG$2,"<>") -> 9 | AY807: Total points | BA807: =COUNTIF($B$2:$AG$2,"<>") -> 32 | BB807: =COUNTIF($B$2:$I$2,"<>") -> 8 | BC807: =COUNTIF($J$2:$R$2,"<>") -> 9 | BD807: =COUNTIF($S$2:$X$2,"<>") -> 6 | BE807: =COUNTIF($Y$2:$AG$2,"<>") -> 9
F808: WET SEASON 1 | H808: 10/1/18 - 3/31/19 | J808: =COUNTIF($A$3:$A$184,"<>") -> 182 | M808: APRIL 1 - SEPTEMBER 30 | S808: Days in run | U808: =COUNTIF($A$3:$A$795,"<>") -> 793 | AA808: Days in run | AC808: =SUM($J$808:$J$809) -> 365 | AE808: Days in run | AG808: =SUM($Q$809:$Q$810) -> 366 | AI808: Days in run | AK808: =COUNTIF($A$3:$A$795,"<>") -> 793 | AL808: =COUNTIF($A$3:$A$795,"<>") -> 793 | AM808: =COUNTIF($A$3:$A$795,"<>") -> 793 | AN808: =COUNTIF($A$3:$A$795,"<>") -> 793 | AO808: =COUNTIF($A$3:$A$795,"<>") -> 793 | AQ808: Days in run | AS808: =SUM($J$808:$J$809) -> 365 | AT808: =SUM($J$808:$J$809) -> 365 | AU808: =SUM($J$808:$J$809) -> 365 | AV808: =SUM($J$808:$J$809) -> 365 | AW808: =SUM($J$808:$J$809) -> 365 | AY808: Days in run | BA808: =SUM($Q$809:$Q$810) -> 366 | BB808: =SUM($Q$809:$Q$810) -> 366 | BC808: =SUM($Q$809:$Q$810) -> 366 | BD808: =SUM($Q$809:$Q$810) -> 366 | BE808: =SUM($Q$809:$Q$810) -> 366
F809: WET SEASON 2 | H809: 10/1/19 - 3/31/20 | J809: =COUNTIF($A$368:$A$550,"<>") -> 183 | M809: DRY SEASON 1 | O809: 4/1/19 - 9/30/19 | Q809: =COUNTIF($A$185:$A$367,"<>") -> 183 | S809: Total measurements | U809: =U808*U807 -> 25376 | V809: DENOMINATOR FOR EXCEEDANCE % | AA809: Total measurements | AC809: =AC808*AC807 -> 11680 | AE809: Total measurements | AG809: =$AG$808*$AG$807 -> 11712 | AI809: Total measurements | AK809: =AK808*AK807 -> 25376 | AL809: =AL808*AL807 -> 6344 | AM809: =AM808*AM807 -> 7137 | AN809: =AN808*AN807 -> 4758 | AO809: =AO808*AO807 -> 7137 | AQ809: Total measurements | AS809: =AS808*AS807 -> 11680 | AT809: =AT808*AT807 -> 2920 | AU809: =AU808*AU807 -> 3285 | AV809: =AV808*AV807 -> 2190 | AW809: =AW808*AW807 -> 3285 | AY809: Total measurements | BA809: =BA808*BA807 -> 11712 | BB809: =BB808*BB807 -> 2928 | BC809: =BC808*BC807 -> 3294 | BD809: =BD808*BD807 -> 2196 | BE809: =BE808*BE807 -> 3294
F810: WET SEASON 3 | H810: 10/1/20 - 12/1/20 | J810: =COUNTIF($A$734:$A$795,"<>") -> 62 | M810: DRY SEASON 2 | O810: 4/1/20 - 9/30/20 | Q810: =COUNTIF($A$551:$A$733,"<>") -> 183 | S810: Measurements >= 1000 | U810: =SUM(B796:AG796) -> 8260 | V810: NUMERATOR FOR EXCEEDANCE % | AA810: Measurements >= 1000 | AC810: =SUM($B$801:$AG$801) -> 3836 | AE810: Measurements >= 1000 | AG810: =SUM($B$802:$AG$802) -> 3318 | AI810: Measurements >= 1000 | AK810: =SUM(B796:AG796) -> 8260 | AL810: =SUM(B796:I796) -> 5208 | AM810: =SUM(J796:R796) -> 2885 | AN810: =SUM(S796:X796) -> 0 | AO810: =SUM(Y796:AG796) -> 167 | AQ810: Measurements >= 1000 | AS810: =SUM($B$801:$AG$801) -> 3836 | AT810: =SUM(B801:I801) -> 2484 | AU810: =SUM(J801:R801) -> 1268 | AV810: =SUM(S801:X801) -> 0 | AW810: =SUM(Y801:AG801) -> 84 | AY810: Measurements >= 1000 | BA810: =SUM($B$802:$AG$802) -> 3318 | BB810: =SUM(B802:I802) -> 2228 | BC810: =SUM(J802:R802) -> 1061 | BD810: =SUM(S802:X802) -> 0 | BE810: =SUM(Y802:AG802) -> 29
S811: % Total Run Exceedances | U811: =$U810/$U809 -> 0.32550441 | AA811: % WET Exceedances | AC811: =AC810/AC809 -> 0.32842466 | AE811: % DRY Exceedances | AG811: =AG810/AG809 -> 0.28329918 | AI811: % Total Run Exceedances | AK811: =AK810/AK809 -> 0.32550441 | AL811: =AL810/AL809 -> 0.82093317 | AM811: =AM810/AM809 -> 0.40423147 | AN811: =AN810/AN809 -> 0 | AO811: =AO810/AO809 -> 0.023399187 | AQ811: % WET Exceedances | AS811: =AS810/AS809 -> 0.32842466 | AT811: =AT810/AT809 -> 0.85068493 | AU811: =AU810/AU809 -> 0.38599696 | AV811: =AV810/AV809 -> 0 | AW811: =AW810/AW809 -> 0.025570776 | AY811: % DRY Exceedances | BA811: =BA810/BA809 -> 0.28329918 | BB811: =BB810/BB809 -> 0.76092896 | BC811: =BC810/BC809 -> 0.32210079 | BD811: =BD810/BD809 -> 0 | BE811: =BE810/BE809 -> 0.0088038859
A813: TOTAL EXCEEDANCES | B813: =COUNTIF(B$3:B$795,">=2640") -> 642 | C813: =COUNTIF(C$3:C$795,">=2640") -> 356 | D813: =COUNTIF(D$3:D$795,">=2640") -> 561 | E813: =COUNTIF(E$3:E$795,">=2640") -> 645 | F813: =COUNTIF(F$3:F$795,">=2640") -> 623 | G813: =COUNTIF(G$3:G$795,">=2640") -> 572 | H813: =COUNTIF(H$3:H$795,">=2640") -> 637 | I813: =COUNTIF(I$3:I$795,">=2640") -> 637 | ... AG813: =COUNTIF(AG$3:AG$795,">=2640") -> 0
A814: WET 1 | B814: =COUNTIF(B$3:B$184,">=2640") -> 130 | C814: =COUNTIF(C$3:C$184,">=2640") -> 102 | D814: =COUNTIF(D$3:D$184,">=2640") -> 109 | E814: =COUNTIF(E$3:E$184,">=2640") -> 130 | F814: =COUNTIF(F$3:F$184,">=2640") -> 110 | G814: =COUNTIF(G$3:G$184,">=2640") -> 105 | H814: =COUNTIF(H$3:H$184,">=2640") -> 116 | I814: =COUNTIF(I$3:I$184,">=2640") -> 120 | ... AG814: =COUNTIF(AG$3:AG$184,">=2640") -> 0 | AH814: OCT 2018 - MARCH 2019
A815: WET 2 | B815: =COUNTIF(B$368:B$550,">=2640") -> 183 | C815: =COUNTIF(C$368:C$550,">=2640") -> 44 | D815: =COUNTIF(D$368:D$550,">=2640") -> 138 | E815: =COUNTIF(E$368:E$550,">=2640") -> 183 | F815: =COUNTIF(F$368:F$550,">=2640") -> 183 | G815: =COUNTIF(G$368:G$550,">=2640") -> 158 | H815: =COUNTIF(H$368:H$550,">=2640") -> 183 | I815: =COUNTIF(I$368:I$550,">=2640") -> 183 | ... AG815: =COUNTIF(AG$368:AG$550,">=2640") -> 0 | AH815: OCT 2019 - MARCH 2020
A816: DRY 1 | B816: =COUNTIF(B$185:B$367,">=2640") -> 84 | C816: =COUNTIF(C$185:C$367,">=2640") -> 0 | D816: =COUNTIF(D$185:D$367,">=2640") -> 80 | E816: =COUNTIF(E$185:E$367,">=2640") -> 87 | F816: =COUNTIF(F$185:F$367,">=2640") -> 85 | G816: =COUNTIF(G$185:G$367,">=2640") -> 64 | H816: =COUNTIF(H$185:H$367,">=2640") -> 93 | I816: =COUNTIF(I$185:I$367,">=2640") -> 89 | ... AG816: =COUNTIF(AG$185:AG$367,">=2640") -> 0 | AH816: APRIL 2019 - SEPTEMBER 2019
A817: DRY 2 | B817: =COUNTIF(B$551:B$733,">=2640") -> 183 | C817: =COUNTIF(C$551:C$733,">=2640") -> 148 | D817: =COUNTIF(D$551:D$733,">=2640") -> 172 | E817: =COUNTIF(E$551:E$733,">=2640") -> 183 | F817: =COUNTIF(F$551:F$733,">=2640") -> 183 | G817: =COUNTIF(G$551:G$733,">=2640") -> 183 | H817: =COUNTIF(H$551:H$733,">=2640") -> 183 | I817: =COUNTIF(I$551:I$733,">=2640") -> 183 | ... AG817: =COUNTIF(AG$551:AG$733,">=2640") -> 0 | AH817: APRIL 2020 - SEPTEMBER 2020
A818: ALL WET | B818: =SUM(B814,B815) -> 313 | C818: =SUM(C814,C815) -> 146 | D818: =SUM(D814,D815) -> 247 | E818: =SUM(E814,E815) -> 313 | F818: =SUM(F814,F815) -> 293 | G818: =SUM(G814,G815) -> 263 | H818: =SUM(H814,H815) -> 299 | I818: =SUM(I814,I815) -> 303 | ... AG818: =SUM(AG814,AG815) -> 0
A819: ALL DRY | B819: =SUM(B816,B817) -> 267 | C819: =SUM(C816,C817) -> 148 | D819: =SUM(D816,D817) -> 252 | E819: =SUM(E816,E817) -> 270 | F819: =SUM(F816,F817) -> 268 | G819: =SUM(G816,G817) -> 247 | H819: =SUM(H816,H817) -> 276 | I819: =SUM(I816,I817) -> 272 | ... AG819: =SUM(AG816,AG817) -> 0
D821: Birding | F821: THRESHOLD: 2,640 MICROSIEMENS/CM (EC) | S821: BIRDING | AA821: BIRDING | AE821: BIRDING | AI821: BIRDING | AQ821: BIRDING | AY821: BIRDING
F822: WET SEASON | S822: TOTAL RUN | AA822: WET SEASONS | AE822: DRY SEASONS | AI822: TOTAL RUN | AK822: Delta-Wide | AL822: Suisun | AM822: Central Delta | AN822: North Delta | AO822: South Delta | AQ822: WET SEASONS | AS822: Delta-Wide | AT822: Suisun | AU822: Central Delta | AV822: North Delta | AW822: South Delta | AY822: DRY SEASONS | BA822: Delta-Wide | BB822: Suisun | BC822: Central Delta | BD822: North Delta | BE822: South Delta
F823: OCTOBER 1 - MARCH 31 | M823: DRY SEASON | S823: Total points | U823: =COUNTIF($B$2:$AG$2,"<>") -> 32 | AA823: Total points | AC823: =$U$807 -> 32 | AE823: Total points | AG823: =$U$807 -> 32 | AI823: Total points | AK823: =COUNTIF($B$2:$AG$2,"<>") -> 32 | AL823: =COUNTIF($B$2:$I$2,"<>") -> 8 | AM823: =COUNTIF($J$2:$R$2,"<>") -> 9 | AN823: =COUNTIF($S$2:$X$2,"<>") -> 6 | AO823: =COUNTIF($Y$2:$AG$2,"<>") -> 9 | AQ823: Total points | AS823: =COUNTIF($B$2:$AG$2,"<>") -> 32 | AT823: =COUNTIF($B$2:$I$2,"<>") -> 8 | AU823: =COUNTIF($J$2:$R$2,"<>") -> 9 | AV823: =COUNTIF($S$2:$X$2,"<>") -> 6 | AW823: =COUNTIF($Y$2:$AG$2,"<>") -> 9 | AY823: Total points | BA823: =COUNTIF($B$2:$AG$2,"<>") -> 32 | BB823: =COUNTIF($B$2:$I$2,"<>") -> 8 | BC823: =COUNTIF($J$2:$R$2,"<>") -> 9 | BD823: =COUNTIF($S$2:$X$2,"<>") -> 6 | BE823: =COUNTIF($Y$2:$AG$2,"<>") -> 9
F824: WET SEASON 1 | H824: 10/1/18 - 3/31/19 | J824: =COUNTIF($A$3:$A$184,"<>") -> 182 | M824: APRIL 1 - SEPTEMBER 30 | S824: Days in run | U824: =COUNTIF($A$3:$A$795,"<>") -> 793 | AA824: Days in run | AC824: =SUM($J$808:$J$809) -> 365 | AE824: Days in run | AG824: =SUM($Q$809:$Q$810) -> 366 | AI824: Days in run | AK824: =COUNTIF($A$3:$A$795,"<>") -> 793 | AL824: =COUNTIF($A$3:$A$795,"<>") -> 793 | AM824: =COUNTIF($A$3:$A$795,"<>") -> 793 | AN824: =COUNTIF($A$3:$A$795,"<>") -> 793 | AO824: =COUNTIF($A$3:$A$795,"<>") -> 793 | AQ824: Days in run | AS824: =SUM($J$808:$J$809) -> 365 | AT824: =SUM($J$808:$J$809) -> 365 | AU824: =SUM($J$808:$J$809) -> 365 | AV824: =SUM($J$808:$J$809) -> 365 | AW824: =SUM($J$808:$J$809) -> 365 | AY824: Days in run | BA824: =SUM($Q$809:$Q$810) -> 366 | BB824: =SUM($Q$809:$Q$810) -> 366 | BC824: =SUM($Q$809:$Q$810) -> 366 | BD824: =SUM($Q$809:$Q$810) -> 366 | BE824: =SUM($Q$809:$Q$810) -> 366
F825: WET SEASON 2 | H825: 10/1/19 - 3/31/20 | J825: =COUNTIF($A$368:$A$550,"<>") -> 183 | M825: DRY SEASON 1 | O825: 4/1/19 - 9/30/19 | Q825: =COUNTIF($A$185:$A$367,"<>") -> 183 | S825: Total measurements | U825: =$U$808*$U$807 -> 25376 | V825: DENOMINATOR FOR EXCEEDANCE % | AA825: Total measurements | AC825: =AC824*AC823 -> 11680 | AE825: Total measurements | AG825: =$AG$808*$AG$807 -> 11712 | AI825: Total measurements | AK825: =AK824*AK823 -> 25376 | AL825: =AL824*AL823 -> 6344 | AM825: =AM824*AM823 -> 7137 | AN825: =AN824*AN823 -> 4758 | AO825: =AO824*AO823 -> 7137 | AQ825: Total measurements | AS825: =AS824*AS823 -> 11680 | AT825: =AT824*AT823 -> 2920 | AU825: =AU824*AU823 -> 3285 | AV825: =AV824*AV823 -> 2190 | AW825: =AW824*AW823 -> 3285 | AY825: Total measurements | BA825: =BA824*BA823 -> 11712 | BB825: =BB824*BB823 -> 2928 | BC825: =BC824*BC823 -> 3294 | BD825: =BD824*BD823 -> 2196 | BE825: =BE824*BE823 -> 3294
F826: WET SEASON 3 | H826: 10/1/20 - 12/1/20 | J826: =COUNTIF($A$734:$A$795,"<>") -> 62 | M826: DRY SEASON 2 | O826: 4/1/20 - 9/30/20 | Q826: =COUNTIF($A$551:$A$733,"<>") -> 183 | S826: Measurements >= 2640 | U826: =SUM(B813:AG813) -> 6116 | V826: NUMERATOR FOR EXCEEDANCE % | AA826: Measurements >= 2640 | AC826: =SUM(B818:AG818) -> 2720 | AE826: Measurements >2640 | AG826: =SUM(B819:AG819) -> 2531 | AI826: Measurements >= 2,640 | AK826: =SUM(B813:AG813) -> 6116 | AL826: =SUM(B813:I813) -> 4673 | AM826: =SUM(J813:R813) -> 1443 | AN826: =SUM(S813:X813) -> 0 | AO826: =SUM(Y813:AG813) -> 0 | AQ826: Measurements >= 2,640 | AS826: =SUM(B818:AG818) -> 2720 | AT826: =SUM(B818:I818) -> 2177 | AU826: =SUM(J818:R818) -> 543 | AV826: =SUM(S818:X818) -> 0 | AW826: =SUM(Y818:AG818) -> 0 | AY826: Measurements >= 2,640 | BA826: =SUM(B819:AG819) -> 2531 | BB826: =SUM(B819:I819) -> 2000 | BC826: =SUM(J819:R819) -> 531 | BD826: =SUM(S819:X819) -> 0 | BE826: =SUM(Y819:AG819) -> 0
S827: % Total Run Exceedances | U827: =$U826/$U825 -> 0.24101513 | AA827: % WET Exceedances | AC827: =AC826/AC825 -> 0.23287671 | AE827: % DRY Exceedances | AG827: =AG826/AG825 -> 0.21610314 | AI827: % Total Run Exceedances | AK827: =AK826/AK825 -> 0.24101513 | AL827: =AL826/AL825 -> 0.73660151 | AM827: =AM826/AM825 -> 0.20218579 | AN827: =AN826/AN825 -> 0 | AO827: =AO826/AO825 -> 0 | AQ827: % WET Exceedances | AS827: =AS826/AS825 -> 0.23287671 | AT827: =AT826/AT825 -> 0.74554795 | AU827: =AU826/AU825 -> 0.1652968 | AV827: =AV826/AV825 -> 0 | AW827: =AW826/AW825 -> 0 | AY827: % DRY Exceedances | BA827: =BA826/BA825 -> 0.21610314 | BB827: =BB826/BB825 -> 0.68306011 | BC827: =BC826/BC825 -> 0.16120219 | BD827: =BD826/BD825 -> 0 | BE827: =BE826/BE825 -> 0
A829: TOTAL EXCEEDANCES | B829: =COUNTIF(B$3:B$795,">=3600") -> 625 | C829: =COUNTIF(C$3:C$795,">=3600") -> 308 | D829: =COUNTIF(D$3:D$795,">=3600") -> 521 | E829: =COUNTIF(E$3:E$795,">=3600") -> 624 | F829: =COUNTIF(F$3:F$795,">=3600") -> 608 | G829: =COUNTIF(G$3:G$795,">=3600") -> 488 | H829: =COUNTIF(H$3:H$795,">=3600") -> 634 | I829: =COUNTIF(I$3:I$795,">=3600") -> 630 | ... AG829: =COUNTIF(AG$3:AG$795,">=3600") -> 0
A830: WET 1 | B830: =COUNTIF(B$3:B$184,">=3600") -> 118 | C830: =COUNTIF(C$3:C$184,">=3600") -> 96 | D830: =COUNTIF(D$3:D$184,">=3600") -> 106 | E830: =COUNTIF(E$3:E$184,">=3600") -> 115 | F830: =COUNTIF(F$3:F$184,">=3600") -> 109 | G830: =COUNTIF(G$3:G$184,">=3600") -> 103 | H830: =COUNTIF(H$3:H$184,">=3600") -> 115 | I830: =COUNTIF(I$3:I$184,">=3600") -> 117 | ... AG830: =COUNTIF(AG$3:AG$184,">=3600") -> 0 | AH830: OCT 2018 - MARCH 2019
A831: WET 2 | B831: =COUNTIF(B$368:B$550,">=3600") -> 183 | C831: =COUNTIF(C$368:C$550,">=3600") -> 27 | D831: =COUNTIF(D$368:D$550,">=3600") -> 118 | E831: =COUNTIF(E$368:E$550,">=3600") -> 183 | F831: =COUNTIF(F$368:F$550,">=3600") -> 174 | G831: =COUNTIF(G$368:G$550,">=3600") -> 123 | H831: =COUNTIF(H$368:H$550,">=3600") -> 183 | I831: =COUNTIF(I$368:I$550,">=3600") -> 183 | ... AG831: =COUNTIF(AG$368:AG$550,">=3600") -> 0 | AH831: OCT 2019 - MARCH 2020
A832: DRY 1 | B832: =COUNTIF(B$185:B$367,">=3600") -> 79 | C832: =COUNTIF(C$185:C$367,">=3600") -> 0 | D832: =COUNTIF(D$185:D$367,">=3600") -> 76 | E832: =COUNTIF(E$185:E$367,">=3600") -> 81 | F832: =COUNTIF(F$185:F$367,">=3600") -> 80 | G832: =COUNTIF(G$185:G$367,">=3600") -> 25 | H832: =COUNTIF(H$185:H$367,">=3600") -> 91 | I832: =COUNTIF(I$185:I$367,">=3600") -> 85 | ... AG832: =COUNTIF(AG$185:AG$367,">=3600") -> 0 | AH832: APRIL 2019 - SEPTEMBER 2019
A833: DRY 2 | B833: =COUNTIF(B$551:B$733,">=3600") -> 183 | C833: =COUNTIF(C$551:C$733,">=3600") -> 123 | D833: =COUNTIF(D$551:D$733,">=3600") -> 159 | E833: =COUNTIF(E$551:E$733,">=3600") -> 183 | F833: =COUNTIF(F$551:F$733,">=3600") -> 183 | G833: =COUNTIF(G$551:G$733,">=3600") -> 175 | H833: =COUNTIF(H$551:H$733,">=3600") -> 183 | I833: =COUNTIF(I$551:I$733,">=3600") -> 183 | ... AG833: =COUNTIF(AG$551:AG$733,">=3600") -> 0 | AH833: APRIL 2020 - SEPTEMBER 2020
A834: ALL WET | B834: =SUM(B830,B831) -> 301 | C834: =SUM(C830,C831) -> 123 | D834: =SUM(D830,D831) -> 224 | E834: =SUM(E830,E831) -> 298 | F834: =SUM(F830,F831) -> 283 | G834: =SUM(G830,G831) -> 226 | H834: =SUM(H830,H831) -> 298 | I834: =SUM(I830,I831) -> 300 | ... AG834: =SUM(AG830,AG831) -> 0
A835: ALL DRY | B835: =SUM(B832,B833) -> 262 | C835: =SUM(C832,C833) -> 123 | D835: =SUM(D832,D833) -> 235 | E835: =SUM(E832,E833) -> 264 | F835: =SUM(F832,F833) -> 263 | G835: =SUM(G832,G833) -> 200 | H835: =SUM(H832,H833) -> 274 | I835: =SUM(I832,I833) -> 268 | ... AG835: =SUM(AG832,AG833) -> 0
D837: Waterfowl | F837: THRESHOLD: 3,600 MICROSIEMENS/CM (EC) | S837: WATERFOWL | AA837: WATERFOWL | AE837: WATERFOWL | AI837: WATERFOWL | AQ837: WATERFOWL | AY837: WATERFOWL
F838: WET SEASON | S838: TOTAL RUN | AA838: WET SEASONS | AE838: DRY SEASONS | AI838: TOTAL RUN | AK838: Delta-Wide | AL838: Suisun | AM838: Central Delta | AN838: North Delta | AO838: South Delta | AQ838: WET SEASONS | AS838: Delta-Wide | AT838: Suisun | AU838: Central Delta | AV838: North Delta | AW838: South Delta | AY838: DRY SEASONS | BA838: Delta-Wide | BB838: Suisun | BC838: Central Delta | BD838: North Delta | BE838: South Delta
F839: OCTOBER 1 - MARCH 31 | M839: DRY SEASON | S839: Total points | U839: =COUNTIF($B$2:$AG$2,"<>") -> 32 | AA839: Total points | AC839: =$U$807 -> 32 | AE839: Total points | AG839: =$U$807 -> 32 | AI839: Total points | AK839: =COUNTIF($B$2:$AG$2,"<>") -> 32 | AL839: =COUNTIF($B$2:$I$2,"<>") -> 8 | AM839: =COUNTIF($J$2:$R$2,"<>") -> 9 | AN839: =COUNTIF($S$2:$X$2,"<>") -> 6 | AO839: =COUNTIF($Y$2:$AG$2,"<>") -> 9 | AQ839: Total points | AS839: =COUNTIF($B$2:$AG$2,"<>") -> 32 | AT839: =COUNTIF($B$2:$I$2,"<>") -> 8 | AU839: =COUNTIF($J$2:$R$2,"<>") -> 9 | AV839: =COUNTIF($S$2:$X$2,"<>") -> 6 | AW839: =COUNTIF($Y$2:$AG$2,"<>") -> 9 | AY839: Total points | BA839: =COUNTIF($B$2:$AG$2,"<>") -> 32 | BB839: =COUNTIF($B$2:$I$2,"<>") -> 8 | BC839: =COUNTIF($J$2:$R$2,"<>") -> 9 | BD839: =COUNTIF($S$2:$X$2,"<>") -> 6 | BE839: =COUNTIF($Y$2:$AG$2,"<>") -> 9
F840: WET SEASON 1 | H840: 10/1/18 - 3/31/19 | J840: =COUNTIF($A$3:$A$184,"<>") -> 182 | M840: APRIL 1 - SEPTEMBER 30 | S840: Days in run | U840: =COUNTIF($A$3:$A$795,"<>") -> 793 | AA840: Days in run | AC840: =SUM($J$808:$J$809) -> 365 | AE840: Days in run | AG840: =SUM($Q$809:$Q$810) -> 366 | AI840: Days in run | AK840: =COUNTIF($A$3:$A$795,"<>") -> 793 | AL840: =COUNTIF($A$3:$A$795,"<>") -> 793 | AM840: =COUNTIF($A$3:$A$795,"<>") -> 793 | AN840: =COUNTIF($A$3:$A$795,"<>") -> 793 | AO840: =COUNTIF($A$3:$A$795,"<>") -> 793 | AQ840: Days in run | AS840: =SUM($J$808:$J$809) -> 365 | AT840: =SUM($J$808:$J$809) -> 365 | AU840: =SUM($J$808:$J$809) -> 365 | AV840: =SUM($J$808:$J$809) -> 365 | AW840: =SUM($J$808:$J$809) -> 365 | AY840: Days in run | BA840: =SUM($Q$809:$Q$810) -> 366 | BB840: =SUM($Q$809:$Q$810) -> 366 | BC840: =SUM($Q$809:$Q$810) -> 366 | BD840: =SUM($Q$809:$Q$810) -> 366 | BE840: =SUM($Q$809:$Q$810) -> 366
F841: WET SEASON 2 | H841: 10/1/19 - 3/31/20 | J841: =COUNTIF($A$368:$A$550,"<>") -> 183 | M841: DRY SEASON 1 | O841: 4/1/19 - 9/30/19 | Q841: =COUNTIF($A$185:$A$367,"<>") -> 183 | S841: Total measurements | U841: =$U$808*$U$807 -> 25376 | V841: DENOMINATOR FOR EXCEEDANCE % | AA841: Total measurements | AC841: =AC840*AC839 -> 11680 | AE841: Total measurements | AG841: =$AG$808*$AG$807 -> 11712 | AI841: Total measurements | AK841: =AK840*AK839 -> 25376 | AL841: =AL840*AL839 -> 6344 | AM841: =AM840*AM839 -> 7137 | AN841: =AN840*AN839 -> 4758 | AO841: =AO840*AO839 -> 7137 | AQ841: Total measurements | AS841: =AS840*AS839 -> 11680 | AT841: =AT840*AT839 -> 2920 | AU841: =AU840*AU839 -> 3285 | AV841: =AV840*AV839 -> 2190 | AW841: =AW840*AW839 -> 3285 | AY841: Total measurements | BA841: =BA840*BA839 -> 11712 | BB841: =BB840*BB839 -> 2928 | BC841: =BC840*BC839 -> 3294 | BD841: =BD840*BD839 -> 2196 | BE841: =BE840*BE839 -> 3294
F842: WET SEASON 3 | H842: 10/1/20 - 12/1/20 | J842: =COUNTIF($A$734:$A$795,"<>") -> 62 | M842: DRY SEASON 2 | O842: 4/1/20 - 9/30/20 | Q842: =COUNTIF($A$551:$A$733,"<>") -> 183 | S842: Measurements >= 3,600 | U842: =SUM(B829:AG829) -> 5372 | V842: NUMERATOR FOR EXCEEDANCE % | AA842: Measurements >= 3,600 | AC842: =SUM(B834:AG834) -> 2437 | AE842: Measurements >3,600 | AG842: =SUM(B835:AG835) -> 2241 | AI842: Measurements >= 3,600 | AK842: =SUM(B829:AG829) -> 5372 | AL842: =SUM(B829:I829) -> 4438 | AM842: =SUM(J829:R829) -> 934 | AN842: =SUM(S829:X829) -> 0 | AO842: =SUM(Y829:AG829) -> 0 | AQ842: Measurements >= 3,600 | AS842: =SUM(B834:AG834) -> 2437 | AT842: =SUM(B834:I834) -> 2053 | AU842: =SUM(J834:R834) -> 384 | AV842: =SUM(S834:X834) -> 0 | AW842: =SUM(Y834:AG834) -> 0 | AY842: Measurements >= 3,600 | BA842: =SUM(B835:AG835) -> 2241 | BB842: =SUM(B835:I835) -> 1889 | BC842: =SUM(J835:R835) -> 352 | BD842: =SUM(S835:X835) -> 0 | BE842: =SUM(Y835:AG835) -> 0
S843: % Total Run Exceedances | U843: =$U842/$U841 -> 0.21169609 | AA843: % WET Exceedances | AC843: =AC842/AC841 -> 0.20864726 | AE843: % DRY Exceedances | AG843: =AG842/AG841 -> 0.19134221 | AI843: % Total Run Exceedances | AK843: =AK842/AK841 -> 0.21169609 | AL843: =AL842/AL841 -> 0.69955864 | AM843: =AM842/AM841 -> 0.13086731 | AN843: =AN842/AN841 -> 0 | AO843: =AO842/AO841 -> 0 | AQ843: % WET Exceedances | AS843: =AS842/AS841 -> 0.20864726 | AT843: =AT842/AT841 -> 0.70308219 | AU843: =AU842/AU841 -> 0.11689498 | AV843: =AV842/AV841 -> 0 | AW843: =AW842/AW841 -> 0 | AY843: % DRY Exceedances | BA843: =BA842/BA841 -> 0.19134221 | BB843: =BB842/BB841 -> 0.64515027 | BC843: =BC842/BC841 -> 0.10686096 | BD843: =BD842/BD841 -> 0 | BE843: =BE842/BE841 -> 0
A845: TOTAL EXCEEDANCES | B845: =COUNTIF(B$3:B$795,">=9130") -> 374 | C845: =COUNTIF(C$3:C$795,">=9130") -> 113 | D845: =COUNTIF(D$3:D$795,">=9130") -> 249 | E845: =COUNTIF(E$3:E$795,">=9130") -> 376 | F845: =COUNTIF(F$3:F$795,">=9130") -> 297 | G845: =COUNTIF(G$3:G$795,">=9130") -> 241 | H845: =COUNTIF(H$3:H$795,">=9130") -> 500 | I845: =COUNTIF(I$3:I$795,">=9130") -> 510 | ... AG845: =COUNTIF(AG$3:AG$795,">=9130") -> 0
A846: WET 1 | B846: =COUNTIF(B$3:B$184,">=9130") -> 98 | C846: =COUNTIF(C$3:C$184,">=9130") -> 27 | D846: =COUNTIF(D$3:D$184,">=9130") -> 64 | E846: =COUNTIF(E$3:E$184,">=9130") -> 101 | F846: =COUNTIF(F$3:F$184,">=9130") -> 97 | G846: =COUNTIF(G$3:G$184,">=9130") -> 87 | H846: =COUNTIF(H$3:H$184,">=9130") -> 103 | I846: =COUNTIF(I$3:I$184,">=9130") -> 111 | ... AG846: =COUNTIF(AG$3:AG$184,">=9130") -> 0 | AH846: OCT 2018 - MARCH 2019
A847: WET 2 | B847: =COUNTIF(B$368:B$550,">=9130") -> 53 | C847: =COUNTIF(C$368:C$550,">=9130") -> 0 | D847: =COUNTIF(D$368:D$550,">=9130") -> 18 | E847: =COUNTIF(E$368:E$550,">=9130") -> 57 | F847: =COUNTIF(F$368:F$550,">=9130") -> 21 | G847: =COUNTIF(G$368:G$550,">=9130") -> 6 | H847: =COUNTIF(H$368:H$550,">=9130") -> 131 | I847: =COUNTIF(I$368:I$550,">=9130") -> 138 | ... AG847: =COUNTIF(AG$368:AG$550,">=9130") -> 0 | AH847: OCT 2019 - MARCH 2020
A848: DRY 1 | B848: =COUNTIF(B$185:B$367,">=9130") -> 31 | C848: =COUNTIF(C$185:C$367,">=9130") -> 0 | D848: =COUNTIF(D$185:D$367,">=9130") -> 0 | E848: =COUNTIF(E$185:E$367,">=9130") -> 27 | F848: =COUNTIF(F$185:F$367,">=9130") -> 0 | G848: =COUNTIF(G$185:G$367,">=9130") -> 0 | H848: =COUNTIF(H$185:H$367,">=9130") -> 28 | I848: =COUNTIF(I$185:I$367,">=9130") -> 27 | ... AG848: =COUNTIF(AG$185:AG$367,">=9130") -> 0 | AH848: APRIL 2019 - SEPTEMBER 2019
A849: DRY 2 | B849: =COUNTIF(B$551:B$733,">=9130") -> 130 | C849: =COUNTIF(C$551:C$733,">=9130") -> 26 | D849: =COUNTIF(D$551:D$733,">=9130") -> 105 | E849: =COUNTIF(E$551:E$733,">=9130") -> 129 | F849: =COUNTIF(F$551:F$733,">=9130") -> 117 | G849: =COUNTIF(G$551:G$733,">=9130") -> 86 | H849: =COUNTIF(H$551:H$733,">=9130") -> 176 | I849: =COUNTIF(I$551:I$733,">=9130") -> 172 | ... AG849: =COUNTIF(AG$551:AG$733,">=9130") -> 0 | AH849: APRIL 2020 - SEPTEMBER 2020
A850: ALL WET | B850: =SUM(B846,B847) -> 151 | C850: =SUM(C846,C847) -> 27 | D850: =SUM(D846,D847) -> 82 | E850: =SUM(E846,E847) -> 158 | F850: =SUM(F846,F847) -> 118 | G850: =SUM(G846,G847) -> 93 | H850: =SUM(H846,H847) -> 234 | I850: =SUM(I846,I847) -> 249 | ... AG850: =SUM(AG846,AG847) -> 0
A851: ALL DRY | B851: =SUM(B848,B849) -> 161 | C851: =SUM(C848,C849) -> 26 | D851: =SUM(D848,D849) -> 105 | E851: =SUM(E848,E849) -> 156 | F851: =SUM(F848,F849) -> 117 | G851: =SUM(G848,G849) -> 86 | H851: =SUM(H848,H849) -> 204 | I851: =SUM(I848,I849) -> 199 | ... AG851: =SUM(AG848,AG849) -> 0
D853: Angling | F853: THRESHOLD: 9,130 MICROSIEMENS/CM (EC) | S853: ANGLING | AA853: ANGLING | AE853: SP DAY USE | AI853: ANGLING | AQ853: ANGLING | AY853: ANGLING
F854: WET SEASON | S854: TOTAL RUN | AA854: WET SEASONS | AE854: DRY SEASONS | AI854: TOTAL RUN | AK854: Delta-Wide | AL854: Suisun | AM854: Central Delta | AN854: North Delta | AO854: South Delta | AQ854: WET SEASONS | AS854: Delta-Wide | AT854: Suisun | AU854: Central Delta | AV854: North Delta | AW854: South Delta | AY854: DRY SEASONS | BA854: Delta-Wide | BB854: Suisun | BC854: Central Delta | BD854: North Delta | BE854: South Delta
F855: OCTOBER 1 - MARCH 31 | M855: DRY SEASON | S855: Total points | U855: =COUNTIF($B$2:$AG$2,"<>") -> 32 | AA855: Total points | AC855: =$U$807 -> 32 | AE855: Total points | AG855: =$U$807 -> 32 | AI855: Total points | AK855: =COUNTIF($B$2:$AG$2,"<>") -> 32 | AL855: =COUNTIF($B$2:$I$2,"<>") -> 8 | AM855: =COUNTIF($J$2:$R$2,"<>") -> 9 | AN855: =COUNTIF($S$2:$X$2,"<>") -> 6 | AO855: =COUNTIF($Y$2:$AG$2,"<>") -> 9 | AQ855: Total points | AS855: =COUNTIF($B$2:$AG$2,"<>") -> 32 | AT855: =COUNTIF($B$2:$I$2,"<>") -> 8 | AU855: =COUNTIF($J$2:$R$2,"<>") -> 9 | AV855: =COUNTIF($S$2:$X$2,"<>") -> 6 | AW855: =COUNTIF($Y$2:$AG$2,"<>") -> 9 | AY855: Total points | BA855: =COUNTIF($B$2:$AG$2,"<>") -> 32 | BB855: =COUNTIF($B$2:$I$2,"<>") -> 8 | BC855: =COUNTIF($J$2:$R$2,"<>") -> 9 | BD855: =COUNTIF($S$2:$X$2,"<>") -> 6 | BE855: =COUNTIF($Y$2:$AG$2,"<>") -> 9
F856: WET SEASON 1 | H856: 10/1/18 - 3/31/19 | J856: =COUNTIF($A$3:$A$184,"<>") -> 182 | M856: APRIL 1 - SEPTEMBER 30 | S856: Days in run | U856: =COUNTIF($A$3:$A$795,"<>") -> 793 | AA856: Days in run | AC856: =SUM($J$808:$J$809) -> 365 | AE856: Days in run | AG856: =SUM($Q$809:$Q$810) -> 366 | AI856: Days in run | AK856: =COUNTIF($A$3:$A$795,"<>") -> 793 | AL856: =COUNTIF($A$3:$A$795,"<>") -> 793 | AM856: =COUNTIF($A$3:$A$795,"<>") -> 793 | AN856: =COUNTIF($A$3:$A$795,"<>") -> 793 | AO856: =COUNTIF($A$3:$A$795,"<>") -> 793 | AQ856: Days in run | AS856: =SUM($J$808:$J$809) -> 365 | AT856: =SUM($J$808:$J$809) -> 365 | AU856: =SUM($J$808:$J$809) -> 365 | AV856: =SUM($J$808:$J$809) -> 365 | AW856: =SUM($J$808:$J$809) -> 365 | AY856: Days in run | BA856: =SUM($Q$809:$Q$810) -> 366 | BB856: =SUM($Q$809:$Q$810) -> 366 | BC856: =SUM($Q$809:$Q$810) -> 366 | BD856: =SUM($Q$809:$Q$810) -> 366 | BE856: =SUM($Q$809:$Q$810) -> 366
F857: WET SEASON 2 | H857: 10/1/19 - 3/31/20 | J857: =COUNTIF($A$368:$A$550,"<>") -> 183 | M857: DRY SEASON 1 | O857: 4/1/19 - 9/30/19 | Q857: =COUNTIF($A$185:$A$367,"<>") -> 183 | S857: Total measurements | U857: =$U$808*$U$807 -> 25376 | V857: DENOMINATOR FOR EXCEEDANCE % | AA857: Total measurements | AC857: =AC856*AC855 -> 11680 | AE857: Total measurements | AG857: =$AG$808*$AG$807 -> 11712 | AI857: Total measurements | AK857: =AK856*AK855 -> 25376 | AL857: =AL856*AL855 -> 6344 | AM857: =AM856*AM855 -> 7137 | AN857: =AN856*AN855 -> 4758 | AO857: =AO856*AO855 -> 7137 | AQ857: Total measurements | AS857: =AS856*AS855 -> 11680 | AT857: =AT856*AT855 -> 2920 | AU857: =AU856*AU855 -> 3285 | AV857: =AV856*AV855 -> 2190 | AW857: =AW856*AW855 -> 3285 | AY857: Total measurements | BA857: =BA856*BA855 -> 11712 | BB857: =BB856*BB855 -> 2928 | BC857: =BC856*BC855 -> 3294 | BD857: =BD856*BD855 -> 2196 | BE857: =BE856*BE855 -> 3294
F858: WET SEASON 3 | H858: 10/1/20 - 12/1/20 | J858: =COUNTIF($A$734:$A$795,"<>") -> 62 | M858: DRY SEASON 2 | O858: 4/1/20 - 9/30/20 | Q858: =COUNTIF($A$551:$A$733,"<>") -> 183 | S858: Measurements >= 9,130 | U858: =SUM(B845:AG845) -> 3015 | V858: NUMERATOR FOR EXCEEDANCE % | AA858: Measurements >= 9,130 | AC858: =SUM(B850:AG850) -> 1236 | AE858: Measurements >9,130 | AG858: =SUM(B851:AG851) -> 1165 | AI858: Measurements >= 9,130 | AK858: =SUM(B845:AG845) -> 3015 | AL858: =SUM(B845:I845) -> 2660 | AM858: =SUM(J845:R845) -> 355 | AN858: =SUM(S845:X845) -> 0 | AO858: =SUM(Y845:AG845) -> 0 | AQ858: Measurements >= 9,130 | AS858: =SUM(B850:AG850) -> 1236 | AT858: =SUM(B850:I850) -> 1112 | AU858: =SUM(J850:R850) -> 124 | AV858: =SUM(S850:X850) -> 0 | AW858: =SUM(Y850:AG850) -> 0 | AY858: Measurements >= 9,130 | BA858: =SUM(B851:AG851) -> 1165 | BB858: =SUM(B851:I851) -> 1054 | BC858: =SUM(J851:R851) -> 111 | BD858: =SUM(S851:X851) -> 0 | BE858: =SUM(Y851:AG851) -> 0
S859: % Total Run Exceedances | U859: =$U858/$U857 -> 0.11881305 | AA859: % WET Exceedances | AC859: =AC858/AC857 -> 0.10582192 | AE859: % DRY Exceedances | AG859: =AG858/AG857 -> 0.099470628 | AI859: % Total Run Exceedances | AK859: =AK858/AK857 -> 0.11881305 | AL859: =AL858/AL857 -> 0.41929382 | AM859: =AM858/AM857 -> 0.049740787 | AN859: =AN858/AN857 -> 0 | AO859: =AO858/AO857 -> 0 | AQ859: % WET Exceedances | AS859: =AS858/AS857 -> 0.10582192 | AT859: =AT858/AT857 -> 0.38082192 | AU859: =AU858/AU857 -> 0.037747336 | AV859: =AV858/AV857 -> 0 | AW859: =AW858/AW857 -> 0 | AY859: % DRY Exceedances | BA859: =BA858/BA857 -> 0.099470628 | BB859: =BB858/BB857 -> 0.35997268 | BC859: =BC858/BC857 -> 0.033697632 | BD859: =BD858/BD857 -> 0 | BE859: =BE858/BE857 -> 0

Sheet ECO
B1: Suisun | J1: Central Delta | S1: North Delta | Y1: South Delta
A2: Date | B2: CHADBOURNE SLOUGH AT SUNRISE DUCK CLUB | C2: MONTEZUMA SLOUGH AT NATIONAL STEEL | D2: MONTEZUMA SLOUGH NEAR BELDENS LANDING | E2: SUISUN SLOUGH 300' SOUTH OF VOLANTI SLOUGH | F2: HONKER BAY | G2: SUISUN BAY AT VAN SICKLE ISLAND | H2: SUISUN BAY WEST REACH | I2: GRIZZLY BAY BUOY | J2: DUTCH SL BELOW JERSEY ISLAND | K2: FALSE RIVER NEAR OAKLEY | L2: OLD RIVER AT FRANKS TRACT | M2: PITTSBURG | N2: SACRAMENTO RIVER AT EMMATON | O2: SAN ANDREAS LANDING | P2: SAN JOAQUIN RIVER AT JERSEY POINT | Q2: SUISUN BAY AT CHANNEL MARKER 5 AT COLLINSVILLE | R2: BRANNAN MARINAS AT SAN JOAQUIN RIVER | S2: LIBERTY CUT AT FIVE POINTS | T2: CACHE SLOUGH ABOVE RYER ISLAND FERRY | U2: DELTA CROSS CHANNEL NEAR WALNUT GROVE | V2: SACRAMENTO RIVER DOWNSTREAM OF ISLETON | W2: COURTLAND AT SACRAMENTO RIVER | X2: VIERAS RESORT AT SACRAMENTO RIVER | Y2: GRANT LINE CANAL NEAR CLIFTON COURT FORE | Z2: LITTLE POTATO SLOUGH AT TERMINOUS | AA2: MIDDLE RIVER AT MILDRED ISLAND | AB2: OLD RIVER AT CLIFTON COURT | AC2: SAN JOAQUIN RIVER AT BRANDT BRIDGE | AD2: SAN JOAQUIN RIVER AT PRISONERS POINT | AE2: SAN JOAQUIN RIVER NEAR VERNALIS | AF2: SAN JOAQUIN RVER AT ROUGH AND READY ISLAND | AG2: VICTORIA CANAL BEFORE CLIFTON COURT FORE
A3: 43374 | B3: 16756.793 | C3: 6960.1045 | D3: 17057.486 | E3: 17181.549 | F3: 11881.495 | G3: 9095.287 | H3: 16745.094 | I3: 17384.48 | J3: 1715.3657 | K3: 1551.5911 | L3: 771.18494 | M3: 8826.851 | N3: 1277.6857 | O3: 736.95764 | P3: 1795.9379 | Q3: 6085.616 | R3: 976.59106 | S3: 288.46033 | T3: 136.87027 | U3: 109.18314 | V3: 123.42342 | W3: 110.73152 | X3: 115.40255 | Y3: 467.4501 | Z3: 131.71336 | AA3: 549.6643 | AB3: 728.9219 | AC3: 422.5647 | AD3: 615.9142 | AE3: 448.86038 | AF3: 438.83435 | AG3: 533.943
A4: 43375 | B4: 16878.037 | C4: 6944.043 | D4: 17305.645 | E4: 17345.975 | F4: 12159.483 | G4: 9341.038 | H4: 17005.186 | I4: 17545.172 | J4: 1712.5458 | K4: 1591.6058 | L4: 795.20135 | M4: 9052.5625 | N4: 1387.2545 | O4: 765.5081 | P4: 1854.1818 | Q4: 6279.846 | R4: 1004.9305 | S4: 278.23004 | T4: 136.70589 | U4: 109.89813 | V4: 121.46282 | W4: 109.1853 | X4: 112.25256 | Y4: 484.72922 | Z4: 131.61957 | AA4: 542.12946 | AB4: 724.23486 | AC4: 430.11325 | AD4: 630.1319 | AE4: 480.7754 | AF4: 437.18454 | AG4: 527.16
A5: 43376 | B5: 17007.098 | C5: 7035.321 | D5: 17312.738 | E5: 17399.63 | F5: 12198.843 | G5: 9156.601 | H5: 16617.213 | I5: 17702.96 | J5: 1712.4814 | K5: 1575.2084 | L5: 804.91376 | M5: 8758.506 | N5: 1303.274 | O5: 742.6172 | P5: 1834.5098 | Q5: 6182.4536 | R5: 1004.553 | S5: 275.10245 | T5: 135.06154 | U5: 109.27191 | V5: 120.64673 | W5: 109.1568 | X5: 113.55057 | Y5: 506.89285 | Z5: 132.47401 | AA5: 536.0429 | AB5: 716.2952 | AC5: 433.90344 | AD5: 631.8414 | AE5: 498.2621 | AF5: 436.45706 | AG5: 523.6878
A6: 43377 | B6: 17144.494 | C6: 7143.022 | D6: 17287.33 | E6: 17434.416 | F6: 12049.325 | G6: 8872.085 | H6: 16253.379 | I6: 17889.986 | J6: 1714.1959 | K6: 1546.3156 | L6: 810.8909 | M6: 8434.351 | N6: 1198.8438 | O6: 710.99786 | P6: 1804.9916 | Q6: 5975.028 | R6: 983.11255 | S6: 270.45508 | T6: 133.42128 | U6: 109.4643 | V6: 119.14558 | W6: 109.27204 | X6: 112.45904 | Y6: 533.6369 | Z6: 132.58444 | AA6: 531.4942 | AB6: 715.3716 | AC6: 438.15323 | AD6: 628.5735 | AE6: 445.90475 | AF6: 437.24393 | AG6: 521.88544
A7: 43378 | B7: 17272.121 | C7: 7220.016 | D7: 17188.814 | E7: 17424.826 | F7: 11629.812 | G7: 8438.624 | H7: 15666.046 | I7: 18163.979 | J7: 1710.3143 | K7: 1518.549 | L7: 796.62213 | M7: 7996.3315 | N7: 1098.8568 | O7: 660.6301 | P7: 1760.8998 | Q7: 5624.2993 | R7: 930.59033 | S7: 266.1523 | T7: 133.24974 | U7: 106.29807 | V7: 119.4126 | W7: 104.37382 | X7: 112.67378 | Y7: 550.49786 | Z7: 131.50075 | AA7: 530.5004 | AB7: 705.1236 | AC7: 448.54312 | AD7: 615.0352 | AE7: 449.29773 | AF7: 440.86246 | AG7: 516.63293
A8: 43379 | B8: 17393.81 | C8: 7187.7124 | D8: 17317.164 | E8: 17534.467 | F8: 11544.228 | G8: 8664.7 | H8: 16065.661 | I8: 18227.709 | J8: 1711.7006 | K8: 1540.0016 | L8: 769.0212 | M8: 8203.408 | N8: 1210.6 | O8: 681.1508 | P8: 1782.7098 | Q8: 5833.2144 | R8: 945.1003 | S8: 252.64508 | T8: 133.76003 | U8: 108.7537 | V8: 120.74551 | W8: 119.08425 | X8: 112.92133 | Y8: 579.4867 | Z8: 130.91714 | AA8: 531.71686 | AB8: 706.11176 | AC8: 450.83765 | AD8: 597.7874 | AE8: 465.14456 | AF8: 444.70715 | AG8: 513.64905
A9: 43380 | B9: 17505.8 | C9: 7252.5503 | D9: 17302.53 | E9: 17567.68 | F9: 11415.413 | G9: 8515.415 | H9: 15726.698 | I9: 18325.434 | J9: 1714.4816 | K9: 1500.5044 | L9: 748.9209 | M9: 7911.346 | N9: 1156.8228 | O9: 666.16003 | P9: 1752.0927 | Q9: 5709.696 | R9: 923.6125 | S9: 244.26726 | T9: 132.96886 | U9: 120.93612 | V9: 118.98807 | W9: 116.58562 | X9: 111.40835 | Y9: 576.07117 | Z9: 129.98997 | AA9: 531.00134 | AB9: 713.5805 | AC9: 453.48715 | AD9: 570.199 | AE9: 457.11743 | AF9: 448.52304 | AG9: 512.63715
A10: 43381 | B10: 17611.838 | C10: 7228.5625 | D10: 17473.572 | E10: 17710.432 | F10: 11394.132 | G10: 8865.8545 | H10: 16509.084 | I10: 18189.82 | J10: 1702.9742 | K10: 1540.7972 | L10: 743.7829 | M10: 8398.3545 | N10: 1316.2053 | O10: 688.6645 | P10: 1777.3911 | Q10: 6008.67 | R10: 941.1446 | S10: 235.46498 | T10: 134.78413 | U10: 113.31728 | V10: 129.05309 | W10: 112.73942 | X10: 121.98946 | Y10: 595.16315 | Z10: 132.74464 | AA10: 521.85535 | AB10: 713.3252 | AC10: 464.14795 | AD10: 570.6925 | AE10: 433.6356 | AF10: 452.14542 | AG10: 517.18304
A11: 43382 | B11: 17741.316 | C11: 7581.496 | D11: 17871.596 | E11: 17983.416 | F11: 12417.558 | G11: 10177.969 | H11: 18212.105 | I11: 18124.865 | J11: 1701.3497 | K11: 1634.6793 | L11: 783.7447 | M11: 9642.704 | N11: 1894.8077 | O11: 804.81476 | P11: 1894.3842 | Q11: 7095.938 | R11: 1048.6827 | S11: 224.6214 | T11: 141.67369 | U11: 114.78031 | V11: 138.3865 | W11: 114.04343 | X11: 125.88147 | Y11: 600.5128 | Z11: 135.34267 | AA11: 507.4255 | AB11: 701.14813 | AC11: 454.1475 | AD11: 610.3958 | AE11: 425.36978 | AF11: 454.17575 | AG11: 513.411
A12: 43383 | B12: 17910.826 | C12: 8127.314 | D12: 18340.92 | E12: 18368.793 | F12: 13830.323 | G12: 11315.19 | H12: 19440.271 | I12: 18269.248 | J12: 1716.659 | K12: 1729.0576 | L12: 853.1309 | M12: 10754.298 | N12: 2500.7195 | O12: 893.6887 | P12: 2036.9823 | Q12: 8132.596 | R12: 1135.1073 | S12: 216.46349 | T12: 151.40688 | U12: 120.02975 | V12: 147.06367 | W12: 128.91188 | X12: 126.78448 | Y12: 607.2544 | Z12: 137.9486 | AA12: 502.32413 | AB12: 701.4871 | AC12: 441.57397 | AD12: 668.5995 | AE12: 448.22903 | AF12: 455.85983 | AG12: 502.51572
A13: 43384 | B13: 18104.295 | C13: 8468.272 | D13: 18577.557 | E13: 18625.576 | F13: 14253.164 | G13: 11352.77 | H13: 19351.123 | I13: 18535.938 | J13: 1734.4667 | K13: 1736.0983 | L13: 878.58075 | M13: 10803.333 | N13: 2537.8901 | O13: 852.82794 | P13: 2052.1052 | Q13: 8259.323 | R13: 1112.001 | S13: 214.4554 | T13: 153.05827 | U13: 121.90078 | V13: 146.9236 | W13: 120.1524 | X13: 126.05468 | Y13: 606.7229 | Z13: 138.23598 | AA13: 502.96835 | AB13: 694.01465 | AC13: 432.6322 | AD13: 682.1767 | AE13: 473.5988 | AF13: 457.25345 | AG13: 495.84567
A14: 43385 | B14: 18286.465 | C14: 8535.344 | D14: 18667.797 | E14: 18753.877 | F14: 14029.667 | G14: 10946.731 | H14: 18763.383 | I14: 18913.674 | J14: 1744.3641 | K14: 1715.5897 | L14: 857.6899 | M14: 10461.015 | N14: 2291.5557 | O14: 791.4838 | P14: 2019.1979 | Q14: 7902.6187 | R14: 1056.4379 | S14: 211.04897 | T14: 150.15782 | U14: 119.59937 | V14: 145.86743 | W14: 117.28471 | X14: 131.75002 | Y14: 594.93585 | Z14: 137.94637 | AA14: 509.4952 | AB14: 687.438 | AC14: 446.62195 | AD14: 665.6021 | AE14: 482.0358 | AF14: 455.83902 | AG14: 495.42245
... A795: 44166 | B795: 18669.037 | C795: 13333.217 | D795: 13128.158 | E795: 18730.242 | F795: 17366.043 | G795: 9036.612 | H795: 14436.649 | I795: 21387.57 | J795: 2502.779 | K795: 2226.6453 | L795: 1569.5609 | M795: 8582.811 | N795: 2221.6726 | O795: 523.3326 | P795: 2398.0264 | Q795: 5307.641 | R795: 1086.3691 | S795: 182.11363 | T795: 181.37585 | U795: 142.40985 | V795: 147.07231 | W795: 144.59416 | X795: 145.99013 | Y795: 851.2741 | Z795: 182.18924 | AA795: 958.117 | AB795: 1088.1227 | AC795: 646.43384 | AD795: 1097.6566 | AE795: 799.69885 | AF795: 477.94507 | AG795: 936.8982
A796: TOTAL EXCEEDANCES | B796: =COUNTIF(B$3:B$795,">=1000") -> 705 | C796: =COUNTIF(C$3:C$795,">=1000") -> 617 | D796: =COUNTIF(D$3:D$795,">=1000") -> 703 | E796: =COUNTIF(E$3:E$795,">=1000") -> 714 | F796: =COUNTIF(F$3:F$795,">=1000") -> 636 | G796: =COUNTIF(G$3:G$795,">=1000") -> 630 | H796: =COUNTIF(H$3:H$795,">=1000") -> 669 | I796: =COUNTIF(I$3:I$795,">=1000") -> 675 | ... AG796: =COUNTIF(AG$3:AG$795,">=1000") -> 0
A797: WET 1 | B797: =COUNTIF(B$3:B$184,">=1000") -> 172 | C797: =COUNTIF(C$3:C$184,">=1000") -> 110 | D797: =COUNTIF(D$3:D$184,">=1000") -> 164 | E797: =COUNTIF(E$3:E$184,">=1000") -> 174 | F797: =COUNTIF(F$3:F$184,">=1000") -> 116 | G797: =COUNTIF(G$3:G$184,">=1000") -> 112 | H797: =COUNTIF(H$3:H$184,">=1000") -> 130 | I797: =COUNTIF(I$3:I$184,">=1000") -> 143 | ... AG797: =COUNTIF(AG$3:AG$184,">=1000") -> 0 | AH797: OCT 2018 - MARCH 2019
A798: WET 2 | B798: =COUNTIF(B$368:B$550,">=1000") -> 183 | C798: =COUNTIF(C$368:C$550,">=1000") -> 183 | D798: =COUNTIF(D$368:D$550,">=1000") -> 183 | E798: =COUNTIF(E$368:E$550,">=1000") -> 183 | F798: =COUNTIF(F$368:F$550,">=1000") -> 183 | G798: =COUNTIF(G$368:G$550,">=1000") -> 183 | H798: =COUNTIF(H$368:H$550,">=1000") -> 183 | I798: =COUNTIF(I$368:I$550,">=1000") -> 183 | ... AG798: =COUNTIF(AG$368:AG$550,">=1000") -> 0 | AH798: OCT 2019 - MARCH 2020
A799: DRY 1 | B799: =COUNTIF(B$185:B$367,">=1000") -> 105 | C799: =COUNTIF(C$185:C$367,">=1000") -> 79 | D799: =COUNTIF(D$185:D$367,">=1000") -> 111 | E799: =COUNTIF(E$185:E$367,">=1000") -> 112 | F799: =COUNTIF(F$185:F$367,">=1000") -> 92 | G799: =COUNTIF(G$185:G$367,">=1000") -> 90 | H799: =COUNTIF(H$185:H$367,">=1000") -> 111 | I799: =COUNTIF(I$185:I$367,">=1000") -> 104 | ... AG799: =COUNTIF(AG$185:AG$367,">=1000") -> 0 | AH799: APRIL 2019 - SEPTEMBER 2019
A800: DRY 2 | B800: =COUNTIF(B$551:B$733,">=1000") -> 183 | C800: =COUNTIF(C$551:C$733,">=1000") -> 183 | D800: =COUNTIF(D$551:D$733,">=1000") -> 183 | E800: =COUNTIF(E$551:E$733,">=1000") -> 183 | F800: =COUNTIF(F$551:F$733,">=1000") -> 183 | G800: =COUNTIF(G$551:G$733,">=1000") -> 183 | H800: =COUNTIF(H$551:H$733,">=1000") -> 183 | I800: =COUNTIF(I$551:I$733,">=1000") -> 183 | ... AG800: =COUNTIF(AG$551:AG$733,">=1000") -> 0 | AH800: APRIL 2020 - SEPTEMBER 2020
A801: ALL WET | B801: =SUM(B$797,B$798) -> 355 | C801: =SUM(C$797,C$798) -> 293 | D801: =SUM(D$797,D$798) -> 347 | E801: =SUM(E$797,E$798) -> 357 | F801: =SUM(F$797,F$798) -> 299 | G801: =SUM(G$797,G$798) -> 295 | H801: =SUM(H$797,H$798) -> 313 | I801: =SUM(I$797,I$798) -> 326 | ... AG801: =SUM(AG$797,AG$798) -> 0
A802: ALL DRY | B802: =SUM(B$799,B$800) -> 288 | C802: =SUM(C$799,C$800) -> 262 | D802: =SUM(D$799,D$800) -> 294 | E802: =SUM(E$799,E$800) -> 295 | F802: =SUM(F$799,F$800) -> 275 | G802: =SUM(G$799,G$800) -> 273 | H802: =SUM(H$799,H$800) -> 294 | I802: =SUM(I$799,I$800) -> 287 | ... AG802: =SUM(AG$799,AG$800) -> 0
D805: Day Use & Boating | F805: THRESHOLD: 1,000 MICROSIEMENS/CM (EC) | S805: SP DAY USE & BOATING | AA805: SP DAY USE & BOATING | AE805: SP DAY USE & BOATING | AI805: SP DAY USE & BOATING | AQ805: SP DAY USE & BOATING | AY805: SP DAY USE & BOATING
F806: WET SEASON | S806: TOTAL RUN | AA806: WET SEASONS | AE806: DRY SEASONS | AI806: TOTAL RUN | AK806: Delta-Wide | AL806: Suisun | AM806: Central Delta | AN806: North Delta | AO806: South Delta | AQ806: WET SEASONS | AS806: Delta-Wide | AT806: Suisun | AU806: Central Delta | AV806: North Delta | AW806: South Delta | AY806: DRY SEASONS | BA806: Delta-Wide | BB806: Suisun | BC806: Central Delta | BD806: North Delta | BE806: South Delta
F807: OCTOBER 1 - MARCH 31 | M807: DRY SEASON | S807: Total points | U807: =COUNTIF($B$2:$AG$2,"<>") -> 32 | AA807: Total points | AC807: =$U$807 -> 32 | AE807: Total points | AG807: =$U$807 -> 32 | AI807: Total points | AK807: =COUNTIF($B$2:$AG$2,"<>") -> 32 | AL807: =COUNTIF($B$2:$I$2,"<>") -> 8 | AM807: =COUNTIF($J$2:$R$2,"<>") -> 9 | AN807: =COUNTIF($S$2:$X$2,"<>") -> 6 | AO807: =COUNTIF($Y$2:$AG$2,"<>") -> 9 | AQ807: Total points | AS807: =COUNTIF($B$2:$AG$2,"<>") -> 32 | AT807: =COUNTIF($B$2:$I$2,"<>") -> 8 | AU807: =COUNTIF($J$2:$R$2,"<>") -> 9 | AV807: =COUNTIF($S$2:$X$2,"<>") -> 6 | AW807: =COUNTIF($Y$2:$AG$2,"<>") -> 9 | AY807: Total points | BA807: =COUNTIF($B$2:$AG$2,"<>") -> 32 | BB807: =COUNTIF($B$2:$I$2,"<>") -> 8 | BC807: =COUNTIF($J$2:$R$2,"<>") -> 9 | BD807: =COUNTIF($S$2:$X$2,"<>") -> 6 | BE807: =COUNTIF($Y$2:$AG$2,"<>") -> 9
F808: WET SEASON 1 | H808: 10/1/18 - 3/31/19 | J808: =COUNTIF($A$3:$A$184,"<>") -> 182 | M808: APRIL 1 - SEPTEMBER 30 | S808: Days in run | U808: =COUNTIF($A$3:$A$795,"<>") -> 793 | AA808: Days in run | AC808: =SUM($J$808:$J$809) -> 365 | AE808: Days in run | AG808: =SUM($Q$809:$Q$810) -> 366 | AI808: Days in run | AK808: =COUNTIF($A$3:$A$795,"<>") -> 793 | AL808: =COUNTIF($A$3:$A$795,"<>") -> 793 | AM808: =COUNTIF($A$3:$A$795,"<>") -> 793 | AN808: =COUNTIF($A$3:$A$795,"<>") -> 793 | AO808: =COUNTIF($A$3:$A$795,"<>") -> 793 | AQ808: Days in run | AS808: =SUM($J$808:$J$809) -> 365 | AT808: =SUM($J$808:$J$809) -> 365 | AU808: =SUM($J$808:$J$809) -> 365 | AV808: =SUM($J$808:$J$809) -> 365 | AW808: =SUM($J$808:$J$809) -> 365 | AY808: Days in run | BA808: =SUM($Q$809:$Q$810) -> 366 | BB808: =SUM($Q$809:$Q$810) -> 366 | BC808: =SUM($Q$809:$Q$810) -> 366 | BD808: =SUM($Q$809:$Q$810) -> 366 | BE808: =SUM($Q$809:$Q$810) -> 366
F809: WET SEASON 2 | H809: 10/1/19 - 3/31/20 | J809: =COUNTIF($A$368:$A$550,"<>") -> 183 | M809: DRY SEASON 1 | O809: 4/1/19 - 9/30/19 | Q809: =COUNTIF($A$185:$A$367,"<>") -> 183 | S809: Total measurements | U809: =U808*U807 -> 25376 | V809: DENOMINATOR FOR EXCEEDANCE % | AA809: Total measurements | AC809: =AC808*AC807 -> 11680 | AE809: Total measurements | AG809: =$AG$808*$AG$807 -> 11712 | AI809: Total measurements | AK809: =AK808*AK807 -> 25376 | AL809: =AL808*AL807 -> 6344 | AM809: =AM808*AM807 -> 7137 | AN809: =AN808*AN807 -> 4758 | AO809: =AO808*AO807 -> 7137 | AQ809: Total measurements | AS809: =AS808*AS807 -> 11680 | AT809: =AT808*AT807 -> 2920 | AU809: =AU808*AU807 -> 3285 | AV809: =AV808*AV807 -> 2190 | AW809: =AW808*AW807 -> 3285 | AY809: Total measurements | BA809: =BA808*BA807 -> 11712 | BB809: =BB808*BB807 -> 2928 | BC809: =BC808*BC807 -> 3294 | BD809: =BD808*BD807 -> 2196 | BE809: =BE808*BE807 -> 3294
F810: WET SEASON 3 | H810: 10/1/20 - 12/1/20 | J810: =COUNTIF($A$734:$A$795,"<>") -> 62 | M810: DRY SEASON 2 | O810: 4/1/20 - 9/30/20 | Q810: =COUNTIF($A$551:$A$733,"<>") -> 183 | S810: Measurements >= 1000 | U810: =SUM(B796:AG796) -> 8097 | V810: NUMERATOR FOR EXCEEDANCE % | AA810: Measurements >= 1000 | AC810: =SUM($B$801:$AG$801) -> 3762 | AE810: Measurements >= 1000 | AG810: =SUM($B$802:$AG$802) -> 3232 | AI810: Measurements >= 1000 | AK810: =SUM(B796:AG796) -> 8097 | AL810: =SUM(B796:I796) -> 5349 | AM810: =SUM(J796:R796) -> 2667 | AN810: =SUM(S796:X796) -> 0 | AO810: =SUM(Y796:AG796) -> 81 | AQ810: Measurements >= 1000 | AS810: =SUM($B$801:$AG$801) -> 3762 | AT810: =SUM(B801:I801) -> 2585 | AU810: =SUM(J801:R801) -> 1155 | AV810: =SUM(S801:X801) -> 0 | AW810: =SUM(Y801:AG801) -> 22 | AY810: Measurements >= 1000 | BA810: =SUM($B$802:$AG$802) -> 3232 | BB810: =SUM(B802:I802) -> 2268 | BC810: =SUM(J802:R802) -> 959 | BD810: =SUM(S802:X802) -> 0 | BE810: =SUM(Y802:AG802) -> 5
S811: % Total Run Exceedances | U811: =$U810/$U809 -> 0.31908102 | AA811: % WET Exceedances | AC811: =AC810/AC809 -> 0.32208904 | AE811: % DRY Exceedances | AG811: =AG810/AG809 -> 0.27595628 | AI811: % Total Run Exceedances | AK811: =AK810/AK809 -> 0.31908102 | AL811: =AL810/AL809 -> 0.84315889 | AM811: =AM810/AM809 -> 0.37368642 | AN811: =AN810/AN809 -> 0 | AO811: =AO810/AO809 -> 0.011349306 | AQ811: % WET Exceedances | AS811: =AS810/AS809 -> 0.32208904 | AT811: =AT810/AT809 -> 0.88527397 | AU811: =AU810/AU809 -> 0.35159817 | AV811: =AV810/AV809 -> 0 | AW811: =AW810/AW809 -> 0.0066971081 | AY811: % DRY Exceedances | BA811: =BA810/BA809 -> 0.27595628 | BB811: =BB810/BB809 -> 0.77459016 | BC811: =BC810/BC809 -> 0.2911354 | BD811: =BD810/BD809 -> 0 | BE811: =BE810/BE809 -> 0.0015179114
A813: TOTAL EXCEEDANCES | B813: =COUNTIF(B$3:B$795,">=2640") -> 663 | C813: =COUNTIF(C$3:C$795,">=2640") -> 481 | D813: =COUNTIF(D$3:D$795,">=2640") -> 654 | E813: =COUNTIF(E$3:E$795,">=2640") -> 666 | F813: =COUNTIF(F$3:F$795,">=2640") -> 619 | G813: =COUNTIF(G$3:G$795,">=2640") -> 538 | H813: =COUNTIF(H$3:H$795,">=2640") -> 636 | I813: =COUNTIF(I$3:I$795,">=2640") -> 652 | ... AG813: =COUNTIF(AG$3:AG$795,">=2640") -> 0
A814: WET 1 | B814: =COUNTIF(B$3:B$184,">=2640") -> 147 | C814: =COUNTIF(C$3:C$184,">=2640") -> 102 | D814: =COUNTIF(D$3:D$184,">=2640") -> 135 | E814: =COUNTIF(E$3:E$184,">=2640") -> 147 | F814: =COUNTIF(F$3:F$184,">=2640") -> 110 | G814: =COUNTIF(G$3:G$184,">=2640") -> 104 | H814: =COUNTIF(H$3:H$184,">=2640") -> 116 | I814: =COUNTIF(I$3:I$184,">=2640") -> 134 | ... AG814: =COUNTIF(AG$3:AG$184,">=2640") -> 0 | AH814: OCT 2018 - MARCH 2019
A815: WET 2 | B815: =COUNTIF(B$368:B$550,">=2640") -> 183 | C815: =COUNTIF(C$368:C$550,">=2640") -> 134 | D815: =COUNTIF(D$368:D$550,">=2640") -> 183 | E815: =COUNTIF(E$368:E$550,">=2640") -> 183 | F815: =COUNTIF(F$368:F$550,">=2640") -> 183 | G815: =COUNTIF(G$368:G$550,">=2640") -> 147 | H815: =COUNTIF(H$368:H$550,">=2640") -> 183 | I815: =COUNTIF(I$368:I$550,">=2640") -> 183 | ... AG815: =COUNTIF(AG$368:AG$550,">=2640") -> 0 | AH815: OCT 2019 - MARCH 2020
A816: DRY 1 | B816: =COUNTIF(B$185:B$367,">=2640") -> 88 | C816: =COUNTIF(C$185:C$367,">=2640") -> 27 | D816: =COUNTIF(D$185:D$367,">=2640") -> 91 | E816: =COUNTIF(E$185:E$367,">=2640") -> 91 | F816: =COUNTIF(F$185:F$367,">=2640") -> 81 | G816: =COUNTIF(G$185:G$367,">=2640") -> 42 | H816: =COUNTIF(H$185:H$367,">=2640") -> 92 | I816: =COUNTIF(I$185:I$367,">=2640") -> 90 | ... AG816: =COUNTIF(AG$185:AG$367,">=2640") -> 0 | AH816: APRIL 2019 - SEPTEMBER 2019
A817: DRY 2 | B817: =COUNTIF(B$551:B$733,">=2640") -> 183 | C817: =COUNTIF(C$551:C$733,">=2640") -> 156 | D817: =COUNTIF(D$551:D$733,">=2640") -> 183 | E817: =COUNTIF(E$551:E$733,">=2640") -> 183 | F817: =COUNTIF(F$551:F$733,">=2640") -> 183 | G817: =COUNTIF(G$551:G$733,">=2640") -> 183 | H817: =COUNTIF(H$551:H$733,">=2640") -> 183 | I817: =COUNTIF(I$551:I$733,">=2640") -> 183 | ... AG817: =COUNTIF(AG$551:AG$733,">=2640") -> 0 | AH817: APRIL 2020 - SEPTEMBER 2020
A818: ALL WET | B818: =SUM(B814,B815) -> 330 | C818: =SUM(C814,C815) -> 236 | D818: =SUM(D814,D815) -> 318 | E818: =SUM(E814,E815) -> 330 | F818: =SUM(F814,F815) -> 293 | G818: =SUM(G814,G815) -> 251 | H818: =SUM(H814,H815) -> 299 | I818: =SUM(I814,I815) -> 317 | ... AG818: =SUM(AG814,AG815) -> 0
A819: ALL DRY | B819: =SUM(B816,B817) -> 271 | C819: =SUM(C816,C817) -> 183 | D819: =SUM(D816,D817) -> 274 | E819: =SUM(E816,E817) -> 274 | F819: =SUM(F816,F817) -> 264 | G819: =SUM(G816,G817) -> 225 | H819: =SUM(H816,H817) -> 275 | I819: =SUM(I816,I817) -> 273 | ... AG819: =SUM(AG816,AG817) -> 0
D821: Birding | F821: THRESHOLD: 2,640 MICROSIEMENS/CM (EC) | S821: BIRDING | AA821: BIRDING | AE821: BIRDING | AI821: BIRDING | AQ821: BIRDING | AY821: BIRDING
F822: WET SEASON | S822: TOTAL RUN | AA822: WET SEASONS | AE822: DRY SEASONS | AI822: TOTAL RUN | AK822: Delta-Wide | AL822: Suisun | AM822: Central Delta | AN822: North Delta | AO822: South Delta | AQ822: WET SEASONS | AS822: Delta-Wide | AT822: Suisun | AU822: Central Delta | AV822: North Delta | AW822: South Delta | AY822: DRY SEASONS | BA822: Delta-Wide | BB822: Suisun | BC822: Central Delta | BD822: North Delta | BE822: South Delta
F823: OCTOBER 1 - MARCH 31 | M823: DRY SEASON | S823: Total points | U823: =COUNTIF($B$2:$AG$2,"<>") -> 32 | AA823: Total points | AC823: =$U$807 -> 32 | AE823: Total points | AG823: =$U$807 -> 32 | AI823: Total points | AK823: =COUNTIF($B$2:$AG$2,"<>") -> 32 | AL823: =COUNTIF($B$2:$I$2,"<>") -> 8 | AM823: =COUNTIF($J$2:$R$2,"<>") -> 9 | AN823: =COUNTIF($S$2:$X$2,"<>") -> 6 | AO823: =COUNTIF($Y$2:$AG$2,"<>") -> 9 | AQ823: Total points | AS823: =COUNTIF($B$2:$AG$2,"<>") -> 32 | AT823: =COUNTIF($B$2:$I$2,"<>") -> 8 | AU823: =COUNTIF($J$2:$R$2,"<>") -> 9 | AV823: =COUNTIF($S$2:$X$2,"<>") -> 6 | AW823: =COUNTIF($Y$2:$AG$2,"<>") -> 9 | AY823: Total points | BA823: =COUNTIF($B$2:$AG$2,"<>") -> 32 | BB823: =COUNTIF($B$2:$I$2,"<>") -> 8 | BC823: =COUNTIF($J$2:$R$2,"<>") -> 9 | BD823: =COUNTIF($S$2:$X$2,"<>") -> 6 | BE823: =COUNTIF($Y$2:$AG$2,"<>") -> 9
F824: WET SEASON 1 | H824: 10/1/18 - 3/31/19 | J824: =COUNTIF($A$3:$A$184,"<>") -> 182 | M824: APRIL 1 - SEPTEMBER 30 | S824: Days in run | U824: =COUNTIF($A$3:$A$795,"<>") -> 793 | AA824: Days in run | AC824: =SUM($J$808:$J$809) -> 365 | AE824: Days in run | AG824: =SUM($Q$809:$Q$810) -> 366 | AI824: Days in run | AK824: =COUNTIF($A$3:$A$795,"<>") -> 793 | AL824: =COUNTIF($A$3:$A$795,"<>") -> 793 | AM824: =COUNTIF($A$3:$A$795,"<>") -> 793 | AN824: =COUNTIF($A$3:$A$795,"<>") -> 793 | AO824: =COUNTIF($A$3:$A$795,"<>") -> 793 | AQ824: Days in run | AS824: =SUM($J$808:$J$809) -> 365 | AT824: =SUM($J$808:$J$809) -> 365 | AU824: =SUM($J$808:$J$809) -> 365 | AV824: =SUM($J$808:$J$809) -> 365 | AW824: =SUM($J$808:$J$809) -> 365 | AY824: Days in run | BA824: =SUM($Q$809:$Q$810) -> 366 | BB824: =SUM($Q$809:$Q$810) -> 366 | BC824: =SUM($Q$809:$Q$810) -> 366 | BD824: =SUM($Q$809:$Q$810) -> 366 | BE824: =SUM($Q$809:$Q$810) -> 366
F825: WET SEASON 2 | H825: 10/1/19 - 3/31/20 | J825: =COUNTIF($A$368:$A$550,"<>") -> 183 | M825: DRY SEASON 1 | O825: 4/1/19 - 9/30/19 | Q825: =COUNTIF($A$185:$A$367,"<>") -> 183 | S825: Total measurements | U825: =$U$808*$U$807 -> 25376 | V825: DENOMINATOR FOR EXCEEDANCE % | AA825: Total measurements | AC825: =AC824*AC823 -> 11680 | AE825: Total measurements | AG825: =$AG$808*$AG$807 -> 11712 | AI825: Total measurements | AK825: =AK824*AK823 -> 25376 | AL825: =AL824*AL823 -> 6344 | AM825: =AM824*AM823 -> 7137 | AN825: =AN824*AN823 -> 4758 | AO825: =AO824*AO823 -> 7137 | AQ825: Total measurements | AS825: =AS824*AS823 -> 11680 | AT825: =AT824*AT823 -> 2920 | AU825: =AU824*AU823 -> 3285 | AV825: =AV824*AV823 -> 2190 | AW825: =AW824*AW823 -> 3285 | AY825: Total measurements | BA825: =BA824*BA823 -> 11712 | BB825: =BB824*BB823 -> 2928 | BC825: =BC824*BC823 -> 3294 | BD825: =BD824*BD823 -> 2196 | BE825: =BE824*BE823 -> 3294
F826: WET SEASON 3 | H826: 10/1/20 - 12/1/20 | J826: =COUNTIF($A$734:$A$795,"<>") -> 62 | M826: DRY SEASON 2 | O826: 4/1/20 - 9/30/20 | Q826: =COUNTIF($A$551:$A$733,"<>") -> 183 | S826: Measurements >= 2640 | U826: =SUM(B813:AG813) -> 6095 | V826: NUMERATOR FOR EXCEEDANCE % | AA826: Measurements >= 2640 | AC826: =SUM(B818:AG818) -> 2834 | AE826: Measurements >2640 | AG826: =SUM(B819:AG819) -> 2455 | AI826: Measurements >= 2,640 | AK826: =SUM(B813:AG813) -> 6095 | AL826: =SUM(B813:I813) -> 4909 | AM826: =SUM(J813:R813) -> 1186 | AN826: =SUM(S813:X813) -> 0 | AO826: =SUM(Y813:AG813) -> 0 | AQ826: Measurements >= 2,640 | AS826: =SUM(B818:AG818) -> 2834 | AT826: =SUM(B818:I818) -> 2374 | AU826: =SUM(J818:R818) -> 460 | AV826: =SUM(S818:X818) -> 0 | AW826: =SUM(Y818:AG818) -> 0 | AY826: Measurements >= 2,640 | BA826: =SUM(B819:AG819) -> 2455 | BB826: =SUM(B819:I819) -> 2039 | BC826: =SUM(J819:R819) -> 416 | BD826: =SUM(S819:X819) -> 0 | BE826: =SUM(Y819:AG819) -> 0
S827: % Total Run Exceedances | U827: =$U826/$U825 -> 0.24018758 | AA827: % WET Exceedances | AC827: =AC826/AC825 -> 0.24263699 | AE827: % DRY Exceedances | AG827: =AG826/AG825 -> 0.20961407 | AI827: % Total Run Exceedances | AK827: =AK826/AK825 -> 0.24018758 | AL827: =AL826/AL825 -> 0.77380202 | AM827: =AM826/AM825 -> 0.16617626 | AN827: =AN826/AN825 -> 0 | AO827: =AO826/AO825 -> 0 | AQ827: % WET Exceedances | AS827: =AS826/AS825 -> 0.24263699 | AT827: =AT826/AT825 -> 0.8130137 | AU827: =AU826/AU825 -> 0.14003044 | AV827: =AV826/AV825 -> 0 | AW827: =AW826/AW825 -> 0 | AY827: % DRY Exceedances | BA827: =BA826/BA825 -> 0.20961407 | BB827: =BB826/BB825 -> 0.69637978 | BC827: =BC826/BC825 -> 0.12629022 | BD827: =BD826/BD825 -> 0 | BE827: =BE826/BE825 -> 0
A829: TOTAL EXCEEDANCES | B829: =COUNTIF(B$3:B$795,">=3600") -> 650 | C829: =COUNTIF(C$3:C$795,">=3600") -> 362 | D829: =COUNTIF(D$3:D$795,">=3600") -> 647 | E829: =COUNTIF(E$3:E$795,">=3600") -> 648 | F829: =COUNTIF(F$3:F$795,">=3600") -> 584 | G829: =COUNTIF(G$3:G$795,">=3600") -> 455 | H829: =COUNTIF(H$3:H$795,">=3600") -> 634 | I829: =COUNTIF(I$3:I$795,">=3600") -> 639 | ... AG829: =COUNTIF(AG$3:AG$795,">=3600") -> 0
A830: WET 1 | B830: =COUNTIF(B$3:B$184,">=3600") -> 140 | C830: =COUNTIF(C$3:C$184,">=3600") -> 101 | D830: =COUNTIF(D$3:D$184,">=3600") -> 131 | E830: =COUNTIF(E$3:E$184,">=3600") -> 135 | F830: =COUNTIF(F$3:F$184,">=3600") -> 110 | G830: =COUNTIF(G$3:G$184,">=3600") -> 102 | H830: =COUNTIF(H$3:H$184,">=3600") -> 115 | I830: =COUNTIF(I$3:I$184,">=3600") -> 124 | ... AG830: =COUNTIF(AG$3:AG$184,">=3600") -> 0 | AH830: OCT 2018 - MARCH 2019
A831: WET 2 | B831: =COUNTIF(B$368:B$550,">=3600") -> 183 | C831: =COUNTIF(C$368:C$550,">=3600") -> 55 | D831: =COUNTIF(D$368:D$550,">=3600") -> 183 | E831: =COUNTIF(E$368:E$550,">=3600") -> 183 | F831: =COUNTIF(F$368:F$550,">=3600") -> 160 | G831: =COUNTIF(G$368:G$550,">=3600") -> 109 | H831: =COUNTIF(H$368:H$550,">=3600") -> 183 | I831: =COUNTIF(I$368:I$550,">=3600") -> 183 | ... AG831: =COUNTIF(AG$368:AG$550,">=3600") -> 0 | AH831: OCT 2019 - MARCH 2020
A832: DRY 1 | B832: =COUNTIF(B$185:B$367,">=3600") -> 82 | C832: =COUNTIF(C$185:C$367,">=3600") -> 0 | D832: =COUNTIF(D$185:D$367,">=3600") -> 88 | E832: =COUNTIF(E$185:E$367,">=3600") -> 85 | F832: =COUNTIF(F$185:F$367,">=3600") -> 69 | G832: =COUNTIF(G$185:G$367,">=3600") -> 10 | H832: =COUNTIF(H$185:H$367,">=3600") -> 91 | I832: =COUNTIF(I$185:I$367,">=3600") -> 87 | ... AG832: =COUNTIF(AG$185:AG$367,">=3600") -> 0 | AH832: APRIL 2019 - SEPTEMBER 2019
A833: DRY 2 | B833: =COUNTIF(B$551:B$733,">=3600") -> 183 | C833: =COUNTIF(C$551:C$733,">=3600") -> 144 | D833: =COUNTIF(D$551:D$733,">=3600") -> 183 | E833: =COUNTIF(E$551:E$733,">=3600") -> 183 | F833: =COUNTIF(F$551:F$733,">=3600") -> 183 | G833: =COUNTIF(G$551:G$733,">=3600") -> 172 | H833: =COUNTIF(H$551:H$733,">=3600") -> 183 | I833: =COUNTIF(I$551:I$733,">=3600") -> 183 | ... AG833: =COUNTIF(AG$551:AG$733,">=3600") -> 0 | AH833: APRIL 2020 - SEPTEMBER 2020
A834: ALL WET | B834: =SUM(B830,B831) -> 323 | C834: =SUM(C830,C831) -> 156 | D834: =SUM(D830,D831) -> 314 | E834: =SUM(E830,E831) -> 318 | F834: =SUM(F830,F831) -> 270 | G834: =SUM(G830,G831) -> 211 | H834: =SUM(H830,H831) -> 298 | I834: =SUM(I830,I831) -> 307 | ... AG834: =SUM(AG830,AG831) -> 0
A835: ALL DRY | B835: =SUM(B832,B833) -> 265 | C835: =SUM(C832,C833) -> 144 | D835: =SUM(D832,D833) -> 271 | E835: =SUM(E832,E833) -> 268 | F835: =SUM(F832,F833) -> 252 | G835: =SUM(G832,G833) -> 182 | H835: =SUM(H832,H833) -> 274 | I835: =SUM(I832,I833) -> 270 | ... AG835: =SUM(AG832,AG833) -> 0
D837: Waterfowl | F837: THRESHOLD: 3,600 MICROSIEMENS/CM (EC) | S837: WATERFOWL | AA837: WATERFOWL | AE837: WATERFOWL | AI837: WATERFOWL | AQ837: WATERFOWL | AY837: WATERFOWL
F838: WET SEASON | S838: TOTAL RUN | AA838: WET SEASONS | AE838: DRY SEASONS | AI838: TOTAL RUN | AK838: Delta-Wide | AL838: Suisun | AM838: Central Delta | AN838: North Delta | AO838: South Delta | AQ838: WET SEASONS | AS838: Delta-Wide | AT838: Suisun | AU838: Central Delta | AV838: North Delta | AW838: South Delta | AY838: DRY SEASONS | BA838: Delta-Wide | BB838: Suisun | BC838: Central Delta | BD838: North Delta | BE838: South Delta
F839: OCTOBER 1 - MARCH 31 | M839: DRY SEASON | S839: Total points | U839: =COUNTIF($B$2:$AG$2,"<>") -> 32 | AA839: Total points | AC839: =$U$807 -> 32 | AE839: Total points | AG839: =$U$807 -> 32 | AI839: Total points | AK839: =COUNTIF($B$2:$AG$2,"<>") -> 32 | AL839: =COUNTIF($B$2:$I$2,"<>") -> 8 | AM839: =COUNTIF($J$2:$R$2,"<>") -> 9 | AN839: =COUNTIF($S$2:$X$2,"<>") -> 6 | AO839: =COUNTIF($Y$2:$AG$2,"<>") -> 9 | AQ839: Total points | AS839: =COUNTIF($B$2:$AG$2,"<>") -> 32 | AT839: =COUNTIF($B$2:$I$2,"<>") -> 8 | AU839: =COUNTIF($J$2:$R$2,"<>") -> 9 | AV839: =COUNTIF($S$2:$X$2,"<>") -> 6 | AW839: =COUNTIF($Y$2:$AG$2,"<>") -> 9 | AY839: Total points | BA839: =COUNTIF($B$2:$AG$2,"<>") -> 32 | BB839: =COUNTIF($B$2:$I$2,"<>") -> 8 | BC839: =COUNTIF($J$2:$R$2,"<>") -> 9 | BD839: =COUNTIF($S$2:$X$2,"<>") -> 6 | BE839: =COUNTIF($Y$2:$AG$2,"<>") -> 9
F840: WET SEASON 1 | H840: 10/1/18 - 3/31/19 | J840: =COUNTIF($A$3:$A$184,"<>") -> 182 | M840: APRIL 1 - SEPTEMBER 30 | S840: Days in run | U840: =COUNTIF($A$3:$A$795,"<>") -> 793 | AA840: Days in run | AC840: =SUM($J$808:$J$809) -> 365 | AE840: Days in run | AG840: =SUM($Q$809:$Q$810) -> 366 | AI840: Days in run | AK840: =COUNTIF($A$3:$A$795,"<>") -> 793 | AL840: =COUNTIF($A$3:$A$795,"<>") -> 793 | AM840: =COUNTIF($A$3:$A$795,"<>") -> 793 | AN840: =COUNTIF($A$3:$A$795,"<>") -> 793 | AO840: =COUNTIF($A$3:$A$795,"<>") -> 793 | AQ840: Days in run | AS840: =SUM($J$808:$J$809) -> 365 | AT840: =SUM($J$808:$J$809) -> 365 | AU840: =SUM($J$808:$J$809) -> 365 | AV840: =SUM($J$808:$J$809) -> 365 | AW840: =SUM($J$808:$J$809) -> 365 | AY840: Days in run | BA840: =SUM($Q$809:$Q$810) -> 366 | BB840: =SUM($Q$809:$Q$810) -> 366 | BC840: =SUM($Q$809:$Q$810) -> 366 | BD840: =SUM($Q$809:$Q$810) -> 366 | BE840: =SUM($Q$809:$Q$810) -> 366
F841: WET SEASON 2 | H841: 10/1/19 - 3/31/20 | J841: =COUNTIF($A$368:$A$550,"<>") -> 183 | M841: DRY SEASON 1 | O841: 4/1/19 - 9/30/19 | Q841: =COUNTIF($A$185:$A$367,"<>") -> 183 | S841: Total measurements | U841: =$U$808*$U$807 -> 25376 | V841: DENOMINATOR FOR EXCEEDANCE % | AA841: Total measurements | AC841: =AC840*AC839 -> 11680 | AE841: Total measurements | AG841: =$AG$808*$AG$807 -> 11712 | AI841: Total measurements | AK841: =AK840*AK839 -> 25376 | AL841: =AL840*AL839 -> 6344 | AM841: =AM840*AM839 -> 7137 | AN841: =AN840*AN839 -> 4758 | AO841: =AO840*AO839 -> 7137 | AQ841: Total measurements | AS841: =AS840*AS839 -> 11680 | AT841: =AT840*AT839 -> 2920 | AU841: =AU840*AU839 -> 3285 | AV841: =AV840*AV839 -> 2190 | AW841: =AW840*AW839 -> 3285 | AY841: Total measurements | BA841: =BA840*BA839 -> 11712 | BB841: =BB840*BB839 -> 2928 | BC841: =BC840*BC839 -> 3294 | BD841: =BD840*BD839 -> 2196 | BE841: =BE840*BE839 -> 3294
F842: WET SEASON 3 | H842: 10/1/20 - 12/1/20 | J842: =COUNTIF($A$734:$A$795,"<>") -> 62 | M842: DRY SEASON 2 | O842: 4/1/20 - 9/30/20 | Q842: =COUNTIF($A$551:$A$733,"<>") -> 183 | S842: Measurements >= 3,600 | U842: =SUM(B829:AG829) -> 5430 | V842: NUMERATOR FOR EXCEEDANCE % | AA842: Measurements >= 3,600 | AC842: =SUM(B834:AG834) -> 2545 | AE842: Measurements >3,600 | AG842: =SUM(B835:AG835) -> 2223 | AI842: Measurements >= 3,600 | AK842: =SUM(B829:AG829) -> 5430 | AL842: =SUM(B829:I829) -> 4619 | AM842: =SUM(J829:R829) -> 811 | AN842: =SUM(S829:X829) -> 0 | AO842: =SUM(Y829:AG829) -> 0 | AQ842: Measurements >= 3,600 | AS842: =SUM(B834:AG834) -> 2545 | AT842: =SUM(B834:I834) -> 2197 | AU842: =SUM(J834:R834) -> 348 | AV842: =SUM(S834:X834) -> 0 | AW842: =SUM(Y834:AG834) -> 0 | AY842: Measurements >= 3,600 | BA842: =SUM(B835:AG835) -> 2223 | BB842: =SUM(B835:I835) -> 1926 | BC842: =SUM(J835:R835) -> 297 | BD842: =SUM(S835:X835) -> 0 | BE842: =SUM(Y835:AG835) -> 0
S843: % Total Run Exceedances | U843: =$U842/$U841 -> 0.21398172 | AA843: % WET Exceedances | AC843: =AC842/AC841 -> 0.21789384 | AE843: % DRY Exceedances | AG843: =AG842/AG841 -> 0.18980533 | AI843: % Total Run Exceedances | AK843: =AK842/AK841 -> 0.21398172 | AL843: =AL842/AL841 -> 0.72808953 | AM843: =AM842/AM841 -> 0.11363318 | AN843: =AN842/AN841 -> 0 | AO843: =AO842/AO841 -> 0 | AQ843: % WET Exceedances | AS843: =AS842/AS841 -> 0.21789384 | AT843: =AT842/AT841 -> 0.75239726 | AU843: =AU842/AU841 -> 0.10593607 | AV843: =AV842/AV841 -> 0 | AW843: =AW842/AW841 -> 0 | AY843: % DRY Exceedances | BA843: =BA842/BA841 -> 0.18980533 | BB843: =BB842/BB841 -> 0.65778689 | BC843: =BC842/BC841 -> 0.090163934 | BD843: =BD842/BD841 -> 0 | BE843: =BE842/BE841 -> 0
A845: TOTAL EXCEEDANCES | B845: =COUNTIF(B$3:B$795,">=9130") -> 517 | C845: =COUNTIF(C$3:C$795,">=9130") -> 154 | D845: =COUNTIF(D$3:D$795,">=9130") -> 494 | E845: =COUNTIF(E$3:E$795,">=9130") -> 520 | F845: =COUNTIF(F$3:F$795,">=9130") -> 289 | G845: =COUNTIF(G$3:G$795,">=9130") -> 222 | H845: =COUNTIF(H$3:H$795,">=9130") -> 469 | I845: =COUNTIF(I$3:I$795,">=9130") -> 562 | ... AG845: =COUNTIF(AG$3:AG$795,">=9130") -> 0
A846: WET 1 | B846: =COUNTIF(B$3:B$184,">=9130") -> 115 | C846: =COUNTIF(C$3:C$184,">=9130") -> 31 | D846: =COUNTIF(D$3:D$184,">=9130") -> 106 | E846: =COUNTIF(E$3:E$184,">=9130") -> 112 | F846: =COUNTIF(F$3:F$184,">=9130") -> 97 | G846: =COUNTIF(G$3:G$184,">=9130") -> 81 | H846: =COUNTIF(H$3:H$184,">=9130") -> 104 | I846: =COUNTIF(I$3:I$184,">=9130") -> 113 | ... AG846: =COUNTIF(AG$3:AG$184,">=9130") -> 0 | AH846: OCT 2018 - MARCH 2019
A847: WET 2 | B847: =COUNTIF(B$368:B$550,">=9130") -> 132 | C847: =COUNTIF(C$368:C$550,">=9130") -> 0 | D847: =COUNTIF(D$368:D$550,">=9130") -> 111 | E847: =COUNTIF(E$368:E$550,">=9130") -> 129 | F847: =COUNTIF(F$368:F$550,">=9130") -> 17 | G847: =COUNTIF(G$368:G$550,">=9130") -> 6 | H847: =COUNTIF(H$368:H$550,">=9130") -> 119 | I847: =COUNTIF(I$368:I$550,">=9130") -> 156 | ... AG847: =COUNTIF(AG$368:AG$550,">=9130") -> 0 | AH847: OCT 2019 - MARCH 2020
A848: DRY 1 | B848: =COUNTIF(B$185:B$367,">=9130") -> 58 | C848: =COUNTIF(C$185:C$367,">=9130") -> 0 | D848: =COUNTIF(D$185:D$367,">=9130") -> 63 | E848: =COUNTIF(E$185:E$367,">=9130") -> 62 | F848: =COUNTIF(F$185:F$367,">=9130") -> 0 | G848: =COUNTIF(G$185:G$367,">=9130") -> 0 | H848: =COUNTIF(H$185:H$367,">=9130") -> 10 | I848: =COUNTIF(I$185:I$367,">=9130") -> 49 | ... AG848: =COUNTIF(AG$185:AG$367,">=9130") -> 0 | AH848: APRIL 2019 - SEPTEMBER 2019
A849: DRY 2 | B849: =COUNTIF(B$551:B$733,">=9130") -> 150 | C849: =COUNTIF(C$551:C$733,">=9130") -> 61 | D849: =COUNTIF(D$551:D$733,">=9130") -> 152 | E849: =COUNTIF(E$551:E$733,">=9130") -> 155 | F849: =COUNTIF(F$551:F$733,">=9130") -> 113 | G849: =COUNTIF(G$551:G$733,">=9130") -> 74 | H849: =COUNTIF(H$551:H$733,">=9130") -> 174 | I849: =COUNTIF(I$551:I$733,">=9130") -> 182 | ... AG849: =COUNTIF(AG$551:AG$733,">=9130") -> 0 | AH849: APRIL 2020 - SEPTEMBER 2020
A850: ALL WET | B850: =SUM(B846,B847) -> 247 | C850: =SUM(C846,C847) -> 31 | D850: =SUM(D846,D847) -> 217 | E850: =SUM(E846,E847) -> 241 | F850: =SUM(F846,F847) -> 114 | G850: =SUM(G846,G847) -> 87 | H850: =SUM(H846,H847) -> 223 | I850: =SUM(I846,I847) -> 269 | ... AG850: =SUM(AG846,AG847) -> 0
A851: ALL DRY | B851: =SUM(B848,B849) -> 208 | C851: =SUM(C848,C849) -> 61 | D851: =SUM(D848,D849) -> 215 | E851: =SUM(E848,E849) -> 217 | F851: =SUM(F848,F849) -> 113 | G851: =SUM(G848,G849) -> 74 | H851: =SUM(H848,H849) -> 184 | I851: =SUM(I848,I849) -> 231 | ... AG851: =SUM(AG848,AG849) -> 0
D853: Angling | F853: THRESHOLD: 9,130 MICROSIEMENS/CM (EC) | S853: ANGLING | AA853: ANGLING | AE853: SP DAY USE | AI853: ANGLING | AQ853: ANGLING | AY853: ANGLING
F854: WET SEASON | S854: TOTAL RUN | AA854: WET SEASONS | AE854: DRY SEASONS | AI854: TOTAL RUN | AK854: Delta-Wide | AL854: Suisun | AM854: Central Delta | AN854: North Delta | AO854: South Delta | AQ854: WET SEASONS | AS854: Delta-Wide | AT854: Suisun | AU854: Central Delta | AV854: North Delta | AW854: South Delta | AY854: DRY SEASONS | BA854: Delta-Wide | BB854: Suisun | BC854: Central Delta | BD854: North Delta | BE854: South Delta
F855: OCTOBER 1 - MARCH 31 | M855: DRY SEASON | S855: Total points | U855: =COUNTIF($B$2:$AG$2,"<>") -> 32 | AA855: Total points | AC855: =$U$807 -> 32 | AE855: Total points | AG855: =$U$807 -> 32 | AI855: Total points | AK855: =COUNTIF($B$2:$AG$2,"<>") -> 32 | AL855: =COUNTIF($B$2:$I$2,"<>") -> 8 | AM855: =COUNTIF($J$2:$R$2,"<>") -> 9 | AN855: =COUNTIF($S$2:$X$2,"<>") -> 6 | AO855: =COUNTIF($Y$2:$AG$2,"<>") -> 9 | AQ855: Total points | AS855: =COUNTIF($B$2:$AG$2,"<>") -> 32 | AT855: =COUNTIF($B$2:$I$2,"<>") -> 8 | AU855: =COUNTIF($J$2:$R$2,"<>") -> 9 | AV855: =COUNTIF($S$2:$X$2,"<>") -> 6 | AW855: =COUNTIF($Y$2:$AG$2,"<>") -> 9 | AY855: Total points | BA855: =COUNTIF($B$2:$AG$2,"<>") -> 32 | BB855: =COUNTIF($B$2:$I$2,"<>") -> 8 | BC855: =COUNTIF($J$2:$R$2,"<>") -> 9 | BD855: =COUNTIF($S$2:$X$2,"<>") -> 6 | BE855: =COUNTIF($Y$2:$AG$2,"<>") -> 9
F856: WET SEASON 1 | H856: 10/1/18 - 3/31/19 | J856: =COUNTIF($A$3:$A$184,"<>") -> 182 | M856: APRIL 1 - SEPTEMBER 30 | S856: Days in run | U856: =COUNTIF($A$3:$A$795,"<>") -> 793 | AA856: Days in run | AC856: =SUM($J$808:$J$809) -> 365 | AE856: Days in run | AG856: =SUM($Q$809:$Q$810) -> 366 | AI856: Days in run | AK856: =COUNTIF($A$3:$A$795,"<>") -> 793 | AL856: =COUNTIF($A$3:$A$795,"<>") -> 793 | AM856: =COUNTIF($A$3:$A$795,"<>") -> 793 | AN856: =COUNTIF($A$3:$A$795,"<>") -> 793 | AO856: =COUNTIF($A$3:$A$795,"<>") -> 793 | AQ856: Days in run | AS856: =SUM($J$808:$J$809) -> 365 | AT856: =SUM($J$808:$J$809) -> 365 | AU856: =SUM($J$808:$J$809) -> 365 | AV856: =SUM($J$808:$J$809) -> 365 | AW856: =SUM($J$808:$J$809) -> 365 | AY856: Days in run | BA856: =SUM($Q$809:$Q$810) -> 366 | BB856: =SUM($Q$809:$Q$810) -> 366 | BC856: =SUM($Q$809:$Q$810) -> 366 | BD856: =SUM($Q$809:$Q$810) -> 366 | BE856: =SUM($Q$809:$Q$810) -> 366
F857: WET SEASON 2 | H857: 10/1/19 - 3/31/20 | J857: =COUNTIF($A$368:$A$550,"<>") -> 183 | M857: DRY SEASON 1 | O857: 4/1/19 - 9/30/19 | Q857: =COUNTIF($A$185:$A$367,"<>") -> 183 | S857: Total measurements | U857: =$U$808*$U$807 -> 25376 | V857: DENOMINATOR FOR EXCEEDANCE % | AA857: Total measurements | AC857: =AC856*AC855 -> 11680 | AE857: Total measurements | AG857: =$AG$808*$AG$807 -> 11712 | AI857: Total measurements | AK857: =AK856*AK855 -> 25376 | AL857: =AL856*AL855 -> 6344 | AM857: =AM856*AM855 -> 7137 | AN857: =AN856*AN855 -> 4758 | AO857: =AO856*AO855 -> 7137 | AQ857: Total measurements | AS857: =AS856*AS855 -> 11680 | AT857: =AT856*AT855 -> 2920 | AU857: =AU856*AU855 -> 3285 | AV857: =AV856*AV855 -> 2190 | AW857: =AW856*AW855 -> 3285 | AY857: Total measurements | BA857: =BA856*BA855 -> 11712 | BB857: =BB856*BB855 -> 2928 | BC857: =BC856*BC855 -> 3294 | BD857: =BD856*BD855 -> 2196 | BE857: =BE856*BE855 -> 3294
F858: WET SEASON 3 | H858: 10/1/20 - 12/1/20 | J858: =COUNTIF($A$734:$A$795,"<>") -> 62 | M858: DRY SEASON 2 | O858: 4/1/20 - 9/30/20 | Q858: =COUNTIF($A$551:$A$733,"<>") -> 183 | S858: Measurements >= 9,130 | U858: =SUM(B845:AG845) -> 3531 | V858: NUMERATOR FOR EXCEEDANCE % | AA858: Measurements >= 9,130 | AC858: =SUM(B850:AG850) -> 1532 | AE858: Measurements >9,130 | AG858: =SUM(B851:AG851) -> 1391 | AI858: Measurements >= 9,130 | AK858: =SUM(B845:AG845) -> 3531 | AL858: =SUM(B845:I845) -> 3227 | AM858: =SUM(J845:R845) -> 304 | AN858: =SUM(S845:X845) -> 0 | AO858: =SUM(Y845:AG845) -> 0 | AQ858: Measurements >= 9,130 | AS858: =SUM(B850:AG850) -> 1532 | AT858: =SUM(B850:I850) -> 1429 | AU858: =SUM(J850:R850) -> 103 | AV858: =SUM(S850:X850) -> 0 | AW858: =SUM(Y850:AG850) -> 0 | AY858: Measurements >= 9,130 | BA858: =SUM(B851:AG851) -> 1391 | BB858: =SUM(B851:I851) -> 1303 | BC858: =SUM(J851:R851) -> 88 | BD858: =SUM(S851:X851) -> 0 | BE858: =SUM(Y851:AG851) -> 0
S859: % Total Run Exceedances | U859: =$U858/$U857 -> 0.13914723 | AA859: % WET Exceedances | AC859: =AC858/AC857 -> 0.13116438 | AE859: % DRY Exceedances | AG859: =AG858/AG857 -> 0.11876708 | AI859: % Total Run Exceedances | AK859: =AK858/AK857 -> 0.13914723 | AL859: =AL858/AL857 -> 0.50866961 | AM859: =AM858/AM857 -> 0.042594928 | AN859: =AN858/AN857 -> 0 | AO859: =AO858/AO857 -> 0 | AQ859: % WET Exceedances | AS859: =AS858/AS857 -> 0.13116438 | AT859: =AT858/AT857 -> 0.48938356 | AU859: =AU858/AU857 -> 0.031354642 | AV859: =AV858/AV857 -> 0 | AW859: =AW858/AW857 -> 0 | AY859: % DRY Exceedances | BA859: =BA858/BA857 -> 0.11876708 | BB859: =BB858/BB857 -> 0.44501366 | BC859: =BC858/BC857 -> 0.02671524 | BD859: =BD858/BD857 -> 0 | BE859: =BE858/BE857 -> 0

Sheet NGW
B1: Suisun | J1: Central Delta | S1: North Delta | Y1: South Delta
A2: Date | B2: CHADBOURNE SLOUGH AT SUNRISE DUCK CLUB | C2: MONTEZUMA SLOUGH AT NATIONAL STEEL | D2: MONTEZUMA SLOUGH NEAR BELDENS LANDING | E2: SUISUN SLOUGH 300' SOUTH OF VOLANTI SLOUGH | F2: HONKER BAY | G2: SUISUN BAY AT VAN SICKLE ISLAND | H2: SUISUN BAY WEST REACH | I2: GRIZZLY BAY BUOY | J2: DUTCH SL BELOW JERSEY ISLAND | K2: FALSE RIVER NEAR OAKLEY | L2: OLD RIVER AT FRANKS TRACT | M2: PITTSBURG | N2: SACRAMENTO RIVER AT EMMATON | O2: SAN ANDREAS LANDING | P2: SAN JOAQUIN RIVER AT JERSEY POINT | Q2: SUISUN BAY AT CHANNEL MARKER 5 AT COLLINSVILLE | R2: BRANNAN MARINAS AT SAN JOAQUIN RIVER | S2: LIBERTY CUT AT FIVE POINTS | T2: CACHE SLOUGH ABOVE RYER ISLAND FERRY | U2: DELTA CROSS CHANNEL NEAR WALNUT GROVE | V2: SACRAMENTO RIVER DOWNSTREAM OF ISLETON | W2: COURTLAND AT SACRAMENTO RIVER | X2: VIERAS RESORT AT SACRAMENTO RIVER | Y2: GRANT LINE CANAL NEAR CLIFTON COURT FORE | Z2: LITTLE POTATO SLOUGH AT TERMINOUS | AA2: MIDDLE RIVER AT MILDRED ISLAND | AB2: OLD RIVER AT CLIFTON COURT | AC2: SAN JOAQUIN RIVER AT BRANDT BRIDGE | AD2: SAN JOAQUIN RIVER AT PRISONERS POINT | AE2: SAN JOAQUIN RIVER NEAR VERNALIS | AF2: SAN JOAQUIN RVER AT ROUGH AND READY ISLAND | AG2: VICTORIA CANAL BEFORE CLIFTON COURT FORE
A3: 43374 | B3: 16776.727 | C3: 7018.928 | D3: 17100.361 | E3: 17210.887 | F3: 11944.516 | G3: 9184.374 | H3: 16857.547 | I3: 17399.06 | J3: 1727.7596 | K3: 1552.811 | L3: 783.1243 | M3: 8890.074 | N3: 1335.8192 | O3: 753.92505 | P3: 1805.3241 | Q3: 6190.596 | R3: 990.278 | S3: 296.5805 | T3: 140.8975 | U3: 109.18191 | V3: 122.43666 | W3: 110.72357 | X3: 114.85312 | Y3: 471.7031 | Z3: 132.44742 | AA3: 558.6983 | AB3: 735.89294 | AC3: 422.47095 | AD3: 627.5714 | AE3: 448.86038 | AF3: 442.49762 | AG3: 541.71515
A4: 43375 | B4: 16901.346 | C4: 7026.3306 | D4: 17353.559 | E4: 17379.96 | F4: 12238.39 | G4: 9467.081 | H4: 17156.162 | I4: 17560.033 | J4: 1726.2118 | K4: 1598.4669 | L4: 807.7302 | M4: 9142.298 | N4: 1456.0493 | O4: 782.9641 | P4: 1872.1388 | Q4: 6425.389 | R4: 1018.1517 | S4: 287.17453 | T4: 140.5591 | U4: 109.94541 | V4: 119.95237 | W4: 109.18005 | X4: 111.59255 | Y4: 488.71448 | Z4: 132.20741 | AA4: 551.4539 | AB4: 731.44415 | AC4: 430.36252 | AD4: 642.5158 | AE4: 480.7754 | AF4: 440.934 | AG4: 535.0454
A5: 43376 | B5: 17034.592 | C5: 7127.3804 | D5: 17370.955 | E5: 17441.541 | F5: 12296.866 | G5: 9302.558 | H5: 16790.928 | I5: 17720.059 | J5: 1728.0468 | K5: 1585.6469 | L5: 818.49506 | M5: 8861.487 | N5: 1368.0219 | O5: 763.2154 | P5: 1858.3717 | Q5: 6338.565 | R5: 1019.5483 | S5: 283.4269 | T5: 138.1656 | U5: 109.27209 | V5: 119.54409 | W5: 109.15772 | X5: 113.10699 | Y5: 511.5973 | Z5: 132.97406 | AA5: 545.5074 | AB5: 723.8997 | AC5: 434.44397 | AD5: 644.5717 | AE5: 498.2621 | AF5: 440.22537 | AG5: 531.704
A6: 43377 | B6: 17177.34 | C6: 7232.2114 | D6: 17354.543 | E6: 17483.74 | F6: 12144.984 | G6: 8998.873 | H6: 16402.986 | I6: 17913.027 | J6: 1732.2119 | K6: 1555.1401 | L6: 824.53033 | M6: 8524.592 | N6: 1253.2252 | O6: 731.57587 | P6: 1828.7476 | Q6: 6103.617 | R6: 999.4685 | S6: 278.3703 | T6: 136.51375 | U6: 109.46823 | V6: 118.1706 | W6: 109.27328 | X6: 112.04871 | Y6: 537.5219 | Z6: 133.20314 | AA6: 541.19574 | AB6: 723.0637 | AC6: 438.7787 | AD6: 641.4043 | AE6: 445.90475 | AF6: 440.96225 | AG6: 530.08075
A7: 43378 | B7: 17310.861 | C7: 7289.2095 | D7: 17261.695 | E7: 17479.205 | F7: 11701.155 | G7: 8516.959 | H7: 15758.5 | I7: 18190.867 | J7: 1730.482 | K7: 1523.8555 | L7: 810.06903 | M7: 8046.886 | N7: 1123.1317 | O7: 678.35645 | P7: 1778.4554 | Q7: 5698.246 | R7: 946.73175 | S7: 274.95737 | T7: 136.4395 | U7: 106.24828 | V7: 118.38312 | W7: 104.33498 | X7: 112.32649 | Y7: 555.46606 | Z7: 132.04512 | AA7: 540.5804 | AB7: 712.87726 | AC7: 448.92715 | AD7: 627.7091 | AE7: 449.29773 | AF7: 444.3254 | AG7: 525.0822
A8: 43379 | B8: 17438.33 | C8: 7237.6724 | D8: 17388.229 | E8: 17591.658 | F8: 11579.173 | G8: 8701.147 | H8: 16123.642 | I8: 18258.611 | J8: 1732.3888 | K8: 1544.6793 | L8: 782.1055 | M8: 8218.54 | N8: 1212.7533 | O8: 697.88434 | P8: 1795.7388 | Q8: 5878.724 | R8: 958.87933 | S8: 262.78287 | T8: 136.26631 | U8: 108.89169 | V8: 119.00223 | W8: 119.09356 | X8: 112.42688 | Y8: 585.50116 | Z8: 131.3395 | AA8: 542.15436 | AB8: 713.9804 | AC8: 450.9188 | AD8: 610.22516 | AE8: 465.14456 | AF8: 447.73547 | AG8: 522.405
A9: 43380 | B9: 17554.717 | C9: 7283.8745 | D9: 17370.39 | E9: 17623.553 | F9: 11424.038 | G9: 8519.196 | H9: 15751.062 | I9: 18359.178 | J9: 1735.2472 | K9: 1504.849 | L9: 761.2973 | M9: 7896.4146 | N9: 1145.984 | O9: 682.0129 | P9: 1761.4633 | Q9: 5728.2246 | R9: 937.16376 | S9: 254.60374 | T9: 135.48752 | U9: 120.88033 | V9: 117.55112 | W9: 116.53799 | X9: 110.93137 | Y9: 582.10016 | Z9: 130.21877 | AA9: 541.5835 | AB9: 721.6591 | AC9: 453.51486 | AD9: 582.09 | AE9: 457.11743 | AF9: 451.026 | AG9: 521.7149
A10: 43381 | B10: 17663.424 | C10: 7240.815 | D10: 17531.324 | E10: 17762.346 | F10: 11369.14 | G10: 8840.114 | H10: 16512.703 | I10: 18220.346 | J10: 1723.0511 | K10: 1541.6827 | L10: 755.685 | M10: 8355.364 | N10: 1297.3293 | O10: 704.87054 | P10: 1780.579 | Q10: 6011.717 | R10: 954.89105 | S10: 247.19904 | T10: 136.65202 | U10: 113.26171 | V10: 126.73212 | W10: 112.75591 | X10: 121.57604 | Y10: 601.2381 | Z10: 133.25664 | AA10: 532.33905 | AB10: 722.1536 | AC10: 464.0909 | AD10: 582.2851 | AE10: 433.6356 | AF10: 454.1434 | AG10: 526.5822
A11: 43382 | B11: 17793.168 | C11: 7599.729 | D11: 17917.842 | E11: 18027.178 | F11: 12406.03 | G11: 10194.405 | H11: 18266.744 | I11: 18155.396 | J11: 1720.8428 | K11: 1634.4937 | L11: 795.1174 | M11: 9635.737 | N11: 1910.422 | O11: 821.79816 | P11: 1894.8926 | Q11: 7144.3335 | R11: 1059.4427 | S11: 236.41797 | T11: 145.21576 | U11: 114.811 | V11: 135.22679 | W11: 114.11951 | X11: 124.68576 | Y11: 607.42633 | Z11: 136.25159 | AA11: 517.66754 | AB11: 709.9328 | AC11: 454.079 | AD11: 622.2637 | AE11: 425.36978 | AF11: 456.00964 | AG11: 523.15094
A12: 43383 | B12: 17960.959 | C12: 8182.283 | D12: 18388.697 | E12: 18410.771 | F12: 13893.785 | G12: 11417.352 | H12: 19586.197 | I12: 18309.01 | J12: 1737.8564 | K12: 1732.1533 | L12: 864.0998 | M12: 10827.854 | N12: 2601.6418 | O12: 911.9727 | P12: 2042.391 | Q12: 8265.101 | R12: 1145.4773 | S12: 227.19237 | T12: 161.47482 | U12: 120.38599 | V12: 145.67271 | W12: 128.84016 | X12: 125.35049 | Y12: 614.5194 | Z12: 139.15752 | AA12: 512.32086 | AB12: 710.6176 | AC12: 441.47202 | AD12: 681.06134 | AE12: 448.22903 | AF12: 457.65002 | AG12: 512.21576
A13: 43384 | B13: 18154.055 | C13: 8559.429 | D13: 18640.162 | E13: 18677.107 | F13: 14376.009 | G13: 11494.013 | H13: 19541.271 | I13: 18587.72 | J13: 1757.5052 | K13: 1741.1089 | L13: 890.15106 | M13: 10915.68 | N13: 2680.3103 | O13: 873.9804 | P13: 2065.509 | Q13: 8429.344 | R13: 1127.0616 | S13: 224.15456 | T13: 164.26674 | U13: 121.88783 | V13: 146.30394 | W13: 120.1413 | X13: 125.03491 | Y13: 614.0498 | Z13: 139.21725 | AA13: 512.84656 | AB13: 703.30707 | AC13: 432.62863 | AD13: 695.13544 | AE13: 473.5988 | AF13: 458.80716 | AG13: 505.44653
A14: 43385 | B14: 18339.03 | C14: 8635.356 | D14: 18743.031 | E14: 18815.55 | F14: 14154.388 | G14: 11073.015 | H14: 18929.682 | I14: 18975.559 | J14: 1768.3585 | K14: 1719.8092 | L14: 870.3653 | M14: 10557.979 | N14: 2409.9788 | O14: 813.4622 | P14: 2035.6069 | Q14: 8053.4277 | R14: 1074.8821 | S14: 220.43977 | T14: 158.04964 | U14: 119.66974 | V14: 144.27835 | W14: 117.29765 | X14: 130.9243 | Y14: 601.8748 | Z14: 138.74794 | AA14: 519.4525 | AB14: 696.99994 | AC14: 446.6421 | AD14: 678.5559 | AE14: 482.0358 | AF14: 457.11484 | AG14: 504.9547
... A795: 44166 | B795: 18686.646 | C795: 13260.743 | D795: 13088.445 | E795: 18766.44 | F795: 17337.525 | G795: 9193.9 | H795: 14531.171 | I795: 21351.178 | J795: 2534.8235 | K795: 2198.123 | L795: 1569.153 | M795: 8567.654 | N795: 2236.765 | O795: 548.9131 | P795: 2349.9673 | Q795: 5536.83 | R795: 1121.7153 | S795: 209.8319 | T795: 199.57724 | U795: 141.1265 | V795: 146.63187 | W795: 144.70006 | X795: 145.8764 | Y795: 853.9271 | Z795: 185.14206 | AA795: 973.8653 | AB795: 1100.5455 | AC795: 648.7727 | AD795: 1108.6311 | AE795: 799.69885 | AF795: 481.46613 | AG795: 954.08264
A796: TOTAL EXCEEDANCES | B796: =COUNTIF(B$3:B$795,">=1000") -> 705 | C796: =COUNTIF(C$3:C$795,">=1000") -> 617 | D796: =COUNTIF(D$3:D$795,">=1000") -> 703 | E796: =COUNTIF(E$3:E$795,">=1000") -> 712 | F796: =COUNTIF(F$3:F$795,">=1000") -> 637 | G796: =COUNTIF(G$3:G$795,">=1000") -> 630 | H796: =COUNTIF(H$3:H$795,">=1000") -> 669 | I796: =COUNTIF(I$3:I$795,">=1000") -> 675 | ... AG796: =COUNTIF(AG$3:AG$795,">=1000") -> 0
A797: WET 1 | B797: =COUNTIF(B$3:B$184,">=1000") -> 172 | C797: =COUNTIF(C$3:C$184,">=1000") -> 110 | D797: =COUNTIF(D$3:D$184,">=1000") -> 164 | E797: =COUNTIF(E$3:E$184,">=1000") -> 172 | F797: =COUNTIF(F$3:F$184,">=1000") -> 117 | G797: =COUNTIF(G$3:G$184,">=1000") -> 112 | H797: =COUNTIF(H$3:H$184,">=1000") -> 130 | I797: =COUNTIF(I$3:I$184,">=1000") -> 143 | ... AG797: =COUNTIF(AG$3:AG$184,">=1000") -> 0 | AH797: OCT 2018 - MARCH 2019
A798: WET 2 | B798: =COUNTIF(B$368:B$550,">=1000") -> 183 | C798: =COUNTIF(C$368:C$550,">=1000") -> 183 | D798: =COUNTIF(D$368:D$550,">=1000") -> 183 | E798: =COUNTIF(E$368:E$550,">=1000") -> 183 | F798: =COUNTIF(F$368:F$550,">=1000") -> 183 | G798: =COUNTIF(G$368:G$550,">=1000") -> 183 | H798: =COUNTIF(H$368:H$550,">=1000") -> 183 | I798: =COUNTIF(I$368:I$550,">=1000") -> 183 | ... AG798: =COUNTIF(AG$368:AG$550,">=1000") -> 0 | AH798: OCT 2019 - MARCH 2020
