Workbook

Sheet OVERALL
V1: Notes: 1. Most exceedances happen in Suisun, in line with wider observations, followed by Central Delta exceedances, and thresholds also follow activity-specific gradients. As a result, angling, the activity with the highest activity threshold, shows zero exceedances in both the North and South Delta, alongside birding and waterfowl. Boating, meanwhile, is the only activity that crosses the threshold in the North and South, at a rate of about 2%. Historic baseine, and -10% outflows show exceedances at similar rates. 2. Scenario rankings (-5 to 5 vs Historical Baseline) show deviations from each other vs baselin.e, with +30% added flows and -10% flows. Positive moves on the scale are most pronounced in the Central Delta, which shows the largest positive moves across activities. 3. Under seasonality analysis, dry seasons exceed thresholds more often than wet seasons for every activity. in contrastn the Ither handn the opposOite side, extra outflow helps Suisun during wet periods.
C2: TOTAL RUN SCORES | I2: WET SEASON SCORES | O2: DRY SEASON SCORES
D3: REGION | E3: Historical Baseline | F3: +30% Outflow | G3: -10% Outflow | J3: REGION | K3: Historical Baseline | L3: +30% Outflow | M3: -10% Outflow | P3: REGION | Q3: Historical Baseline | R3: +30% Outflow | S3: -10% Outflow
C4: SP DAY USE & BOATING | D4: Delta-Wide | E4: =-MAX(-5,MIN(5,ROUND((D$39-D$39)*100,0))) -> 0 | F4: =-MAX(-5,MIN(5,ROUND((D$47-D$39)*100,0))) -> 5 | G4: =-MAX(-5,MIN(5,ROUND((D$55-D$39)*100,0))) -> -5 | I4: SP DAY USE & BOATING | J4: Delta-Wide | K4: =-MAX(-5,MIN(5,ROUND((I$39-I$39)*100,0))) -> 0 | L4: =-MAX(-5,MIN(5,ROUND((I$47-I$39)*100,0))) -> 5 | M4: =-MAX(-5,MIN(5,ROUND((I$55-I$39)*100,0))) -> -5 | O4: SP DAY USE & BOATING | P4: Delta-Wide | Q4: =-MAX(-5,MIN(5,ROUND((N$39-N$39)*100,0))) -> 0 | R4: =-MAX(-5,MIN(5,ROUND((N$47-N$39)*100,0))) -> 5 | S4: =-MAX(-5,MIN(5,ROUND((N$55-N$39)*100,0))) -> -5
D5: Suisun | E5: =-MAX(-5,MIN(5,ROUND((E$39-E$39)*100,0))) -> 0 | F5: =-MAX(-5,MIN(5,ROUND((E$47-E$39)*100,0))) -> 1 | G5: =-MAX(-5,MIN(5,ROUND((E$55-E$39)*100,0))) -> 0 | J5: Suisun | K5: =-MAX(-5,MIN(5,ROUND((J$39-J$39)*100,0))) -> 0 | L5: =-MAX(-5,MIN(5,ROUND((J$47-J$39)*100,0))) -> 2 | M5: =-MAX(-5,MIN(5,ROUND((J$55-J$39)*100,0))) -> 0 | P5: Suisun | Q5: =-MAX(-5,MIN(5,ROUND((O$39-O$39)*100,0))) -> 0 | R5: =-MAX(-5,MIN(5,ROUND((O$47-O$39)*100,0))) -> 0 | S5: =-MAX(-5,MIN(5,ROUND((O$55-O$39)*100,0))) -> 0
D6: Central | E6: =-MAX(-5,MIN(5,ROUND((F$39-F$39)*100,0))) -> 0 | F6: =-MAX(-5,MIN(5,ROUND((F$47-F$39)*100,0))) -> 5 | G6: =-MAX(-5,MIN(5,ROUND((F$55-F$39)*100,0))) -> -5 | J6: Central | K6: =-MAX(-5,MIN(5,ROUND((K$39-K$39)*100,0))) -> 0 | L6: =-MAX(-5,MIN(5,ROUND((K$47-K$39)*100,0))) -> 5 | M6: =-MAX(-5,MIN(5,ROUND((K$55-K$39)*100,0))) -> -5 | P6: Central | Q6: =-MAX(-5,MIN(5,ROUND((P$39-P$39)*100,0))) -> 0 | R6: =-MAX(-5,MIN(5,ROUND((P$47-P$39)*100,0))) -> 5 | S6: =-MAX(-5,MIN(5,ROUND((P$55-P$39)*100,0))) -> -5
D7: North | E7: =-MAX(-5,MIN(5,ROUND((G$39-G$39)*100,0))) -> 0 | F7: =-MAX(-5,MIN(5,ROUND((G$47-G$39)*100,0))) -> 2 | G7: =-MAX(-5,MIN(5,ROUND((G$55-G$39)*100,0))) -> -3 | J7: North | K7: =-MAX(-5,MIN(5,ROUND((L$39-L$39)*100,0))) -> 0 | L7: =-MAX(-5,MIN(5,ROUND((L$47-L$39)*100,0))) -> 0 | M7: =-MAX(-5,MIN(5,ROUND((L$55-L$39)*100,0))) -> -2 | P7: North | Q7: =-MAX(-5,MIN(5,ROUND((Q$39-Q$39)*100,0))) -> 0 | R7: =-MAX(-5,MIN(5,ROUND((Q$47-Q$39)*100,0))) -> 4 | S7: =-MAX(-5,MIN(5,ROUND((Q$55-Q$39)*100,0))) -> -5
D8: South | E8: =-MAX(-5,MIN(5,ROUND((H$39-H$39)*100,0))) -> 0 | F8: =-MAX(-5,MIN(5,ROUND((H$47-H$39)*100,0))) -> 2 | G8: =-MAX(-5,MIN(5,ROUND((H$55-H$39)*100,0))) -> -5 | J8: South | K8: =-MAX(-5,MIN(5,ROUND((M$39-M$39)*100,0))) -> 0 | L8: =-MAX(-5,MIN(5,ROUND((M$47-M$39)*100,0))) -> 2 | M8: =-MAX(-5,MIN(5,ROUND((M$55-M$39)*100,0))) -> -5 | P8: South | Q8: =-MAX(-5,MIN(5,ROUND((R$39-R$39)*100,0))) -> 0 | R8: =-MAX(-5,MIN(5,ROUND((R$47-R$39)*100,0))) -> 2 | S8: =-MAX(-5,MIN(5,ROUND((R$55-R$39)*100,0))) -> -5
D9: REGION | E9: Historical Baseline | F9: +30% Outflow | G9: -10% Outflow | J9: REGION | K9: Historical Baseline | L9: +30% Outflow | M9: -10% Outflow | P9: REGION | Q9: Historical Baseline | R9: +30% Outflow | S9: -10% Outflow
C10: BIRDING | D10: Delta-Wide | E10: =-MAX(-5,MIN(5,ROUND((D$40-D$40)*100,0))) -> 0 | F10: =-MAX(-5,MIN(5,ROUND((D$48-D$40)*100,0))) -> 4 | G10: =-MAX(-5,MIN(5,ROUND((D$56-D$40)*100,0))) -> -3 | I10: BIRDING | J10: Delta-Wide | K10: =-MAX(-5,MIN(5,ROUND((I$40-I$40)*100,0))) -> 0 | L10: =-MAX(-5,MIN(5,ROUND((I$48-I$40)*100,0))) -> 5 | M10: =-MAX(-5,MIN(5,ROUND((I$56-I$40)*100,0))) -> -3 | O10: BIRDING | P10: Delta-Wide | Q10: =-MAX(-5,MIN(5,ROUND((N$40-N$40)*100,0))) -> 0 | R10: =-MAX(-5,MIN(5,ROUND((N$48-N$40)*100,0))) -> 3 | S10: =-MAX(-5,MIN(5,ROUND((N$56-N$40)*100,0))) -> -3
D11: Suisun | E11: =-MAX(-5,MIN(5,ROUND((E$40-E$40)*100,0))) -> 0 | F11: =-MAX(-5,MIN(5,ROUND((E$48-E$40)*100,0))) -> 3 | G11: =-MAX(-5,MIN(5,ROUND((E$56-E$40)*100,0))) -> 0 | J11: Suisun | K11: =-MAX(-5,MIN(5,ROUND((J$40-J$40)*100,0))) -> 0 | L11: =-MAX(-5,MIN(5,ROUND((J$48-J$40)*100,0))) -> 5 | M11: =-MAX(-5,MIN(5,ROUND((J$56-J$40)*100,0))) -> 0 | P11: Suisun | Q11: =-MAX(-5,MIN(5,ROUND((O$40-O$40)*100,0))) -> 0 | R11: =-MAX(-5,MIN(5,ROUND((O$48-O$40)*100,0))) -> 0 | S11: =-MAX(-5,MIN(5,ROUND((O$56-O$40)*100,0))) -> 0
D12: Central | E12: =-MAX(-5,MIN(5,ROUND((F$40-F$40)*100,0))) -> 0 | F12: =-MAX(-5,MIN(5,ROUND((F$48-F$40)*100,0))) -> 5 | G12: =-MAX(-5,MIN(5,ROUND((F$56-F$40)*100,0))) -> -5 | J12: Central | K12: =-MAX(-5,MIN(5,ROUND((K$40-K$40)*100,0))) -> 0 | L12: =-MAX(-5,MIN(5,ROUND((K$48-K$40)*100,0))) -> 5 | M12: =-MAX(-5,MIN(5,ROUND((K$56-K$40)*100,0))) -> -5 | P12: Central | Q12: =-MAX(-5,MIN(5,ROUND((P$40-P$40)*100,0))) -> 0 | R12: =-MAX(-5,MIN(5,ROUND((P$48-P$40)*100,0))) -> 5 | S12: =-MAX(-5,MIN(5,ROUND((P$56-P$40)*100,0))) -> -5
D13: North | E13: =-MAX(-5,MIN(5,ROUND((G$40-G$40)*100,0))) -> 0 | F13: =-MAX(-5,MIN(5,ROUND((G$48-G$40)*100,0))) -> 0 | G13: =-MAX(-5,MIN(5,ROUND((G$56-G$40)*100,0))) -> 0 | J13: North | K13: =-MAX(-5,MIN(5,ROUND((L$40-L$40)*100,0))) -> 0 | L13: =-MAX(-5,MIN(5,ROUND((L$48-L$40)*100,0))) -> 0 | M13: =-MAX(-5,MIN(5,ROUND((L$56-L$40)*100,0))) -> 0 | P13: North | Q13: =-MAX(-5,MIN(5,ROUND((Q$40-Q$40)*100,0))) -> 0 | R13: =-MAX(-5,MIN(5,ROUND((Q$48-Q$40)*100,0))) -> 0 | S13: =-MAX(-5,MIN(5,ROUND((Q$56-Q$40)*100,0))) -> 0
D14: South | E14: =-MAX(-5,MIN(5,ROUND((H$40-H$40)*100,0))) -> 0 | F14: =-MAX(-5,MIN(5,ROUND((H$48-H$40)*100,0))) -> 0 | G14: =-MAX(-5,MIN(5,ROUND((H$56-H$40)*100,0))) -> 0 | J14: South | K14: =-MAX(-5,MIN(5,ROUND((M$40-M$40)*100,0))) -> 0 | L14: =-MAX(-5,MIN(5,ROUND((M$48-M$40)*100,0))) -> 0 | M14: =-MAX(-5,MIN(5,ROUND((M$56-M$40)*100,0))) -> 0 | P14: South | Q14: =-MAX(-5,MIN(5,ROUND((R$40-R$40)*100,0))) -> 0 | R14: =-MAX(-5,MIN(5,ROUND((R$48-R$40)*100,0))) -> 0 | S14: =-MAX(-5,MIN(5,ROUND((R$56-R$40)*100,0))) -> 0
D15: REGION | E15: Historical Baseline | F15: +30% Outflow | G15: -10% Outflow | J15: REGION | K15: Historical Baseline | L15: +30% Outflow | M15: -10% Outflow | P15: REGION | Q15: Historical Baseline | R15: +30% Outflow | S15: -10% Outflow
C16: WATERFOWL | D16: Delta-Wide | E16: =-MAX(-5,MIN(5,ROUND((D$41-D$41)*100,0))) -> 0 | F16: =-MAX(-5,MIN(5,ROUND((D$49-D$41)*100,0))) -> 4 | G16: =-MAX(-5,MIN(5,ROUND((D$57-D$41)*100,0))) -> -1 | I16: WATERFOWL | J16: Delta-Wide | K16: =-MAX(-5,MIN(5,ROUND((I$41-I$41)*100,0))) -> 0 | L16: =-MAX(-5,MIN(5,ROUND((I$49-I$41)*100,0))) -> 5 | M16: =-MAX(-5,MIN(5,ROUND((I$57-I$41)*100,0))) -> -1 | O16: WATERFOWL | P16: Delta-Wide | Q16: =-MAX(-5,MIN(5,ROUND((N$41-N$41)*100,0))) -> 0 | R16: =-MAX(-5,MIN(5,ROUND((N$49-N$41)*100,0))) -> 3 | S16: =-MAX(-5,MIN(5,ROUND((N$57-N$41)*100,0))) -> -1
D17: Suisun | E17: =-MAX(-5,MIN(5,ROUND((E$41-E$41)*100,0))) -> 0 | F17: =-MAX(-5,MIN(5,ROUND((E$49-E$41)*100,0))) -> 5 | G17: =-MAX(-5,MIN(5,ROUND((E$57-E$41)*100,0))) -> 0 | J17: Suisun | K17: =-MAX(-5,MIN(5,ROUND((J$41-J$41)*100,0))) -> 0 | L17: =-MAX(-5,MIN(5,ROUND((J$49-J$41)*100,0))) -> 5 | M17: =-MAX(-5,MIN(5,ROUND((J$57-J$41)*100,0))) -> -1 | P17: Suisun | Q17: =-MAX(-5,MIN(5,ROUND((O$41-O$41)*100,0))) -> 0 | R17: =-MAX(-5,MIN(5,ROUND((O$49-O$41)*100,0))) -> 2 | S17: =-MAX(-5,MIN(5,ROUND((O$57-O$41)*100,0))) -> 0
D18: Central | E18: =-MAX(-5,MIN(5,ROUND((F$41-F$41)*100,0))) -> 0 | F18: =-MAX(-5,MIN(5,ROUND((F$49-F$41)*100,0))) -> 5 | G18: =-MAX(-5,MIN(5,ROUND((F$57-F$41)*100,0))) -> -4 | J18: Central | K18: =-MAX(-5,MIN(5,ROUND((K$41-K$41)*100,0))) -> 0 | L18: =-MAX(-5,MIN(5,ROUND((K$49-K$41)*100,0))) -> 5 | M18: =-MAX(-5,MIN(5,ROUND((K$57-K$41)*100,0))) -> -4 | P18: Central | Q18: =-MAX(-5,MIN(5,ROUND((P$41-P$41)*100,0))) -> 0 | R18: =-MAX(-5,MIN(5,ROUND((P$49-P$41)*100,0))) -> 5 | S18: =-MAX(-5,MIN(5,ROUND((P$57-P$41)*100,0))) -> -3
D19: North | E19: =-MAX(-5,MIN(5,ROUND((G$41-G$41)*100,0))) -> 0 | F19: =-MAX(-5,MIN(5,ROUND((G$49-G$41)*100,0))) -> 0 | G19: =-MAX(-5,MIN(5,ROUND((G$57-G$41)*100,0))) -> 0 | J19: North | K19: =-MAX(-5,MIN(5,ROUND((L$41-L$41)*100,0))) -> 0 | L19: =-MAX(-5,MIN(5,ROUND((L$49-L$41)*100,0))) -> 0 | M19: =-MAX(-5,MIN(5,ROUND((L$57-L$41)*100,0))) -> 0 | P19: North | Q19: =-MAX(-5,MIN(5,ROUND((Q$41-Q$41)*100,0))) -> 0 | R19: =-MAX(-5,MIN(5,ROUND((Q$49-Q$41)*100,0))) -> 0 | S19: =-MAX(-5,MIN(5,ROUND((Q$57-Q$41)*100,0))) -> 0
D20: South | E20: =-MAX(-5,MIN(5,ROUND((H$41-H$41)*100,0))) -> 0 | F20: =-MAX(-5,MIN(5,ROUND((H$49-H$41)*100,0))) -> 0 | G20: =-MAX(-5,MIN(5,ROUND((H$57-H$41)*100,0))) -> 0 | J20: South | K20: =-MAX(-5,MIN(5,ROUND((M$41-M$41)*100,0))) -> 0 | L20: =-MAX(-5,MIN(5,ROUND((M$49-M$41)*100,0))) -> 0 | M20: =-MAX(-5,MIN(5,ROUND((M$57-M$41)*100,0))) -> 0 | P20: South | Q20: =-MAX(-5,MIN(5,ROUND((R$41-R$41)*100,0))) -> 0 | R20: =-MAX(-5,MIN(5,ROUND((R$49-R$41)*100,0))) -> 0 | S20: =-MAX(-5,MIN(5,ROUND((R$57-R$41)*100,0))) -> 0
D21: REGION | E21: Historical Baseline | F21: +30% Outflow | G21: -10% Outflow | J21: REGION | K21: Historical Baseline | L21: +30% Outflow | M21: -10% Outflow | P21: REGION | Q21: Historical Baseline | R21: +30% Outflow | S21: -10% Outflow
C22: ANGLING | D22: Delta-Wide | E22: =-MAX(-5,MIN(5,ROUND((D$42-D$42)*100,0))) -> 0 | F22: =-MAX(-5,MIN(5,ROUND((D$50-D$42)*100,0))) -> 5 | G22: =-MAX(-5,MIN(5,ROUND((D$58-D$42)*100,0))) -> -1 | I22: ANGLING | J22: Delta-Wide | K22: =-MAX(-5,MIN(5,ROUND((I$42-I$42)*100,0))) -> 0 | L22: =-MAX(-5,MIN(5,ROUND((I$50-I$42)*100,0))) -> 5 | M22: =-MAX(-5,MIN(5,ROUND((I$58-I$42)*100,0))) -> -1 | O22: ANGLING | P22: Delta-Wide | Q22: =-MAX(-5,MIN(5,ROUND((N$42-N$42)*100,0))) -> 0 | R22: =-MAX(-5,MIN(5,ROUND((N$50-N$42)*100,0))) -> 5 | S22: =-MAX(-5,MIN(5,ROUND((N$58-N$42)*100,0))) -> 0
D23: Suisun | E23: =-MAX(-5,MIN(5,ROUND((E$42-E$42)*100,0))) -> 0 | F23: =-MAX(-5,MIN(5,ROUND((E$50-E$42)*100,0))) -> 5 | G23: =-MAX(-5,MIN(5,ROUND((E$58-E$42)*100,0))) -> -2 | J23: Suisun | K23: =-MAX(-5,MIN(5,ROUND((J$42-J$42)*100,0))) -> 0 | L23: =-MAX(-5,MIN(5,ROUND((J$50-J$42)*100,0))) -> 5 | M23: =-MAX(-5,MIN(5,ROUND((J$58-J$42)*100,0))) -> -3 | P23: Suisun | Q23: =-MAX(-5,MIN(5,ROUND((O$42-O$42)*100,0))) -> 0 | R23: =-MAX(-5,MIN(5,ROUND((O$50-O$42)*100,0))) -> 5 | S23: =-MAX(-5,MIN(5,ROUND((O$58-O$42)*100,0))) -> 0
D24: Central | E24: =-MAX(-5,MIN(5,ROUND((F$42-F$42)*100,0))) -> 0 | F24: =-MAX(-5,MIN(5,ROUND((F$50-F$42)*100,0))) -> 5 | G24: =-MAX(-5,MIN(5,ROUND((F$58-F$42)*100,0))) -> 0 | J24: Central | K24: =-MAX(-5,MIN(5,ROUND((K$42-K$42)*100,0))) -> 0 | L24: =-MAX(-5,MIN(5,ROUND((K$50-K$42)*100,0))) -> 5 | M24: =-MAX(-5,MIN(5,ROUND((K$58-K$42)*100,0))) -> -1 | P24: Central | Q24: =-MAX(-5,MIN(5,ROUND((P$42-P$42)*100,0))) -> 0 | R24: =-MAX(-5,MIN(5,ROUND((P$50-P$42)*100,0))) -> 5 | S24: =-MAX(-5,MIN(5,ROUND((P$58-P$42)*100,0))) -> 0
D25: North | E25: =-MAX(-5,MIN(5,ROUND((G$42-G$42)*100,0))) -> 0 | F25: =-MAX(-5,MIN(5,ROUND((G$50-G$42)*100,0))) -> 0 | G25: =-MAX(-5,MIN(5,ROUND((G$58-G$42)*100,0))) -> 0 | J25: North | K25: =-MAX(-5,MIN(5,ROUND((L$42-L$42)*100,0))) -> 0 | L25: =-MAX(-5,MIN(5,ROUND((L$50-L$42)*100,0))) -> 0 | M25: =-MAX(-5,MIN(5,ROUND((L$58-L$42)*100,0))) -> 0 | P25: North | Q25: =-MAX(-5,MIN(5,ROUND((Q$42-Q$42)*100,0))) -> 0 | R25: =-MAX(-5,MIN(5,ROUND((Q$50-Q$42)*100,0))) -> 0 | S25: =-MAX(-5,MIN(5,ROUND((Q$58-Q$42)*100,0))) -> 0
D26: South | E26: =-MAX(-5,MIN(5,ROUND((H$42-H$42)*100,0))) -> 0 | F26: =-MAX(-5,MIN(5,ROUND((H$50-H$42)*100,0))) -> 0 | G26: =-MAX(-5,MIN(5,ROUND((H$58-H$42)*100,0))) -> 0 | J26: South | K26: =-MAX(-5,MIN(5,ROUND((M$42-M$42)*100,0))) -> 0 | L26: =-MAX(-5,MIN(5,ROUND((M$50-M$42)*100,0))) -> 0 | M26: =-MAX(-5,MIN(5,ROUND((M$58-M$42)*100,0))) -> 0 | P26: South | Q26: =-MAX(-5,MIN(5,ROUND((R$42-R$42)*100,0))) -> 0 | R26: =-MAX(-5,MIN(5,ROUND((R$50-R$42)*100,0))) -> 0 | S26: =-MAX(-5,MIN(5,ROUND((R$58-R$42)*100,0))) -> 0
C36: RUN 15 % EXCEEDANCES
C37: Tiered Outflows | D37: Total Run | I37: Wet Seasons | N37: Dry Seasons | AB37: Tiered Outflows | AD37: Wet Seasons | AI37: Dry Seasons
D38: Delta-Wide | E38: Suisun | F38: Central Delta | G38: North Delta | H38: South Delta | I38: Delta-Wide | J38: Suisun | K38: Central Delta | L38: North Delta | M38: South Delta | N38: Delta-Wide | O38: Suisun | P38: Central Delta | Q38: North Delta | R38: South Delta | T38: Tiered Outflows | V38: Delta-Wide | W38: Suisun | X38: Central Delta | Y38: North Delta | Z38: South Delta | AD38: Delta-Wide | AE38: Suisun | AF38: Central Delta | AG38: North Delta | AH38: South Delta | AI38: Delta-Wide | AJ38: Suisun | AK38: Central Delta | AL38: North Delta | AM38: South Delta
C39: Day Use & Boating | D39: ='Run 15'!AK527 -> 0.46138261 | E39: ='Run 15'!AL527 -> 0.99803536 | F39: ='Run 15'!AM527 -> 0.71556429 | G39: ='Run 15'!AN527 -> 0.021283563 | H39: ='Run 15'!AO527 -> 0.023575639 | I39: ='Run 15'!AS527 -> 0.44363636 | J39: ='Run 15'!AT527 -> 0.99636364 | K39: ='Run 15'!AU527 -> 0.66424242 | L39: ='Run 15'!AV527 -> 0.0018181818 | M39: ='Run 15'!AW527 -> 0.026262626 | N39: ='Run 15'!BA527 -> 0.48223825 | O39: ='Run 15'!BB527 -> 1 | P39: ='Run 15'!BC527 -> 0.77587844 | Q39: ='Run 15'!BD527 -> 0.044159544 | R39: ='Run 15'!BE527 -> 0.020417854 | T39: Historical Baseline | U39: Day Use & Boating | V39: 0.46138261 | W39: 0.99803536 | X39: 0.71556429 | Y39: 0.021283563 | Z39: 0.023575639 | AB39: Historical Baseline | AC39: Day Use & Boating | AD39: 0.44363636 | AE39: 0.99636364 | AF39: 0.66424242 | AG39: 0.0018181818 | AH39: 0.026262626 | AI39: 0.48223825 | AJ39: 1 | AK39: 0.77587844 | AL39: 0.044159544 | AM39: 0.020417854
C40: Birding | D40: ='Run 15'!AK544 -> 0.34381139 | E40: ='Run 15'!AL544 -> 0.99189587 | F40: ='Run 15'!AM544 -> 0.34075529 | G40: ='Run 15'!AN544 -> 0 | H40: ='Run 15'!AO544 -> 0 | I40: ='Run 15'!AS544 -> 0.33602273 | J40: ='Run 15'!AT544 -> 0.985 | K40: ='Run 15'!AU544 -> 0.31919192 | L40: ='Run 15'!AV544 -> 0 | M40: ='Run 15'!AW544 -> 0 | N40: ='Run 15'!BA544 -> 0.35296474 | O40: ='Run 15'!BB544 -> 1 | P40: ='Run 15'!BC544 -> 0.36609687 | Q40: ='Run 15'!BD544 -> 0 | R40: ='Run 15'!BE544 -> 0 | U40: Birding | V40: 0.34381139 | W40: 0.99189587 | X40: 0.34075529 | Y40: 0 | Z40: 0 | AC40: Birding | AD40: 0.33602273 | AE40: 0.985 | AF40: 0.31919192 | AG40: 0 | AH40: 0 | AI40: 0.35296474 | AJ40: 1 | AK40: 0.36609687 | AL40: 0 | AM40: 0
C41: Waterfowl | D41: ='Run 15'!AK561 -> 0.32680501 | E41: ='Run 15'!AL561 -> 0.98870334 | F41: ='Run 15'!AM561 -> 0.28312596 | G41: ='Run 15'!AN561 -> 0 | H41: ='Run 15'!AO561 -> 0 | I41: ='Run 15'!AS561 -> 0.31795455 | J41: ='Run 15'!AT561 -> 0.97909091 | K41: ='Run 15'!AU561 -> 0.26020202 | L41: ='Run 15'!AV561 -> 0 | M41: ='Run 15'!AW561 -> 0 | N41: ='Run 15'!BA561 -> 0.3372062 | O41: ='Run 15'!BB561 -> 1 | P41: ='Run 15'!BC561 -> 0.31006648 | Q41: ='Run 15'!BD561 -> 0 | R41: ='Run 15'!BE561 -> 0 | U41: Waterfowl | V41: 0.32680501 | W41: 0.98870334 | X41: 0.28312596 | Y41: 0 | Z41: 0 | AC41: Waterfowl | AD41: 0.31795455 | AE41: 0.97909091 | AF41: 0.26020202 | AG41: 0 | AH41: 0 | AI41: 0.3372062 | AJ41: 1 | AK41: 0.31006648 | AL41: 0 | AM41: 0
C42: Angling | D42: ='Run 15'!AK578 -> 0.25994597 | E42: ='Run 15'!AL578 -> 0.85019646 | F42: ='Run 15'!AM578 -> 0.16852216 | G42: ='Run 15'!AN578 -> 0 | H42: ='Run 15'!AO578 -> 0 | I42: ='Run 15'!AS578 -> 0.23852273 | J42: ='Run 15'!AT578 -> 0.79136364 | K42: ='Run 15'!AU578 -> 0.14464646 | L42: ='Run 15'!AV578 -> 0 | M42: ='Run 15'!AW578 -> 0 | N42: ='Run 15'!BA578 -> 0.28512286 | O42: ='Run 15'!BB578 -> 0.91933761 | P42: ='Run 15'!BC578 -> 0.1965812 | Q42: ='Run 15'!BD578 -> 0 | R42: ='Run 15'!BE578 -> 0 | U42: Angling | V42: 0.25994597 | W42: 0.85019646 | X42: 0.16852216 | Y42: 0 | Z42: 0 | AC42: Angling | AD42: 0.23852273 | AE42: 0.79136364 | AF42: 0.14464646 | AG42: 0 | AH42: 0 | AI42: 0.28512286 | AJ42: 0.91933761 | AK42: 0.1965812 | AL42: 0 | AM42: 0
T43: +30% Flow | U43: Day Use & Boating | V43: 0.35768664 | W43: 0.98968566 | X43: 0.38746998 | Y43: 0 | Z43: 0.0045841519 | AB43: +30% Flow | AC43: Day Use & Boating | AD43: 0.34647727 | AE43: 0.98090909 | AF43: 0.35151515 | AG43: 0 | AH43: 0.0084848485 | AI43: 0.37086004 | AJ43: 1 | AK43: 0.4297246 | AL43: 0 | AM43: 0
C44: RUN 16 % EXCEEDANCES | U44: Birding | V44: 0.30279961 | W44: 0.95849705 | X44: 0.22462344 | Y44: 0 | Z44: 0 | AC44: Birding | AD44: 0.28625 | AE44: 0.925 | AF44: 0.19555556 | AG44: 0 | AH44: 0 | AI44: 0.32224893 | AJ44: 0.99786325 | AK44: 0.25878443 | AL44: 0 | AM44: 0
D45: Total Run | I45: Wet Seasons | N45: Dry Seasons | U45: Waterfowl | V45: 0.28554764 | W45: 0.92264244 | X45: 0.1951539 | Y45: 0 | Z45: 0 | AC45: Waterfowl | AD45: 0.26659091 | AE45: 0.87590909 | AF45: 0.16929293 | AG45: 0 | AH45: 0 | AI45: 0.30782585 | AJ45: 0.9775641 | AK45: 0.22554606 | AL45: 0 | AM45: 0
D46: Delta-Wide | E46: Suisun | F46: Central Delta | G46: North Delta | H46: South Delta | I46: Delta-Wide | J46: Suisun | K46: Central Delta | L46: North Delta | M46: South Delta | N46: Delta-Wide | O46: Suisun | P46: Central Delta | Q46: North Delta | R46: South Delta | U46: Angling | V46: 0.15913556 | W46: 0.57637525 | X46: 0.053481773 | Y46: 0 | Z46: 0 | AC46: Angling | AD46: 0.12977273 | AE46: 0.46181818 | AF46: 0.050909091 | AG46: 0 | AH46: 0 | AI46: 0.19364316 | AJ46: 0.71100427 | AK46: 0.056505223 | AL46: 0 | AM46: 0
C47: Day Use & Boating | D47: ='Run 16'!AK527 -> 0.35768664 | E47: ='Run 16'!AL527 -> 0.98968566 | F47: ='Run 16'!AM527 -> 0.38746998 | G47: ='Run 16'!AN527 -> 0 | H47: ='Run 16'!AO527 -> 0.0045841519 | I47: ='Run 16'!AS527 -> 0.34647727 | J47: ='Run 16'!AT527 -> 0.98090909 | K47: ='Run 16'!AU527 -> 0.35151515 | L47: ='Run 16'!AV527 -> 0 | M47: ='Run 16'!AW527 -> 0.0084848485 | N47: ='Run 16'!BA527 -> 0.37086004 | O47: ='Run 16'!BB527 -> 1 | P47: ='Run 16'!BC527 -> 0.4297246 | Q47: ='Run 16'!BD527 -> 0 | R47: ='Run 16'!BE527 -> 0 | T47: -10% Flows | U47: Day Use & Boating | V47: 0.52897839 | W47: 0.9987721 | X47: 0.84173761 | Y47: 0.053045187 | Z47: 0.11591356 | AB47: -10% Flows | AC47: Day Use & Boating | AD47: 0.52613636 | AE47: 0.99772727 | AF47: 0.83393939 | AG47: 0.017575758 | AH47: 0.13818182 | AI47: 0.53231838 | AJ47: 1 | AK47: 0.85090218 | AL47: 0.094729345 | AM47: 0.08974359
C48: Birding | D48: ='Run 16'!AK544 -> 0.30279961 | E48: ='Run 16'!AL544 -> 0.95849705 | F48: ='Run 16'!AM544 -> 0.22462344 | G48: ='Run 16'!AN544 -> 0 | H48: ='Run 16'!AO544 -> 0 | I48: ='Run 16'!AS544 -> 0.28625 | J48: ='Run 16'!AT544 -> 0.925 | K48: ='Run 16'!AU544 -> 0.19555556 | L48: ='Run 16'!AV544 -> 0 | M48: ='Run 16'!AW544 -> 0 | N48: ='Run 16'!BA544 -> 0.32224893 | O48: ='Run 16'!BB544 -> 0.99786325 | P48: ='Run 16'!BC544 -> 0.25878443 | Q48: ='Run 16'!BD544 -> 0 | R48: ='Run 16'!BE544 -> 0 | U48: Birding | V48: 0.37604371 | W48: 0.99410609 | X48: 0.45339446 | Y48: 0 | Z48: 0 | AC48: Birding | AD48: 0.36738636 | AE48: 0.98909091 | AF48: 0.42707071 | AG48: 0 | AH48: 0 | AI48: 0.38621795 | AJ48: 1 | AK48: 0.48433048 | AL48: 0 | AM48: 0
C49: Waterfowl | D49: ='Run 16'!AK561 -> 0.28554764 | E49: ='Run 16'!AL561 -> 0.92264244 | F49: ='Run 16'!AM561 -> 0.1951539 | G49: ='Run 16'!AN561 -> 0 | H49: ='Run 16'!AO561 -> 0 | I49: ='Run 16'!AS561 -> 0.26659091 | J49: ='Run 16'!AT561 -> 0.87590909 | K49: ='Run 16'!AU561 -> 0.16929293 | L49: ='Run 16'!AV561 -> 0 | M49: ='Run 16'!AW561 -> 0 | N49: ='Run 16'!BA561 -> 0.30782585 | O49: ='Run 16'!BB561 -> 0.9775641 | P49: ='Run 16'!BC561 -> 0.22554606 | Q49: ='Run 16'!BD561 -> 0 | R49: ='Run 16'!BE561 -> 0 | U49: Waterfowl | V49: 0.33761051 | W49: 0.99165029 | X49: 0.318926 | Y49: 0 | Z49: 0 | AC49: Waterfowl | AD49: 0.33159091 | AE49: 0.98454545 | AF49: 0.30383838 | AG49: 0 | AH49: 0 | AI49: 0.34468483 | AJ49: 1 | AK49: 0.33665717 | AL49: 0 | AM49: 0
C50: Angling | D50: ='Run 16'!AK578 -> 0.15913556 | E50: ='Run 16'!AL578 -> 0.57637525 | F50: ='Run 16'!AM578 -> 0.053481773 | G50: ='Run 16'!AN578 -> 0 | H50: ='Run 16'!AO578 -> 0 | I50: ='Run 16'!AS578 -> 0.12977273 | J50: ='Run 16'!AT578 -> 0.46181818 | K50: ='Run 16'!AU578 -> 0.050909091 | L50: ='Run 16'!AV578 -> 0 | M50: ='Run 16'!AW578 -> 0 | N50: ='Run 16'!BA578 -> 0.19364316 | O50: ='Run 16'!BB578 -> 0.71100427 | P50: ='Run 16'!BC578 -> 0.056505223 | Q50: ='Run 16'!BD578 -> 0 | R50: ='Run 16'!BE578 -> 0 | U50: Angling | V50: 0.26516454 | W50: 0.86591356 | X50: 0.17310631 | Y50: 0 | Z50: 0 | AC50: Angling | AD50: 0.24659091 | AE50: 0.81636364 | AF50: 0.15111111 | AG50: 0 | AH50: 0 | AI50: 0.28699252 | AJ50: 0.9241453 | AK50: 0.19895537 | AL50: 0 | AM50: 0
T51: Table 5 Criterion manuscript recreation | AB51: Table 6 Criterion Manuscript recreation
C52: RUN 17 % EXCEEDANCES
D53: Total Run | I53: Wet Seasons | N53: Dry Seasons
D54: Delta-Wide | E54: Suisun | F54: Central Delta | G54: North Delta | H54: South Delta | I54: Delta-Wide | J54: Suisun | K54: Central Delta | L54: North Delta | M54: South Delta | N54: Delta-Wide | O54: Suisun | P54: Central Delta | Q54: North Delta | R54: South Delta
C55: Day Use & Boating | D55: ='Run 17'!AK527 -> 0.52897839 | E55: ='Run 17'!AL527 -> 0.9987721 | F55: ='Run 17'!AM527 -> 0.84173761 | G55: ='Run 17'!AN527 -> 0.053045187 | H55: ='Run 17'!AO527 -> 0.11591356 | I55: ='Run 17'!AS527 -> 0.52613636 | J55: ='Run 17'!AT527 -> 0.99772727 | K55: ='Run 17'!AU527 -> 0.83393939 | L55: ='Run 17'!AV527 -> 0.017575758 | M55: ='Run 17'!AW527 -> 0.13818182 | N55: ='Run 17'!BA527 -> 0.53231838 | O55: ='Run 17'!BB527 -> 1 | P55: ='Run 17'!BC527 -> 0.85090218 | Q55: ='Run 17'!BD527 -> 0.094729345 | R55: ='Run 17'!BE527 -> 0.08974359
C56: Birding | D56: ='Run 17'!AK544 -> 0.37604371 | E56: ='Run 17'!AL544 -> 0.99410609 | F56: ='Run 17'!AM544 -> 0.45339446 | G56: ='Run 17'!AN544 -> 0 | H56: ='Run 17'!AO544 -> 0 | I56: ='Run 17'!AS544 -> 0.36738636 | J56: ='Run 17'!AT544 -> 0.98909091 | K56: ='Run 17'!AU544 -> 0.42707071 | L56: ='Run 17'!AV544 -> 0 | M56: ='Run 17'!AW544 -> 0 | N56: ='Run 17'!BA544 -> 0.38621795 | O56: ='Run 17'!BB544 -> 1 | P56: ='Run 17'!BC544 -> 0.48433048 | Q56: ='Run 17'!BD544 -> 0 | R56: ='Run 17'!BE544 -> 0
C57: Waterfowl | D57: ='Run 17'!AK561 -> 0.33761051 | E57: ='Run 17'!AL561 -> 0.99165029 | F57: ='Run 17'!AM561 -> 0.318926 | G57: ='Run 17'!AN561 -> 0 | H57: ='Run 17'!AO561 -> 0 | I57: ='Run 17'!AS561 -> 0.33159091 | J57: ='Run 17'!AT561 -> 0.98454545 | K57: ='Run 17'!AU561 -> 0.30383838 | L57: ='Run 17'!AV561 -> 0 | M57: ='Run 17'!AW561 -> 0 | N57: ='Run 17'!BA561 -> 0.34468483 | O57: ='Run 17'!BB561 -> 1 | P57: ='Run 17'!BC561 -> 0.33665717 | Q57: ='Run 17'!BD561 -> 0 | R57: ='Run 17'!BE561 -> 0
C58: Angling | D58: ='Run 17'!AK578 -> 0.26516454 | E58: ='Run 17'!AL578 -> 0.86591356 | F58: ='Run 17'!AM578 -> 0.17310631 | G58: ='Run 17'!AN578 -> 0 | H58: ='Run 17'!AO578 -> 0 | I58: ='Run 17'!AS578 -> 0.24659091 | J58: ='Run 17'!AT578 -> 0.81636364 | K58: ='Run 17'!AU578 -> 0.15111111 | L58: ='Run 17'!AV578 -> 0 | M58: ='Run 17'!AW578 -> 0 | N58: ='Run 17'!BA578 -> 0.28699252 | O58: ='Run 17'!BB578 -> 0.9241453 | P58: ='Run 17'!BC578 -> 0.19895537 | Q58: ='Run 17'!BD578 -> 0 | R58: ='Run 17'!BE578 -> 0
C63: Day Use & Boating
C64: Total Run
C65: Delta-Wide | G65: Suisun | K65: Central Delta | O65: North Delta | S65: South Delta
C66: Results | D66: Ranking | E66: Scale | G66: Results | H66: Ranking | I66: Scale | K66: Results | L66: Ranking | M66: Scale | O66: Results | P66: Ranking | Q66: Scale | S66: Results | T66: Ranking | U66: Scale
C67: =_xlfn.TEXTJOIN(", ",TRUE,IF($E$4=D67,$E$3&" ("&TEXT($D$39,"0%")&")",""),IF($F$4=D67,$F$3,""),IF($G$4=D67,$G$3,"")) -> +30% Outflow | D67: 5 | E67: greater than or equal to 5% less | G67: =_xlfn.TEXTJOIN(", ",TRUE,IF($E$5=H67,$E$3&" ("&TEXT($E$39,"0%")&")",""),IF($F$5=H67,$F$3,""),IF($G$5=H67,$G$3,"")) | H67: 5 | I67: greater than or equal to 5% less | K67: =_xlfn.TEXTJOIN(", ",TRUE,IF($E$6=L67,$E$3&" ("&TEXT($F$39,"0%")&")",""),IF($F$6=L67,$F$3,""),IF($G$6=L67,$G$3,"")) -> +30% Outflow | L67: 5 | M67: greater than or equal to 5% less | O67: =_xlfn.TEXTJOIN(", ",TRUE,IF($E$7=P67,$E$3&" ("&TEXT($G$39,"0%")&")",""),IF($F$7=P67,$F$3,""),IF($G$7=P67,$G$3,"")) | P67: 5 | Q67: greater than or equal to 5% less | S67: =_xlfn.TEXTJOIN(", ",TRUE,IF($E$8=T67,$E$3&" ("&TEXT($H$39,"0%")&")",""),IF($F$8=T67,$F$3,""),IF($G$8=T67,$G$3,"")) | T67: 5 | U67: greater than or equal to 5% less
C68: =_xlfn.TEXTJOIN(", ",TRUE,IF($E$4=D68,$E$3&" ("&TEXT($D$39,"0%")&")",""),IF($F$4=D68,$F$3,""),IF($G$4=D68,$G$3,"")) | D68: 4 | E68: 4% less | G68: =_xlfn.TEXTJOIN(", ",TRUE,IF($E$5=H68,$E$3&" ("&TEXT($E$39,"0%")&")",""),IF($F$5=H68,$F$3,""),IF($G$5=H68,$G$3,"")) | H68: 4 | I68: 4% less | K68: =_xlfn.TEXTJOIN(", ",TRUE,IF($E$6=L68,$E$3&" ("&TEXT($F$39,"0%")&")",""),IF($F$6=L68,$F$3,""),IF($G$6=L68,$G$3,"")) | L68: 4 | M68: 4% less | O68: =_xlfn.TEXTJOIN(", ",TRUE,IF($E$7=P68,$E$3&" ("&TEXT($G$39,"0%")&")",""),IF($F$7=P68,$F$3,""),IF($G$7=P68,$G$3,"")) | P68: 4 | Q68: 4% less | S68: =_xlfn.TEXTJOIN(", ",TRUE,IF($E$8=T68,$E$3&" ("&TEXT($H$39,"0%")&")",""),IF($F$8=T68,$F$3,""),IF($G$8=T68,$G$3,"")) | T68: 4 | U68: 4% less
C69: =_xlfn.TEXTJOIN(", ",TRUE,IF($E$4=D69,$E$3&" ("&TEXT($D$39,"0%")&")",""),IF($F$4=D69,$F$3,""),IF($G$4=D69,$G$3,"")) | D69: 3 | E69: 3% less | G69: =_xlfn.TEXTJOIN(", ",TRUE,IF($E$5=H69,$E$3&" ("&TEXT($E$39,"0%")&")",""),IF($F$5=H69,$F$3,""),IF($G$5=H69,$G$3,"")) | H69: 3 | I69: 3% less | K69: =_xlfn.TEXTJOIN(", ",TRUE,IF($E$6=L69,$E$3&" ("&TEXT($F$39,"0%")&")",""),IF($F$6=L69,$F$3,""),IF($G$6=L69,$G$3,"")) | L69: 3 | M69: 3% less | O69: =_xlfn.TEXTJOIN(", ",TRUE,IF($E$7=P69,$E$3&" ("&TEXT($G$39,"0%")&")",""),IF($F$7=P69,$F$3,""),IF($G$7=P69,$G$3,"")) | P69: 3 | Q69: 3% less | S69: =_xlfn.TEXTJOIN(", ",TRUE,IF($E$8=T69,$E$3&" ("&TEXT($H$39,"0%")&")",""),IF($F$8=T69,$F$3,""),IF($G$8=T69,$G$3,"")) | T69: 3 | U69: 3% less
C70: =_xlfn.TEXTJOIN(", ",TRUE,IF($E$4=D70,$E$3&" ("&TEXT($D$39,"0%")&")",""),IF($F$4=D70,$F$3,""),IF($G$4=D70,$G$3,"")) | D70: 2 | E70: 2% less | G70: =_xlfn.TEXTJOIN(", ",TRUE,IF($E$5=H70,$E$3&" ("&TEXT($E$39,"0%")&")",""),IF($F$5=H70,$F$3,""),IF($G$5=H70,$G$3,"")) | H70: 2 | I70: 2% less | K70: =_xlfn.TEXTJOIN(", ",TRUE,IF($E$6=L70,$E$3&" ("&TEXT($F$39,"0%")&")",""),IF($F$6=L70,$F$3,""),IF($G$6=L70,$G$3,"")) | L70: 2 | M70: 2% less | O70: =_xlfn.TEXTJOIN(", ",TRUE,IF($E$7=P70,$E$3&" ("&TEXT($G$39,"0%")&")",""),IF($F$7=P70,$F$3,""),IF($G$7=P70,$G$3,"")) -> +30% Outflow | P70: 2 | Q70: 2% less | S70: =_xlfn.TEXTJOIN(", ",TRUE,IF($E$8=T70,$E$3&" ("&TEXT($H$39,"0%")&")",""),IF($F$8=T70,$F$3,""),IF($G$8=T70,$G$3,"")) -> +30% Outflow | T70: 2 | U70: 2% less
C71: =_xlfn.TEXTJOIN(", ",TRUE,IF($E$4=D71,$E$3&" ("&TEXT($D$39,"0%")&")",""),IF($F$4=D71,$F$3,""),IF($G$4=D71,$G$3,"")) | D71: 1 | E71: 1% less | G71: =_xlfn.TEXTJOIN(", ",TRUE,IF($E$5=H71,$E$3&" ("&TEXT($E$39,"0%")&")",""),IF($F$5=H71,$F$3,""),IF($G$5=H71,$G$3,"")) -> +30% Outflow | H71: 1 | I71: 1% less | K71: =_xlfn.TEXTJOIN(", ",TRUE,IF($E$6=L71,$E$3&" ("&TEXT($F$39,"0%")&")",""),IF($F$6=L71,$F$3,""),IF($G$6=L71,$G$3,"")) | L71: 1 | M71: 1% less | O71: =_xlfn.TEXTJOIN(", ",TRUE,IF($E$7=P71,$E$3&" ("&TEXT($G$39,"0%")&")",""),IF($F$7=P71,$F$3,""),IF($G$7=P71,$G$3,"")) | P71: 1 | Q71: 1% less | S71: =_xlfn.TEXTJOIN(", ",TRUE,IF($E$8=T71,$E$3&" ("&TEXT($H$39,"0%")&")",""),IF($F$8=T71,$F$3,""),IF($G$8=T71,$G$3,"")) | T71: 1 | U71: 1% less
C72: =_xlfn.TEXTJOIN(", ",TRUE,IF($E$4=D72,$E$3&" ("&TEXT($D$39,"0%")&")",""),IF($F$4=D72,$F$3,""),IF($G$4=D72,$G$3,"")) -> Historical Baseline (46%) | D72: 0 | E72: No change from baseline | G72: =_xlfn.TEXTJOIN(", ",TRUE,IF($E$5=H72,$E$3&" ("&TEXT($E$39,"0%")&")",""),IF($F$5=H72,$F$3,""),IF($G$5=H72,$G$3,"")) -> Historical Baseline (100%), -10% Outflow | H72: 0 | I72: No change from baseline | K72: =_xlfn.TEXTJOIN(", ",TRUE,IF($E$6=L72,$E$3&" ("&TEXT($F$39,"0%")&")",""),IF($F$6=L72,$F$3,""),IF($G$6=L72,$G$3,"")) -> Historical Baseline (72%) | L72: 0 | M72: No change from baseline | O72: =_xlfn.TEXTJOIN(", ",TRUE,IF($E$7=P72,$E$3&" ("&TEXT($G$39,"0%")&")",""),IF($F$7=P72,$F$3,""),IF($G$7=P72,$G$3,"")) -> Historical Baseline (2%) | P72: 0 | Q72: No change from baseline | S72: =_xlfn.TEXTJOIN(", ",TRUE,IF($E$8=T72,$E$3&" ("&TEXT($H$39,"0%")&")",""),IF($F$8=T72,$F$3,""),IF($G$8=T72,$G$3,"")) -> Historical Baseline (2%) | T72: 0 | U72: No change from baseline
C73: =_xlfn.TEXTJOIN(", ",TRUE,IF($E$4=D73,$E$3&" ("&TEXT($D$39,"0%")&")",""),IF($F$4=D73,$F$3,""),IF($G$4=D73,$G$3,"")) | D73: -1 | E73: 1% more than baseline | G73: =_xlfn.TEXTJOIN(", ",TRUE,IF($E$5=H73,$E$3&" ("&TEXT($E$39,"0%")&")",""),IF($F$5=H73,$F$3,""),IF($G$5=H73,$G$3,"")) | H73: -1 | I73: 1% more than baseline | K73: =_xlfn.TEXTJOIN(", ",TRUE,IF($E$6=L73,$E$3&" ("&TEXT($F$39,"0%")&")",""),IF($F$6=L73,$F$3,""),IF($G$6=L73,$G$3,"")) | L73: -1 | M73: 1% more than baseline | O73: =_xlfn.TEXTJOIN(", ",TRUE,IF($E$7=P73,$E$3&" ("&TEXT($G$39,"0%")&")",""),IF($F$7=P73,$F$3,""),IF($G$7=P73,$G$3,"")) | P73: -1 | Q73: 1% more than baseline | S73: =_xlfn.TEXTJOIN(", ",TRUE,IF($E$8=T73,$E$3&" ("&TEXT($H$39,"0%")&")",""),IF($F$8=T73,$F$3,""),IF($G$8=T73,$G$3,"")) | T73: -1 | U73: 1% more than baseline
C74: =_xlfn.TEXTJOIN(", ",TRUE,IF($E$4=D74,$E$3&" ("&TEXT($D$39,"0%")&")",""),IF($F$4=D74,$F$3,""),IF($G$4=D74,$G$3,"")) | D74: -2 | E74: 2% more | G74: =_xlfn.TEXTJOIN(", ",TRUE,IF($E$5=H74,$E$3&" ("&TEXT($E$39,"0%")&")",""),IF($F$5=H74,$F$3,""),IF($G$5=H74,$G$3,"")) | H74: -2 | I74: 2% more | K74: =_xlfn.TEXTJOIN(", ",TRUE,IF($E$6=L74,$E$3&" ("&TEXT($F$39,"0%")&")",""),IF($F$6=L74,$F$3,""),IF($G$6=L74,$G$3,"")) | L74: -2 | M74: 2% more | O74: =_xlfn.TEXTJOIN(", ",TRUE,IF($E$7=P74,$E$3&" ("&TEXT($G$39,"0%")&")",""),IF($F$7=P74,$F$3,""),IF($G$7=P74,$G$3,"")) | P74: -2 | Q74: 2% more | S74: =_xlfn.TEXTJOIN(", ",TRUE,IF($E$8=T74,$E$3&" ("&TEXT($H$39,"0%")&")",""),IF($F$8=T74,$F$3,""),IF($G$8=T74,$G$3,"")) | T74: -2 | U74: 2% more
C75: =_xlfn.TEXTJOIN(", ",TRUE,IF($E$4=D75,$E$3&" ("&TEXT($D$39,"0%")&")",""),IF($F$4=D75,$F$3,""),IF($G$4=D75,$G$3,"")) | D75: -3 | E75: 3% more | G75: =_xlfn.TEXTJOIN(", ",TRUE,IF($E$5=H75,$E$3&" ("&TEXT($E$39,"0%")&")",""),IF($F$5=H75,$F$3,""),IF($G$5=H75,$G$3,"")) | H75: -3 | I75: 3% more | K75: =_xlfn.TEXTJOIN(", ",TRUE,IF($E$6=L75,$E$3&" ("&TEXT($F$39,"0%")&")",""),IF($F$6=L75,$F$3,""),IF($G$6=L75,$G$3,"")) | L75: -3 | M75: 3% more | O75: =_xlfn.TEXTJOIN(", ",TRUE,IF($E$7=P75,$E$3&" ("&TEXT($G$39,"0%")&")",""),IF($F$7=P75,$F$3,""),IF($G$7=P75,$G$3,"")) -> -10% Outflow | P75: -3 | Q75: 3% more | S75: =_xlfn.TEXTJOIN(", ",TRUE,IF($E$8=T75,$E$3&" ("&TEXT($H$39,"0%")&")",""),IF($F$8=T75,$F$3,""),IF($G$8=T75,$G$3,"")) | T75: -3 | U75: 3% more
C76: =_xlfn.TEXTJOIN(", ",TRUE,IF($E$4=D76,$E$3&" ("&TEXT($D$39,"0%")&")",""),IF($F$4=D76,$F$3,""),IF($G$4=D76,$G$3,"")) | D76: -4 | E76: 4% more | G76: =_xlfn.TEXTJOIN(", ",TRUE,IF($E$5=H76,$E$3&" ("&TEXT($E$39,"0%")&")",""),IF($F$5=H76,$F$3,""),IF($G$5=H76,$G$3,"")) | H76: -4 | I76: 4% more | K76: =_xlfn.TEXTJOIN(", ",TRUE,IF($E$6=L76,$E$3&" ("&TEXT($F$39,"0%")&")",""),IF($F$6=L76,$F$3,""),IF($G$6=L76,$G$3,"")) | L76: -4 | M76: 4% more | O76: =_xlfn.TEXTJOIN(", ",TRUE,IF($E$7=P76,$E$3&" ("&TEXT($G$39,"0%")&")",""),IF($F$7=P76,$F$3,""),IF($G$7=P76,$G$3,"")) | P76: -4 | Q76: 4% more | S76: =_xlfn.TEXTJOIN(", ",TRUE,IF($E$8=T76,$E$3&" ("&TEXT($H$39,"0%")&")",""),IF($F$8=T76,$F$3,""),IF($G$8=T76,$G$3,"")) | T76: -4 | U76: 4% more
C77: =_xlfn.TEXTJOIN(", ",TRUE,IF($E$4=D77,$E$3&" ("&TEXT($D$39,"0%")&")",""),IF($F$4=D77,$F$3,""),IF($G$4=D77,$G$3,"")) -> -10% Outflow | D77: -5 | E77: greater than or equal to 5% more | G77: =_xlfn.TEXTJOIN(", ",TRUE,IF($E$5=H77,$E$3&" ("&TEXT($E$39,"0%")&")",""),IF($F$5=H77,$F$3,""),IF($G$5=H77,$G$3,"")) | H77: -5 | I77: greater than or equal to 5% more | K77: =_xlfn.TEXTJOIN(", ",TRUE,IF($E$6=L77,$E$3&" ("&TEXT($F$39,"0%")&")",""),IF($F$6=L77,$F$3,""),IF($G$6=L77,$G$3,"")) -> -10% Outflow | L77: -5 | M77: greater than or equal to 5% more | O77: =_xlfn.TEXTJOIN(", ",TRUE,IF($E$7=P77,$E$3&" ("&TEXT($G$39,"0%")&")",""),IF($F$7=P77,$F$3,""),IF($G$7=P77,$G$3,"")) | P77: -5 | Q77: greater than or equal to 5% more | S77: =_xlfn.TEXTJOIN(", ",TRUE,IF($E$8=T77,$E$3&" ("&TEXT($H$39,"0%")&")",""),IF($F$8=T77,$F$3,""),IF($G$8=T77,$G$3,"")) -> -10% Outflow | T77: -5 | U77: greater than or equal to 5% more
C79: Day Use & Boating
C80: Wet Seasons
C81: Delta-Wide | G81: Suisun | K81: Central Delta | O81: North Delta | S81: South Delta
C82: Results | D82: Ranking | E82: Scale | G82: Results | H82: Ranking | I82: Scale | K82: Results | L82: Ranking | M82: Scale | O82: Results | P82: Ranking | Q82: Scale | S82: Results | T82: Ranking | U82: Scale
C83: =_xlfn.TEXTJOIN(", ",TRUE,IF($K$4=D83,$K$3&" ("&TEXT($I$39,"0%")&")",""),IF($L$4=D83,$L$3,""),IF($M$4=D83,$M$3,"")) -> +30% Outflow | D83: 5 | E83: greater than or equal to 5% less | G83: =_xlfn.TEXTJOIN(", ",TRUE,IF($K$5=H83,$K$3&" ("&TEXT($J$39,"0%")&")",""),IF($L$5=H83,$L$3,""),IF($M$5=H83,$M$3,"")) | H83: 5 | I83: greater than or equal to 5% less | K83: =_xlfn.TEXTJOIN(", ",TRUE,IF($K$6=L83,$K$3&" ("&TEXT($K$39,"0%")&")",""),IF($L$6=L83,$L$3,""),IF($M$6=L83,$M$3,"")) -> +30% Outflow | L83: 5 | M83: greater than or equal to 5% less | O83: =_xlfn.TEXTJOIN(", ",TRUE,IF($K$7=P83,$K$3&" ("&TEXT($L$39,"0%")&")",""),IF($L$7=P83,$L$3,""),IF($M$7=P83,$M$3,"")) | P83: 5 | Q83: greater than or equal to 5% less | S83: =_xlfn.TEXTJOIN(", ",TRUE,IF($K$8=T83,$K$3&" ("&TEXT($M$39,"0%")&")",""),IF($L$8=T83,$L$3,""),IF($M$8=T83,$M$3,"")) | T83: 5 | U83: greater than or equal to 5% less
C84: =_xlfn.TEXTJOIN(", ",TRUE,IF($K$4=D84,$K$3&" ("&TEXT($I$39,"0%")&")",""),IF($L$4=D84,$L$3,""),IF($M$4=D84,$M$3,"")) | D84: 4 | E84: 4% less | G84: =_xlfn.TEXTJOIN(", ",TRUE,IF($K$5=H84,$K$3&" ("&TEXT($J$39,"0%")&")",""),IF($L$5=H84,$L$3,""),IF($M$5=H84,$M$3,"")) | H84: 4 | I84: 4% less | K84: =_xlfn.TEXTJOIN(", ",TRUE,IF($K$6=L84,$K$3&" ("&TEXT($K$39,"0%")&")",""),IF($L$6=L84,$L$3,""),IF($M$6=L84,$M$3,"")) | L84: 4 | M84: 4% less | O84: =_xlfn.TEXTJOIN(", ",TRUE,IF($K$7=P84,$K$3&" ("&TEXT($L$39,"0%")&")",""),IF($L$7=P84,$L$3,""),IF($M$7=P84,$M$3,"")) | P84: 4 | Q84: 4% less | S84: =_xlfn.TEXTJOIN(", ",TRUE,IF($K$8=T84,$K$3&" ("&TEXT($M$39,"0%")&")",""),IF($L$8=T84,$L$3,""),IF($M$8=T84,$M$3,"")) | T84: 4 | U84: 4% less
C85: =_xlfn.TEXTJOIN(", ",TRUE,IF($K$4=D85,$K$3&" ("&TEXT($I$39,"0%")&")",""),IF($L$4=D85,$L$3,""),IF($M$4=D85,$M$3,"")) | D85: 3 | E85: 3% less | G85: =_xlfn.TEXTJOIN(", ",TRUE,IF($K$5=H85,$K$3&" ("&TEXT($J$39,"0%")&")",""),IF($L$5=H85,$L$3,""),IF($M$5=H85,$M$3,"")) | H85: 3 | I85: 3% less | K85: =_xlfn.TEXTJOIN(", ",TRUE,IF($K$6=L85,$K$3&" ("&TEXT($K$39,"0%")&")",""),IF($L$6=L85,$L$3,""),IF($M$6=L85,$M$3,"")) | L85: 3 | M85: 3% less | O85: =_xlfn.TEXTJOIN(", ",TRUE,IF($K$7=P85,$K$3&" ("&TEXT($L$39,"0%")&")",""),IF($L$7=P85,$L$3,""),IF($M$7=P85,$M$3,"")) | P85: 3 | Q85: 3% less | S85: =_xlfn.TEXTJOIN(", ",TRUE,IF($K$8=T85,$K$3&" ("&TEXT($M$39,"0%")&")",""),IF($L$8=T85,$L$3,""),IF($M$8=T85,$M$3,"")) | T85: 3 | U85: 3% less
C86: =_xlfn.TEXTJOIN(", ",TRUE,IF($K$4=D86,$K$3&" ("&TEXT($I$39,"0%")&")",""),IF($L$4=D86,$L$3,""),IF($M$4=D86,$M$3,"")) | D86: 2 | E86: 2% less | G86: =_xlfn.TEXTJOIN(", ",TRUE,IF($K$5=H86,$K$3&" ("&TEXT($J$39,"0%")&")",""),IF($L$5=H86,$L$3,""),IF($M$5=H86,$M$3,"")) -> +30% Outflow | H86: 2 | I86: 2% less | K86: =_xlfn.TEXTJOIN(", ",TRUE,IF($K$6=L86,$K$3&" ("&TEXT($K$39,"0%")&")",""),IF($L$6=L86,$L$3,""),IF($M$6=L86,$M$3,"")) | L86: 2 | M86: 2% less | O86: =_xlfn.TEXTJOIN(", ",TRUE,IF($K$7=P86,$K$3&" ("&TEXT($L$39,"0%")&")",""),IF($L$7=P86,$L$3,""),IF($M$7=P86,$M$3,"")) | P86: 2 | Q86: 2% less | S86: =_xlfn.TEXTJOIN(", ",TRUE,IF($K$8=T86,$K$3&" ("&TEXT($M$39,"0%")&")",""),IF($L$8=T86,$L$3,""),IF($M$8=T86,$M$3,"")) -> +30% Outflow | T86: 2 | U86: 2% less
C87: =_xlfn.TEXTJOIN(", ",TRUE,IF($K$4=D87,$K$3&" ("&TEXT($I$39,"0%")&")",""),IF($L$4=D87,$L$3,""),IF($M$4=D87,$M$3,"")) | D87: 1 | E87: 1% less | G87: =_xlfn.TEXTJOIN(", ",TRUE,IF($K$5=H87,$K$3&" ("&TEXT($J$39,"0%")&")",""),IF($L$5=H87,$L$3,""),IF($M$5=H87,$M$3,"")) | H87: 1 | I87: 1% less | K87: =_xlfn.TEXTJOIN(", ",TRUE,IF($K$6=L87,$K$3&" ("&TEXT($K$39,"0%")&")",""),IF($L$6=L87,$L$3,""),IF($M$6=L87,$M$3,"")) | L87: 1 | M87: 1% less | O87: =_xlfn.TEXTJOIN(", ",TRUE,IF($K$7=P87,$K$3&" ("&TEXT($L$39,"0%")&")",""),IF($L$7=P87,$L$3,""),IF($M$7=P87,$M$3,"")) | P87: 1 | Q87: 1% less | S87: =_xlfn.TEXTJOIN(", ",TRUE,IF($K$8=T87,$K$3&" ("&TEXT($M$39,"0%")&")",""),IF($L$8=T87,$L$3,""),IF($M$8=T87,$M$3,"")) | T87: 1 | U87: 1% less
C88: =_xlfn.TEXTJOIN(", ",TRUE,IF($K$4=D88,$K$3&" ("&TEXT($I$39,"0%")&")",""),IF($L$4=D88,$L$3,""),IF($M$4=D88,$M$3,"")) -> Historical Baseline (44%) | D88: 0 | E88: No change from baseline | G88: =_xlfn.TEXTJOIN(", ",TRUE,IF($K$5=H88,$K$3&" ("&TEXT($J$39,"0%")&")",""),IF($L$5=H88,$L$3,""),IF($M$5=H88,$M$3,"")) -> Historical Baseline (100%), -10% Outflow | H88: 0 | I88: No change from baseline | K88: =_xlfn.TEXTJOIN(", ",TRUE,IF($K$6=L88,$K$3&" ("&TEXT($K$39,"0%")&")",""),IF($L$6=L88,$L$3,""),IF($M$6=L88,$M$3,"")) -> Historical Baseline (66%) | L88: 0 | M88: No change from baseline | O88: =_xlfn.TEXTJOIN(", ",TRUE,IF($K$7=P88,$K$3&" ("&TEXT($L$39,"0%")&")",""),IF($L$7=P88,$L$3,""),IF($M$7=P88,$M$3,"")) -> Historical Baseline (0%), +30% Outflow | P88: 0 | Q88: No change from baseline | S88: =_xlfn.TEXTJOIN(", ",TRUE,IF($K$8=T88,$K$3&" ("&TEXT($M$39,"0%")&")",""),IF($L$8=T88,$L$3,""),IF($M$8=T88,$M$3,"")) -> Historical Baseline (3%) | T88: 0 | U88: No change from baseline
C89: =_xlfn.TEXTJOIN(", ",TRUE,IF($K$4=D89,$K$3&" ("&TEXT($I$39,"0%")&")",""),IF($L$4=D89,$L$3,""),IF($M$4=D89,$M$3,"")) | D89: -1 | E89: 1% more than baseline | G89: =_xlfn.TEXTJOIN(", ",TRUE,IF($K$5=H89,$K$3&" ("&TEXT($J$39,"0%")&")",""),IF($L$5=H89,$L$3,""),IF($M$5=H89,$M$3,"")) | H89: -1 | I89: 1% more than baseline | K89: =_xlfn.TEXTJOIN(", ",TRUE,IF($K$6=L89,$K$3&" ("&TEXT($K$39,"0%")&")",""),IF($L$6=L89,$L$3,""),IF($M$6=L89,$M$3,"")) | L89: -1 | M89: 1% more than baseline | O89: =_xlfn.TEXTJOIN(", ",TRUE,IF($K$7=P89,$K$3&" ("&TEXT($L$39,"0%")&")",""),IF($L$7=P89,$L$3,""),IF($M$7=P89,$M$3,"")) | P89: -1 | Q89: 1% more than baseline | S89: =_xlfn.TEXTJOIN(", ",TRUE,IF($K$8=T89,$K$3&" ("&TEXT($M$39,"0%")&")",""),IF($L$8=T89,$L$3,""),IF($M$8=T89,$M$3,"")) | T89: -1 | U89: 1% more than baseline
C90: =_xlfn.TEXTJOIN(", ",TRUE,IF($K$4=D90,$K$3&" ("&TEXT($I$39,"0%")&")",""),IF($L$4=D90,$L$3,""),IF($M$4=D90,$M$3,"")) | D90: -2 | E90: 2% more | G90: =_xlfn.TEXTJOIN(", ",TRUE,IF($K$5=H90,$K$3&" ("&TEXT($J$39,"0%")&")",""),IF($L$5=H90,$L$3,""),IF($M$5=H90,$M$3,"")) | H90: -2 | I90: 2% more | K90: =_xlfn.TEXTJOIN(", ",TRUE,IF($K$6=L90,$K$3&" ("&TEXT($K$39,"0%")&")",""),IF($L$6=L90,$L$3,""),IF($M$6=L90,$M$3,"")) | L90: -2 | M90: 2% more | O90: =_xlfn.TEXTJOIN(", ",TRUE,IF($K$7=P90,$K$3&" ("&TEXT($L$39,"0%")&")",""),IF($L$7=P90,$L$3,""),IF($M$7=P90,$M$3,"")) -> -10% Outflow | P90: -2 | Q90: 2% more | S90: =_xlfn.TEXTJOIN(", ",TRUE,IF($K$8=T90,$K$3&" ("&TEXT($M$39,"0%")&")",""),IF($L$8=T90,$L$3,""),IF($M$8=T90,$M$3,"")) | T90: -2 | U90: 2% more
C91: =_xlfn.TEXTJOIN(", ",TRUE,IF($K$4=D91,$K$3&" ("&TEXT($I$39,"0%")&")",""),IF($L$4=D91,$L$3,""),IF($M$4=D91,$M$3,"")) | D91: -3 | E91: 3% more | G91: =_xlfn.TEXTJOIN(", ",TRUE,IF($K$5=H91,$K$3&" ("&TEXT($J$39,"0%")&")",""),IF($L$5=H91,$L$3,""),IF($M$5=H91,$M$3,"")) | H91: -3 | I91: 3% more | K91: =_xlfn.TEXTJOIN(", ",TRUE,IF($K$6=L91,$K$3&" ("&TEXT($K$39,"0%")&")",""),IF($L$6=L91,$L$3,""),IF($M$6=L91,$M$3,"")) | L91: -3 | M91: 3% more | O91: =_xlfn.TEXTJOIN(", ",TRUE,IF($K$7=P91,$K$3&" ("&TEXT($L$39,"0%")&")",""),IF($L$7=P91,$L$3,""),IF($M$7=P91,$M$3,"")) | P91: -3 | Q91: 3% more | S91: =_xlfn.TEXTJOIN(", ",TRUE,IF($K$8=T91,$K$3&" ("&TEXT($M$39,"0%")&")",""),IF($L$8=T91,$L$3,""),IF($M$8=T91,$M$3,"")) | T91: -3 | U91: 3% more
C92: =_xlfn.TEXTJOIN(", ",TRUE,IF($K$4=D92,$K$3&" ("&TEXT($I$39,"0%")&")",""),IF($L$4=D92,$L$3,""),IF($M$4=D92,$M$3,"")) | D92: -4 | E92: 4% more | G92: =_xlfn.TEXTJOIN(", ",TRUE,IF($K$5=H92,$K$3&" ("&TEXT($J$39,"0%")&")",""),IF($L$5=H92,$L$3,""),IF($M$5=H92,$M$3,"")) | H92: -4 | I92: 4% more | K92: =_xlfn.TEXTJOIN(", ",TRUE,IF($K$6=L92,$K$3&" ("&TEXT($K$39,"0%")&")",""),IF($L$6=L92,$L$3,""),IF($M$6=L92,$M$3,"")) | L92: -4 | M92: 4% more | O92: =_xlfn.TEXTJOIN(", ",TRUE,IF($K$7=P92,$K$3&" ("&TEXT($L$39,"0%")&")",""),IF($L$7=P92,$L$3,""),IF($M$7=P92,$M$3,"")) | P92: -4 | Q92: 4% more | S92: =_xlfn.TEXTJOIN(", ",TRUE,IF($K$8=T92,$K$3&" ("&TEXT($M$39,"0%")&")",""),IF($L$8=T92,$L$3,""),IF($M$8=T92,$M$3,"")) | T92: -4 | U92: 4% more
C93: =_xlfn.TEXTJOIN(", ",TRUE,IF($K$4=D93,$K$3&" ("&TEXT($I$39,"0%")&")",""),IF($L$4=D93,$L$3,""),IF($M$4=D93,$M$3,"")) -> -10% Outflow | D93: -5 | E93: greater than or equal to 5% more | G93: =_xlfn.TEXTJOIN(", ",TRUE,IF($K$5=H93,$K$3&" ("&TEXT($J$39,"0%")&")",""),IF($L$5=H93,$L$3,""),IF($M$5=H93,$M$3,"")) | H93: -5 | I93: greater than or equal to 5% more | K93: =_xlfn.TEXTJOIN(", ",TRUE,IF($K$6=L93,$K$3&" ("&TEXT($K$39,"0%")&")",""),IF($L$6=L93,$L$3,""),IF($M$6=L93,$M$3,"")) -> -10% Outflow | L93: -5 | M93: greater than or equal to 5% more | O93: =_xlfn.TEXTJOIN(", ",TRUE,IF($K$7=P93,$K$3&" ("&TEXT($L$39,"0%")&")",""),IF($L$7=P93,$L$3,""),IF($M$7=P93,$M$3,"")) | P93: -5 | Q93: greater than or equal to 5% more | S93: =_xlfn.TEXTJOIN(", ",TRUE,IF($K$8=T93,$K$3&" ("&TEXT($M$39,"0%")&")",""),IF($L$8=T93,$L$3,""),IF($M$8=T93,$M$3,"")) -> -10% Outflow | T93: -5 | U93: greater than or equal to 5% more
C95: Day Use & Boating
C96: Dry Seasons
C97: Delta-Wide | G97: Suisun | K97: Central Delta | O97: North Delta | S97: South Delta
C98: Results | D98: Ranking | E98: Scale | G98: Results | H98: Ranking | I98: Scale | K98: Results | L98: Ranking | M98: Scale | O98: Results | P98: Ranking | Q98: Scale | S98: Results | T98: Ranking | U98: Scale
C99: =_xlfn.TEXTJOIN(", ",TRUE,IF($Q$4=D99,$Q$3&" ("&TEXT($N$39,"0%")&")",""),IF($R$4=D99,$R$3,""),IF($S$4=D99,$S$3,"")) -> +30% Outflow | D99: 5 | E99: greater than or equal to 5% less | G99: =_xlfn.TEXTJOIN(", ",TRUE,IF($Q$5=H99,$Q$3&" ("&TEXT($O$39,"0%")&")",""),IF($R$5=H99,$R$3,""),IF($S$5=H99,$S$3,"")) | H99: 5 | I99: greater than or equal to 5% less | K99: =_xlfn.TEXTJOIN(", ",TRUE,IF($Q$6=L99,$Q$3&" ("&TEXT($P$39,"0%")&")",""),IF($R$6=L99,$R$3,""),IF($S$6=L99,$S$3,"")) -> +30% Outflow | L99: 5 | M99: greater than or equal to 5% less | O99: =_xlfn.TEXTJOIN(", ",TRUE,IF($Q$7=P99,$Q$3&" ("&TEXT($Q$39,"0%")&")",""),IF($R$7=P99,$R$3,""),IF($S$7=P99,$S$3,"")) | P99: 5 | Q99: greater than or equal to 5% less | S99: =_xlfn.TEXTJOIN(", ",TRUE,IF($Q$8=T99,$Q$3&" ("&TEXT($R$39,"0%")&")",""),IF($R$8=T99,$R$3,""),IF($S$8=T99,$S$3,"")) | T99: 5 | U99: greater than or equal to 5% less
C100: =_xlfn.TEXTJOIN(", ",TRUE,IF($Q$4=D100,$Q$3&" ("&TEXT($N$39,"0%")&")",""),IF($R$4=D100,$R$3,""),IF($S$4=D100,$S$3,"")) | D100: 4 | E100: 4% less | G100: =_xlfn.TEXTJOIN(", ",TRUE,IF($Q$5=H100,$Q$3&" ("&TEXT($O$39,"0%")&")",""),IF($R$5=H100,$R$3,""),IF($S$5=H100,$S$3,"")) | H100: 4 | I100: 4% less | K100: =_xlfn.TEXTJOIN(", ",TRUE,IF($Q$6=L100,$Q$3&" ("&TEXT($P$39,"0%")&")",""),IF($R$6=L100,$R$3,""),IF($S$6=L100,$S$3,"")) | L100: 4 | M100: 4% less | O100: =_xlfn.TEXTJOIN(", ",TRUE,IF($Q$7=P100,$Q$3&" ("&TEXT($Q$39,"0%")&")",""),IF($R$7=P100,$R$3,""),IF($S$7=P100,$S$3,"")) -> +30% Outflow | P100: 4 | Q100: 4% less | S100: =_xlfn.TEXTJOIN(", ",TRUE,IF($Q$8=T100,$Q$3&" ("&TEXT($R$39,"0%")&")",""),IF($R$8=T100,$R$3,""),IF($S$8=T100,$S$3,"")) | T100: 4 | U100: 4% less
C101: =_xlfn.TEXTJOIN(", ",TRUE,IF($Q$4=D101,$Q$3&" ("&TEXT($N$39,"0%")&")",""),IF($R$4=D101,$R$3,""),IF($S$4=D101,$S$3,"")) | D101: 3 | E101: 3% less | G101: =_xlfn.TEXTJOIN(", ",TRUE,IF($Q$5=H101,$Q$3&" ("&TEXT($O$39,"0%")&")",""),IF($R$5=H101,$R$3,""),IF($S$5=H101,$S$3,"")) | H101: 3 | I101: 3% less | K101: =_xlfn.TEXTJOIN(", ",TRUE,IF($Q$6=L101,$Q$3&" ("&TEXT($P$39,"0%")&")",""),IF($R$6=L101,$R$3,""),IF($S$6=L101,$S$3,"")) | L101: 3 | M101: 3% less | O101: =_xlfn.TEXTJOIN(", ",TRUE,IF($Q$7=P101,$Q$3&" ("&TEXT($Q$39,"0%")&")",""),IF($R$7=P101,$R$3,""),IF($S$7=P101,$S$3,"")) | P101: 3 | Q101: 3% less | S101: =_xlfn.TEXTJOIN(", ",TRUE,IF($Q$8=T101,$Q$3&" ("&TEXT($R$39,"0%")&")",""),IF($R$8=T101,$R$3,""),IF($S$8=T101,$S$3,"")) | T101: 3 | U101: 3% less
C102: =_xlfn.TEXTJOIN(", ",TRUE,IF($Q$4=D102,$Q$3&" ("&TEXT($N$39,"0%")&")",""),IF($R$4=D102,$R$3,""),IF($S$4=D102,$S$3,"")) | D102: 2 | E102: 2% less | G102: =_xlfn.TEXTJOIN(", ",TRUE,IF($Q$5=H102,$Q$3&" ("&TEXT($O$39,"0%")&")",""),IF($R$5=H102,$R$3,""),IF($S$5=H102,$S$3,"")) | H102: 2 | I102: 2% less | K102: =_xlfn.TEXTJOIN(", ",TRUE,IF($Q$6=L102,$Q$3&" ("&TEXT($P$39,"0%")&")",""),IF($R$6=L102,$R$3,""),IF($S$6=L102,$S$3,"")) | L102: 2 | M102: 2% less | O102: =_xlfn.TEXTJOIN(", ",TRUE,IF($Q$7=P102,$Q$3&" ("&TEXT($Q$39,"0%")&")",""),IF($R$7=P102,$R$3,""),IF($S$7=P102,$S$3,"")) | P102: 2 | Q102: 2% less | S102: =_xlfn.TEXTJOIN(", ",TRUE,IF($Q$8=T102,$Q$3&" ("&TEXT($R$39,"0%")&")",""),IF($R$8=T102,$R$3,""),IF($S$8=T102,$S$3,"")) -> +30% Outflow | T102: 2 | U102: 2% less
C103: =_xlfn.TEXTJOIN(", ",TRUE,IF($Q$4=D103,$Q$3&" ("&TEXT($N$39,"0%")&")",""),IF($R$4=D103,$R$3,""),IF($S$4=D103,$S$3,"")) | D103: 1 | E103: 1% less | G103: =_xlfn.TEXTJOIN(", ",TRUE,IF($Q$5=H103,$Q$3&" ("&TEXT($O$39,"0%")&")",""),IF($R$5=H103,$R$3,""),IF($S$5=H103,$S$3,"")) | H103: 1 | I103: 1% less | K103: =_xlfn.TEXTJOIN(", ",TRUE,IF($Q$6=L103,$Q$3&" ("&TEXT($P$39,"0%")&")",""),IF($R$6=L103,$R$3,""),IF($S$6=L103,$S$3,"")) | L103: 1 | M103: 1% less | O103: =_xlfn.TEXTJOIN(", ",TRUE,IF($Q$7=P103,$Q$3&" ("&TEXT($Q$39,"0%")&")",""),IF($R$7=P103,$R$3,""),IF($S$7=P103,$S$3,"")) | P103: 1 | Q103: 1% less | S103: =_xlfn.TEXTJOIN(", ",TRUE,IF($Q$8=T103,$Q$3&" ("&TEXT($R$39,"0%")&")",""),IF($R$8=T103,$R$3,""),IF($S$8=T103,$S$3,"")) | T103: 1 | U103: 1% less
C104: =_xlfn.TEXTJOIN(", ",TRUE,IF($Q$4=D104,$Q$3&" ("&TEXT($N$39,"0%")&")",""),IF($R$4=D104,$R$3,""),IF($S$4=D104,$S$3,"")) -> Historical Baseline (48%) | D104: 0 | E104: No change from baseline | G104: =_xlfn.TEXTJOIN(", ",TRUE,IF($Q$5=H104,$Q$3&" ("&TEXT($O$39,"0%")&")",""),IF($R$5=H104,$R$3,""),IF($S$5=H104,$S$3,"")) -> Historical Baseline (100%), +30% Outflow, -10% Outflow | H104: 0 | I104: No change from baseline | K104: =_xlfn.TEXTJOIN(", ",TRUE,IF($Q$6=L104,$Q$3&" ("&TEXT($P$39,"0%")&")",""),IF($R$6=L104,$R$3,""),IF($S$6=L104,$S$3,"")) -> Historical Baseline (78%) | L104: 0 | M104: No change from baseline | O104: =_xlfn.TEXTJOIN(", ",TRUE,IF($Q$7=P104,$Q$3&" ("&TEXT($Q$39,"0%")&")",""),IF($R$7=P104,$R$3,""),IF($S$7=P104,$S$3,"")) -> Historical Baseline (4%) | P104: 0 | Q104: No change from baseline | S104: =_xlfn.TEXTJOIN(", ",TRUE,IF($Q$8=T104,$Q$3&" ("&TEXT($R$39,"0%")&")",""),IF($R$8=T104,$R$3,""),IF($S$8=T104,$S$3,"")) -> Historical Baseline (2%) | T104: 0 | U104: No change from baseline
C105: =_xlfn.TEXTJOIN(", ",TRUE,IF($Q$4=D105,$Q$3&" ("&TEXT($N$39,"0%")&")",""),IF($R$4=D105,$R$3,""),IF($S$4=D105,$S$3,"")) | D105: -1 | E105: 1% more than baseline | G105: =_xlfn.TEXTJOIN(", ",TRUE,IF($Q$5=H105,$Q$3&" ("&TEXT($O$39,"0%")&")",""),IF($R$5=H105,$R$3,""),IF($S$5=H105,$S$3,"")) | H105: -1 | I105: 1% more than baseline | K105: =_xlfn.TEXTJOIN(", ",TRUE,IF($Q$6=L105,$Q$3&" ("&TEXT($P$39,"0%")&")",""),IF($R$6=L105,$R$3,""),IF($S$6=L105,$S$3,"")) | L105: -1 | M105: 1% more than baseline | O105: =_xlfn.TEXTJOIN(", ",TRUE,IF($Q$7=P105,$Q$3&" ("&TEXT($Q$39,"0%")&")",""),IF($R$7=P105,$R$3,""),IF($S$7=P105,$S$3,"")) | P105: -1 | Q105: 1% more than baseline | S105: =_xlfn.TEXTJOIN(", ",TRUE,IF($Q$8=T105,$Q$3&" ("&TEXT($R$39,"0%")&")",""),IF($R$8=T105,$R$3,""),IF($S$8=T105,$S$3,"")) | T105: -1 | U105: 1% more than baseline
C106: =_xlfn.TEXTJOIN(", ",TRUE,IF($Q$4=D106,$Q$3&" ("&TEXT($N$39,"0%")&")",""),IF($R$4=D106,$R$3,""),IF($S$4=D106,$S$3,"")) | D106: -2 | E106: 2% more | G106: =_xlfn.TEXTJOIN(", ",TRUE,IF($Q$5=H106,$Q$3&" ("&TEXT($O$39,"0%")&")",""),IF($R$5=H106,$R$3,""),IF($S$5=H106,$S$3,"")) | H106: -2 | I106: 2% more | K106: =_xlfn.TEXTJOIN(", ",TRUE,IF($Q$6=L106,$Q$3&" ("&TEXT($P$39,"0%")&")",""),IF($R$6=L106,$R$3,""),IF($S$6=L106,$S$3,"")) | L106: -2 | M106: 2% more | O106: =_xlfn.TEXTJOIN(", ",TRUE,IF($Q$7=P106,$Q$3&" ("&TEXT($Q$39,"0%")&")",""),IF($R$7=P106,$R$3,""),IF($S$7=P106,$S$3,"")) | P106: -2 | Q106: 2% more | S106: =_xlfn.TEXTJOIN(", ",TRUE,IF($Q$8=T106,$Q$3&" ("&TEXT($R$39,"0%")&")",""),IF($R$8=T106,$R$3,""),IF($S$8=T106,$S$3,"")) | T106: -2 | U106: 2% more
C107: =_xlfn.TEXTJOIN(", ",TRUE,IF($Q$4=D107,$Q$3&" ("&TEXT($N$39,"0%")&")",""),IF($R$4=D107,$R$3,""),IF($S$4=D107,$S$3,"")) | D107: -3 | E107: 3% more | G107: =_xlfn.TEXTJOIN(", ",TRUE,IF($Q$5=H107,$Q$3&" ("&TEXT($O$39,"0%")&")",""),IF($R$5=H107,$R$3,""),IF($S$5=H107,$S$3,"")) | H107: -3 | I107: 3% more | K107: =_xlfn.TEXTJOIN(", ",TRUE,IF($Q$6=L107,$Q$3&" ("&TEXT($P$39,"0%")&")",""),IF($R$6=L107,$R$3,""),IF($S$6=L107,$S$3,"")) | L107: -3 | M107: 3% more | O107: =_xlfn.TEXTJOIN(", ",TRUE,IF($Q$7=P107,$Q$3&" ("&TEXT($Q$39,"0%")&")",""),IF($R$7=P107,$R$3,""),IF($S$7=P107,$S$3,"")) | P107: -3 | Q107: 3% more | S107: =_xlfn.TEXTJOIN(", ",TRUE,IF($Q$8=T107,$Q$3&" ("&TEXT($R$39,"0%")&")",""),IF($R$8=T107,$R$3,""),IF($S$8=T107,$S$3,"")) | T107: -3 | U107: 3% more
C108: =_xlfn.TEXTJOIN(", ",TRUE,IF($Q$4=D108,$Q$3&" ("&TEXT($N$39,"0%")&")",""),IF($R$4=D108,$R$3,""),IF($S$4=D108,$S$3,"")) | D108: -4 | E108: 4% more | G108: =_xlfn.TEXTJOIN(", ",TRUE,IF($Q$5=H108,$Q$3&" ("&TEXT($O$39,"0%")&")",""),IF($R$5=H108,$R$3,""),IF($S$5=H108,$S$3,"")) | H108: -4 | I108: 4% more | K108: =_xlfn.TEXTJOIN(", ",TRUE,IF($Q$6=L108,$Q$3&" ("&TEXT($P$39,"0%")&")",""),IF($R$6=L108,$R$3,""),IF($S$6=L108,$S$3,"")) | L108: -4 | M108: 4% more | O108: =_xlfn.TEXTJOIN(", ",TRUE,IF($Q$7=P108,$Q$3&" ("&TEXT($Q$39,"0%")&")",""),IF($R$7=P108,$R$3,""),IF($S$7=P108,$S$3,"")) | P108: -4 | Q108: 4% more | S108: =_xlfn.TEXTJOIN(", ",TRUE,IF($Q$8=T108,$Q$3&" ("&TEXT($R$39,"0%")&")",""),IF($R$8=T108,$R$3,""),IF($S$8=T108,$S$3,"")) | T108: -4 | U108: 4% more
C109: =_xlfn.TEXTJOIN(", ",TRUE,IF($Q$4=D109,$Q$3&" ("&TEXT($N$39,"0%")&")",""),IF($R$4=D109,$R$3,""),IF($S$4=D109,$S$3,"")) -> -10% Outflow | D109: -5 | E109: greater than or equal to 5% more | G109: =_xlfn.TEXTJOIN(", ",TRUE,IF($Q$5=H109,$Q$3&" ("&TEXT($O$39,"0%")&")",""),IF($R$5=H109,$R$3,""),IF($S$5=H109,$S$3,"")) | H109: -5 | I109: greater than or equal to 5% more | K109: =_xlfn.TEXTJOIN(", ",TRUE,IF($Q$6=L109,$Q$3&" ("&TEXT($P$39,"0%")&")",""),IF($R$6=L109,$R$3,""),IF($S$6=L109,$S$3,"")) -> -10% Outflow | L109: -5 | M109: greater than or equal to 5% more | O109: =_xlfn.TEXTJOIN(", ",TRUE,IF($Q$7=P109,$Q$3&" ("&TEXT($Q$39,"0%")&")",""),IF($R$7=P109,$R$3,""),IF($S$7=P109,$S$3,"")) -> -10% Outflow | P109: -5 | Q109: greater than or equal to 5% more | S109: =_xlfn.TEXTJOIN(", ",TRUE,IF($Q$8=T109,$Q$3&" ("&TEXT($R$39,"0%")&")",""),IF($R$8=T109,$R$3,""),IF($S$8=T109,$S$3,"")) -> -10% Outflow | T109: -5 | U109: greater than or equal to 5% more
C113: Birding
C114: Total Run
C115: Delta-Wide | G115: Suisun | K115: Central Delta | O115: North Delta | S115: South Delta
C116: Results | D116: Ranking | E116: Scale | G116: Results | H116: Ranking | I116: Scale | K116: Results | L116: Ranking | M116: Scale | O116: Results | P116: Ranking | Q116: Scale | S116: Results | T116: Ranking | U116: Scale
C117: =_xlfn.TEXTJOIN(", ",TRUE,IF($E$10=D117,$E$9&" ("&TEXT($D$40,"0%")&")",""),IF($F$10=D117,$F$9,""),IF($G$10=D117,$G$9,"")) | D117: 5 | E117: greater than or equal to 5% less | G117: =_xlfn.TEXTJOIN(", ",TRUE,IF($E$11=H117,$E$9&" ("&TEXT($E$40,"0%")&")",""),IF($F$11=H117,$F$9,""),IF($G$11=H117,$G$9,"")) | H117: 5 | I117: greater than or equal to 5% less | K117: =_xlfn.TEXTJOIN(", ",TRUE,IF($E$12=L117,$E$9&" ("&TEXT($F$40,"0%")&")",""),IF($F$12=L117,$F$9,""),IF($G$12=L117,$G$9,"")) -> +30% Outflow | L117: 5 | M117: greater than or equal to 5% less | O117: =_xlfn.TEXTJOIN(", ",TRUE,IF($E$13=P117,$E$9&" ("&TEXT($G$40,"0%")&")",""),IF($F$13=P117,$F$9,""),IF($G$13=P117,$G$9,"")) | P117: 5 | Q117: greater than or equal to 5% less | S117: =_xlfn.TEXTJOIN(", ",TRUE,IF($E$14=T117,$E$9&" ("&TEXT($H$40,"0%")&")",""),IF($F$14=T117,$F$9,""),IF($G$14=T117,$G$9,"")) | T117: 5 | U117: greater than or equal to 5% less
C118: =_xlfn.TEXTJOIN(", ",TRUE,IF($E$10=D118,$E$9&" ("&TEXT($D$40,"0%")&")",""),IF($F$10=D118,$F$9,""),IF($G$10=D118,$G$9,"")) -> +30% Outflow | D118: 4 | E118: 4% less | G118: =_xlfn.TEXTJOIN(", ",TRUE,IF($E$11=H118,$E$9&" ("&TEXT($E$40,"0%")&")",""),IF($F$11=H118,$F$9,""),IF($G$11=H118,$G$9,"")) | H118: 4 | I118: 4% less | K118: =_xlfn.TEXTJOIN(", ",TRUE,IF($E$12=L118,$E$9&" ("&TEXT($F$40,"0%")&")",""),IF($F$12=L118,$F$9,""),IF($G$12=L118,$G$9,"")) | L118: 4 | M118: 4% less | O118: =_xlfn.TEXTJOIN(", ",TRUE,IF($E$13=P118,$E$9&" ("&TEXT($G$40,"0%")&")",""),IF($F$13=P118,$F$9,""),IF($G$13=P118,$G$9,"")) | P118: 4 | Q118: 4% less | S118: =_xlfn.TEXTJOIN(", ",TRUE,IF($E$14=T118,$E$9&" ("&TEXT($H$40,"0%")&")",""),IF($F$14=T118,$F$9,""),IF($G$14=T118,$G$9,"")) | T118: 4 | U118: 4% less
...

Sheet Run 15
B1: Suisun | J1: Central Delta | S1: North Delta | Y1: South Delta
A2: Date | B2: CHADBOURNE SLOUGH AT SUNRISE DUCK CLUB | C2: MONTEZUMA SLOUGH AT NATIONAL STEEL | D2: MONTEZUMA SLOUGH NEAR BELDENS LANDING | E2: SUISUN SLOUGH 300' SOUTH OF VOLANTI SLOUGH | F2: HONKER BAY | G2: SUISUN BAY AT VAN SICKLE ISLAND | H2: SUISUN BAY WEST REACH | I2: GRIZZLY BAY BUOY | J2: DUTCH SL BELOW JERSEY ISLAND | K2: FALSE RIVER NEAR OAKLEY | L2: OLD RIVER AT FRANKS TRACT | M2: PITTSBURG | N2: SACRAMENTO RIVER AT EMMATON | O2: SAN ANDREAS LANDING | P2: SAN JOAQUIN RIVER AT JERSEY POINT | Q2: SUISUN BAY AT CHANNEL MARKER 5 AT COLLINSVILLE | R2: BRANNAN MARINAS AT SAN JOAQUIN RIVER | S2: LIBERTY CUT AT FIVE POINTS | T2: CACHE SLOUGH ABOVE RYER ISLAND FERRY | U2: DELTA CROSS CHANNEL NEAR WALNUT GROVE | V2: SACRAMENTO RIVER DOWNSTREAM OF ISLETON | W2: COURTLAND AT SACRAMENTO RIVER | X2: VIERAS RESORT AT SACRAMENTO RIVER | Y2: GRANT LINE CANAL NEAR CLIFTON COURT FORE | Z2: LITTLE POTATO SLOUGH AT TERMINOUS | AA2: MIDDLE RIVER AT MILDRED ISLAND | AB2: OLD RIVER AT CLIFTON COURT | AC2: SAN JOAQUIN RIVER AT BRANDT BRIDGE | AD2: SAN JOAQUIN RIVER AT PRISONERS POINT | AE2: SAN JOAQUIN RIVER NEAR VERNALIS | AF2: SAN JOAQUIN RVER AT ROUGH AND READY ISLAND | AG2: VICTORIA CANAL BEFORE CLIFTON COURT FORE
A3: 44054 | B3: 15899.1 | C3: 10968.696 | D3: 13592.969 | E3: 15099.631 | F3: 16166.13 | G3: 14494.415 | H3: 34112.811 | I3: 17920.062 | J3: 1119.1519 | K3: 1820.7731 | L3: 334.39722 | M3: 13718.39 | N3: 3678.327 | O3: 462.36336 | P3: 2090.2879 | Q3: 11316.092 | R3: 731.357 | S3: 156.52555 | T3: 323.73683 | U3: 156.61155 | V3: 325.6662 | W3: 159.03711 | X3: 188.69112 | Y3: 319.83121 | Z3: 324.69912 | AA3: 315.48717 | AB3: 336.88674 | AC3: 422.06969 | AD3: 302.82665 | AE3: 521.87002 | AF3: 369.90787 | AG3: 286.13633
A4: 44055 | B4: 15708.115 | C4: 10516.738 | D4: 13803.551 | E4: 14909.273 | F4: 17038.926 | G4: 16435.544 | H4: 33613.145 | I4: 17840.264 | J4: 1201.4687 | K4: 1938.8663 | L4: 376.59269 | M4: 14506.483 | N4: 4180.2317 | O4: 603.78098 | P4: 2403.502 | Q4: 12304.192 | R4: 839.6368 | S4: 157.11955 | T4: 342.80275 | U4: 158.53607 | V4: 317.04367 | W4: 159.89819 | X4: 193.99036 | Y4: 319.55719 | Z4: 308.17162 | AA4: 320.69074 | AB4: 316.38315 | AC4: 429.26083 | AD4: 327.92953 | AE4: 522.89222 | AF4: 362.63006 | AG4: 285.14101
A5: 44056 | B5: 15344.253 | C5: 10659.41 | D5: 13918.228 | E5: 14991.807 | F5: 17408.482 | G5: 16804.671 | H5: 32270.143 | I5: 18268.105 | J5: 1233.4415 | K5: 2095.962 | L5: 484.72391 | M5: 14850.357 | N5: 4271.8672 | O5: 618.55281 | P5: 2657.5987 | Q5: 12751.776 | R5: 856.40217 | S5: 157.48799 | T5: 295.94561 | U5: 158.35481 | V5: 262.09231 | W5: 151.51947 | X5: 167.12924 | Y5: 328.27486 | Z5: 286.08761 | AA5: 316.58383 | AB5: 346.14846 | AC5: 437.81138 | AD5: 375.59073 | AE5: 587.1325 | AF5: 360.37968 | AG5: 335.6695
A6: 44057 | B6: 15028.47 | C6: 11600.363 | D6: 14077.664 | E6: 15180.733 | F6: 17505.036 | G6: 16929.433 | H6: 31322.411 | I6: 19157.381 | J6: 1278.4359 | K6: 2223.6015 | L6: 571.5682 | M6: 14957.817 | N6: 4345.6224 | O6: 611.54024 | P6: 2797.5714 | Q6: 12911.263 | R6: 867.75483 | S6: 157.55253 | T6: 280.2772 | U6: 145.28652 | V6: 263.75561 | W6: 136.35398 | X6: 170.19302 | Y6: 364.24248 | Z6: 250.17232 | AA6: 315.75888 | AB6: 387.45463 | AC6: 446.68634 | AD6: 433.39671 | AE6: 591.26947 | AF6: 358.06849 | AG6: 344.9071
A7: 44058 | B7: 14981.492 | C7: 12245.549 | D7: 14260.873 | E7: 15551.029 | F7: 17855.775 | G7: 17633.081 | H7: 31360.156 | I7: 19861.486 | J7: 1371.4148 | K7: 2429.6009 | L7: 653.62797 | M7: 15565.516 | N7: 4812.7326 | O7: 668.85512 | P7: 3043.6023 | Q7: 13554.567 | R7: 930.95251 | S7: 157.47487 | T7: 314.71059 | U7: 137.43603 | V7: 297.14334 | W7: 132.67305 | X7: 180.09856 | Y7: 384.10358 | Z7: 213.11127 | AA7: 316.85409 | AB7: 398.44038 | AC7: 452.57166 | AD7: 501.55646 | AE7: 560.60174 | AF7: 352.04274 | AG7: 344.64841
A8: 44059 | B8: 15086.931 | C8: 12809.974 | D8: 14449.579 | E8: 15876.806 | F8: 18297.633 | G8: 17923.356 | H8: 30991.51 | I8: 20590.71 | J8: 1480.3402 | K8: 2568.7327 | L8: 714.12102 | M8: 15868 | N8: 5054.4119 | O8: 712.05924 | P8: 3153.7243 | Q8: 13836.245 | R8: 977.99142 | S8: 157.53278 | T8: 355.95379 | U8: 133.594 | V8: 319.72958 | W8: 131.80037 | X8: 182.38788 | Y8: 394.04177 | Z8: 178.30566 | AA8: 316.68068 | AB8: 404.88387 | AC8: 457.93322 | AD8: 554.24667 | AE8: 567.06967 | AF8: 346.41605 | AG8: 341.2175
A9: 44060 | B9: 15214.732 | C9: 13335.048 | D9: 14605.881 | E9: 16111.114 | F9: 18262.912 | G9: 17556.775 | H9: 30040.763 | I9: 21214.008 | J9: 1563.3028 | K9: 2564.7196 | L9: 747.18351 | M9: 15497.589 | N9: 4943 | O9: 699.74655 | P9: 3148.2558 | Q9: 13497.635 | R9: 970.8192 | S9: 157.8494 | T9: 359.35346 | U9: 135.21124 | V9: 323.98142 | W9: 135.56626 | X9: 181.67215 | Y9: 404.7132 | Z9: 165.71542 | AA9: 318.52756 | AB9: 416.28126 | AC9: 465.63081 | AD9: 578.71661 | AE9: 553.35759 | AF9: 346.13955 | AG9: 335.52005
A10: 44061 | B10: 15447.22 | C10: 13718.645 | D10: 14844.29 | E10: 16443.433 | F10: 18085.665 | G10: 17348.906 | H10: 29629.891 | I10: 21356.375 | J10: 1661.3233 | K10: 2571.6479 | L10: 771.09015 | M10: 15284.421 | N10: 4929.7036 | O10: 695.1591 | P10: 3130.5152 | Q10: 13295.262 | R10: 974.80368 | S10: 158.44211 | T10: 355.12284 | U10: 139.29232 | V10: 327.17757 | W10: 138.33592 | X10: 182.89294 | Y10: 420.64542 | Z10: 157.71424 | AA10: 324.88844 | AB10: 426.51211 | AC10: 473.01482 | AD10: 597.67918 | AE10: 521.47268 | AF10: 348.19851 | AG10: 332.10736
A11: 44062 | B11: 15798.987 | C11: 13960.664 | D11: 15166.876 | E11: 16855.71 | F11: 18079.288 | G11: 17537.77 | H11: 29695.668 | I11: 21385.707 | J11: 1771.1356 | K11: 2633.4693 | L11: 812.20726 | M11: 15471.575 | N11: 5092.8236 | O11: 730.35182 | P11: 3168.5017 | Q11: 13474.519 | R11: 1020.0887 | S11: 159.74252 | T11: 380.10549 | U11: 137.31252 | V11: 353.08361 | W11: 139.41971 | X11: 195.59604 | Y11: 437.28009 | Z11: 149.28073 | AA11: 333.12757 | AB11: 458.23226 | AC11: 477.92996 | AD11: 630.14645 | AE11: 553.0779 | AF11: 346.38141 | AG11: 334.27134
A12: 44063 | B12: 16175.768 | C12: 14148.088 | D12: 15509.436 | E12: 17241.839 | F12: 18141.936 | G12: 17671.703 | H12: 29603.728 | I12: 21470.823 | J12: 1874.9318 | K12: 2651.1274 | L12: 856.01824 | M12: 15706.373 | N12: 5231.741 | O12: 761.23902 | P12: 3200.3281 | Q12: 13628.875 | R12: 1068.7137 | S12: 161.7001 | T12: 384.76756 | U12: 137.69593 | V12: 340.78345 | W12: 139.079 | X12: 185.82869 | Y12: 465.88037 | Z12: 143.13208 | AA12: 342.82414 | AB12: 481.25937 | AC12: 480.41754 | AD12: 661.33798 | AE12: 517.11356 | AF12: 344.05501 | AG12: 343.2359
A13: 44064 | B13: 16535.328 | C13: 14217.303 | D13: 15884.53 | E13: 17583.383 | F13: 18236.455 | G13: 17782.581 | H13: 29516.697 | I13: 21547.483 | J13: 1952.8898 | K13: 2735.9371 | L13: 911.54874 | M13: 15905.153 | N13: 5281.8318 | O13: 765.61375 | P13: 3308.1354 | Q13: 13796.345 | R13: 1099.2707 | S13: 163.79944 | T13: 359.84806 | U13: 138.577 | V13: 311.65183 | W13: 139.65935 | X13: 171.48414 | Y13: 500.36313 | Z13: 141.54884 | AA13: 355.74946 | AB13: 505.67744 | AC13: 482.49204 | AD13: 696.93683 | AE13: 558.83804 | AF13: 341.56379 | AG13: 358.96214
A14: 44065 | B14: 16744.704 | C14: 14320.403 | D14: 16018.899 | E14: 17647.352 | F14: 17998.344 | G14: 17437.711 | H14: 28959.896 | I14: 21566.885 | J14: 2005.9053 | K14: 2730.8404 | L14: 931.06995 | M14: 15530.671 | N14: 4687.9909 | O14: 731.75073 | P14: 3295.6767 | Q14: 13467.843 | R14: 1086.8217 | S14: 165.5242 | T14: 287.56234 | U14: 141.00233 | V14: 251.34713 | W14: 141.13079 | X14: 157.92112 | Y14: 526.11499 | Z14: 142.33038 | AA14: 370.34434 | AB14: 542.46992 | AC14: 484.11681 | AD14: 709.5458 | AE14: 498.43761 | AF14: 341.19612 | AG14: 381.35518
... A511: 44562 | B511: 7364.3016 | C511: 432.95499 | D511: 4232.6148 | E511: 5802.8582 | F511: 1130.2778 | G511: 880.93638 | H511: 9813.2277 | I511: 3862.3893 | J511: 830.18394 | K511: 830.53188 | L511: 408.4949 | M511: 709.55105 | N511: 190.36536 | O511: 297.35075 | P511: 454.36102 | Q511: 399.4987 | R511: 367.09243 | S511: 508.39622 | T511: 176.56455 | U511: 297.23912 | V511: 127.44862 | W511: 128.79564 | X511: 127.52446 | Y511: 636.60301 | Z511: 184.94764 | AA511: 690.89458 | AB511: 738.52436 | AC511: 475.4895 | AD511: 387.21735 | AE511: 302.70968 | AF511: 496.67089 | AG511: 800.29691
A512: TOTAL EXCEEDANCES | B512: =COUNTIF(B$3:B$511,">=1000") -> 509 | C512: =COUNTIF(C$3:C$511,">=1000") -> 505 | D512: =COUNTIF(D$3:D$511,">=1000") -> 509 | E512: =COUNTIF(E$3:E$511,">=1000") -> 509 | F512: =COUNTIF(F$3:F$511,">=1000") -> 509 | G512: =COUNTIF(G$3:G$511,">=1000") -> 505 | H512: =COUNTIF(H$3:H$511,">=1000") -> 509 | I512: =COUNTIF(I$3:I$511,">=1000") -> 509 | ... AG512: =COUNTIF(AG$3:AG$511,">=1000") -> 0
A513: WET 1 | B513: =COUNTIF(B$54:B$235,">=1000") -> 182 | C513: =COUNTIF(C$54:C$235,">=1000") -> 182 | D513: =COUNTIF(D$54:D$235,">=1000") -> 182 | E513: =COUNTIF(E$54:E$235,">=1000") -> 182 | F513: =COUNTIF(F$54:F$235,">=1000") -> 182 | G513: =COUNTIF(G$54:G$235,">=1000") -> 182 | H513: =COUNTIF(H$54:H$235,">=1000") -> 182 | I513: =COUNTIF(I$54:I$235,">=1000") -> 182 | ... AG513: =COUNTIF(AG$54:AG$235,">=1000") -> 0 | AH513: OCT 1, 2020 - MAR 31, 2021
A514: WET 2 | B514: =COUNTIF(B$419:B$511,">=1000") -> 93 | C514: =COUNTIF(C$419:C$511,">=1000") -> 89 | D514: =COUNTIF(D$419:D$511,">=1000") -> 93 | E514: =COUNTIF(E$419:E$511,">=1000") -> 93 | F514: =COUNTIF(F$419:F$511,">=1000") -> 93 | G514: =COUNTIF(G$419:G$511,">=1000") -> 89 | H514: =COUNTIF(H$419:H$511,">=1000") -> 93 | I514: =COUNTIF(I$419:I$511,">=1000") -> 93 | ... AG514: =COUNTIF(AG$419:AG$511,">=1000") -> 0 | AH514: OCT 1, 2021 - JAN 1, 2022
A515: DRY 1 | B515: =COUNTIF(B$3:B$53,">=1000") -> 51 | C515: =COUNTIF(C$3:C$53,">=1000") -> 51 | D515: =COUNTIF(D$3:D$53,">=1000") -> 51 | E515: =COUNTIF(E$3:E$53,">=1000") -> 51 | F515: =COUNTIF(F$3:F$53,">=1000") -> 51 | G515: =COUNTIF(G$3:G$53,">=1000") -> 51 | H515: =COUNTIF(H$3:H$53,">=1000") -> 51 | I515: =COUNTIF(I$3:I$53,">=1000") -> 51 | ... AG515: =COUNTIF(AG$3:AG$53,">=1000") -> 0 | AH515: AUG 11, 2020 - SEP 30, 2020
A516: DRY 2 | B516: =COUNTIF(B$236:B$418,">=1000") -> 183 | C516: =COUNTIF(C$236:C$418,">=1000") -> 183 | D516: =COUNTIF(D$236:D$418,">=1000") -> 183 | E516: =COUNTIF(E$236:E$418,">=1000") -> 183 | F516: =COUNTIF(F$236:F$418,">=1000") -> 183 | G516: =COUNTIF(G$236:G$418,">=1000") -> 183 | H516: =COUNTIF(H$236:H$418,">=1000") -> 183 | I516: =COUNTIF(I$236:I$418,">=1000") -> 183 | ... AG516: =COUNTIF(AG$236:AG$418,">=1000") -> 0 | AH516: APR 1, 2021 - SEP 30, 2021
A517: ALL WET | B517: =SUM(B$513,B$514) -> 275 | C517: =SUM(C$513,C$514) -> 271 | D517: =SUM(D$513,D$514) -> 275 | E517: =SUM(E$513,E$514) -> 275 | F517: =SUM(F$513,F$514) -> 275 | G517: =SUM(G$513,G$514) -> 271 | H517: =SUM(H$513,H$514) -> 275 | I517: =SUM(I$513,I$514) -> 275 | ... AG517: =SUM(AG$513,AG$514) -> 0
A518: ALL DRY | B518: =SUM(B$515,B$516) -> 234 | C518: =SUM(C$515,C$516) -> 234 | D518: =SUM(D$515,D$516) -> 234 | E518: =SUM(E$515,E$516) -> 234 | F518: =SUM(F$515,F$516) -> 234 | G518: =SUM(G$515,G$516) -> 234 | H518: =SUM(H$515,H$516) -> 234 | I518: =SUM(I$515,I$516) -> 234 | ... AG518: =SUM(AG$515,AG$516) -> 0
D521: Day Use & Boating | F521: THRESHOLD: 1,000 MICROSIEMENS/CM (EC) | S521: SP DAY USE & BOATING | AA521: SP DAY USE & BOATING | AE521: SP DAY USE & BOATING | AI521: SP DAY USE & BOATING | AQ521: SP DAY USE & BOATING | AY521: SP DAY USE & BOATING
F522: WET SEASON | S522: TOTAL RUN | AA522: WET SEASONS | AE522: DRY SEASONS | AI522: TOTAL RUN | AK522: Delta-Wide | AL522: Suisun | AM522: Central Delta | AN522: North Delta | AO522: South Delta | AQ522: WET SEASONS | AS522: Delta-Wide | AT522: Suisun | AU522: Central Delta | AV522: North Delta | AW522: South Delta | AY522: DRY SEASONS | BA522: Delta-Wide | BB522: Suisun | BC522: Central Delta | BD522: North Delta | BE522: South Delta
F523: OCTOBER 1 - MARCH 31 | M523: DRY SEASON | S523: Total points | U523: =COUNTIF(B2:AG2,"<>") -> 32 | AA523: Total points | AC523: =COUNTIF(B2:AG2,"<>") -> 32 | AE523: Total points | AG523: =COUNTIF(B2:AG2,"<>") -> 32 | AI523: Total points | AK523: =COUNTIF($B$2:$AG$2,"<>") -> 32 | AL523: =COUNTIF($B$2:$I$2,"<>") -> 8 | AM523: =COUNTIF($J$2:$R$2,"<>") -> 9 | AN523: =COUNTIF($S$2:$X$2,"<>") -> 6 | AO523: =COUNTIF($Y$2:$AG$2,"<>") -> 9 | AQ523: Total points | AS523: =COUNTIF($B$2:$AG$2,"<>") -> 32 | AT523: =COUNTIF($B$2:$I$2,"<>") -> 8 | AU523: =COUNTIF($J$2:$R$2,"<>") -> 9 | AV523: =COUNTIF($S$2:$X$2,"<>") -> 6 | AW523: =COUNTIF($Y$2:$AG$2,"<>") -> 9 | AY523: Total points | BA523: =COUNTIF($B$2:$AG$2,"<>") -> 32 | BB523: =COUNTIF($B$2:$I$2,"<>") -> 8 | BC523: =COUNTIF($J$2:$R$2,"<>") -> 9 | BD523: =COUNTIF($S$2:$X$2,"<>") -> 6 | BE523: =COUNTIF($Y$2:$AG$2,"<>") -> 9
F524: WET SEASON 1 | H524: 10/1/20 - 3/31/21 | J524: =COUNTIF($B$54:$B$235,"<>") -> 182 | M524: APRIL 1 - SEPTEMBER 30 | S524: Days in run | U524: =COUNTIF($A$3:$A$511,"<>") -> 509 | AA524: Days in run | AC524: =SUM($J$524:$J$525) -> 275 | AE524: Days in run | AG524: =SUM($Q$525:$Q$526) -> 234 | AI524: Days in run | AK524: =COUNTIF($A$3:$A$511,"<>") -> 509 | AL524: =COUNTIF($A$3:$A$511,"<>") -> 509 | AM524: =COUNTIF($A$3:$A$511,"<>") -> 509 | AN524: =COUNTIF($A$3:$A$511,"<>") -> 509 | AO524: =COUNTIF($A$3:$A$511,"<>") -> 509 | AQ524: Days in run | AS524: =SUM($J$524:$J$525) -> 275 | AT524: =SUM($J$524:$J$525) -> 275 | AU524: =SUM($J$524:$J$525) -> 275 | AV524: =SUM($J$524:$J$525) -> 275 | AW524: =SUM($J$524:$J$525) -> 275 | AY524: Days in run | BA524: =SUM($Q$525:$Q$526) -> 234 | BB524: =SUM($Q$525:$Q$526) -> 234 | BC524: =SUM($Q$525:$Q$526) -> 234 | BD524: =SUM($Q$525:$Q$526) -> 234 | BE524: =SUM($Q$525:$Q$526) -> 234
F525: WET SEASON 2 | H525: 10/1/21 - 1/1/22 | J525: =COUNTIF($B$419:$B$511,"<>") -> 93 | M525: DRY SEASON 1 | O525: 8/11/20 - 9/30/20 | Q525: =COUNTIF($B$3:$B$53,"<>") -> 51 | S525: Total measurements | U525: =U524*U523 -> 16288 | V525: DENOMINATOR FOR EXCEEDANCE % | AA525: Total measurements | AC525: =AC524*AC523 -> 8800 | AE525: Total measurements | AG525: =AG523*AG524 -> 7488 | AI525: Total measurements | AK525: =AK524*AK523 -> 16288 | AL525: =AL524*AL523 -> 4072 | AM525: =AM524*AM523 -> 4581 | AN525: =AN524*AN523 -> 3054 | AO525: =AO524*AO523 -> 4581 | AQ525: Total measurements | AS525: =AS524*AS523 -> 8800 | AT525: =AT524*AT523 -> 2200 | AU525: =AU524*AU523 -> 2475 | AV525: =AV524*AV523 -> 1650 | AW525: =AW524*AW523 -> 2475 | AY525: Total measurements | BA525: =BA524*BA523 -> 7488 | BB525: =BB524*BB523 -> 1872 | BC525: =BC524*BC523 -> 2106 | BD525: =BD524*BD523 -> 1404 | BE525: =BE524*BE523 -> 2106
M526: DRY SEASON 2 | O526: 4/1/21 - 9/30/21 | Q526: =COUNTIF($B$236:$B$418,"<>") -> 183 | S526: Measurements >= 1,000 | U526: =SUM(B512:AG512) -> 7515 | V526: NUMERATOR FOR EXCEEDANCE % | AA526: Measurements >= 1,000 | AC526: =SUM($B$517:$AG$517) -> 3904 | AE526: Measurements >= 1,000 | AG526: =SUM($B$518:$AG$518) -> 3611 | AI526: Measurements >= 1,000 | AK526: =SUM(B512:AG512) -> 7515 | AL526: =SUM(B512:I512) -> 4064 | AM526: =SUM(J512:R512) -> 3278 | AN526: =SUM(S512:X512) -> 65 | AO526: =SUM(Y512:AG512) -> 108 | AQ526: Measurements >= 1,000 | AS526: =SUM(B517:AG517) -> 3904 | AT526: =SUM(B517:I517) -> 2192 | AU526: =SUM(J517:R517) -> 1644 | AV526: =SUM(S517:X517) -> 3 | AW526: =SUM(Y517:AG517) -> 65 | AY526: Measurements >= 1,000 | BA526: =SUM($B518:$AG518) -> 3611 | BB526: =SUM(B518:I518) -> 1872 | BC526: =SUM(J518:R518) -> 1634 | BD526: =SUM(S518:X518) -> 62 | BE526: =SUM(Y518:AG518) -> 43
S527: % Total Run Exceedances | U527: =$U526/$U525 -> 0.46138261 | AA527: % WET Exceedances | AC527: =AC526/AC525 -> 0.44363636 | AE527: % DRY Exceedances | AG527: =AG526/AG525 -> 0.48223825 | AI527: % Total Run Exceedances | AK527: =AK526/AK525 -> 0.46138261 | AL527: =AL526/AL525 -> 0.99803536 | AM527: =AM526/AM525 -> 0.71556429 | AN527: =AN526/AN525 -> 0.021283563 | AO527: =AO526/AO525 -> 0.023575639 | AQ527: % WET Exceedances | AS527: =AS526/AS525 -> 0.44363636 | AT527: =AT526/AT525 -> 0.99636364 | AU527: =AU526/AU525 -> 0.66424242 | AV527: =AV526/AV525 -> 0.0018181818 | AW527: =AW526/AW525 -> 0.026262626 | AY527: % DRY Exceedances | BA527: =BA526/BA525 -> 0.48223825 | BB527: =BB526/BB525 -> 1 | BC527: =BC526/BC525 -> 0.77587844 | BD527: =BD526/BD525 -> 0.044159544 | BE527: =BE526/BE525 -> 0.020417854
A529: TOTAL EXCEEDANCES | B529: =COUNTIF(B$3:B$511,">=2640") -> 509 | C529: =COUNTIF(C$3:C$511,">=2640") -> 488 | D529: =COUNTIF(D$3:D$511,">=2640") -> 509 | E529: =COUNTIF(E$3:E$511,">=2640") -> 509 | F529: =COUNTIF(F$3:F$511,">=2640") -> 504 | G529: =COUNTIF(G$3:G$511,">=2640") -> 502 | H529: =COUNTIF(H$3:H$511,">=2640") -> 509 | I529: =COUNTIF(I$3:I$511,">=2640") -> 509 | ... AG529: =COUNTIF(AG$3:AG$511,">=2640") -> 0
A530: WET 1 | B530: =COUNTIF(B$54:B$235,">=2640") -> 182 | C530: =COUNTIF(C$54:C$235,">=2640") -> 182 | D530: =COUNTIF(D$54:D$235,">=2640") -> 182 | E530: =COUNTIF(E$54:E$235,">=2640") -> 182 | F530: =COUNTIF(F$54:F$235,">=2640") -> 182 | G530: =COUNTIF(G$54:G$235,">=2640") -> 182 | H530: =COUNTIF(H$54:H$235,">=2640") -> 182 | I530: =COUNTIF(I$54:I$235,">=2640") -> 182 | ... AG530: =COUNTIF(AG$54:AG$235,">=2640") -> 0 | AH530: OCT 1, 2020 - MAR 31, 2021
A531: WET 2 | B531: =COUNTIF(B$419:B$511,">=2640") -> 93 | C531: =COUNTIF(C$419:C$511,">=2640") -> 72 | D531: =COUNTIF(D$419:D$511,">=2640") -> 93 | E531: =COUNTIF(E$419:E$511,">=2640") -> 93 | F531: =COUNTIF(F$419:F$511,">=2640") -> 88 | G531: =COUNTIF(G$419:G$511,">=2640") -> 86 | H531: =COUNTIF(H$419:H$511,">=2640") -> 93 | I531: =COUNTIF(I$419:I$511,">=2640") -> 93 | ... AG531: =COUNTIF(AG$419:AG$511,">=2640") -> 0 | AH531: OCT 1, 2021 - JAN 1, 2022
A532: DRY 1 | B532: =COUNTIF(B$3:B$53,">=2640") -> 51 | C532: =COUNTIF(C$3:C$53,">=2640") -> 51 | D532: =COUNTIF(D$3:D$53,">=2640") -> 51 | E532: =COUNTIF(E$3:E$53,">=2640") -> 51 | F532: =COUNTIF(F$3:F$53,">=2640") -> 51 | G532: =COUNTIF(G$3:G$53,">=2640") -> 51 | H532: =COUNTIF(H$3:H$53,">=2640") -> 51 | I532: =COUNTIF(I$3:I$53,">=2640") -> 51 | ... AG532: =COUNTIF(AG$3:AG$53,">=2640") -> 0 | AH532: AUG 11, 2020 - SEP 30, 2020
A533: DRY 2 | B533: =COUNTIF(B$236:B$418,">=2640") -> 183 | C533: =COUNTIF(C$236:C$418,">=2640") -> 183 | D533: =COUNTIF(D$236:D$418,">=2640") -> 183 | E533: =COUNTIF(E$236:E$418,">=2640") -> 183 | F533: =COUNTIF(F$236:F$418,">=2640") -> 183 | G533: =COUNTIF(G$236:G$418,">=2640") -> 183 | H533: =COUNTIF(H$236:H$418,">=2640") -> 183 | I533: =COUNTIF(I$236:I$418,">=2640") -> 183 | ... AG533: =COUNTIF(AG$236:AG$418,">=2640") -> 0 | AH533: APR 1, 2021 - SEP 30, 2021
A534: ALL WET | B534: =SUM(B530,B531) -> 275 | C534: =SUM(C530,C531) -> 254 | D534: =SUM(D530,D531) -> 275 | E534: =SUM(E530,E531) -> 275 | F534: =SUM(F530,F531) -> 270 | G534: =SUM(G530,G531) -> 268 | H534: =SUM(H530,H531) -> 275 | I534: =SUM(I530,I531) -> 275 | ... AG534: =SUM(AG530,AG531) -> 0
A535: ALL DRY | B535: =SUM(B532,B533) -> 234 | C535: =SUM(C532,C533) -> 234 | D535: =SUM(D532,D533) -> 234 | E535: =SUM(E532,E533) -> 234 | F535: =SUM(F532,F533) -> 234 | G535: =SUM(G532,G533) -> 234 | H535: =SUM(H532,H533) -> 234 | I535: =SUM(I532,I533) -> 234 | ... AG535: =SUM(AG532,AG533) -> 0
D538: Birding | F538: THRESHOLD: 2,640 MICROSIEMENS/CM (EC) | S538: BIRDING | AA538: BIRDING | AE538: BIRDING | AI538: BIRDING | AQ538: BIRDING | AY538: BIRDING
F539: WET SEASON | S539: TOTAL RUN | AA539: WET SEASONS | AE539: DRY SEASONS | AI539: TOTAL RUN | AK539: Delta-Wide | AL539: Suisun | AM539: Central Delta | AN539: North Delta | AO539: South Delta | AQ539: WET SEASONS | AS539: Delta-Wide | AT539: Suisun | AU539: Central Delta | AV539: North Delta | AW539: South Delta | AY539: DRY SEASONS | BA539: Delta-Wide | BB539: Suisun | BC539: Central Delta | BD539: North Delta | BE539: South Delta
F540: OCTOBER 1 - MARCH 31 | M540: DRY SEASON | S540: Total points | U540: =COUNTIF(B18:AG18,"<>") -> 32 | AA540: Total points | AC540: =COUNTIF(B18:AG18,"<>") -> 32 | AE540: Total points | AG540: =COUNTIF(B18:AG18,"<>") -> 32 | AI540: Total points | AK540: =COUNTIF($B$2:$AG$2,"<>") -> 32 | AL540: =COUNTIF($B$2:$I$2,"<>") -> 8 | AM540: =COUNTIF($J$2:$R$2,"<>") -> 9 | AN540: =COUNTIF($S$2:$X$2,"<>") -> 6 | AO540: =COUNTIF($Y$2:$AG$2,"<>") -> 9 | AQ540: Total points | AS540: =COUNTIF($B$2:$AG$2,"<>") -> 32 | AT540: =COUNTIF($B$2:$I$2,"<>") -> 8 | AU540: =COUNTIF($J$2:$R$2,"<>") -> 9 | AV540: =COUNTIF($S$2:$X$2,"<>") -> 6 | AW540: =COUNTIF($Y$2:$AG$2,"<>") -> 9 | AY540: Total points | BA540: =COUNTIF($B$2:$AG$2,"<>") -> 32 | BB540: =COUNTIF($B$2:$I$2,"<>") -> 8 | BC540: =COUNTIF($J$2:$R$2,"<>") -> 9 | BD540: =COUNTIF($S$2:$X$2,"<>") -> 6 | BE540: =COUNTIF($Y$2:$AG$2,"<>") -> 9
F541: WET SEASON 1 | H541: 10/1/20 - 3/31/21 | J541: =COUNTIF($B$54:$B$235,"<>") -> 182 | M541: APRIL 1 - SEPTEMBER 30 | S541: Days in run | U541: =COUNTIF($A$3:$A$511,"<>") -> 509 | AA541: Days in run | AC541: =SUM($J$524:$J$525) -> 275 | AE541: Days in run | AG541: =SUM($Q$525:$Q$526) -> 234 | AI541: Days in run | AK541: =COUNTIF($A$3:$A$511,"<>") -> 509 | AL541: =COUNTIF($A$3:$A$511,"<>") -> 509 | AM541: =COUNTIF($A$3:$A$511,"<>") -> 509 | AN541: =COUNTIF($A$3:$A$511,"<>") -> 509 | AO541: =COUNTIF($A$3:$A$511,"<>") -> 509 | AQ541: Days in run | AS541: =SUM($J$524:$J$525) -> 275 | AT541: =SUM($J$524:$J$525) -> 275 | AU541: =SUM($J$524:$J$525) -> 275 | AV541: =SUM($J$524:$J$525) -> 275 | AW541: =SUM($J$524:$J$525) -> 275 | AY541: Days in run | BA541: =SUM($Q$525:$Q$526) -> 234 | BB541: =SUM($Q$525:$Q$526) -> 234 | BC541: =SUM($Q$525:$Q$526) -> 234 | BD541: =SUM($Q$525:$Q$526) -> 234 | BE541: =SUM($Q$525:$Q$526) -> 234
F542: WET SEASON 2 | H542: 10/1/21 - 1/1/22 | J542: =COUNTIF($B$419:$B$511,"<>") -> 93 | M542: DRY SEASON 1 | O542: 8/11/20 - 9/30/20 | Q542: =COUNTIF($B$3:$B$53,"<>") -> 51 | S542: Total measurements | U542: =U541*U540 -> 16288 | V542: DENOMINATOR FOR EXCEEDANCE % | AA542: Total measurements | AC542: =AC541*AC540 -> 8800 | AE542: Total measurements | AG542: =AG540*AG541 -> 7488 | AI542: Total measurements | AK542: =AK541*AK540 -> 16288 | AL542: =AL541*AL540 -> 4072 | AM542: =AM541*AM540 -> 4581 | AN542: =AN541*AN540 -> 3054 | AO542: =AO541*AO540 -> 4581 | AQ542: Total measurements | AS542: =AS541*AS540 -> 8800 | AT542: =AT541*AT540 -> 2200 | AU542: =AU541*AU540 -> 2475 | AV542: =AV541*AV540 -> 1650 | AW542: =AW541*AW540 -> 2475 | AY542: Total measurements | BA542: =BA541*BA540 -> 7488 | BB542: =BB541*BB540 -> 1872 | BC542: =BC541*BC540 -> 2106 | BD542: =BD541*BD540 -> 1404 | BE542: =BE541*BE540 -> 2106
M543: DRY SEASON 2 | O543: 4/1/21 - 9/30/21 | Q543: =COUNTIF($B$236:$B$418,"<>") -> 183 | S543: Measurements >= 2,640 | U543: =SUM(B529:AG529) -> 5600 | V543: NUMERATOR FOR EXCEEDANCE % | AA543: Measurements >= 2,640 | AC543: =SUM(B534:AG534) -> 2957 | AE543: Measurements >= 2,640 | AG543: =SUM(B535:AG535) -> 2643 | AI543: Measurements >= 2,640 | AK543: =SUM(B529:AG529) -> 5600 | AL543: =SUM(B529:I529) -> 4039 | AM543: =SUM(J529:R529) -> 1561 | AN543: =SUM(S529:X529) -> 0 | AO543: =SUM(Y529:AG529) -> 0 | AQ543: Measurements >= 2,640 | AS543: =SUM(B534:AG534) -> 2957 | AT543: =SUM(B534:I534) -> 2167 | AU543: =SUM(J534:R534) -> 790 | AV543: =SUM(S534:X534) -> 0 | AW543: =SUM(Y534:AG534) -> 0 | AY543: Measurements >= 2,640 | BA543: =SUM($B535:$AG535) -> 2643 | BB543: =SUM(B535:I535) -> 1872 | BC543: =SUM(J535:R535) -> 771 | BD543: =SUM(S535:X535) -> 0 | BE543: =SUM(Y535:AG535) -> 0
S544: % Total Run Exceedances | U544: =$U543/$U542 -> 0.34381139 | AA544: % WET Exceedances | AC544: =AC543/AC542 -> 0.33602273 | AE544: % DRY Exceedances | AG544: =AG543/AG542 -> 0.35296474 | AI544: % Total Run Exceedances | AK544: =AK543/AK542 -> 0.34381139 | AL544: =AL543/AL542 -> 0.99189587 | AM544: =AM543/AM542 -> 0.34075529 | AN544: =AN543/AN542 -> 0 | AO544: =AO543/AO542 -> 0 | AQ544: % WET Exceedances | AS544: =AS543/AS542 -> 0.33602273 | AT544: =AT543/AT542 -> 0.985 | AU544: =AU543/AU542 -> 0.31919192 | AV544: =AV543/AV542 -> 0 | AW544: =AW543/AW542 -> 0 | AY544: % DRY Exceedances | BA544: =BA543/BA542 -> 0.35296474 | BB544: =BB543/BB542 -> 1 | BC544: =BC543/BC542 -> 0.36609687 | BD544: =BD543/BD542 -> 0 | BE544: =BE543/BE542 -> 0
A546: TOTAL EXCEEDANCES | B546: =COUNTIF(B$3:B$511,">=3600") -> 509 | C546: =COUNTIF(C$3:C$511,">=3600") -> 480 | D546: =COUNTIF(D$3:D$511,">=3600") -> 509 | E546: =COUNTIF(E$3:E$511,">=3600") -> 509 | F546: =COUNTIF(F$3:F$511,">=3600") -> 503 | G546: =COUNTIF(G$3:G$511,">=3600") -> 498 | H546: =COUNTIF(H$3:H$511,">=3600") -> 509 | I546: =COUNTIF(I$3:I$511,">=3600") -> 509 | ... AG546: =COUNTIF(AG$3:AG$511,">=3600") -> 0
A547: WET 1 | B547: =COUNTIF(B$54:B$235,">=3600") -> 182 | C547: =COUNTIF(C$54:C$235,">=3600") -> 176 | D547: =COUNTIF(D$54:D$235,">=3600") -> 182 | E547: =COUNTIF(E$54:E$235,">=3600") -> 182 | F547: =COUNTIF(F$54:F$235,">=3600") -> 182 | G547: =COUNTIF(G$54:G$235,">=3600") -> 182 | H547: =COUNTIF(H$54:H$235,">=3600") -> 182 | I547: =COUNTIF(I$54:I$235,">=3600") -> 182 | ... AG547: =COUNTIF(AG$54:AG$235,">=3600") -> 0 | AH547: OCT 1, 2020 - MAR 31, 2021
A548: WET 2 | B548: =COUNTIF(B$419:B$511,">=3600") -> 93 | C548: =COUNTIF(C$419:C$511,">=3600") -> 70 | D548: =COUNTIF(D$419:D$511,">=3600") -> 93 | E548: =COUNTIF(E$419:E$511,">=3600") -> 93 | F548: =COUNTIF(F$419:F$511,">=3600") -> 87 | G548: =COUNTIF(G$419:G$511,">=3600") -> 82 | H548: =COUNTIF(H$419:H$511,">=3600") -> 93 | I548: =COUNTIF(I$419:I$511,">=3600") -> 93 | ... AG548: =COUNTIF(AG$419:AG$511,">=3600") -> 0 | AH548: OCT 1, 2021 - JAN 1, 2022
A549: DRY 1 | B549: =COUNTIF(B$3:B$53,">=3600") -> 51 | C549: =COUNTIF(C$3:C$53,">=3600") -> 51 | D549: =COUNTIF(D$3:D$53,">=3600") -> 51 | E549: =COUNTIF(E$3:E$53,">=3600") -> 51 | F549: =COUNTIF(F$3:F$53,">=3600") -> 51 | G549: =COUNTIF(G$3:G$53,">=3600") -> 51 | H549: =COUNTIF(H$3:H$53,">=3600") -> 51 | I549: =COUNTIF(I$3:I$53,">=3600") -> 51 | ... AG549: =COUNTIF(AG$3:AG$53,">=3600") -> 0 | AH549: AUG 11, 2020 - SEP 30, 2020
A550: DRY 2 | B550: =COUNTIF(B$236:B$418,">=3600") -> 183 | C550: =COUNTIF(C$236:C$418,">=3600") -> 183 | D550: =COUNTIF(D$236:D$418,">=3600") -> 183 | E550: =COUNTIF(E$236:E$418,">=3600") -> 183 | F550: =COUNTIF(F$236:F$418,">=3600") -> 183 | G550: =COUNTIF(G$236:G$418,">=3600") -> 183 | H550: =COUNTIF(H$236:H$418,">=3600") -> 183 | I550: =COUNTIF(I$236:I$418,">=3600") -> 183 | ... AG550: =COUNTIF(AG$236:AG$418,">=3600") -> 0 | AH550: APR 1, 2021 - SEP 30, 2021
A551: ALL WET | B551: =SUM(B547,B548) -> 275 | C551: =SUM(C547,C548) -> 246 | D551: =SUM(D547,D548) -> 275 | E551: =SUM(E547,E548) -> 275 | F551: =SUM(F547,F548) -> 269 | G551: =SUM(G547,G548) -> 264 | H551: =SUM(H547,H548) -> 275 | I551: =SUM(I547,I548) -> 275 | ... AG551: =SUM(AG547,AG548) -> 0
A552: ALL DRY | B552: =SUM(B549,B550) -> 234 | C552: =SUM(C549,C550) -> 234 | D552: =SUM(D549,D550) -> 234 | E552: =SUM(E549,E550) -> 234 | F552: =SUM(F549,F550) -> 234 | G552: =SUM(G549,G550) -> 234 | H552: =SUM(H549,H550) -> 234 | I552: =SUM(I549,I550) -> 234 | ... AG552: =SUM(AG549,AG550) -> 0
D555: Waterfowl | F555: THRESHOLD: 3,600 MICROSIEMENS/CM (EC) | S555: WATERFOWL | AA555: WATERFOWL | AE555: WATERFOWL | AI555: WATERFOWL | AQ555: WATERFOWL | AY555: WATERFOWL
F556: WET SEASON | S556: TOTAL RUN | AA556: WET SEASONS | AE556: DRY SEASONS | AI556: TOTAL RUN | AK556: Delta-Wide | AL556: Suisun | AM556: Central Delta | AN556: North Delta | AO556: South Delta | AQ556: WET SEASONS | AS556: Delta-Wide | AT556: Suisun | AU556: Central Delta | AV556: North Delta | AW556: South Delta | AY556: DRY SEASONS | BA556: Delta-Wide | BB556: Suisun | BC556: Central Delta | BD556: North Delta | BE556: South Delta
F557: OCTOBER 1 - MARCH 31 | M557: DRY SEASON | S557: Total points | U557: =COUNTIF(B35:AG35,"<>") -> 32 | AA557: Total points | AC557: =COUNTIF(B35:AG35,"<>") -> 32 | AE557: Total points | AG557: =COUNTIF(B35:AG35,"<>") -> 32 | AI557: Total points | AK557: =COUNTIF($B$2:$AG$2,"<>") -> 32 | AL557: =COUNTIF($B$2:$I$2,"<>") -> 8 | AM557: =COUNTIF($J$2:$R$2,"<>") -> 9 | AN557: =COUNTIF($S$2:$X$2,"<>") -> 6 | AO557: =COUNTIF($Y$2:$AG$2,"<>") -> 9 | AQ557: Total points | AS557: =COUNTIF($B$2:$AG$2,"<>") -> 32 | AT557: =COUNTIF($B$2:$I$2,"<>") -> 8 | AU557: =COUNTIF($J$2:$R$2,"<>") -> 9 | AV557: =COUNTIF($S$2:$X$2,"<>") -> 6 | AW557: =COUNTIF($Y$2:$AG$2,"<>") -> 9 | AY557: Total points | BA557: =COUNTIF($B$2:$AG$2,"<>") -> 32 | BB557: =COUNTIF($B$2:$I$2,"<>") -> 8 | BC557: =COUNTIF($J$2:$R$2,"<>") -> 9 | BD557: =COUNTIF($S$2:$X$2,"<>") -> 6 | BE557: =COUNTIF($Y$2:$AG$2,"<>") -> 9
F558: WET SEASON 1 | H558: 10/1/20 - 3/31/21 | J558: =COUNTIF($B$54:$B$235,"<>") -> 182 | M558: APRIL 1 - SEPTEMBER 30 | S558: Days in run | U558: =COUNTIF($A$3:$A$511,"<>") -> 509 | AA558: Days in run | AC558: =SUM($J$524:$J$525) -> 275 | AE558: Days in run | AG558: =SUM($Q$525:$Q$526) -> 234 | AI558: Days in run | AK558: =COUNTIF($A$3:$A$511,"<>") -> 509 | AL558: =COUNTIF($A$3:$A$511,"<>") -> 509 | AM558: =COUNTIF($A$3:$A$511,"<>") -> 509 | AN558: =COUNTIF($A$3:$A$511,"<>") -> 509 | AO558: =COUNTIF($A$3:$A$511,"<>") -> 509 | AQ558: Days in run | AS558: =SUM($J$524:$J$525) -> 275 | AT558: =SUM($J$524:$J$525) -> 275 | AU558: =SUM($J$524:$J$525) -> 275 | AV558: =SUM($J$524:$J$525) -> 275 | AW558: =SUM($J$524:$J$525) -> 275 | AY558: Days in run | BA558: =SUM($Q$525:$Q$526) -> 234 | BB558: =SUM($Q$525:$Q$526) -> 234 | BC558: =SUM($Q$525:$Q$526) -> 234 | BD558: =SUM($Q$525:$Q$526) -> 234 | BE558: =SUM($Q$525:$Q$526) -> 234
F559: WET SEASON 2 | H559: 10/1/21 - 1/1/22 | J559: =COUNTIF($B$419:$B$511,"<>") -> 93 | M559: DRY SEASON 1 | O559: 8/11/20 - 9/30/20 | Q559: =COUNTIF($B$3:$B$53,"<>") -> 51 | S559: Total measurements | U559: =U558*U557 -> 16288 | V559: DENOMINATOR FOR EXCEEDANCE % | AA559: Total measurements | AC559: =AC558*AC557 -> 8800 | AE559: Total measurements | AG559: =AG557*AG558 -> 7488 | AI559: Total measurements | AK559: =AK558*AK557 -> 16288 | AL559: =AL558*AL557 -> 4072 | AM559: =AM558*AM557 -> 4581 | AN559: =AN558*AN557 -> 3054 | AO559: =AO558*AO557 -> 4581 | AQ559: Total measurements | AS559: =AS558*AS557 -> 8800 | AT559: =AT558*AT557 -> 2200 | AU559: =AU558*AU557 -> 2475 | AV559: =AV558*AV557 -> 1650 | AW559: =AW558*AW557 -> 2475 | AY559: Total measurements | BA559: =BA558*BA557 -> 7488 | BB559: =BB558*BB557 -> 1872 | BC559: =BC558*BC557 -> 2106 | BD559: =BD558*BD557 -> 1404 | BE559: =BE558*BE557 -> 2106
M560: DRY SEASON 2 | O560: 4/1/21 - 9/30/21 | Q560: =COUNTIF($B$236:$B$418,"<>") -> 183 | S560: Measurements >= 3,600 | U560: =SUM(B546:AG546) -> 5323 | V560: NUMERATOR FOR EXCEEDANCE % | AA560: Measurements >= 3,600 | AC560: =SUM(B551:AG551) -> 2798 | AE560: Measurements >= 3,600 | AG560: =SUM(B552:AG552) -> 2525 | AI560: Measurements >= 3,600 | AK560: =SUM(B546:AG546) -> 5323 | AL560: =SUM(B546:I546) -> 4026 | AM560: =SUM(J546:R546) -> 1297 | AN560: =SUM(S546:X546) -> 0 | AO560: =SUM(Y546:AG546) -> 0 | AQ560: Measurements >= 3,600 | AS560: =SUM(B551:AG551) -> 2798 | AT560: =SUM(B551:I551) -> 2154 | AU560: =SUM(J551:R551) -> 644 | AV560: =SUM(S551:X551) -> 0 | AW560: =SUM(Y551:AG551) -> 0 | AY560: Measurements >= 3,600 | BA560: =SUM($B552:$AG552) -> 2525 | BB560: =SUM(B552:I552) -> 1872 | BC560: =SUM(J552:R552) -> 653 | BD560: =SUM(S552:X552) -> 0 | BE560: =SUM(Y552:AG552) -> 0
S561: % Total Run Exceedances | U561: =$U560/$U559 -> 0.32680501 | AA561: % WET Exceedances | AC561: =AC560/AC559 -> 0.31795455 | AE561: % DRY Exceedances | AG561: =AG560/AG559 -> 0.3372062 | AI561: % Total Run Exceedances | AK561: =AK560/AK559 -> 0.32680501 | AL561: =AL560/AL559 -> 0.98870334 | AM561: =AM560/AM559 -> 0.28312596 | AN561: =AN560/AN559 -> 0 | AO561: =AO560/AO559 -> 0 | AQ561: % WET Exceedances | AS561: =AS560/AS559 -> 0.31795455 | AT561: =AT560/AT559 -> 0.97909091 | AU561: =AU560/AU559 -> 0.26020202 | AV561: =AV560/AV559 -> 0 | AW561: =AW560/AW559 -> 0 | AY561: % DRY Exceedances | BA561: =BA560/BA559 -> 0.3372062 | BB561: =BB560/BB559 -> 1 | BC561: =BC560/BC559 -> 0.31006648 | BD561: =BD560/BD559 -> 0 | BE561: =BE560/BE559 -> 0
A563: TOTAL EXCEEDANCES | B563: =COUNTIF(B$3:B$511,">=9130") -> 408 | C563: =COUNTIF(C$3:C$511,">=9130") -> 353 | D563: =COUNTIF(D$3:D$511,">=9130") -> 367 | E563: =COUNTIF(E$3:E$511,">=9130") -> 409 | F563: =COUNTIF(F$3:F$511,">=9130") -> 467 | G563: =COUNTIF(G$3:G$511,">=9130") -> 445 | H563: =COUNTIF(H$3:H$511,">=9130") -> 509 | I563: =COUNTIF(I$3:I$511,">=9130") -> 504 | ... AG563: =COUNTIF(AG$3:AG$511,">=9130") -> 0
A564: WET 1 | B564: =COUNTIF(B$54:B$235,">=9130") -> 134 | C564: =COUNTIF(C$54:C$235,">=9130") -> 111 | D564: =COUNTIF(D$54:D$235,">=9130") -> 118 | E564: =COUNTIF(E$54:E$235,">=9130") -> 133 | F564: =COUNTIF(F$54:F$235,">=9130") -> 165 | G564: =COUNTIF(G$54:G$235,">=9130") -> 147 | H564: =COUNTIF(H$54:H$235,">=9130") -> 182 | I564: =COUNTIF(I$54:I$235,">=9130") -> 182 | ... AG564: =COUNTIF(AG$54:AG$235,">=9130") -> 0 | AH564: OCT 1, 2020 - MAR 31, 2021
A565: WET 2 | B565: =COUNTIF(B$419:B$511,">=9130") -> 76 | C565: =COUNTIF(C$419:C$511,">=9130") -> 49 | D565: =COUNTIF(D$419:D$511,">=9130") -> 57 | E565: =COUNTIF(E$419:E$511,">=9130") -> 71 | F565: =COUNTIF(F$419:F$511,">=9130") -> 68 | G565: =COUNTIF(G$419:G$511,">=9130") -> 67 | H565: =COUNTIF(H$419:H$511,">=9130") -> 93 | I565: =COUNTIF(I$419:I$511,">=9130") -> 88 | ... AG565: =COUNTIF(AG$419:AG$511,">=9130") -> 0 | AH565: OCT 1, 2021 - JAN 1, 2022
A566: DRY 1 | B566: =COUNTIF(B$3:B$53,">=9130") -> 51 | C566: =COUNTIF(C$3:C$53,">=9130") -> 51 | D566: =COUNTIF(D$3:D$53,">=9130") -> 51 | E566: =COUNTIF(E$3:E$53,">=9130") -> 51 | F566: =COUNTIF(F$3:F$53,">=9130") -> 51 | G566: =COUNTIF(G$3:G$53,">=9130") -> 51 | H566: =COUNTIF(H$3:H$53,">=9130") -> 51 | I566: =COUNTIF(I$3:I$53,">=9130") -> 51 | ... AG566: =COUNTIF(AG$3:AG$53,">=9130") -> 0 | AH566: AUG 11, 2020 - SEP 30, 2020
A567: DRY 2 | B567: =COUNTIF(B$236:B$418,">=9130") -> 147 | C567: =COUNTIF(C$236:C$418,">=9130") -> 142 | D567: =COUNTIF(D$236:D$418,">=9130") -> 141 | E567: =COUNTIF(E$236:E$418,">=9130") -> 154 | F567: =COUNTIF(F$236:F$418,">=9130") -> 183 | G567: =COUNTIF(G$236:G$418,">=9130") -> 180 | H567: =COUNTIF(H$236:H$418,">=9130") -> 183 | I567: =COUNTIF(I$236:I$418,">=9130") -> 183 | ... AG567: =COUNTIF(AG$236:AG$418,">=9130") -> 0 | AH567: APR 1, 2021 - SEP 30, 2021
A568: ALL WET | B568: =SUM(B564,B565) -> 210 | C568: =SUM(C564,C565) -> 160 | D568: =SUM(D564,D565) -> 175 | E568: =SUM(E564,E565) -> 204 | F568: =SUM(F564,F565) -> 233 | G568: =SUM(G564,G565) -> 214 | H568: =SUM(H564,H565) -> 275 | I568: =SUM(I564,I565) -> 270 | ... AG568: =SUM(AG564,AG565) -> 0
A569: ALL DRY | B569: =SUM(B566,B567) -> 198 | C569: =SUM(C566,C567) -> 193 | D569: =SUM(D566,D567) -> 192 | E569: =SUM(E566,E567) -> 205 | F569: =SUM(F566,F567) -> 234 | G569: =SUM(G566,G567) -> 231 | H569: =SUM(H566,H567) -> 234 | I569: =SUM(I566,I567) -> 234 | ... AG569: =SUM(AG566,AG567) -> 0
D572: Angling | F572: THRESHOLD: 9,130 MICROSIEMENS/CM (EC) | S572: ANGLING | AA572: ANGLING | AE572: ANGLING | AI572: ANGLING | AQ572: ANGLING | AY572: ANGLING
F573: WET SEASON | S573: TOTAL RUN | AA573: WET SEASONS | AE573: DRY SEASONS | AI573: TOTAL RUN | AK573: Delta-Wide | AL573: Suisun | AM573: Central Delta | AN573: North Delta | AO573: South Delta | AQ573: WET SEASONS | AS573: Delta-Wide | AT573: Suisun | AU573: Central Delta | AV573: North Delta | AW573: South Delta | AY573: DRY SEASONS | BA573: Delta-Wide | BB573: Suisun | BC573: Central Delta | BD573: North Delta | BE573: South Delta
F574: OCTOBER 1 - MARCH 31 | M574: DRY SEASON | S574: Total points | U574: =COUNTIF(B52:AG52,"<>") -> 32 | AA574: Total points | AC574: =COUNTIF(B52:AG52,"<>") -> 32 | AE574: Total points | AG574: =COUNTIF(B52:AG52,"<>") -> 32 | AI574: Total points | AK574: =COUNTIF($B$2:$AG$2,"<>") -> 32 | AL574: =COUNTIF($B$2:$I$2,"<>") -> 8 | AM574: =COUNTIF($J$2:$R$2,"<>") -> 9 | AN574: =COUNTIF($S$2:$X$2,"<>") -> 6 | AO574: =COUNTIF($Y$2:$AG$2,"<>") -> 9 | AQ574: Total points | AS574: =COUNTIF($B$2:$AG$2,"<>") -> 32 | AT574: =COUNTIF($B$2:$I$2,"<>") -> 8 | AU574: =COUNTIF($J$2:$R$2,"<>") -> 9 | AV574: =COUNTIF($S$2:$X$2,"<>") -> 6 | AW574: =COUNTIF($Y$2:$AG$2,"<>") -> 9 | AY574: Total points | BA574: =COUNTIF($B$2:$AG$2,"<>") -> 32 | BB574: =COUNTIF($B$2:$I$2,"<>") -> 8 | BC574: =COUNTIF($J$2:$R$2,"<>") -> 9 | BD574: =COUNTIF($S$2:$X$2,"<>") -> 6 | BE574: =COUNTIF($Y$2:$AG$2,"<>") -> 9
F575: WET SEASON 1 | H575: 10/1/20 - 3/31/21 | J575: =COUNTIF($B$54:$B$235,"<>") -> 182 | M575: APRIL 1 - SEPTEMBER 30 | S575: Days in run | U575: =COUNTIF($A$3:$A$511,"<>") -> 509 | AA575: Days in run | AC575: =SUM($J$524:$J$525) -> 275 | AE575: Days in run | AG575: =SUM($Q$525:$Q$526) -> 234 | AI575: Days in run | AK575: =COUNTIF($A$3:$A$511,"<>") -> 509 | AL575: =COUNTIF($A$3:$A$511,"<>") -> 509 | AM575: =COUNTIF($A$3:$A$511,"<>") -> 509 | AN575: =COUNTIF($A$3:$A$511,"<>") -> 509 | AO575: =COUNTIF($A$3:$A$511,"<>") -> 509 | AQ575: Days in run | AS575: =SUM($J$524:$J$525) -> 275 | AT575: =SUM($J$524:$J$525) -> 275 | AU575: =SUM($J$524:$J$525) -> 275 | AV575: =SUM($J$524:$J$525) -> 275 | AW575: =SUM($J$524:$J$525) -> 275 | AY575: Days in run | BA575: =SUM($Q$525:$Q$526) -> 234 | BB575: =SUM($Q$525:$Q$526) -> 234 | BC575: =SUM($Q$525:$Q$526) -> 234 | BD575: =SUM($Q$525:$Q$526) -> 234 | BE575: =SUM($Q$525:$Q$526) -> 234
F576: WET SEASON 2 | H576: 10/1/21 - 1/1/22 | J576: =COUNTIF($B$419:$B$511,"<>") -> 93 | M576: DRY SEASON 1 | O576: 8/11/20 - 9/30/20 | Q576: =COUNTIF($B$3:$B$53,"<>") -> 51 | S576: Total measurements | U576: =U575*U574 -> 16288 | V576: DENOMINATOR FOR EXCEEDANCE % | AA576: Total measurements | AC576: =AC575*AC574 -> 8800 | AE576: Total measurements | AG576: =AG574*AG575 -> 7488 | AI576: Total measurements | AK576: =AK575*AK574 -> 16288 | AL576: =AL575*AL574 -> 4072 | AM576: =AM575*AM574 -> 4581 | AN576: =AN575*AN574 -> 3054 | AO576: =AO575*AO574 -> 4581 | AQ576: Total measurements | AS576: =AS575*AS574 -> 8800 | AT576: =AT575*AT574 -> 2200 | AU576: =AU575*AU574 -> 2475 | AV576: =AV575*AV574 -> 1650 | AW576: =AW575*AW574 -> 2475 | AY576: Total measurements | BA576: =BA575*BA574 -> 7488 | BB576: =BB575*BB574 -> 1872 | BC576: =BC575*BC574 -> 2106 | BD576: =BD575*BD574 -> 1404 | BE576: =BE575*BE574 -> 2106
M577: DRY SEASON 2 | O577: 4/1/21 - 9/30/21 | Q577: =COUNTIF($B$236:$B$418,"<>") -> 183 | S577: Measurements >= 9,130 | U577: =SUM(B563:AG563) -> 4234 | V577: NUMERATOR FOR EXCEEDANCE % | AA577: Measurements >= 9,130 | AC577: =SUM(B568:AG568) -> 2099 | AE577: Measurements >= 9,130 | AG577: =SUM(B569:AG569) -> 2135 | AI577: Measurements >= 9,130 | AK577: =SUM(B563:AG563) -> 4234 | AL577: =SUM(B563:I563) -> 3462 | AM577: =SUM(J563:R563) -> 772 | AN577: =SUM(S563:X563) -> 0 | AO577: =SUM(Y563:AG563) -> 0 | AQ577: Measurements >= 9,130 | AS577: =SUM(B568:AG568) -> 2099 | AT577: =SUM(B568:I568) -> 1741 | AU577: =SUM(J568:R568) -> 358 | AV577: =SUM(S568:X568) -> 0 | AW577: =SUM(Y568:AG568) -> 0 | AY577: Measurements >= 9,130 | BA577: =SUM($B569:$AG569) -> 2135 | BB577: =SUM(B569:I569) -> 1721 | BC577: =SUM(J569:R569) -> 414 | BD577: =SUM(S569:X569) -> 0 | BE577: =SUM(Y569:AG569) -> 0
S578: % Total Run Exceedances | U578: =$U577/$U576 -> 0.25994597 | AA578: % WET Exceedances | AC578: =AC577/AC576 -> 0.23852273 | AE578: % DRY Exceedances | AG578: =AG577/AG576 -> 0.28512286 | AI578: % Total Run Exceedances | AK578: =AK577/AK576 -> 0.25994597 | AL578: =AL577/AL576 -> 0.85019646 | AM578: =AM577/AM576 -> 0.16852216 | AN578: =AN577/AN576 -> 0 | AO578: =AO577/AO576 -> 0 | AQ578: % WET Exceedances | AS578: =AS577/AS576 -> 0.23852273 | AT578: =AT577/AT576 -> 0.79136364 | AU578: =AU577/AU576 -> 0.14464646 | AV578: =AV577/AV576 -> 0 | AW578: =AW577/AW576 -> 0 | AY578: % DRY Exceedances | BA578: =BA577/BA576 -> 0.28512286 | BB578: =BB577/BB576 -> 0.91933761 | BC578: =BC577/BC576 -> 0.1965812 | BD578: =BD577/BD576 -> 0 | BE578: =BE577/BE576 -> 0

Sheet Run 16
B1: Suisun | J1: Central Delta | S1: North Delta | Y1: South Delta
A2: Date | B2: CHADBOURNE SLOUGH AT SUNRISE DUCK CLUB | C2: MONTEZUMA SLOUGH AT NATIONAL STEEL | D2: MONTEZUMA SLOUGH NEAR BELDENS LANDING | E2: SUISUN SLOUGH 300' SOUTH OF VOLANTI SLOUGH | F2: HONKER BAY | G2: SUISUN BAY AT VAN SICKLE ISLAND | H2: SUISUN BAY WEST REACH | I2: GRIZZLY BAY BUOY | J2: DUTCH SL BELOW JERSEY ISLAND | K2: FALSE RIVER NEAR OAKLEY | L2: OLD RIVER AT FRANKS TRACT | M2: PITTSBURG | N2: SACRAMENTO RIVER AT EMMATON | O2: SAN ANDREAS LANDING | P2: SAN JOAQUIN RIVER AT JERSEY POINT | Q2: SUISUN BAY AT CHANNEL MARKER 5 AT COLLINSVILLE | R2: BRANNAN MARINAS AT SAN JOAQUIN RIVER | S2: LIBERTY CUT AT FIVE POINTS | T2: CACHE SLOUGH ABOVE RYER ISLAND FERRY | U2: DELTA CROSS CHANNEL NEAR WALNUT GROVE | V2: SACRAMENTO RIVER DOWNSTREAM OF ISLETON | W2: COURTLAND AT SACRAMENTO RIVER | X2: VIERAS RESORT AT SACRAMENTO RIVER | Y2: GRANT LINE CANAL NEAR CLIFTON COURT FORE | Z2: LITTLE POTATO SLOUGH AT TERMINOUS | AA2: MIDDLE RIVER AT MILDRED ISLAND | AB2: OLD RIVER AT CLIFTON COURT | AC2: SAN JOAQUIN RIVER AT BRANDT BRIDGE | AD2: SAN JOAQUIN RIVER AT PRISONERS POINT | AE2: SAN JOAQUIN RIVER NEAR VERNALIS | AF2: SAN JOAQUIN RVER AT ROUGH AND READY ISLAND | AG2: VICTORIA CANAL BEFORE CLIFTON COURT FORE
A3: 44054 | B3: 15899.115 | C3: 10966.803 | D3: 13592.777 | E3: 15099.82 | F3: 16164.775 | G3: 14490.316 | H3: 34111.724 | I3: 17920.188 | J3: 1119.1522 | K3: 1819.3014 | L3: 334.51777 | M3: 13714.741 | N3: 3669.5726 | O3: 461.62282 | P3: 2088.4199 | Q3: 11310.359 | R3: 730.79448 | S3: 156.52519 | T3: 321.01941 | U3: 156.71875 | V3: 315.56616 | W3: 159.40387 | X3: 182.18285 | Y3: 319.84797 | Z3: 324.96045 | AA3: 315.4881 | AB3: 336.87608 | AC3: 422.08469 | AD3: 302.81018 | AE3: 521.86996 | AF3: 369.8625 | AG3: 286.1282
A4: 44055 | B4: 15708.099 | C4: 10493.312 | D4: 13800.773 | E4: 14910.954 | F4: 16991.558 | G4: 16321.618 | H4: 33498.072 | I4: 17840.271 | J4: 1199.2372 | K4: 1917.3044 | L4: 375.63619 | M4: 14395.225 | N4: 4018.7209 | O4: 589.07273 | P4: 2369.1605 | Q4: 12182.168 | R4: 827.21222 | S4: 157.1197 | T4: 320.74375 | U4: 158.0329 | V4: 276.55762 | W4: 159.62759 | X4: 172.43258 | Y4: 319.56646 | Z4: 304.06588 | AA4: 320.52824 | AB4: 316.39398 | AC4: 429.0938 | AD4: 325.64339 | AE4: 522.89191 | AF4: 362.30112 | AG4: 285.30623
A5: 44056 | B5: 15345.056 | C5: 10710.192 | D5: 13910.211 | E5: 14989.332 | F5: 17186.164 | G5: 16445.995 | H5: 31952.837 | I5: 18251.29 | J5: 1224.823 | K5: 2025.6898 | L5: 474.04443 | M5: 14503.693 | N5: 3839.5761 | O5: 569.78276 | P5: 2553.4229 | Q5: 12355.655 | R5: 817.20208 | S5: 157.48226 | T5: 259.35402 | U5: 154.22898 | V5: 215.3993 | W5: 147.61168 | X5: 158.40168 | Y5: 328.31307 | Z5: 265.22965 | AA5: 315.96794 | AB5: 346.27251 | AC5: 437.51966 | AD5: 365.43801 | AE5: 587.13156 | AF5: 359.75252 | AG5: 335.77657
A6: 44057 | B6: 15028.894 | C6: 11696.435 | D6: 14057.565 | E6: 15163.452 | F6: 17041.61 | G6: 16278.835 | H6: 30831.81 | I6: 19053.876 | J6: 1258.4432 | K6: 2090.3523 | L6: 541.97363 | M6: 14326.531 | N6: 3685.2692 | O6: 536.81318 | P6: 2614.2158 | Q6: 12216.481 | R6: 799.1703 | S6: 157.54185 | T6: 234.117 | U6: 137.65234 | V6: 210.13542 | W6: 136.29202 | X6: 159.48267 | Y6: 364.24305 | Z6: 219.35278 | AA6: 315.12337 | AB6: 387.37394 | AC6: 446.20835 | AD6: 410.56563 | AE6: 591.26931 | AF6: 357.29884 | AG6: 344.6806
A7: 44058 | B7: 14975.611 | C7: 12230.758 | D7: 14215.87 | E7: 15504.301 | F7: 17126.579 | G7: 16699.074 | H7: 30695.03 | I7: 19618.576 | J7: 1330.676 | K7: 2212.8271 | L7: 603.07999 | M7: 14645.559 | N7: 3925.3673 | O7: 574.2812 | P7: 2759.2152 | Q7: 12568.487 | R7: 834.77617 | S7: 157.45317 | T7: 244.56517 | U7: 132.19321 | V7: 216.71218 | W7: 131.48471 | X7: 149.52708 | Y7: 383.84998 | Z7: 182.99311 | AA7: 316.46509 | AB7: 398.00162 | AC7: 452.32036 | AD7: 462.47149 | AE7: 560.60182 | AF7: 351.14828 | AG7: 344.10661
A8: 44059 | B8: 15065.139 | C8: 12631.565 | D8: 14367.634 | E8: 15786.753 | F8: 17308.719 | G8: 16727.34 | H8: 30170.542 | I8: 20135.783 | J8: 1411.7524 | K8: 2264.8686 | L8: 644.73431 | M8: 14666.301 | N8: 3986.709 | O8: 591.3122 | P8: 2763.3626 | Q8: 12568.466 | R8: 851.87313 | S8: 157.45622 | T8: 259.47428 | U8: 132.02729 | V8: 225.10291 | W8: 133.44815 | X8: 147.63105 | Y8: 393.47069 | Z8: 164.15372 | AA8: 316.59057 | AB8: 403.90824 | AC8: 457.93752 | AD8: 500.07821 | AE8: 567.06938 | AF8: 345.40316 | AG8: 340.5803
A9: 44060 | B9: 15172.836 | C9: 12943.233 | D9: 14484.894 | E9: 15981.191 | F9: 17022.572 | G9: 16104.613 | H9: 29040.028 | I9: 20508.307 | J9: 1464.0857 | K9: 2191.2319 | L9: 658.15976 | M9: 14041.588 | N9: 3779.6482 | O9: 563.04015 | P9: 2671.5073 | Q9: 11978.55 | R9: 819.7411 | S9: 157.65001 | T9: 250.81877 | U9: 135.17715 | V9: 223.52458 | W9: 140.656 | X9: 145.0292 | Y9: 403.54922 | Z9: 155.58672 | AA9: 318.43547 | AB9: 413.99277 | AC9: 465.16644 | AD9: 511.34745 | AE9: 553.35812 | AF9: 344.96521 | AG9: 334.9566
A10: 44061 | B10: 15377.21 | C10: 13102.938 | D10: 14669.206 | E10: 16244.524 | F10: 16610.843 | G10: 15654.192 | H10: 28451.699 | I10: 20442.623 | J10: 1517.8549 | K10: 2128.3722 | L10: 662.17942 | M10: 13596.247 | N10: 3649.7626 | O10: 543.91789 | P10: 2571.7146 | Q10: 11550.299 | R10: 798.11136 | S10: 157.98044 | T10: 239.93894 | U10: 138.47115 | V10: 219.0079 | W10: 138.31875 | X10: 147.34228 | Y10: 418.24977 | Z10: 145.57381 | AA10: 323.99753 | AB10: 422.8603 | AC10: 472.01139 | AD10: 516.31008 | AE10: 521.4727 | AF10: 346.7649 | AG10: 331.46305
A11: 44062 | B11: 15679.514 | C11: 13104.213 | D11: 14923.231 | E11: 16559.186 | F11: 16368.321 | G11: 15617.907 | H11: 28351.448 | I11: 20288.836 | J11: 1578.7909 | K11: 2105.6485 | L11: 677.35855 | M11: 13559.721 | N11: 3656.2146 | O11: 557.64398 | P11: 2516.5525 | Q11: 11505.411 | R11: 810.35702 | S11: 158.7065 | T11: 244.73343 | U11: 139.8237 | V11: 226.90489 | W11: 138.87126 | X11: 151.89816 | Y11: 433.06793 | Z11: 139.81268 | AA11: 330.38181 | AB11: 452.63432 | AC11: 476.72744 | AD11: 529.62356 | AE11: 553.07792 | AF11: 344.77831 | AG11: 332.93649
A12: 44063 | B12: 15994.776 | C12: 12988.738 | D12: 15189.809 | E12: 16832.971 | F12: 16197.13 | G12: 15524.596 | H12: 28065.852 | I12: 20211.872 | J12: 1631.7533 | K12: 2046.1657 | L12: 688.42585 | M12: 13564.642 | N12: 3600.4039 | O12: 566.53584 | P12: 2451.9302 | Q12: 11424.416 | R12: 823.8348 | S12: 159.70461 | T12: 238.89992 | U12: 139.63446 | V12: 212.82439 | W12: 138.1363 | X12: 150.02815 | Y12: 459.20852 | Z12: 140.07746 | AA12: 336.9794 | AB12: 470.68807 | AC12: 479.34011 | AD12: 539.12663 | AE12: 517.11344 | AF12: 342.41316 | AG12: 339.70714
A13: 44064 | B13: 16270.211 | C13: 12848.585 | D13: 15472.161 | E13: 17052.305 | F13: 16043.755 | G13: 15387.667 | H13: 27789.286 | I13: 20118.339 | J13: 1660.6868 | K13: 2033.1117 | L13: 700.91934 | M13: 13511.252 | N13: 3465.9036 | O13: 556.34872 | P13: 2445.6972 | Q13: 11325.756 | R13: 820.91808 | S13: 160.5077 | T13: 220.51582 | U13: 140.20492 | V13: 190.56452 | W13: 140.0576 | X13: 145.5161 | Y13: 487.85406 | Z13: 142.35614 | AA13: 344.65009 | AB13: 488.85418 | AC13: 481.48762 | AD13: 546.63373 | AE13: 558.83782 | AF13: 339.85912 | AG13: 351.0298
A14: 44065 | B14: 16402.715 | C14: 12666.941 | D14: 15532.317 | E14: 17041.39 | F14: 15536.721 | G14: 14772.338 | H14: 27006.671 | I14: 19949.198 | J14: 1671.6803 | K14: 1958.2056 | L14: 681.84974 | M14: 12865.489 | N14: 2840.5494 | O14: 526.72504 | P14: 2354.5882 | Q14: 10731.762 | R14: 790.31383 | S14: 161.06797 | T14: 188.56132 | U14: 141.53175 | V14: 163.83883 | W14: 141.72962 | X14: 141.52932 | Y14: 509.40262 | Z14: 142.70933 | AA14: 351.60427 | AB14: 513.10972 | AC14: 483.03243 | AD14: 535.1535 | AE14: 498.43751 | AF14: 339.34604 | AG14: 366.13531
... A511: 44562 | B511: 4355.6167 | C511: 187.52444 | D511: 1840.4141 | E511: 3140.184 | F511: 401.97167 | G511: 331.89512 | H511: 5767.5188 | I511: 1708.906 | J511: 442.84388 | K511: 414.40746 | L511: 259.52903 | M511: 325.2005 | N511: 158.3642 | O511: 201.54522 | P511: 268.13921 | Q511: 201.68872 | R511: 234.85764 | S511: 505.61152 | T511: 167.10575 | U511: 301.46051 | V511: 128.4182 | W511: 128.90149 | X511: 128.41579 | Y511: 528.03073 | Z511: 179.40005 | AA511: 489.45731 | AB511: 570.75389 | AC511: 495.0597 | AD511: 260.31632 | AE511: 302.70978 | AF511: 517.69317 | AG511: 559.2191
A512: TOTAL EXCEEDANCES | B512: =COUNTIF(B$3:B$511,">=1000") -> 509 | C512: =COUNTIF(C$3:C$511,">=1000") -> 485 | D512: =COUNTIF(D$3:D$511,">=1000") -> 509 | E512: =COUNTIF(E$3:E$511,">=1000") -> 509 | F512: =COUNTIF(F$3:F$511,">=1000") -> 503 | G512: =COUNTIF(G$3:G$511,">=1000") -> 497 | H512: =COUNTIF(H$3:H$511,">=1000") -> 509 | I512: =COUNTIF(I$3:I$511,">=1000") -> 509 | ... AG512: =COUNTIF(AG$3:AG$511,">=1000") -> 0
A513: WET 1 | B513: =COUNTIF(B$54:B$235,">=1000") -> 182 | C513: =COUNTIF(C$54:C$235,">=1000") -> 179 | D513: =COUNTIF(D$54:D$235,">=1000") -> 182 | E513: =COUNTIF(E$54:E$235,">=1000") -> 182 | F513: =COUNTIF(F$54:F$235,">=1000") -> 182 | G513: =COUNTIF(G$54:G$235,">=1000") -> 182 | H513: =COUNTIF(H$54:H$235,">=1000") -> 182 | I513: =COUNTIF(I$54:I$235,">=1000") -> 182 | ... AG513: =COUNTIF(AG$54:AG$235,">=1000") -> 0 | AH513: OCT 1, 2020 - MAR 31, 2021
A514: WET 2 | B514: =COUNTIF(B$419:B$511,">=1000") -> 93 | C514: =COUNTIF(C$419:C$511,">=1000") -> 72 | D514: =COUNTIF(D$419:D$511,">=1000") -> 93 | E514: =COUNTIF(E$419:E$511,">=1000") -> 93 | F514: =COUNTIF(F$419:F$511,">=1000") -> 87 | G514: =COUNTIF(G$419:G$511,">=1000") -> 81 | H514: =COUNTIF(H$419:H$511,">=1000") -> 93 | I514: =COUNTIF(I$419:I$511,">=1000") -> 93 | ... AG514: =COUNTIF(AG$419:AG$511,">=1000") -> 0 | AH514: OCT 1, 2021 - JAN 1, 2022
A515: DRY 1 | B515: =COUNTIF(B$3:B$53,">=1000") -> 51 | C515: =COUNTIF(C$3:C$53,">=1000") -> 51 | D515: =COUNTIF(D$3:D$53,">=1000") -> 51 | E515: =COUNTIF(E$3:E$53,">=1000") -> 51 | F515: =COUNTIF(F$3:F$53,">=1000") -> 51 | G515: =COUNTIF(G$3:G$53,">=1000") -> 51 | H515: =COUNTIF(H$3:H$53,">=1000") -> 51 | I515: =COUNTIF(I$3:I$53,">=1000") -> 51 | ... AG515: =COUNTIF(AG$3:AG$53,">=1000") -> 0 | AH515: AUG 11, 2020 - SEP 30, 2020
A516: DRY 2 | B516: =COUNTIF(B$236:B$418,">=1000") -> 183 | C516: =COUNTIF(C$236:C$418,">=1000") -> 183 | D516: =COUNTIF(D$236:D$418,">=1000") -> 183 | E516: =COUNTIF(E$236:E$418,">=1000") -> 183 | F516: =COUNTIF(F$236:F$418,">=1000") -> 183 | G516: =COUNTIF(G$236:G$418,">=1000") -> 183 | H516: =COUNTIF(H$236:H$418,">=1000") -> 183 | I516: =COUNTIF(I$236:I$418,">=1000") -> 183 | ... AG516: =COUNTIF(AG$236:AG$418,">=1000") -> 0 | AH516: APR 1, 2021 - SEP 30, 2021
A517: ALL WET | B517: =SUM(B$513,B$514) -> 275 | C517: =SUM(C$513,C$514) -> 251 | D517: =SUM(D$513,D$514) -> 275 | E517: =SUM(E$513,E$514) -> 275 | F517: =SUM(F$513,F$514) -> 269 | G517: =SUM(G$513,G$514) -> 263 | H517: =SUM(H$513,H$514) -> 275 | I517: =SUM(I$513,I$514) -> 275 | ... AG517: =SUM(AG$513,AG$514) -> 0
A518: ALL DRY | B518: =SUM(B$515,B$516) -> 234 | C518: =SUM(C$515,C$516) -> 234 | D518: =SUM(D$515,D$516) -> 234 | E518: =SUM(E$515,E$516) -> 234 | F518: =SUM(F$515,F$516) -> 234 | G518: =SUM(G$515,G$516) -> 234 | H518: =SUM(H$515,H$516) -> 234 | I518: =SUM(I$515,I$516) -> 234 | ... AG518: =SUM(AG$515,AG$516) -> 0
D521: Day Use & Boating | F521: THRESHOLD: 1,000 MICROSIEMENS/CM (EC) | S521: SP DAY USE & BOATING | AA521: SP DAY USE & BOATING | AE521: SP DAY USE & BOATING | AI521: SP DAY USE & BOATING | AQ521: SP DAY USE & BOATING | AY521: SP DAY USE & BOATING
F522: WET SEASON | S522: TOTAL RUN | AA522: WET SEASONS | AE522: DRY SEASONS | AI522: TOTAL RUN | AK522: Delta-Wide | AL522: Suisun | AM522: Central Delta | AN522: North Delta | AO522: South Delta | AQ522: WET SEASONS | AS522: Delta-Wide | AT522: Suisun | AU522: Central Delta | AV522: North Delta | AW522: South Delta | AY522: DRY SEASONS | BA522: Delta-Wide | BB522: Suisun | BC522: Central Delta | BD522: North Delta | BE522: South Delta
F523: OCTOBER 1 - MARCH 31 | M523: DRY SEASON | S523: Total points | U523: =COUNTIF(B2:AG2,"<>") -> 32 | AA523: Total points | AC523: =COUNTIF(B2:AG2,"<>") -> 32 | AE523: Total points | AG523: =COUNTIF(B2:AG2,"<>") -> 32 | AI523: Total points | AK523: =COUNTIF($B$2:$AG$2,"<>") -> 32 | AL523: =COUNTIF($B$2:$I$2,"<>") -> 8 | AM523: =COUNTIF($J$2:$R$2,"<>") -> 9 | AN523: =COUNTIF($S$2:$X$2,"<>") -> 6 | AO523: =COUNTIF($Y$2:$AG$2,"<>") -> 9 | AQ523: Total points | AS523: =COUNTIF($B$2:$AG$2,"<>") -> 32 | AT523: =COUNTIF($B$2:$I$2,"<>") -> 8 | AU523: =COUNTIF($J$2:$R$2,"<>") -> 9 | AV523: =COUNTIF($S$2:$X$2,"<>") -> 6 | AW523: =COUNTIF($Y$2:$AG$2,"<>") -> 9 | AY523: Total points | BA523: =COUNTIF($B$2:$AG$2,"<>") -> 32 | BB523: =COUNTIF($B$2:$I$2,"<>") -> 8 | BC523: =COUNTIF($J$2:$R$2,"<>") -> 9 | BD523: =COUNTIF($S$2:$X$2,"<>") -> 6 | BE523: =COUNTIF($Y$2:$AG$2,"<>") -> 9
F524: WET SEASON 1 | H524: 10/1/20 - 3/31/21 | J524: =COUNTIF($B$54:$B$235,"<>") -> 182 | M524: APRIL 1 - SEPTEMBER 30 | S524: Days in run | U524: =COUNTIF($A$3:$A$511,"<>") -> 509 | AA524: Days in run | AC524: =SUM($J$524:$J$525) -> 275 | AE524: Days in run | AG524: =SUM($Q$525:$Q$526) -> 234 | AI524: Days in run | AK524: =COUNTIF($A$3:$A$511,"<>") -> 509 | AL524: =COUNTIF($A$3:$A$511,"<>") -> 509 | AM524: =COUNTIF($A$3:$A$511,"<>") -> 509 | AN524: =COUNTIF($A$3:$A$511,"<>") -> 509 | AO524: =COUNTIF($A$3:$A$511,"<>") -> 509 | AQ524: Days in run | AS524: =SUM($J$524:$J$525) -> 275 | AT524: =SUM($J$524:$J$525) -> 275 | AU524: =SUM($J$524:$J$525) -> 275 | AV524: =SUM($J$524:$J$525) -> 275 | AW524: =SUM($J$524:$J$525) -> 275 | AY524: Days in run | BA524: =SUM($Q$525:$Q$526) -> 234 | BB524: =SUM($Q$525:$Q$526) -> 234 | BC524: =SUM($Q$525:$Q$526) -> 234 | BD524: =SUM($Q$525:$Q$526) -> 234 | BE524: =SUM($Q$525:$Q$526) -> 234
F525: WET SEASON 2 | H525: 10/1/21 - 1/1/22 | J525: =COUNTIF($B$419:$B$511,"<>") -> 93 | M525: DRY SEASON 1 | O525: 8/11/20 - 9/30/20 | Q525: =COUNTIF($B$3:$B$53,"<>") -> 51 | S525: Total measurements | U525: =U524*U523 -> 16288 | V525: DENOMINATOR FOR EXCEEDANCE % | AA525: Total measurements | AC525: =AC524*AC523 -> 8800 | AE525: Total measurements | AG525: =AG523*AG524 -> 7488 | AI525: Total measurements | AK525: =AK524*AK523 -> 16288 | AL525: =AL524*AL523 -> 4072 | AM525: =AM524*AM523 -> 4581 | AN525: =AN524*AN523 -> 3054 | AO525: =AO524*AO523 -> 4581 | AQ525: Total measurements | AS525: =AS524*AS523 -> 8800 | AT525: =AT524*AT523 -> 2200 | AU525: =AU524*AU523 -> 2475 | AV525: =AV524*AV523 -> 1650 | AW525: =AW524*AW523 -> 2475 | AY525: Total measurements | BA525: =BA524*BA523 -> 7488 | BB525: =BB524*BB523 -> 1872 | BC525: =BC524*BC523 -> 2106 | BD525: =BD524*BD523 -> 1404 | BE525: =BE524*BE523 -> 2106
M526: DRY SEASON 2 | O526: 4/1/21 - 9/30/21 | Q526: =COUNTIF($B$236:$B$418,"<>") -> 183 | S526: Measurements >= 1,000 | U526: =SUM(B512:AG512) -> 5826 | V526: NUMERATOR FOR EXCEEDANCE % | AA526: Measurements >= 1,000 | AC526: =SUM($B$517:$AG$517) -> 3049 | AE526: Measurements >= 1,000 | AG526: =SUM($B$518:$AG$518) -> 2777 | AI526: Measurements >= 1,000 | AK526: =SUM(B512:AG512) -> 5826 | AL526: =SUM(B512:I512) -> 4030 | AM526: =SUM(J512:R512) -> 1775 | AN526: =SUM(S512:X512) -> 0 | AO526: =SUM(Y512:AG512) -> 21 | AQ526: Measurements >= 1,000 | AS526: =SUM(B517:AG517) -> 3049 | AT526: =SUM(B517:I517) -> 2158 | AU526: =SUM(J517:R517) -> 870 | AV526: =SUM(S517:X517) -> 0 | AW526: =SUM(Y517:AG517) -> 21 | AY526: Measurements >= 1,000 | BA526: =SUM($B518:$AG518) -> 2777 | BB526: =SUM(B518:I518) -> 1872 | BC526: =SUM(J518:R518) -> 905 | BD526: =SUM(S518:X518) -> 0 | BE526: =SUM(Y518:AG518) -> 0
S527: % Total Run Exceedances | U527: =$U526/$U525 -> 0.35768664 | AA527: % WET Exceedances | AC527: =AC526/AC525 -> 0.34647727 | AE527: % DRY Exceedances | AG527: =AG526/AG525 -> 0.37086004 | AI527: % Total Run Exceedances | AK527: =AK526/AK525 -> 0.35768664 | AL527: =AL526/AL525 -> 0.98968566 | AM527: =AM526/AM525 -> 0.38746998 | AN527: =AN526/AN525 -> 0 | AO527: =AO526/AO525 -> 0.0045841519 | AQ527: % WET Exceedances | AS527: =AS526/AS525 -> 0.34647727 | AT527: =AT526/AT525 -> 0.98090909 | AU527: =AU526/AU525 -> 0.35151515 | AV527: =AV526/AV525 -> 0 | AW527: =AW526/AW525 -> 0.0084848485 | AY527: % DRY Exceedances | BA527: =BA526/BA525 -> 0.37086004 | BB527: =BB526/BB525 -> 1 | BC527: =BC526/BC525 -> 0.4297246 | BD527: =BD526/BD525 -> 0 | BE527: =BE526/BE525 -> 0
A529: TOTAL EXCEEDANCES | B529: =COUNTIF(B$3:B$511,">=2640") -> 509 | C529: =COUNTIF(C$3:C$511,">=2640") -> 438 | D529: =COUNTIF(D$3:D$511,">=2640") -> 452 | E529: =COUNTIF(E$3:E$511,">=2640") -> 509 | F529: =COUNTIF(F$3:F$511,">=2640") -> 496 | G529: =COUNTIF(G$3:G$511,">=2640") -> 483 | H529: =COUNTIF(H$3:H$511,">=2640") -> 509 | I529: =COUNTIF(I$3:I$511,">=2640") -> 507 | ... AG529: =COUNTIF(AG$3:AG$511,">=2640") -> 0
A530: WET 1 | B530: =COUNTIF(B$54:B$235,">=2640") -> 182 | C530: =COUNTIF(C$54:C$235,">=2640") -> 141 | D530: =COUNTIF(D$54:D$235,">=2640") -> 146 | E530: =COUNTIF(E$54:E$235,">=2640") -> 182 | F530: =COUNTIF(F$54:F$235,">=2640") -> 182 | G530: =COUNTIF(G$54:G$235,">=2640") -> 177 | H530: =COUNTIF(H$54:H$235,">=2640") -> 182 | I530: =COUNTIF(I$54:I$235,">=2640") -> 182 | ... AG530: =COUNTIF(AG$54:AG$235,">=2640") -> 0 | AH530: OCT 1, 2020 - MAR 31, 2021
A531: WET 2 | B531: =COUNTIF(B$419:B$511,">=2640") -> 93 | C531: =COUNTIF(C$419:C$511,">=2640") -> 64 | D531: =COUNTIF(D$419:D$511,">=2640") -> 75 | E531: =COUNTIF(E$419:E$511,">=2640") -> 93 | F531: =COUNTIF(F$419:F$511,">=2640") -> 80 | G531: =COUNTIF(G$419:G$511,">=2640") -> 72 | H531: =COUNTIF(H$419:H$511,">=2640") -> 93 | I531: =COUNTIF(I$419:I$511,">=2640") -> 91 | ... AG531: =COUNTIF(AG$419:AG$511,">=2640") -> 0 | AH531: OCT 1, 2021 - JAN 1, 2022
A532: DRY 1 | B532: =COUNTIF(B$3:B$53,">=2640") -> 51 | C532: =COUNTIF(C$3:C$53,">=2640") -> 51 | D532: =COUNTIF(D$3:D$53,">=2640") -> 51 | E532: =COUNTIF(E$3:E$53,">=2640") -> 51 | F532: =COUNTIF(F$3:F$53,">=2640") -> 51 | G532: =COUNTIF(G$3:G$53,">=2640") -> 51 | H532: =COUNTIF(H$3:H$53,">=2640") -> 51 | I532: =COUNTIF(I$3:I$53,">=2640") -> 51 | ... AG532: =COUNTIF(AG$3:AG$53,">=2640") -> 0 | AH532: AUG 11, 2020 - SEP 30, 2020
A533: DRY 2 | B533: =COUNTIF(B$236:B$418,">=2640") -> 183 | C533: =COUNTIF(C$236:C$418,">=2640") -> 182 | D533: =COUNTIF(D$236:D$418,">=2640") -> 180 | E533: =COUNTIF(E$236:E$418,">=2640") -> 183 | F533: =COUNTIF(F$236:F$418,">=2640") -> 183 | G533: =COUNTIF(G$236:G$418,">=2640") -> 183 | H533: =COUNTIF(H$236:H$418,">=2640") -> 183 | I533: =COUNTIF(I$236:I$418,">=2640") -> 183 | ... AG533: =COUNTIF(AG$236:AG$418,">=2640") -> 0 | AH533: APR 1, 2021 - SEP 30, 2021
A534: ALL WET | B534: =SUM(B530,B531) -> 275 | C534: =SUM(C530,C531) -> 205 | D534: =SUM(D530,D531) -> 221 | E534: =SUM(E530,E531) -> 275 | F534: =SUM(F530,F531) -> 262 | G534: =SUM(G530,G531) -> 249 | H534: =SUM(H530,H531) -> 275 | I534: =SUM(I530,I531) -> 273 | ... AG534: =SUM(AG530,AG531) -> 0
A535: ALL DRY | B535: =SUM(B532,B533) -> 234 | C535: =SUM(C532,C533) -> 233 | D535: =SUM(D532,D533) -> 231 | E535: =SUM(E532,E533) -> 234 | F535: =SUM(F532,F533) -> 234 | G535: =SUM(G532,G533) -> 234 | H535: =SUM(H532,H533) -> 234 | I535: =SUM(I532,I533) -> 234 | ... AG535: =SUM(AG532,AG533) -> 0
D538: Birding | F538: THRESHOLD: 2,640 MICROSIEMENS/CM (EC) | S538: BIRDING | AA538: BIRDING | AE538: BIRDING | AI538: BIRDING | AQ538: BIRDING | AY538: BIRDING
F539: WET SEASON | S539: TOTAL RUN | AA539: WET SEASONS | AE539: DRY SEASONS | AI539: TOTAL RUN | AK539: Delta-Wide | AL539: Suisun | AM539: Central Delta | AN539: North Delta | AO539: South Delta | AQ539: WET SEASONS | AS539: Delta-Wide | AT539: Suisun | AU539: Central Delta | AV539: North Delta | AW539: South Delta | AY539: DRY SEASONS | BA539: Delta-Wide | BB539: Suisun | BC539: Central Delta | BD539: North Delta | BE539: South Delta
F540: OCTOBER 1 - MARCH 31 | M540: DRY SEASON | S540: Total points | U540: =COUNTIF(B18:AG18,"<>") -> 32 | AA540: Total points | AC540: =COUNTIF(B18:AG18,"<>") -> 32 | AE540: Total points | AG540: =COUNTIF(B18:AG18,"<>") -> 32 | AI540: Total points | AK540: =COUNTIF($B$2:$AG$2,"<>") -> 32 | AL540: =COUNTIF($B$2:$I$2,"<>") -> 8 | AM540: =COUNTIF($J$2:$R$2,"<>") -> 9 | AN540: =COUNTIF($S$2:$X$2,"<>") -> 6 | AO540: =COUNTIF($Y$2:$AG$2,"<>") -> 9 | AQ540: Total points | AS540: =COUNTIF($B$2:$AG$2,"<>") -> 32 | AT540: =COUNTIF($B$2:$I$2,"<>") -> 8 | AU540: =COUNTIF($J$2:$R$2,"<>") -> 9 | AV540: =COUNTIF($S$2:$X$2,"<>") -> 6 | AW540: =COUNTIF($Y$2:$AG$2,"<>") -> 9 | AY540: Total points | BA540: =COUNTIF($B$2:$AG$2,"<>") -> 32 | BB540: =COUNTIF($B$2:$I$2,"<>") -> 8 | BC540: =COUNTIF($J$2:$R$2,"<>") -> 9 | BD540: =COUNTIF($S$2:$X$2,"<>") -> 6 | BE540: =COUNTIF($Y$2:$AG$2,"<>") -> 9
F541: WET SEASON 1 | H541: 10/1/20 - 3/31/21 | J541: =COUNTIF($B$54:$B$235,"<>") -> 182 | M541: APRIL 1 - SEPTEMBER 30 | S541: Days in run | U541: =COUNTIF($A$3:$A$511,"<>") -> 509 | AA541: Days in run | AC541: =SUM($J$524:$J$525) -> 275 | AE541: Days in run | AG541: =SUM($Q$525:$Q$526) -> 234 | AI541: Days in run | AK541: =COUNTIF($A$3:$A$511,"<>") -> 509 | AL541: =COUNTIF($A$3:$A$511,"<>") -> 509 | AM541: =COUNTIF($A$3:$A$511,"<>") -> 509 | AN541: =COUNTIF($A$3:$A$511,"<>") -> 509 | AO541: =COUNTIF($A$3:$A$511,"<>") -> 509 | AQ541: Days in run | AS541: =SUM($J$524:$J$525) -> 275 | AT541: =SUM($J$524:$J$525) -> 275 | AU541: =SUM($J$524:$J$525) -> 275 | AV541: =SUM($J$524:$J$525) -> 275 | AW541: =SUM($J$524:$J$525) -> 275 | AY541: Days in run | BA541: =SUM($Q$525:$Q$526) -> 234 | BB541: =SUM($Q$525:$Q$526) -> 234 | BC541: =SUM($Q$525:$Q$526) -> 234 | BD541: =SUM($Q$525:$Q$526) -> 234 | BE541: =SUM($Q$525:$Q$526) -> 234
F542: WET SEASON 2 | H542: 10/1/21 - 1/1/22 | J542: =COUNTIF($B$419:$B$511,"<>") -> 93 | M542: DRY SEASON 1 | O542: 8/11/20 - 9/30/20 | Q542: =COUNTIF($B$3:$B$53,"<>") -> 51 | S542: Total measurements | U542: =U541*U540 -> 16288 | V542: DENOMINATOR FOR EXCEEDANCE % | AA542: Total measurements | AC542: =AC541*AC540 -> 8800 | AE542: Total measurements | AG542: =AG540*AG541 -> 7488 | AI542: Total measurements | AK542: =AK541*AK540 -> 16288 | AL542: =AL541*AL540 -> 4072 | AM542: =AM541*AM540 -> 4581 | AN542: =AN541*AN540 -> 3054 | AO542: =AO541*AO540 -> 4581 | AQ542: Total measurements | AS542: =AS541*AS540 -> 8800 | AT542: =AT541*AT540 -> 2200 | AU542: =AU541*AU540 -> 2475 | AV542: =AV541*AV540 -> 1650 | AW542: =AW541*AW540 -> 2475 | AY542: Total measurements | BA542: =BA541*BA540 -> 7488 | BB542: =BB541*BB540 -> 1872 | BC542: =BC541*BC540 -> 2106 | BD542: =BD541*BD540 -> 1404 | BE542: =BE541*BE540 -> 2106
M543: DRY SEASON 2 | O543: 4/1/21 - 9/30/21 | Q543: =COUNTIF($B$236:$B$418,"<>") -> 183 | S543: Measurements >= 2,640 | U543: =SUM(B529:AG529) -> 4932 | V543: NUMERATOR FOR EXCEEDANCE % | AA543: Measurements >= 2,640 | AC543: =SUM(B534:AG534) -> 2519 | AE543: Measurements >= 2,640 | AG543: =SUM(B535:AG535) -> 2413 | AI543: Measurements >= 2,640 | AK543: =SUM(B529:AG529) -> 4932 | AL543: =SUM(B529:I529) -> 3903 | AM543: =SUM(J529:R529) -> 1029 | AN543: =SUM(S529:X529) -> 0 | AO543: =SUM(Y529:AG529) -> 0 | AQ543: Measurements >= 2,640 | AS543: =SUM(B534:AG534) -> 2519 | AT543: =SUM(B534:I534) -> 2035 | AU543: =SUM(J534:R534) -> 484 | AV543: =SUM(S534:X534) -> 0 | AW543: =SUM(Y534:AG534) -> 0 | AY543: Measurements >= 2,640 | BA543: =SUM($B535:$AG535) -> 2413 | BB543: =SUM(B535:I535) -> 1868 | BC543: =SUM(J535:R535) -> 545 | BD543: =SUM(S535:X535) -> 0 | BE543: =SUM(Y535:AG535) -> 0
S544: % Total Run Exceedances | U544: =$U543/$U542 -> 0.30279961 | AA544: % WET Exceedances | AC544: =AC543/AC542 -> 0.28625 | AE544: % DRY Exceedances | AG544: =AG543/AG542 -> 0.32224893 | AI544: % Total Run Exceedances | AK544: =AK543/AK542 -> 0.30279961 | AL544: =AL543/AL542 -> 0.95849705 | AM544: =AM543/AM542 -> 0.22462344 | AN544: =AN543/AN542 -> 0 | AO544: =AO543/AO542 -> 0 | AQ544: % WET Exceedances | AS544: =AS543/AS542 -> 0.28625 | AT544: =AT543/AT542 -> 0.925 | AU544: =AU543/AU542 -> 0.19555556 | AV544: =AV543/AV542 -> 0 | AW544: =AW543/AW542 -> 0 | AY544: % DRY Exceedances | BA544: =BA543/BA542 -> 0.32224893 | BB544: =BB543/BB542 -> 0.99786325 | BC544: =BC543/BC542 -> 0.25878443 | BD544: =BD543/BD542 -> 0 | BE544: =BE543/BE542 -> 0
A546: TOTAL EXCEEDANCES | B546: =COUNTIF(B$3:B$511,">=3600") -> 485 | C546: =COUNTIF(C$3:C$511,">=3600") -> 397 | D546: =COUNTIF(D$3:D$511,">=3600") -> 408 | E546: =COUNTIF(E$3:E$511,">=3600") -> 492 | F546: =COUNTIF(F$3:F$511,">=3600") -> 488 | G546: =COUNTIF(G$3:G$511,">=3600") -> 473 | H546: =COUNTIF(H$3:H$511,">=3600") -> 509 | I546: =COUNTIF(I$3:I$511,">=3600") -> 505 | ... AG546: =COUNTIF(AG$3:AG$511,">=3600") -> 0
A547: WET 1 | B547: =COUNTIF(B$54:B$235,">=3600") -> 161 | C547: =COUNTIF(C$54:C$235,">=3600") -> 124 | D547: =COUNTIF(D$54:D$235,">=3600") -> 133 | E547: =COUNTIF(E$54:E$235,">=3600") -> 167 | F547: =COUNTIF(F$54:F$235,">=3600") -> 180 | G547: =COUNTIF(G$54:G$235,">=3600") -> 169 | H547: =COUNTIF(H$54:H$235,">=3600") -> 182 | I547: =COUNTIF(I$54:I$235,">=3600") -> 182 | ... AG547: =COUNTIF(AG$54:AG$235,">=3600") -> 0 | AH547: OCT 1, 2020 - MAR 31, 2021
A548: WET 2 | B548: =COUNTIF(B$419:B$511,">=3600") -> 93 | C548: =COUNTIF(C$419:C$511,">=3600") -> 53 | D548: =COUNTIF(D$419:D$511,">=3600") -> 66 | E548: =COUNTIF(E$419:E$511,">=3600") -> 91 | F548: =COUNTIF(F$419:F$511,">=3600") -> 74 | G548: =COUNTIF(G$419:G$511,">=3600") -> 70 | H548: =COUNTIF(H$419:H$511,">=3600") -> 93 | I548: =COUNTIF(I$419:I$511,">=3600") -> 89 | ... AG548: =COUNTIF(AG$419:AG$511,">=3600") -> 0 | AH548: OCT 1, 2021 - JAN 1, 2022
A549: DRY 1 | B549: =COUNTIF(B$3:B$53,">=3600") -> 51 | C549: =COUNTIF(C$3:C$53,">=3600") -> 51 | D549: =COUNTIF(D$3:D$53,">=3600") -> 51 | E549: =COUNTIF(E$3:E$53,">=3600") -> 51 | F549: =COUNTIF(F$3:F$53,">=3600") -> 51 | G549: =COUNTIF(G$3:G$53,">=3600") -> 51 | H549: =COUNTIF(H$3:H$53,">=3600") -> 51 | I549: =COUNTIF(I$3:I$53,">=3600") -> 51 | ... AG549: =COUNTIF(AG$3:AG$53,">=3600") -> 0 | AH549: AUG 11, 2020 - SEP 30, 2020
A550: DRY 2 | B550: =COUNTIF(B$236:B$418,">=3600") -> 180 | C550: =COUNTIF(C$236:C$418,">=3600") -> 169 | D550: =COUNTIF(D$236:D$418,">=3600") -> 158 | E550: =COUNTIF(E$236:E$418,">=3600") -> 183 | F550: =COUNTIF(F$236:F$418,">=3600") -> 183 | G550: =COUNTIF(G$236:G$418,">=3600") -> 183 | H550: =COUNTIF(H$236:H$418,">=3600") -> 183 | I550: =COUNTIF(I$236:I$418,">=3600") -> 183 | ... AG550: =COUNTIF(AG$236:AG$418,">=3600") -> 0 | AH550: APR 1, 2021 - SEP 30, 2021
A551: ALL WET | B551: =SUM(B547,B548) -> 254 | C551: =SUM(C547,C548) -> 177 | D551: =SUM(D547,D548) -> 199 | E551: =SUM(E547,E548) -> 258 | F551: =SUM(F547,F548) -> 254 | G551: =SUM(G547,G548) -> 239 | H551: =SUM(H547,H548) -> 275 | I551: =SUM(I547,I548) -> 271 | ... AG551: =SUM(AG547,AG548) -> 0
A552: ALL DRY | B552: =SUM(B549,B550) -> 231 | C552: =SUM(C549,C550) -> 220 | D552: =SUM(D549,D550) -> 209 | E552: =SUM(E549,E550) -> 234 | F552: =SUM(F549,F550) -> 234 | G552: =SUM(G549,G550) -> 234 | H552: =SUM(H549,H550) -> 234 | I552: =SUM(I549,I550) -> 234 | ... AG552: =SUM(AG549,AG550) -> 0
D555: Waterfowl | F555: THRESHOLD: 3,600 MICROSIEMENS/CM (EC) | S555: WATERFOWL | AA555: WATERFOWL | AE555: WATERFOWL | AI555: WATERFOWL | AQ555: WATERFOWL | AY555: WATERFOWL
F556: WET SEASON | S556: TOTAL RUN | AA556: WET SEASONS | AE556: DRY SEASONS | AI556: TOTAL RUN | AK556: Delta-Wide | AL556: Suisun | AM556: Central Delta | AN556: North Delta | AO556: South Delta | AQ556: WET SEASONS | AS556: Delta-Wide | AT556: Suisun | AU556: Central Delta | AV556: North Delta | AW556: South Delta | AY556: DRY SEASONS | BA556: Delta-Wide | BB556: Suisun | BC556: Central Delta | BD556: North Delta | BE556: South Delta
F557: OCTOBER 1 - MARCH 31 | M557: DRY SEASON | S557: Total points | U557: =COUNTIF(B35:AG35,"<>") -> 32 | AA557: Total points | AC557: =COUNTIF(B35:AG35,"<>") -> 32 | AE557: Total points | AG557: =COUNTIF(B35:AG35,"<>") -> 32 | AI557: Total points | AK557: =COUNTIF($B$2:$AG$2,"<>") -> 32 | AL557: =COUNTIF($B$2:$I$2,"<>") -> 8 | AM557: =COUNTIF($J$2:$R$2,"<>") -> 9 | AN557: =COUNTIF($S$2:$X$2,"<>") -> 6 | AO557: =COUNTIF($Y$2:$AG$2,"<>") -> 9 | AQ557: Total points | AS557: =COUNTIF($B$2:$AG$2,"<>") -> 32 | AT557: =COUNTIF($B$2:$I$2,"<>") -> 8 | AU557: =COUNTIF($J$2:$R$2,"<>") -> 9 | AV557: =COUNTIF($S$2:$X$2,"<>") -> 6 | AW557: =COUNTIF($Y$2:$AG$2,"<>") -> 9 | AY557: Total points | BA557: =COUNTIF($B$2:$AG$2,"<>") -> 32 | BB557: =COUNTIF($B$2:$I$2,"<>") -> 8 | BC557: =COUNTIF($J$2:$R$2,"<>") -> 9 | BD557: =COUNTIF($S$2:$X$2,"<>") -> 6 | BE557: =COUNTIF($Y$2:$AG$2,"<>") -> 9
F558: WET SEASON 1 | H558: 10/1/20 - 3/31/21 | J558: =COUNTIF($B$54:$B$235,"<>") -> 182 | M558: APRIL 1 - SEPTEMBER 30 | S558: Days in run | U558: =COUNTIF($A$3:$A$511,"<>") -> 509 | AA558: Days in run | AC558: =SUM($J$524:$J$525) -> 275 | AE558: Days in run | AG558: =SUM($Q$525:$Q$526) -> 234 | AI558: Days in run | AK558: =COUNTIF($A$3:$A$511,"<>") -> 509 | AL558: =COUNTIF($A$3:$A$511,"<>") -> 509 | AM558: =COUNTIF($A$3:$A$511,"<>") -> 509 | AN558: =COUNTIF($A$3:$A$511,"<>") -> 509 | AO558: =COUNTIF($A$3:$A$511,"<>") -> 509 | AQ558: Days in run | AS558: =SUM($J$524:$J$525) -> 275 | AT558: =SUM($J$524:$J$525) -> 275 | AU558: =SUM($J$524:$J$525) -> 275 | AV558: =SUM($J$524:$J$525) -> 275 | AW558: =SUM($J$524:$J$525) -> 275 | AY558: Days in run | BA558: =SUM($Q$525:$Q$526) -> 234 | BB558: =SUM($Q$525:$Q$526) -> 234 | BC558: =SUM($Q$525:$Q$526) -> 234 | BD558: =SUM($Q$525:$Q$526) -> 234 | BE558: =SUM($Q$525:$Q$526) -> 234
F559: WET SEASON 2 | H559: 10/1/21 - 1/1/22 | J559: =COUNTIF($B$419:$B$511,"<>") -> 93 | M559: DRY SEASON 1 | O559: 8/11/20 - 9/30/20 | Q559: =COUNTIF($B$3:$B$53,"<>") -> 51 | S559: Total measurements | U559: =U558*U557 -> 16288 | V559: DENOMINATOR FOR EXCEEDANCE % | AA559: Total measurements | AC559: =AC558*AC557 -> 8800 | AE559: Total measurements | AG559: =AG557*AG558 -> 7488 | AI559: Total measurements | AK559: =AK558*AK557 -> 16288 | AL559: =AL558*AL557 -> 4072 | AM559: =AM558*AM557 -> 4581 | AN559: =AN558*AN557 -> 3054 | AO559: =AO558*AO557 -> 4581 | AQ559: Total measurements | AS559: =AS558*AS557 -> 8800 | AT559: =AT558*AT557 -> 2200 | AU559: =AU558*AU557 -> 2475 | AV559: =AV558*AV557 -> 1650 | AW559: =AW558*AW557 -> 2475 | AY559: Total measurements | BA559: =BA558*BA557 -> 7488 | BB559: =BB558*BB557 -> 1872 | BC559: =BC558*BC557 -> 2106 | BD559: =BD558*BD557 -> 1404 | BE559: =BE558*BE557 -> 2106
M560: DRY SEASON 2 | O560: 4/1/21 - 9/30/21 | Q560: =COUNTIF($B$236:$B$418,"<>") -> 183 | S560: Measurements >= 3,600 | U560: =SUM(B546:AG546) -> 4651 | V560: NUMERATOR FOR EXCEEDANCE % | AA560: Measurements >= 3,600 | AC560: =SUM(B551:AG551) -> 2346 | AE560: Measurements >= 3,600 | AG560: =SUM(B552:AG552) -> 2305 | AI560: Measurements >= 3,600 | AK560: =SUM(B546:AG546) -> 4651 | AL560: =SUM(B546:I546) -> 3757 | AM560: =SUM(J546:R546) -> 894 | AN560: =SUM(S546:X546) -> 0 | AO560: =SUM(Y546:AG546) -> 0 | AQ560: Measurements >= 3,600 | AS560: =SUM(B551:AG551) -> 2346 | AT560: =SUM(B551:I551) -> 1927 | AU560: =SUM(J551:R551) -> 419 | AV560: =SUM(S551:X551) -> 0 | AW560: =SUM(Y551:AG551) -> 0 | AY560: Measurements >= 3,600 | BA560: =SUM($B552:$AG552) -> 2305 | BB560: =SUM(B552:I552) -> 1830 | BC560: =SUM(J552:R552) -> 475 | BD560: =SUM(S552:X552) -> 0 | BE560: =SUM(Y552:AG552) -> 0
S561: % Total Run Exceedances | U561: =$U560/$U559 -> 0.28554764 | AA561: % WET Exceedances | AC561: =AC560/AC559 -> 0.26659091 | AE561: % DRY Exceedances | AG561: =AG560/AG559 -> 0.30782585 | AI561: % Total Run Exceedances | AK561: =AK560/AK559 -> 0.28554764 | AL561: =AL560/AL559 -> 0.92264244 | AM561: =AM560/AM559 -> 0.1951539 | AN561: =AN560/AN559 -> 0 | AO561: =AO560/AO559 -> 0 | AQ561: % WET Exceedances | AS561: =AS560/AS559 -> 0.26659091 | AT561: =AT560/AT559 -> 0.87590909 | AU561: =AU560/AU559 -> 0.16929293 | AV561: =AV560/AV559 -> 0 | AW561: =AW560/AW559 -> 0 | AY561: % DRY Exceedances | BA561: =BA560/BA559 -> 0.30782585 | BB561: =BB560/BB559 -> 0.9775641 | BC561: =BC560/BC559 -> 0.22554606 | BD561: =BD560/BD559 -> 0 | BE561: =BE560/BE559 -> 0
A563: TOTAL EXCEEDANCES | B563: =COUNTIF(B$3:B$511,">=9130") -> 248 | C563: =COUNTIF(C$3:C$511,">=9130") -> 52 | D563: =COUNTIF(D$3:D$511,">=9130") -> 135 | E563: =COUNTIF(E$3:E$511,">=9130") -> 266 | F563: =COUNTIF(F$3:F$511,">=9130") -> 369 | G563: =COUNTIF(G$3:G$511,">=9130") -> 340 | H563: =COUNTIF(H$3:H$511,">=9130") -> 502 | I563: =COUNTIF(I$3:I$511,">=9130") -> 435 | ... AG563: =COUNTIF(AG$3:AG$511,">=9130") -> 0
A564: WET 1 | B564: =COUNTIF(B$54:B$235,">=9130") -> 60 | C564: =COUNTIF(C$54:C$235,">=9130") -> 7 | D564: =COUNTIF(D$54:D$235,">=9130") -> 14 | E564: =COUNTIF(E$54:E$235,">=9130") -> 64 | F564: =COUNTIF(F$54:F$235,">=9130") -> 118 | G564: =COUNTIF(G$54:G$235,">=9130") -> 107 | H564: =COUNTIF(H$54:H$235,">=9130") -> 182 | I564: =COUNTIF(I$54:I$235,">=9130") -> 143 | ... AG564: =COUNTIF(AG$54:AG$235,">=9130") -> 0 | AH564: OCT 1, 2020 - MAR 31, 2021
A565: WET 2 | B565: =COUNTIF(B$419:B$511,">=9130") -> 29 | C565: =COUNTIF(C$419:C$511,">=9130") -> 0 | D565: =COUNTIF(D$419:D$511,">=9130") -> 0 | E565: =COUNTIF(E$419:E$511,">=9130") -> 40 | F565: =COUNTIF(F$419:F$511,">=9130") -> 54 | G565: =COUNTIF(G$419:G$511,">=9130") -> 49 | H565: =COUNTIF(H$419:H$511,">=9130") -> 86 | I565: =COUNTIF(I$419:I$511,">=9130") -> 63 | ... AG565: =COUNTIF(AG$419:AG$511,">=9130") -> 0 | AH565: OCT 1, 2021 - JAN 1, 2022
A566: DRY 1 | B566: =COUNTIF(B$3:B$53,">=9130") -> 42 | C566: =COUNTIF(C$3:C$53,">=9130") -> 27 | D566: =COUNTIF(D$3:D$53,">=9130") -> 33 | E566: =COUNTIF(E$3:E$53,">=9130") -> 44 | F566: =COUNTIF(F$3:F$53,">=9130") -> 51 | G566: =COUNTIF(G$3:G$53,">=9130") -> 50 | H566: =COUNTIF(H$3:H$53,">=9130") -> 51 | I566: =COUNTIF(I$3:I$53,">=9130") -> 51 | ... AG566: =COUNTIF(AG$3:AG$53,">=9130") -> 0 | AH566: AUG 11, 2020 - SEP 30, 2020
A567: DRY 2 | B567: =COUNTIF(B$236:B$418,">=9130") -> 117 | C567: =COUNTIF(C$236:C$418,">=9130") -> 18 | D567: =COUNTIF(D$236:D$418,">=9130") -> 88 | E567: =COUNTIF(E$236:E$418,">=9130") -> 118 | F567: =COUNTIF(F$236:F$418,">=9130") -> 146 | G567: =COUNTIF(G$236:G$418,">=9130") -> 134 | H567: =COUNTIF(H$236:H$418,">=9130") -> 183 | I567: =COUNTIF(I$236:I$418,">=9130") -> 178 | ... AG567: =COUNTIF(AG$236:AG$418,">=9130") -> 0 | AH567: APR 1, 2021 - SEP 30, 2021
A568: ALL WET | B568: =SUM(B564,B565) -> 89 | C568: =SUM(C564,C565) -> 7 | D568: =SUM(D564,D565) -> 14 | E568: =SUM(E564,E565) -> 104 | F568: =SUM(F564,F565) -> 172 | G568: =SUM(G564,G565) -> 156 | H568: =SUM(H564,H565) -> 268 | I568: =SUM(I564,I565) -> 206 | ... AG568: =SUM(AG564,AG565) -> 0
A569: ALL DRY | B569: =SUM(B566,B567) -> 159 | C569: =SUM(C566,C567) -> 45 | D569: =SUM(D566,D567) -> 121 | E569: =SUM(E566,E567) -> 162 | F569: =SUM(F566,F567) -> 197 | G569: =SUM(G566,G567) -> 184 | H569: =SUM(H566,H567) -> 234 | I569: =SUM(I566,I567) -> 229 | ... AG569: =SUM(AG566,AG567) -> 0
D572: Angling | F572: THRESHOLD: 9,130 MICROSIEMENS/CM (EC) | S572: ANGLING | AA572: ANGLING | AE572: ANGLING | AI572: ANGLING | AQ572: ANGLING | AY572: ANGLING
F573: WET SEASON | S573: TOTAL RUN | AA573: WET SEASONS | AE573: DRY SEASONS | AI573: TOTAL RUN | AK573: Delta-Wide | AL573: Suisun | AM573: Central Delta | AN573: North Delta | AO573: South Delta | AQ573: WET SEASONS | AS573: Delta-Wide | AT573: Suisun | AU573: Central Delta | AV573: North Delta | AW573: South Delta | AY573: DRY SEASONS | BA573: Delta-Wide | BB573: Suisun | BC573: Central Delta | BD573: North Delta | BE573: South Delta
F574: OCTOBER 1 - MARCH 31 | M574: DRY SEASON | S574: Total points | U574: =COUNTIF(B52:AG52,"<>") -> 32 | AA574: Total points | AC574: =COUNTIF(B52:AG52,"<>") -> 32 | AE574: Total points | AG574: =COUNTIF(B52:AG52,"<>") -> 32 | AI574: Total points | AK574: =COUNTIF($B$2:$AG$2,"<>") -> 32 | AL574: =COUNTIF($B$2:$I$2,"<>") -> 8 | AM574: =COUNTIF($J$2:$R$2,"<>") -> 9 | AN574: =COUNTIF($S$2:$X$2,"<>") -> 6 | AO574: =COUNTIF($Y$2:$AG$2,"<>") -> 9 | AQ574: Total points | AS574: =COUNTIF($B$2:$AG$2,"<>") -> 32 | AT574: =COUNTIF($B$2:$I$2,"<>") -> 8 | AU574: =COUNTIF($J$2:$R$2,"<>") -> 9 | AV574: =COUNTIF($S$2:$X$2,"<>") -> 6 | AW574: =COUNTIF($Y$2:$AG$2,"<>") -> 9 | AY574: Total points | BA574: =COUNTIF($B$2:$AG$2,"<>") -> 32 | BB574: =COUNTIF($B$2:$I$2,"<>") -> 8 | BC574: =COUNTIF($J$2:$R$2,"<>") -> 9 | BD574: =COUNTIF($S$2:$X$2,"<>") -> 6 | BE574: =COUNTIF($Y$2:$AG$2,"<>") -> 9
F575: WET SEASON 1 | H575: 10/1/20 - 3/31/21 | J575: =COUNTIF($B$54:$B$235,"<>") -> 182 | M575: APRIL 1 - SEPTEMBER 30 | S575: Days in run | U575: =COUNTIF($A$3:$A$511,"<>") -> 509 | AA575: Days in run | AC575: =SUM($J$524:$J$525) -> 275 | AE575: Days in run | AG575: =SUM($Q$525:$Q$526) -> 234 | AI575: Days in run | AK575: =COUNTIF($A$3:$A$511,"<>") -> 509 | AL575: =COUNTIF($A$3:$A$511,"<>") -> 509 | AM575: =COUNTIF($A$3:$A$511,"<>") -> 509 | AN575: =COUNTIF($A$3:$A$511,"<>") -> 509 | AO575: =COUNTIF($A$3:$A$511,"<>") -> 509 | AQ575: Days in run | AS575: =SUM($J$524:$J$525) -> 275 | AT575: =SUM($J$524:$J$525) -> 275 | AU575: =SUM($J$524:$J$525) -> 275 | AV575: =SUM($J$524:$J$525) -> 275 | AW575: =SUM($J$524:$J$525) -> 275 | AY575: Days in run | BA575: =SUM($Q$525:$Q$526) -> 234 | BB575: =SUM($Q$525:$Q$526) -> 234 | BC575: =SUM($Q$525:$Q$526) -> 234 | BD575: =SUM($Q$525:$Q$526) -> 234 | BE575: =SUM($Q$525:$Q$526) -> 234
F576: WET SEASON 2 | H576: 10/1/21 - 1/1/22 | J576: =COUNTIF($B$419:$B$511,"<>") -> 93 | M576: DRY SEASON 1 | O576: 8/11/20 - 9/30/20 | Q576: =COUNTIF($B$3:$B$53,"<>") -> 51 | S576: Total measurements | U576: =U575*U574 -> 16288 | V576: DENOMINATOR FOR EXCEEDANCE % | AA576: Total measurements | AC576: =AC575*AC574 -> 8800 | AE576: Total measurements | AG576: =AG574*AG575 -> 7488 | AI576: Total measurements | AK576: =AK575*AK574 -> 16288 | AL576: =AL575*AL574 -> 4072 | AM576: =AM575*AM574 -> 4581 | AN576: =AN575*AN574 -> 3054 | AO576: =AO575*AO574 -> 4581 | AQ576: Total measurements | AS576: =AS575*AS574 -> 8800 | AT576: =AT575*AT574 -> 2200 | AU576: =AU575*AU574 -> 2475 | AV576: =AV575*AV574 -> 1650 | AW576: =AW575*AW574 -> 2475 | AY576: Total measurements | BA576: =BA575*BA574 -> 7488 | BB576: =BB575*BB574 -> 1872 | BC576: =BC575*BC574 -> 2106 | BD576: =BD575*BD574 -> 1404 | BE576: =BE575*BE574 -> 2106
M577: DRY SEASON 2 | O577: 4/1/21 - 9/30/21 | Q577: =COUNTIF($B$236:$B$418,"<>") -> 183 | S577: Measurements >= 9,130 | U577: =SUM(B563:AG563) -> 2592 | V577: NUMERATOR FOR EXCEEDANCE % | AA577: Measurements >= 9,130 | AC577: =SUM(B568:AG568) -> 1142 | AE577: Measurements >= 9,130 | AG577: =SUM(B569:AG569) -> 1450 | AI577: Measurements >= 9,130 | AK577: =SUM(B563:AG563) -> 2592 | AL577: =SUM(B563:I563) -> 2347 | AM577: =SUM(J563:R563) -> 245 | AN577: =SUM(S563:X563) -> 0 | AO577: =SUM(Y563:AG563) -> 0 | AQ577: Measurements >= 9,130 | AS577: =SUM(B568:AG568) -> 1142 | AT577: =SUM(B568:I568) -> 1016 | AU577: =SUM(J568:R568) -> 126 | AV577: =SUM(S568:X568) -> 0 | AW577: =SUM(Y568:AG568) -> 0 | AY577: Measurements >= 9,130 | BA577: =SUM($B569:$AG569) -> 1450 | BB577: =SUM(B569:I569) -> 1331 | BC577: =SUM(J569:R569) -> 119 | BD577: =SUM(S569:X569) -> 0 | BE577: =SUM(Y569:AG569) -> 0
S578: % Total Run Exceedances | U578: =$U577/$U576 -> 0.15913556 | AA578: % WET Exceedances | AC578: =AC577/AC576 -> 0.12977273 | AE578: % DRY Exceedances | AG578: =AG577/AG576 -> 0.19364316 | AI578: % Total Run Exceedances | AK578: =AK577/AK576 -> 0.15913556 | AL578: =AL577/AL576 -> 0.57637525 | AM578: =AM577/AM576 -> 0.053481773 | AN578: =AN577/AN576 -> 0 | AO578: =AO577/AO576 -> 0 | AQ578: % WET Exceedances | AS578: =AS577/AS576 -> 0.12977273 | AT578: =AT577/AT576 -> 0.46181818 | AU578: =AU577/AU576 -> 0.050909091 | AV578: =AV577/AV576 -> 0 | AW578: =AW577/AW576 -> 0 | AY578: % DRY Exceedances | BA578: =BA577/BA576 -> 0.19364316 | BB578: =BB577/BB576 -> 0.71100427 | BC578: =BC577/BC576 -> 0.056505223 | BD578: =BD577/BD576 -> 0 | BE578: =BE577/BE576 -> 0

Sheet Run 17
B1: Suisun | J1: Central Delta | S1: North Delta | Y1: South Delta
A2: Date | B2: CHADBOURNE SLOUGH AT SUNRISE DUCK CLUB | C2: MONTEZUMA SLOUGH AT NATIONAL STEEL | D2: MONTEZUMA SLOUGH NEAR BELDENS LANDING | E2: SUISUN SLOUGH 300' SOUTH OF VOLANTI SLOUGH | F2: HONKER BAY | G2: SUISUN BAY AT VAN SICKLE ISLAND | H2: SUISUN BAY WEST REACH | I2: GRIZZLY BAY BUOY | J2: DUTCH SL BELOW JERSEY ISLAND | K2: FALSE RIVER NEAR OAKLEY | L2: OLD RIVER AT FRANKS TRACT | M2: PITTSBURG | N2: SACRAMENTO RIVER AT EMMATON | O2: SAN ANDREAS LANDING | P2: SAN JOAQUIN RIVER AT JERSEY POINT | Q2: SUISUN BAY AT CHANNEL MARKER 5 AT COLLINSVILLE | R2: BRANNAN MARINAS AT SAN JOAQUIN RIVER | S2: LIBERTY CUT AT FIVE POINTS | T2: CACHE SLOUGH ABOVE RYER ISLAND FERRY | U2: DELTA CROSS CHANNEL NEAR WALNUT GROVE | V2: SACRAMENTO RIVER DOWNSTREAM OF ISLETON | W2: COURTLAND AT SACRAMENTO RIVER | X2: VIERAS RESORT AT SACRAMENTO RIVER | Y2: GRANT LINE CANAL NEAR CLIFTON COURT FORE | Z2: LITTLE POTATO SLOUGH AT TERMINOUS | AA2: MIDDLE RIVER AT MILDRED ISLAND | AB2: OLD RIVER AT CLIFTON COURT | AC2: SAN JOAQUIN RIVER AT BRANDT BRIDGE | AD2: SAN JOAQUIN RIVER AT PRISONERS POINT | AE2: SAN JOAQUIN RIVER NEAR VERNALIS | AF2: SAN JOAQUIN RVER AT ROUGH AND READY ISLAND | AG2: VICTORIA CANAL BEFORE CLIFTON COURT FORE
A3: 44054 | B3: 15899.15 | C3: 10968.882 | D3: 13592.893 | E3: 15099.459 | F3: 16167.565 | G3: 14496.172 | H3: 34113.56 | I3: 17919.875 | J3: 1119.1488 | K3: 1821.6918 | L3: 334.35464 | M3: 13719.949 | N3: 3682.0455 | O3: 462.50458 | P3: 2091.1845 | Q3: 11317.67 | R3: 731.55018 | S3: 156.52565 | T3: 324.63212 | U3: 156.55141 | V3: 328.84967 | W3: 158.90334 | X3: 190.90591 | Y3: 319.79431 | Z3: 324.63126 | AA3: 315.49213 | AB3: 336.88657 | AC3: 422.03321 | AD3: 302.83734 | AE3: 521.86996 | AF3: 369.91483 | AG3: 286.13794
A4: 44055 | B4: 15707.192 | C4: 10522.707 | D4: 13804.327 | E4: 14907.55 | F4: 17052.539 | G4: 16473.418 | H4: 33652.519 | I4: 17839.424 | J4: 1202.0732 | K4: 1946.6623 | L4: 377.00728 | M4: 14542.699 | N4: 4235.5161 | O4: 608.97842 | P4: 2415.9345 | Q4: 12348.237 | R4: 843.87184 | S4: 157.1194 | T4: 350.82403 | U4: 158.54754 | V4: 332.12554 | W4: 159.90489 | X4: 202.22278 | Y4: 319.53759 | Z4: 309.72754 | AA4: 320.75545 | AB4: 316.35347 | AC4: 429.33461 | AD4: 328.71757 | AE4: 522.89232 | AF4: 362.74743 | AG4: 285.12724
A5: 44056 | B5: 15341.503 | C5: 10644.626 | D5: 13920.569 | E5: 14991.999 | F5: 17487.462 | G5: 16924.311 | H5: 32376.56 | I5: 18273.095 | J5: 1237.6414 | K5: 2120.2102 | L5: 488.36791 | M5: 14968.353 | N5: 4418.8298 | O5: 635.08109 | P5: 2693.8627 | Q5: 12887.168 | R5: 869.53028 | S5: 157.48951 | T5: 310.76722 | U5: 159.16277 | V5: 283.23026 | W5: 153.69115 | X5: 173.45704 | Y5: 328.25445 | Z5: 293.10411 | AA5: 316.77028 | AB5: 346.14396 | AC5: 437.94419 | AD5: 379.13111 | AE5: 587.13227 | AF5: 360.57566 | AG5: 335.66014
A6: 44057 | B6: 15026.598 | C6: 11565.027 | D6: 14082.845 | E6: 15183.683 | F6: 17661.862 | G6: 17144.685 | H6: 31483.986 | I6: 19189.364 | J6: 1285.9892 | K6: 2270.972 | L6: 581.82059 | M6: 15170.409 | N6: 4576.9849 | O6: 639.66625 | P6: 2861.8302 | Q6: 13150.014 | R6: 891.60306 | S6: 157.55478 | T6: 300.18332 | U6: 147.08389 | V6: 289.11853 | W6: 138.84885 | X6: 177.79176 | Y6: 364.25782 | Z6: 261.14493 | AA6: 315.98949 | AB6: 387.50134 | AC6: 446.88237 | AD6: 441.75385 | AE6: 591.26947 | AF6: 358.3315 | AG6: 345.00087
A7: 44058 | B7: 14981.963 | C7: 12234.007 | D7: 14273.506 | E7: 15561.302 | F7: 18102.683 | G7: 17943.855 | H7: 31577.506 | I7: 19939.573 | J7: 1384.7868 | K7: 2509.5934 | L7: 671.9065 | M7: 15876.404 | N7: 5126.6152 | O7: 704.67331 | P7: 3146.4092 | Q7: 13888.345 | R7: 965.38173 | S7: 157.48342 | T7: 346.99122 | U7: 136.15655 | V7: 336.2551 | W7: 133.15425 | X7: 198.28626 | Y7: 384.14379 | Z7: 225.309 | AA7: 316.99666 | AB7: 398.54841 | AC7: 452.63302 | AD7: 516.29601 | AE7: 560.60162 | AF7: 352.38203 | AG7: 344.82653
A8: 44059 | B8: 15091.82 | C8: 12832.017 | D8: 14473.044 | E8: 15902.338 | F8: 18626.414 | G8: 18318.726 | H8: 31259.517 | I8: 20737.377 | J8: 1504.7902 | K8: 2682.7122 | L8: 738.88302 | M8: 16268.206 | N8: 5439.517 | O8: 757.76776 | P8: 3298.8727 | Q8: 14260.693 | R8: 1024.0669 | S8: 157.56137 | T8: 402.4132 | U8: 131.74809 | V8: 372.26105 | W8: 132.40604 | X8: 208.76447 | Y8: 394.22123 | Z8: 186.39577 | AA8: 316.70632 | AB8: 405.19167 | AC8: 457.95759 | AD8: 574.66729 | AE8: 567.06969 | AF8: 346.77131 | AG8: 341.43703
A9: 44060 | B9: 15227.286 | C9: 13404.829 | D9: 14646.162 | E9: 16156.65 | F9: 18675.274 | G9: 18033.329 | H9: 30364.788 | I9: 21445.852 | J9: 1596.0123 | K9: 2708.2631 | L9: 779.2468 | M9: 15983.514 | N9: 5371.5815 | O9: 756.7562 | P9: 3328.4438 | Q9: 14003.434 | R9: 1029.8345 | S9: 157.93126 | T9: 412.75269 | U9: 131.5261 | V9: 380.63492 | W9: 134.52613 | X9: 210.12263 | Y9: 405.12233 | Z9: 169.38709 | AA9: 318.5603 | AB9: 417.11162 | AC9: 465.86914 | AD9: 604.07268 | AE9: 553.35796 | AF9: 346.56076 | AG9: 335.7147
A10: 44061 | B10: 15471.28 | C10: 13837.527 | D10: 14905.725 | E10: 16511.453 | F10: 18578.844 | G10: 17907.547 | H10: 30012.34 | I10: 21657.175 | J10: 1707.9949 | K10: 2746.9322 | L10: 812.36747 | M10: 15851.477 | N10: 5411.2556 | O10: 760.0095 | P10: 3347.6038 | Q10: 13882.454 | R10: 1046.0095 | S10: 158.63745 | T10: 414.54266 | U10: 138.26797 | V10: 390.009 | W10: 137.81651 | X10: 211.84322 | Y10: 421.4807 | Z10: 161.21585 | AA10: 325.219 | AB10: 427.90193 | AC10: 473.45742 | AD10: 629.86734 | AE10: 521.47276 | AF10: 348.64946 | AG10: 332.32613
A11: 44062 | B11: 15840.459 | C11: 14127.922 | D11: 15254.223 | E11: 16956.306 | F11: 18655.695 | G11: 18172.849 | H11: 30129.109 | I11: 21747.195 | J11: 1839.1911 | K11: 2846.5908 | L11: 864.57606 | M11: 16113.225 | N11: 5640.245 | O11: 807.55261 | P11: 3428.6847 | Q11: 14141.126 | R11: 1107.8834 | S11: 160.19455 | T11: 451.93364 | U11: 138.57016 | V11: 426.66502 | W11: 138.73805 | X11: 225.75622 | Y11: 438.6942 | Z11: 152.3322 | AA11: 334.13801 | AB11: 460.1791 | AC11: 478.41256 | AD11: 671.05449 | AE11: 553.07792 | AF11: 346.91007 | AG11: 334.74732
A12: 44063 | B12: 16239.811 | C12: 14378.243 | D12: 15623.54 | E12: 17378.332 | F12: 18791.176 | G12: 18384.143 | H12: 30099.979 | I12: 21883.463 | J12: 1965.7187 | K12: 2903.1557 | L12: 921.97293 | M12: 16428.74 | N12: 5854.4495 | O12: 850.51247 | P12: 3506.1015 | Q12: 14376.198 | R12: 1173.4621 | S12: 162.60432 | T12: 463.70672 | U12: 138.55547 | V12: 417.91771 | W12: 138.66979 | X12: 213.60455 | Y12: 468.40085 | Z12: 143.42473 | AA12: 344.96954 | AB12: 485.52643 | AC12: 480.88726 | AD12: 711.51083 | AE12: 517.11354 | AF12: 344.6001 | AG12: 344.53003
A13: 44064 | B13: 16619.233 | C13: 14494.338 | D13: 16033.482 | E13: 17760.17 | F13: 18968.858 | G13: 18575.102 | H13: 30075.048 | I13: 22018.126 | J13: 2066.5415 | K13: 3036.007 | L13: 994.75427 | M13: 16712.071 | N13: 5988.6423 | O13: 871.45724 | P13: 3667.9626 | Q13: 14633.646 | R13: 1225.8004 | S13: 165.34692 | T13: 440.22021 | U13: 137.58239 | V13: 388.01673 | W13: 139.66297 | X13: 197.84479 | Y13: 505.0989 | Z13: 139.74212 | AA13: 359.83218 | AB13: 511.94813 | AC13: 482.95644 | AD13: 758.39854 | AE13: 558.83813 | AF13: 342.12376 | AG13: 361.87535
A14: 44065 | B14: 16855.054 | C14: 14683.691 | D14: 16197.032 | E14: 17851.534 | F14: 18821.971 | G14: 18322.893 | H14: 29585.339 | I14: 22099.284 | J14: 2139.576 | K14: 3065.9034 | L14: 1030.8963 | M14: 16430.545 | N14: 5436.108 | O14: 845.80014 | P14: 3696.5707 | Q14: 14399.628 | R14: 1229.2477 | S14: 167.67274 | T14: 351.87195 | U14: 140.37776 | V14: 315.4507 | W14: 140.89716 | X14: 173.03786 | Y14: 532.71111 | Z14: 141.79969 | AA14: 377.3755 | AB14: 553.60039 | AC14: 484.59057 | AD14: 782.80423 | AE14: 498.43757 | AF14: 341.79685 | AG14: 387.03241
... A511: 44562 | B511: 8220.6588 | C511: 662.13994 | D511: 5140.1117 | E511: 6669.3075 | F511: 1428.1842 | G511: 1107.9427 | H511: 10119.359 | I511: 4499.3723 | J511: 1012.2912 | K511: 1026.9922 | L511: 485.47274 | M511: 875.98816 | N511: 209.3407 | O511: 347.82382 | P511: 550.80931 | Q511: 517.88275 | R511: 438.34607 | S511: 512.43746 | T511: 184.07251 | U511: 301.65472 | V511: 125.43963 | W511: 127.69111 | X511: 125.37233 | Y511: 645.49002 | Z511: 187.59384 | AA511: 796.12606 | AB511: 804.05538 | AC511: 465.91144 | AD511: 453.95436 | AE511: 302.71002 | AF511: 511.97824 | AG511: 920.83549
A512: TOTAL EXCEEDANCES | B512: =COUNTIF(B$3:B$511,">=1000") -> 509 | C512: =COUNTIF(C$3:C$511,">=1000") -> 506 | D512: =COUNTIF(D$3:D$511,">=1000") -> 509 | E512: =COUNTIF(E$3:E$511,">=1000") -> 509 | F512: =COUNTIF(F$3:F$511,">=1000") -> 509 | G512: =COUNTIF(G$3:G$511,">=1000") -> 507 | H512: =COUNTIF(H$3:H$511,">=1000") -> 509 | I512: =COUNTIF(I$3:I$511,">=1000") -> 509 | ... AG512: =COUNTIF(AG$3:AG$511,">=1000") -> 38
A513: WET 1 | B513: =COUNTIF(B$54:B$235,">=1000") -> 182 | C513: =COUNTIF(C$54:C$235,">=1000") -> 182 | D513: =COUNTIF(D$54:D$235,">=1000") -> 182 | E513: =COUNTIF(E$54:E$235,">=1000") -> 182 | F513: =COUNTIF(F$54:F$235,">=1000") -> 182 | G513: =COUNTIF(G$54:G$235,">=1000") -> 182 | H513: =COUNTIF(H$54:H$235,">=1000") -> 182 | I513: =COUNTIF(I$54:I$235,">=1000") -> 182 | ... AG513: =COUNTIF(AG$54:AG$235,">=1000") -> 8 | AH513: OCT 1, 2020 - MAR 31, 2021
A514: WET 2 | B514: =COUNTIF(B$419:B$511,">=1000") -> 93 | C514: =COUNTIF(C$419:C$511,">=1000") -> 90 | D514: =COUNTIF(D$419:D$511,">=1000") -> 93 | E514: =COUNTIF(E$419:E$511,">=1000") -> 93 | F514: =COUNTIF(F$419:F$511,">=1000") -> 93 | G514: =COUNTIF(G$419:G$511,">=1000") -> 91 | H514: =COUNTIF(H$419:H$511,">=1000") -> 93 | I514: =COUNTIF(I$419:I$511,">=1000") -> 93 | ... AG514: =COUNTIF(AG$419:AG$511,">=1000") -> 29 | AH514: OCT 1, 2021 - JAN 1, 2022
A515: DRY 1 | B515: =COUNTIF(B$3:B$53,">=1000") -> 51 | C515: =COUNTIF(C$3:C$53,">=1000") -> 51 | D515: =COUNTIF(D$3:D$53,">=1000") -> 51 | E515: =COUNTIF(E$3:E$53,">=1000") -> 51 | F515: =COUNTIF(F$3:F$53,">=1000") -> 51 | G515: =COUNTIF(G$3:G$53,">=1000") -> 51 | H515: =COUNTIF(H$3:H$53,">=1000") -> 51 | I515: =COUNTIF(I$3:I$53,">=1000") -> 51 | ... AG515: =COUNTIF(AG$3:AG$53,">=1000") -> 0 | AH515: AUG 11, 2020 - SEP 30, 2020
A516: DRY 2 | B516: =COUNTIF(B$236:B$418,">=1000") -> 183 | C516: =COUNTIF(C$236:C$418,">=1000") -> 183 | D516: =COUNTIF(D$236:D$418,">=1000") -> 183 | E516: =COUNTIF(E$236:E$418,">=1000") -> 183 | F516: =COUNTIF(F$236:F$418,">=1000") -> 183 | G516: =COUNTIF(G$236:G$418,">=1000") -> 183 | H516: =COUNTIF(H$236:H$418,">=1000") -> 183 | I516: =COUNTIF(I$236:I$418,">=1000") -> 183 | ... AG516: =COUNTIF(AG$236:AG$418,">=1000") -> 1 | AH516: APR 1, 2021 - SEP 30, 2021
A517: ALL WET | B517: =SUM(B$513,B$514) -> 275 | C517: =SUM(C$513,C$514) -> 272 | D517: =SUM(D$513,D$514) -> 275 | E517: =SUM(E$513,E$514) -> 275 | F517: =SUM(F$513,F$514) -> 275 | G517: =SUM(G$513,G$514) -> 273 | H517: =SUM(H$513,H$514) -> 275 | I517: =SUM(I$513,I$514) -> 275 | ... AG517: =SUM(AG$513,AG$514) -> 37
A518: ALL DRY | B518: =SUM(B$515,B$516) -> 234 | C518: =SUM(C$515,C$516) -> 234 | D518: =SUM(D$515,D$516) -> 234 | E518: =SUM(E$515,E$516) -> 234 | F518: =SUM(F$515,F$516) -> 234 | G518: =SUM(G$515,G$516) -> 234 | H518: =SUM(H$515,H$516) -> 234 | I518: =SUM(I$515,I$516) -> 234 | ... AG518: =SUM(AG$515,AG$516) -> 1
D521: Day Use & Boating | F521: THRESHOLD: 1,000 MICROSIEMENS/CM (EC) | S521: SP DAY USE & BOATING | AA521: SP DAY USE & BOATING | AE521: SP DAY USE & BOATING | AI521: SP DAY USE & BOATING | AQ521: SP DAY USE & BOATING | AY521: SP DAY USE & BOATING
F522: WET SEASON | S522: TOTAL RUN | AA522: WET SEASONS | AE522: DRY SEASONS | AI522: TOTAL RUN | AK522: Delta-Wide | AL522: Suisun | AM522: Central Delta | AN522: North Delta | AO522: South Delta | AQ522: WET SEASONS | AS522: Delta-Wide | AT522: Suisun | AU522: Central Delta | AV522: North Delta | AW522: South Delta | AY522: DRY SEASONS | BA522: Delta-Wide | BB522: Suisun | BC522: Central Delta | BD522: North Delta | BE522: South Delta
F523: OCTOBER 1 - MARCH 31 | M523: DRY SEASON | S523: Total points | U523: =COUNTIF(B2:AG2,"<>") -> 32 | AA523: Total points | AC523: =COUNTIF(B2:AG2,"<>") -> 32 | AE523: Total points | AG523: =COUNTIF(B2:AG2,"<>") -> 32 | AI523: Total points | AK523: =COUNTIF($B$2:$AG$2,"<>") -> 32 | AL523: =COUNTIF($B$2:$I$2,"<>") -> 8 | AM523: =COUNTIF($J$2:$R$2,"<>") -> 9 | AN523: =COUNTIF($S$2:$X$2,"<>") -> 6 | AO523: =COUNTIF($Y$2:$AG$2,"<>") -> 9 | AQ523: Total points | AS523: =COUNTIF($B$2:$AG$2,"<>") -> 32 | AT523: =COUNTIF($B$2:$I$2,"<>") -> 8 | AU523: =COUNTIF($J$2:$R$2,"<>") -> 9 | AV523: =COUNTIF($S$2:$X$2,"<>") -> 6 | AW523: =COUNTIF($Y$2:$AG$2,"<>") -> 9 | AY523: Total points | BA523: =COUNTIF($B$2:$AG$2,"<>") -> 32 | BB523: =COUNTIF($B$2:$I$2,"<>") -> 8 | BC523: =COUNTIF($J$2:$R$2,"<>") -> 9 | BD523: =COUNTIF($S$2:$X$2,"<>") -> 6 | BE523: =COUNTIF($Y$2:$AG$2,"<>") -> 9
F524: WET SEASON 1 | H524: 10/1/20 - 3/31/21 | J524: =COUNTIF($B$54:$B$235,"<>") -> 182 | M524: APRIL 1 - SEPTEMBER 30 | S524: Days in run | U524: =COUNTIF($A$3:$A$511,"<>") -> 509 | AA524: Days in run | AC524: =SUM($J$524:$J$525) -> 275 | AE524: Days in run | AG524: =SUM($Q$525:$Q$526) -> 234 | AI524: Days in run | AK524: =COUNTIF($A$3:$A$511,"<>") -> 509 | AL524: =COUNTIF($A$3:$A$511,"<>") -> 509 | AM524: =COUNTIF($A$3:$A$511,"<>") -> 509 | AN524: =COUNTIF($A$3:$A$511,"<>") -> 509 | AO524: =COUNTIF($A$3:$A$511,"<>") -> 509 | AQ524: Days in run | AS524: =SUM($J$524:$J$525) -> 275 | AT524: =SUM($J$524:$J$525) -> 275 | AU524: =SUM($J$524:$J$525) -> 275 | AV524: =SUM($J$524:$J$525) -> 275 | AW524: =SUM($J$524:$J$525) -> 275 | AY524: Days in run | BA524: =SUM($Q$525:$Q$526) -> 234 | BB524: =SUM($Q$525:$Q$526) -> 234 | BC524: =SUM($Q$525:$Q$526) -> 234 | BD524: =SUM($Q$525:$Q$526) -> 234 | BE524: =SUM($Q$525:$Q$526) -> 234
F525: WET SEASON 2 | H525: 10/1/21 - 1/1/22 | J525: =COUNTIF($B$419:$B$511,"<>") -> 93 | M525: DRY SEASON 1 | O525: 8/11/20 - 9/30/20 | Q525: =COUNTIF($B$3:$B$53,"<>") -> 51 | S525: Total measurements | U525: =U524*U523 -> 16288 | V525: DENOMINATOR FOR EXCEEDANCE % | AA525: Total measurements | AC525: =AC524*AC523 -> 8800 | AE525: Total measurements | AG525: =AG523*AG524 -> 7488 | AI525: Total measurements | AK525: =AK524*AK523 -> 16288 | AL525: =AL524*AL523 -> 4072 | AM525: =AM524*AM523 -> 4581 | AN525: =AN524*AN523 -> 3054 | AO525: =AO524*AO523 -> 4581 | AQ525: Total measurements | AS525: =AS524*AS523 -> 8800 | AT525: =AT524*AT523 -> 2200 | AU525: =AU524*AU523 -> 2475 | AV525: =AV524*AV523 -> 1650 | AW525: =AW524*AW523 -> 2475 | AY525: Total measurements | BA525: =BA524*BA523 -> 7488 | BB525: =BB524*BB523 -> 1872 | BC525: =BC524*BC523 -> 2106 | BD525: =BD524*BD523 -> 1404 | BE525: =BE524*BE523 -> 2106
M526: DRY SEASON 2 | O526: 4/1/21 - 9/30/21 | Q526: =COUNTIF($B$236:$B$418,"<>") -> 183 | S526: Measurements >= 1,000 | U526: =SUM(B512:AG512) -> 8616 | V526: NUMERATOR FOR EXCEEDANCE % | AA526: Measurements >= 1,000 | AC526: =SUM($B$517:$AG$517) -> 4630 | AE526: Measurements >= 1,000 | AG526: =SUM($B$518:$AG$518) -> 3986 | AI526: Measurements >= 1,000 | AK526: =SUM(B512:AG512) -> 8616 | AL526: =SUM(B512:I512) -> 4067 | AM526: =SUM(J512:R512) -> 3856 | AN526: =SUM(S512:X512) -> 162 | AO526: =SUM(Y512:AG512) -> 531 | AQ526: Measurements >= 1,000 | AS526: =SUM(B517:AG517) -> 4630 | AT526: =SUM(B517:I517) -> 2195 | AU526: =SUM(J517:R517) -> 2064 | AV526: =SUM(S517:X517) -> 29 | AW526: =SUM(Y517:AG517) -> 342 | AY526: Measurements >= 1,000 | BA526: =SUM($B518:$AG518) -> 3986 | BB526: =SUM(B518:I518) -> 1872 | BC526: =SUM(J518:R518) -> 1792 | BD526: =SUM(S518:X518) -> 133 | BE526: =SUM(Y518:AG518) -> 189
S527: % Total Run Exceedances | U527: =$U526/$U525 -> 0.52897839 | AA527: % WET Exceedances | AC527: =AC526/AC525 -> 0.52613636 | AE527: % DRY Exceedances | AG527: =AG526/AG525 -> 0.53231838 | AI527: % Total Run Exceedances | AK527: =AK526/AK525 -> 0.52897839 | AL527: =AL526/AL525 -> 0.9987721 | AM527: =AM526/AM525 -> 0.84173761 | AN527: =AN526/AN525 -> 0.053045187 | AO527: =AO526/AO525 -> 0.11591356 | AQ527: % WET Exceedances | AS527: =AS526/AS525 -> 0.52613636 | AT527: =AT526/AT525 -> 0.99772727 | AU527: =AU526/AU525 -> 0.83393939 | AV527: =AV526/AV525 -> 0.017575758 | AW527: =AW526/AW525 -> 0.13818182 | AY527: % DRY Exceedances | BA527: =BA526/BA525 -> 0.53231838 | BB527: =BB526/BB525 -> 1 | BC527: =BC526/BC525 -> 0.85090218 | BD527: =BD526/BD525 -> 0.094729345 | BE527: =BE526/BE525 -> 0.08974359
A529: TOTAL EXCEEDANCES | B529: =COUNTIF(B$3:B$511,">=2640") -> 509 | C529: =COUNTIF(C$3:C$511,">=2640") -> 497 | D529: =COUNTIF(D$3:D$511,">=2640") -> 509 | E529: =COUNTIF(E$3:E$511,">=2640") -> 509 | F529: =COUNTIF(F$3:F$511,">=2640") -> 504 | G529: =COUNTIF(G$3:G$511,">=2640") -> 502 | H529: =COUNTIF(H$3:H$511,">=2640") -> 509 | I529: =COUNTIF(I$3:I$511,">=2640") -> 509 | ... AG529: =COUNTIF(AG$3:AG$511,">=2640") -> 0
A530: WET 1 | B530: =COUNTIF(B$54:B$235,">=2640") -> 182 | C530: =COUNTIF(C$54:C$235,">=2640") -> 182 | D530: =COUNTIF(D$54:D$235,">=2640") -> 182 | E530: =COUNTIF(E$54:E$235,">=2640") -> 182 | F530: =COUNTIF(F$54:F$235,">=2640") -> 182 | G530: =COUNTIF(G$54:G$235,">=2640") -> 182 | H530: =COUNTIF(H$54:H$235,">=2640") -> 182 | I530: =COUNTIF(I$54:I$235,">=2640") -> 182 | ... AG530: =COUNTIF(AG$54:AG$235,">=2640") -> 0 | AH530: OCT 1, 2020 - MAR 31, 2021
A531: WET 2 | B531: =COUNTIF(B$419:B$511,">=2640") -> 93 | C531: =COUNTIF(C$419:C$511,">=2640") -> 81 | D531: =COUNTIF(D$419:D$511,">=2640") -> 93 | E531: =COUNTIF(E$419:E$511,">=2640") -> 93 | F531: =COUNTIF(F$419:F$511,">=2640") -> 88 | G531: =COUNTIF(G$419:G$511,">=2640") -> 86 | H531: =COUNTIF(H$419:H$511,">=2640") -> 93 | I531: =COUNTIF(I$419:I$511,">=2640") -> 93 | ... AG531: =COUNTIF(AG$419:AG$511,">=2640") -> 0 | AH531: OCT 1, 2021 - JAN 1, 2022
A532: DRY 1 | B532: =COUNTIF(B$3:B$53,">=2640") -> 51 | C532: =COUNTIF(C$3:C$53,">=2640") -> 51 | D532: =COUNTIF(D$3:D$53,">=2640") -> 51 | E532: =COUNTIF(E$3:E$53,">=2640") -> 51 | F532: =COUNTIF(F$3:F$53,">=2640") -> 51 | G532: =COUNTIF(G$3:G$53,">=2640") -> 51 | H532: =COUNTIF(H$3:H$53,">=2640") -> 51 | I532: =COUNTIF(I$3:I$53,">=2640") -> 51 | ... AG532: =COUNTIF(AG$3:AG$53,">=2640") -> 0 | AH532: AUG 11, 2020 - SEP 30, 2020
A533: DRY 2 | B533: =COUNTIF(B$236:B$418,">=2640") -> 183 | C533: =COUNTIF(C$236:C$418,">=2640") -> 183 | D533: =COUNTIF(D$236:D$418,">=2640") -> 183 | E533: =COUNTIF(E$236:E$418,">=2640") -> 183 | F533: =COUNTIF(F$236:F$418,">=2640") -> 183 | G533: =COUNTIF(G$236:G$418,">=2640") -> 183 | H533: =COUNTIF(H$236:H$418,">=2640") -> 183 | I533: =COUNTIF(I$236:I$418,">=2640") -> 183 | ... AG533: =COUNTIF(AG$236:AG$418,">=2640") -> 0 | AH533: APR 1, 2021 - SEP 30, 2021
A534: ALL WET | B534: =SUM(B530,B531) -> 275 | C534: =SUM(C530,C531) -> 263 | D534: =SUM(D530,D531) -> 275 | E534: =SUM(E530,E531) -> 275 | F534: =SUM(F530,F531) -> 270 | G534: =SUM(G530,G531) -> 268 | H534: =SUM(H530,H531) -> 275 | I534: =SUM(I530,I531) -> 275 | ... AG534: =SUM(AG530,AG531) -> 0
A535: ALL DRY | B535: =SUM(B532,B533) -> 234 | C535: =SUM(C532,C533) -> 234 | D535: =SUM(D532,D533) -> 234 | E535: =SUM(E532,E533) -> 234 | F535: =SUM(F532,F533) -> 234 | G535: =SUM(G532,G533) -> 234 | H535: =SUM(H532,H533) -> 234 | I535: =SUM(I532,I533) -> 234 | ... AG535: =SUM(AG532,AG533) -> 0
D538: Birding | F538: THRESHOLD: 2,640 MICROSIEMENS/CM (EC) | S538: BIRDING | AA538: BIRDING | AE538: BIRDING | AI538: BIRDING | AQ538: BIRDING | AY538: BIRDING
F539: WET SEASON | S539: TOTAL RUN | AA539: WET SEASONS | AE539: DRY SEASONS | AI539: TOTAL RUN | AK539: Delta-Wide | AL539: Suisun | AM539: Central Delta | AN539: North Delta | AO539: South Delta | AQ539: WET SEASONS | AS539: Delta-Wide | AT539: Suisun | AU539: Central Delta | AV539: North Delta | AW539: South Delta | AY539: DRY SEASONS | BA539: Delta-Wide | BB539: Suisun | BC539: Central Delta | BD539: North Delta | BE539: South Delta
F540: OCTOBER 1 - MARCH 31 | M540: DRY SEASON | S540: Total points | U540: =COUNTIF(B18:AG18,"<>") -> 32 | AA540: Total points | AC540: =COUNTIF(B18:AG18,"<>") -> 32 | AE540: Total points | AG540: =COUNTIF(B18:AG18,"<>") -> 32 | AI540: Total points | AK540: =COUNTIF($B$2:$AG$2,"<>") -> 32 | AL540: =COUNTIF($B$2:$I$2,"<>") -> 8 | AM540: =COUNTIF($J$2:$R$2,"<>") -> 9 | AN540: =COUNTIF($S$2:$X$2,"<>") -> 6 | AO540: =COUNTIF($Y$2:$AG$2,"<>") -> 9 | AQ540: Total points | AS540: =COUNTIF($B$2:$AG$2,"<>") -> 32 | AT540: =COUNTIF($B$2:$I$2,"<>") -> 8 | AU540: =COUNTIF($J$2:$R$2,"<>") -> 9 | AV540: =COUNTIF($S$2:$X$2,"<>") -> 6 | AW540: =COUNTIF($Y$2:$AG$2,"<>") -> 9 | AY540: Total points | BA540: =COUNTIF($B$2:$AG$2,"<>") -> 32 | BB540: =COUNTIF($B$2:$I$2,"<>") -> 8 | BC540: =COUNTIF($J$2:$R$2,"<>") -> 9 | BD540: =COUNTIF($S$2:$X$2,"<>") -> 6 | BE540: =COUNTIF($Y$2:$AG$2,"<>") -> 9
F541: WET SEASON 1 | H541: 10/1/20 - 3/31/21 | J541: =COUNTIF($B$54:$B$235,"<>") -> 182 | M541: APRIL 1 - SEPTEMBER 30 | S541: Days in run | U541: =COUNTIF($A$3:$A$511,"<>") -> 509 | AA541: Days in run | AC541: =SUM($J$524:$J$525) -> 275 | AE541: Days in run | AG541: =SUM($Q$525:$Q$526) -> 234 | AI541: Days in run | AK541: =COUNTIF($A$3:$A$511,"<>") -> 509 | AL541: =COUNTIF($A$3:$A$511,"<>") -> 509 | AM541: =COUNTIF($A$3:$A$511,"<>") -> 509 | AN541: =COUNTIF($A$3:$A$511,"<>") -> 509 | AO541: =COUNTIF($A$3:$A$511,"<>") -> 509 | AQ541: Days in run | AS541: =SUM($J$524:$J$525) -> 275 | AT541: =SUM($J$524:$J$525) -> 275 | AU541: =SUM($J$524:$J$525) -> 275 | AV541: =SUM($J$524:$J$525) -> 275 | AW541: =SUM($J$524:$J$525) -> 275 | AY541: Days in run | BA541: =SUM($Q$525:$Q$526) -> 234 | BB541: =SUM($Q$525:$Q$526) -> 234 | BC541: =SUM($Q$525:$Q$526) -> 234 | BD541: =SUM($Q$525:$Q$526) -> 234 | BE541: =SUM($Q$525:$Q$526) -> 234
F542: WET SEASON 2 | H542: 10/1/21 - 1/1/22 | J542: =COUNTIF($B$419:$B$511,"<>") -> 93 | M542: DRY SEASON 1 | O542: 8/11/20 - 9/30/20 | Q542: =COUNTIF($B$3:$B$53,"<>") -> 51 | S542: Total measurements | U542: =U541*U540 -> 16288 | V542: DENOMINATOR FOR EXCEEDANCE % | AA542: Total measurements | AC542: =AC541*AC540 -> 8800 | AE542: Total measurements | AG542: =AG540*AG541 -> 7488 | AI542: Total measurements | AK542: =AK541*AK540 -> 16288 | AL542: =AL541*AL540 -> 4072 | AM542: =AM541*AM540 -> 4581 | AN542: =AN541*AN540 -> 3054 | AO542: =AO541*AO540 -> 4581 | AQ542: Total measurements | AS542: =AS541*AS540 -> 8800 | AT542: =AT541*AT540 -> 2200 | AU542: =AU541*AU540 -> 2475 | AV542: =AV541*AV540 -> 1650 | AW542: =AW541*AW540 -> 2475 | AY542: Total measurements | BA542: =BA541*BA540 -> 7488 | BB542: =BB541*BB540 -> 1872 | BC542: =BC541*BC540 -> 2106 | BD542: =BD541*BD540 -> 1404 | BE542: =BE541*BE540 -> 2106
M543: DRY SEASON 2 | O543: 4/1/21 - 9/30/21 | Q543: =COUNTIF($B$236:$B$418,"<>") -> 183 | S543: Measurements >= 2,640 | U543: =SUM(B529:AG529) -> 6125 | V543: NUMERATOR FOR EXCEEDANCE % | AA543: Measurements >= 2,640 | AC543: =SUM(B534:AG534) -> 3233 | AE543: Measurements >= 2,640 | AG543: =SUM(B535:AG535) -> 2892 | AI543: Measurements >= 2,640 | AK543: =SUM(B529:AG529) -> 6125 | AL543: =SUM(B529:I529) -> 4048 | AM543: =SUM(J529:R529) -> 2077 | AN543: =SUM(S529:X529) -> 0 | AO543: =SUM(Y529:AG529) -> 0 | AQ543: Measurements >= 2,640 | AS543: =SUM(B534:AG534) -> 3233 | AT543: =SUM(B534:I534) -> 2176 | AU543: =SUM(J534:R534) -> 1057 | AV543: =SUM(S534:X534) -> 0 | AW543: =SUM(Y534:AG534) -> 0 | AY543: Measurements >= 2,640 | BA543: =SUM($B535:$AG535) -> 2892 | BB543: =SUM(B535:I535) -> 1872 | BC543: =SUM(J535:R535) -> 1020 | BD543: =SUM(S535:X535) -> 0 | BE543: =SUM(Y535:AG535) -> 0
S544: % Total Run Exceedances | U544: =$U543/$U542 -> 0.37604371 | AA544: % WET Exceedances | AC544: =AC543/AC542 -> 0.36738636 | AE544: % DRY Exceedances | AG544: =AG543/AG542 -> 0.38621795 | AI544: % Total Run Exceedances | AK544: =AK543/AK542 -> 0.37604371 | AL544: =AL543/AL542 -> 0.99410609 | AM544: =AM543/AM542 -> 0.45339446 | AN544: =AN543/AN542 -> 0 | AO544: =AO543/AO542 -> 0 | AQ544: % WET Exceedances | AS544: =AS543/AS542 -> 0.36738636 | AT544: =AT543/AT542 -> 0.98909091 | AU544: =AU543/AU542 -> 0.42707071 | AV544: =AV543/AV542 -> 0 | AW544: =AW543/AW542 -> 0 | AY544: % DRY Exceedances | BA544: =BA543/BA542 -> 0.38621795 | BB544: =BB543/BB542 -> 1 | BC544: =BC543/BC542 -> 0.48433048 | BD544: =BD543/BD542 -> 0 | BE544: =BE543/BE542 -> 0
A546: TOTAL EXCEEDANCES | B546: =COUNTIF(B$3:B$511,">=3600") -> 509 | C546: =COUNTIF(C$3:C$511,">=3600") -> 488 | D546: =COUNTIF(D$3:D$511,">=3600") -> 509 | E546: =COUNTIF(E$3:E$511,">=3600") -> 509 | F546: =COUNTIF(F$3:F$511,">=3600") -> 503 | G546: =COUNTIF(G$3:G$511,">=3600") -> 502 | H546: =COUNTIF(H$3:H$511,">=3600") -> 509 | I546: =COUNTIF(I$3:I$511,">=3600") -> 509 | ... AG546: =COUNTIF(AG$3:AG$511,">=3600") -> 0
A547: WET 1 | B547: =COUNTIF(B$54:B$235,">=3600") -> 182 | C547: =COUNTIF(C$54:C$235,">=3600") -> 182 | D547: =COUNTIF(D$54:D$235,">=3600") -> 182 | E547: =COUNTIF(E$54:E$235,">=3600") -> 182 | F547: =COUNTIF(F$54:F$235,">=3600") -> 182 | G547: =COUNTIF(G$54:G$235,">=3600") -> 182 | H547: =COUNTIF(H$54:H$235,">=3600") -> 182 | I547: =COUNTIF(I$54:I$235,">=3600") -> 182 | ... AG547: =COUNTIF(AG$54:AG$235,">=3600") -> 0 | AH547: OCT 1, 2020 - MAR 31, 2021
A548: WET 2 | B548: =COUNTIF(B$419:B$511,">=3600") -> 93 | C548: =COUNTIF(C$419:C$511,">=3600") -> 72 | D548: =COUNTIF(D$419:D$511,">=3600") -> 93 | E548: =COUNTIF(E$419:E$511,">=3600") -> 93 | F548: =COUNTIF(F$419:F$511,">=3600") -> 87 | G548: =COUNTIF(G$419:G$511,">=3600") -> 86 | H548: =COUNTIF(H$419:H$511,">=3600") -> 93 | I548: =COUNTIF(I$419:I$511,">=3600") -> 93 | ... AG548: =COUNTIF(AG$419:AG$511,">=3600") -> 0 | AH548: OCT 1, 2021 - JAN 1, 2022
A549: DRY 1 | B549: =COUNTIF(B$3:B$53,">=3600") -> 51 | C549: =COUNTIF(C$3:C$53,">=3600") -> 51 | D549: =COUNTIF(D$3:D$53,">=3600") -> 51 | E549: =COUNTIF(E$3:E$53,">=3600") -> 51 | F549: =COUNTIF(F$3:F$53,">=3600") -> 51 | G549: =COUNTIF(G$3:G$53,">=3600") -> 51 | H549: =COUNTIF(H$3:H$53,">=3600") -> 51 | I549: =COUNTIF(I$3:I$53,">=3600") -> 51 | ... AG549: =COUNTIF(AG$3:AG$53,">=3600") -> 0 | AH549: AUG 11, 2020 - SEP 30, 2020
A550: DRY 2 | B550: =COUNTIF(B$236:B$418,">=3600") -> 183 | C550: =COUNTIF(C$236:C$418,">=3600") -> 183 | D550: =COUNTIF(D$236:D$418,">=3600") -> 183 | E550: =COUNTIF(E$236:E$418,">=3600") -> 183 | F550: =COUNTIF(F$236:F$418,">=3600") -> 183 | G550: =COUNTIF(G$236:G$418,">=3600") -> 183 | H550: =COUNTIF(H$236:H$418,">=3600") -> 183 | I550: =COUNTIF(I$236:I$418,">=3600") -> 183 | ... AG550: =COUNTIF(AG$236:AG$418,">=3600") -> 0 | AH550: APR 1, 2021 - SEP 30, 2021
A551: ALL WET | B551: =SUM(B547,B548) -> 275 | C551: =SUM(C547,C548) -> 254 | D551: =SUM(D547,D548) -> 275 | E551: =SUM(E547,E548) -> 275 | F551: =SUM(F547,F548) -> 269 | G551: =SUM(G547,G548) -> 268 | H551: =SUM(H547,H548) -> 275 | I551: =SUM(I547,I548) -> 275 | ... AG551: =SUM(AG547,AG548) -> 0
A552: ALL DRY | B552: =SUM(B549,B550) -> 234 | C552: =SUM(C549,C550) -> 234 | D552: =SUM(D549,D550) -> 234 | E552: =SUM(E549,E550) -> 234 | F552: =SUM(F549,F550) -> 234 | G552: =SUM(G549,G550) -> 234 | H552: =SUM(H549,H550) -> 234 | I552: =SUM(I549,I550) -> 234 | ... AG552: =SUM(AG549,AG550) -> 0
D555: Waterfowl | F555: THRESHOLD: 3,600 MICROSIEMENS/CM (EC) | S555: WATERFOWL | AA555: WATERFOWL | AE555: WATERFOWL | AI555: WATERFOWL | AQ555: WATERFOWL | AY555: WATERFOWL
F556: WET SEASON | S556: TOTAL RUN | AA556: WET SEASONS | AE556: DRY SEASONS | AI556: TOTAL RUN | AK556: Delta-Wide | AL556: Suisun | AM556: Central Delta | AN556: North Delta | AO556: South Delta | AQ556: WET SEASONS | AS556: Delta-Wide | AT556: Suisun | AU556: Central Delta | AV556: North Delta | AW556: South Delta | AY556: DRY SEASONS | BA556: Delta-Wide | BB556: Suisun | BC556: Central Delta | BD556: North Delta | BE556: South Delta
F557: OCTOBER 1 - MARCH 31 | M557: DRY SEASON | S557: Total points | U557: =COUNTIF(B35:AG35,"<>") -> 32 | AA557: Total points | AC557: =COUNTIF(B35:AG35,"<>") -> 32 | AE557: Total points | AG557: =COUNTIF(B35:AG35,"<>") -> 32 | AI557: Total points | AK557: =COUNTIF($B$2:$AG$2,"<>") -> 32 | AL557: =COUNTIF($B$2:$I$2,"<>") -> 8 | AM557: =COUNTIF($J$2:$R$2,"<>") -> 9 | AN557: =COUNTIF($S$2:$X$2,"<>") -> 6 | AO557: =COUNTIF($Y$2:$AG$2,"<>") -> 9 | AQ557: Total points | AS557: =COUNTIF($B$2:$AG$2,"<>") -> 32 | AT557: =COUNTIF($B$2:$I$2,"<>") -> 8 | AU557: =COUNTIF($J$2:$R$2,"<>") -> 9 | AV557: =COUNTIF($S$2:$X$2,"<>") -> 6 | AW557: =COUNTIF($Y$2:$AG$2,"<>") -> 9 | AY557: Total points | BA557: =COUNTIF($B$2:$AG$2,"<>") -> 32 | BB557: =COUNTIF($B$2:$I$2,"<>") -> 8 | BC557: =COUNTIF($J$2:$R$2,"<>") -> 9 | BD557: =COUNTIF($S$2:$X$2,"<>") -> 6 | BE557: =COUNTIF($Y$2:$AG$2,"<>") -> 9
F558: WET SEASON 1 | H558: 10/1/20 - 3/31/21 | J558: =COUNTIF($B$54:$B$235,"<>") -> 182 | M558: APRIL 1 - SEPTEMBER 30 | S558: Days in run | U558: =COUNTIF($A$3:$A$511,"<>") -> 509 | AA558: Days in run | AC558: =SUM($J$524:$J$525) -> 275 | AE558: Days in run | AG558: =SUM($Q$525:$Q$526) -> 234 | AI558: Days in run | AK558: =COUNTIF($A$3:$A$511,"<>") -> 509 | AL558: =COUNTIF($A$3:$A$511,"<>") -> 509 | AM558: =COUNTIF($A$3:$A$511,"<>") -> 509 | AN558: =COUNTIF($A$3:$A$511,"<>") -> 509 | AO558: =COUNTIF($A$3:$A$511,"<>") -> 509 | AQ558: Days in run | AS558: =SUM($J$524:$J$525) -> 275 | AT558: =SUM($J$524:$J$525) -> 275 | AU558: =SUM($J$524:$J$525) -> 275 | AV558: =SUM($J$524:$J$525) -> 275 | AW558: =SUM($J$524:$J$525) -> 275 | AY558: Days in run | BA558: =SUM($Q$525:$Q$526) -> 234 | BB558: =SUM($Q$525:$Q$526) -> 234 | BC558: =SUM($Q$525:$Q$526) -> 234 | BD558: =SUM($Q$525:$Q$526) -> 234 | BE558: =SUM($Q$525:$Q$526) -> 234
F559: WET SEASON 2 | H559: 10/1/21 - 1/1/22 | J559: =COUNTIF($B$419:$B$511,"<>") -> 93 | M559: DRY SEASON 1 | O559: 8/11/20 - 9/30/20 | Q559: =COUNTIF($B$3:$B$53,"<>") -> 51 | S559: Total measurements | U559: =U558*U557 -> 16288 | V559: DENOMINATOR FOR EXCEEDANCE % | AA559: Total measurements | AC559: =AC558*AC557 -> 8800 | AE559: Total measurements | AG559: =AG557*AG558 -> 7488 | AI559: Total measurements | AK559: =AK558*AK557 -> 16288 | AL559: =AL558*AL557 -> 4072 | AM559: =AM558*AM557 -> 4581 | AN559: =AN558*AN557 -> 3054 | AO559: =AO558*AO557 -> 4581 | AQ559: Total measurements | AS559: =AS558*AS557 -> 8800 | AT559: =AT558*AT557 -> 2200 | AU559: =AU558*AU557 -> 2475 | AV559: =AV558*AV557 -> 1650 | AW559: =AW558*AW557 -> 2475 | AY559: Total measurements | BA559: =BA558*BA557 -> 7488 | BB559: =BB558*BB557 -> 1872 | BC559: =BC558*BC557 -> 2106 | BD559: =BD558*BD557 -> 1404 | BE559: =BE558*BE557 -> 2106
M560: DRY SEASON 2 | O560: 4/1/21 - 9/30/21 | Q560: =COUNTIF($B$236:$B$418,"<>") -> 183 | S560: Measurements >= 3,600 | U560: =SUM(B546:AG546) -> 5499 | V560: NUMERATOR FOR EXCEEDANCE % | AA560: Measurements >= 3,600 | AC560: =SUM(B551:AG551) -> 2918 | AE560: Measurements >= 3,600 | AG560: =SUM(B552:AG552) -> 2581 | AI560: Measurements >= 3,600 | AK560: =SUM(B546:AG546) -> 5499 | AL560: =SUM(B546:I546) -> 4038 | AM560: =SUM(J546:R546) -> 1461 | AN560: =SUM(S546:X546) -> 0 | AO560: =SUM(Y546:AG546) -> 0 | AQ560: Measurements >= 3,600 | AS560: =SUM(B551:AG551) -> 2918 | AT560: =SUM(B551:I551) -> 2166 | AU560: =SUM(J551:R551) -> 752 | AV560: =SUM(S551:X551) -> 0 | AW560: =SUM(Y551:AG551) -> 0 | AY560: Measurements >= 3,600 | BA560: =SUM($B552:$AG552) -> 2581 | BB560: =SUM(B552:I552) -> 1872 | BC560: =SUM(J552:R552) -> 709 | BD560: =SUM(S552:X552) -> 0 | BE560: =SUM(Y552:AG552) -> 0
S561: % Total Run Exceedances | U561: =$U560/$U559 -> 0.33761051 | AA561: % WET Exceedances | AC561: =AC560/AC559 -> 0.33159091 | AE561: % DRY Exceedances | AG561: =AG560/AG559 -> 0.34468483 | AI561: % Total Run Exceedances | AK561: =AK560/AK559 -> 0.33761051 | AL561: =AL560/AL559 -> 0.99165029 | AM561: =AM560/AM559 -> 0.318926 | AN561: =AN560/AN559 -> 0 | AO561: =AO560/AO559 -> 0 | AQ561: % WET Exceedances | AS561: =AS560/AS559 -> 0.33159091 | AT561: =AT560/AT559 -> 0.98454545 | AU561: =AU560/AU559 -> 0.30383838 | AV561: =AV560/AV559 -> 0 | AW561: =AW560/AW559 -> 0 | AY561: % DRY Exceedances | BA561: =BA560/BA559 -> 0.34468483 | BB561: =BB560/BB559 -> 1 | BC561: =BC560/BC559 -> 0.33665717 | BD561: =BD560/BD559 -> 0 | BE561: =BE560/BE559 -> 0
A563: TOTAL EXCEEDANCES | B563: =COUNTIF(B$3:B$511,">=9130") -> 416 | C563: =COUNTIF(C$3:C$511,">=9130") -> 364 | D563: =COUNTIF(D$3:D$511,">=9130") -> 380 | E563: =COUNTIF(E$3:E$511,">=9130") -> 418 | F563: =COUNTIF(F$3:F$511,">=9130") -> 476 | G563: =COUNTIF(G$3:G$511,">=9130") -> 459 | H563: =COUNTIF(H$3:H$511,">=9130") -> 509 | I563: =COUNTIF(I$3:I$511,">=9130") -> 504 | ... AG563: =COUNTIF(AG$3:AG$511,">=9130") -> 0
A564: WET 1 | B564: =COUNTIF(B$54:B$235,">=9130") -> 136 | C564: =COUNTIF(C$54:C$235,">=9130") -> 116 | D564: =COUNTIF(D$54:D$235,">=9130") -> 125 | E564: =COUNTIF(E$54:E$235,">=9130") -> 134 | F564: =COUNTIF(F$54:F$235,">=9130") -> 170 | G564: =COUNTIF(G$54:G$235,">=9130") -> 158 | H564: =COUNTIF(H$54:H$235,">=9130") -> 182 | I564: =COUNTIF(I$54:I$235,">=9130") -> 182 | ... AG564: =COUNTIF(AG$54:AG$235,">=9130") -> 0 | AH564: OCT 1, 2020 - MAR 31, 2021
A565: WET 2 | B565: =COUNTIF(B$419:B$511,">=9130") -> 80 | C565: =COUNTIF(C$419:C$511,">=9130") -> 51 | D565: =COUNTIF(D$419:D$511,">=9130") -> 61 | E565: =COUNTIF(E$419:E$511,">=9130") -> 78 | F565: =COUNTIF(F$419:F$511,">=9130") -> 72 | G565: =COUNTIF(G$419:G$511,">=9130") -> 70 | H565: =COUNTIF(H$419:H$511,">=9130") -> 93 | I565: =COUNTIF(I$419:I$511,">=9130") -> 88 | ... AG565: =COUNTIF(AG$419:AG$511,">=9130") -> 0 | AH565: OCT 1, 2021 - JAN 1, 2022
A566: DRY 1 | B566: =COUNTIF(B$3:B$53,">=9130") -> 51 | C566: =COUNTIF(C$3:C$53,">=9130") -> 51 | D566: =COUNTIF(D$3:D$53,">=9130") -> 51 | E566: =COUNTIF(E$3:E$53,">=9130") -> 51 | F566: =COUNTIF(F$3:F$53,">=9130") -> 51 | G566: =COUNTIF(G$3:G$53,">=9130") -> 51 | H566: =COUNTIF(H$3:H$53,">=9130") -> 51 | I566: =COUNTIF(I$3:I$53,">=9130") -> 51 | ... AG566: =COUNTIF(AG$3:AG$53,">=9130") -> 0 | AH566: AUG 11, 2020 - SEP 30, 2020
A567: DRY 2 | B567: =COUNTIF(B$236:B$418,">=9130") -> 149 | C567: =COUNTIF(C$236:C$418,">=9130") -> 146 | D567: =COUNTIF(D$236:D$418,">=9130") -> 143 | E567: =COUNTIF(E$236:E$418,">=9130") -> 155 | F567: =COUNTIF(F$236:F$418,">=9130") -> 183 | G567: =COUNTIF(G$236:G$418,">=9130") -> 180 | H567: =COUNTIF(H$236:H$418,">=9130") -> 183 | I567: =COUNTIF(I$236:I$418,">=9130") -> 183 | ... AG567: =COUNTIF(AG$236:AG$418,">=9130") -> 0 | AH567: APR 1, 2021 - SEP 30, 2021
A568: ALL WET | B568: =SUM(B564,B565) -> 216 | C568: =SUM(C564,C565) -> 167 | D568: =SUM(D564,D565) -> 186 | E568: =SUM(E564,E565) -> 212 | F568: =SUM(F564,F565) -> 242 | G568: =SUM(G564,G565) -> 228 | H568: =SUM(H564,H565) -> 275 | I568: =SUM(I564,I565) -> 270 | ... AG568: =SUM(AG564,AG565) -> 0
A569: ALL DRY | B569: =SUM(B566,B567) -> 200 | C569: =SUM(C566,C567) -> 197 | D569: =SUM(D566,D567) -> 194 | E569: =SUM(E566,E567) -> 206 | F569: =SUM(F566,F567) -> 234 | G569: =SUM(G566,G567) -> 231 | H569: =SUM(H566,H567) -> 234 | I569: =SUM(I566,I567) -> 234 | ... AG569: =SUM(AG566,AG567) -> 0
D572: Angling | F572: THRESHOLD: 9,130 MICROSIEMENS/CM (EC) | S572: ANGLING | AA572: ANGLING | AE572: ANGLING | AI572: ANGLING | AQ572: ANGLING | AY572: ANGLING
F573: WET SEASON | S573: TOTAL RUN | AA573: WET SEASONS | AE573: DRY SEASONS | AI573: TOTAL RUN | AK573: Delta-Wide | AL573: Suisun | AM573: Central Delta | AN573: North Delta | AO573: South Delta | AQ573: WET SEASONS | AS573: Delta-Wide | AT573: Suisun | AU573: Central Delta | AV573: North Delta | AW573: South Delta | AY573: DRY SEASONS | BA573: Delta-Wide | BB573: Suisun | BC573: Central Delta | BD573: North Delta | BE573: South Delta
F574: OCTOBER 1 - MARCH 31 | M574: DRY SEASON | S574: Total points | U574: =COUNTIF(B52:AG52,"<>") -> 32 | AA574: Total points | AC574: =COUNTIF(B52:AG52,"<>") -> 32 | AE574: Total points | AG574: =COUNTIF(B52:AG52,"<>") -> 32 | AI574: Total points | AK574: =COUNTIF($B$2:$AG$2,"<>") -> 32 | AL574: =COUNTIF($B$2:$I$2,"<>") -> 8 | AM574: =COUNTIF($J$2:$R$2,"<>") -> 9 | AN574: =COUNTIF($S$2:$X$2,"<>") -> 6 | AO574: =COUNTIF($Y$2:$AG$2,"<>") -> 9 | AQ574: Total points | AS574: =COUNTIF($B$2:$AG$2,"<>") -> 32 | AT574: =COUNTIF($B$2:$I$2,"<>") -> 8 | AU574: =COUNTIF($J$2:$R$2,"<>") -> 9 | AV574: =COUNTIF($S$2:$X$2,"<>") -> 6 | AW574: =COUNTIF($Y$2:$AG$2,"<>") -> 9 | AY574: Total points | BA574: =COUNTIF($B$2:$AG$2,"<>") -> 32 | BB574: =COUNTIF($B$2:$I$2,"<>") -> 8 | BC574: =COUNTIF($J$2:$R$2,"<>") -> 9 | BD574: =COUNTIF($S$2:$X$2,"<>") -> 6 | BE574: =COUNTIF($Y$2:$AG$2,"<>") -> 9
F575: WET SEASON 1 | H575: 10/1/20 - 3/31/21 | J575: =COUNTIF($B$54:$B$235,"<>") -> 182 | M575: APRIL 1 - SEPTEMBER 30 | S575: Days in run | U575: =COUNTIF($A$3:$A$511,"<>") -> 509 | AA575: Days in run | AC575: =SUM($J$524:$J$525) -> 275 | AE575: Days in run | AG575: =SUM($Q$525:$Q$526) -> 234 | AI575: Days in run | AK575: =COUNTIF($A$3:$A$511,"<>") -> 509 | AL575: =COUNTIF($A$3:$A$511,"<>") -> 509 | AM575: =COUNTIF($A$3:$A$511,"<>") -> 509 | AN575: =COUNTIF($A$3:$A$511,"<>") -> 509 | AO575: =COUNTIF($A$3:$A$511,"<>") -> 509 | AQ575: Days in run | AS575: =SUM($J$524:$J$525) -> 275 | AT575: =SUM($J$524:$J$525) -> 275 | AU575: =SUM($J$524:$J$525) -> 275 | AV575: =SUM($J$524:$J$525) -> 275 | AW575: =SUM($J$524:$J$525) -> 275 | AY575: Days in run | BA575: =SUM($Q$525:$Q$526) -> 234 | BB575: =SUM($Q$525:$Q$526) -> 234 | BC575: =SUM($Q$525:$Q$526) -> 234 | BD575: =SUM($Q$525:$Q$526) -> 234 | BE575: =SUM($Q$525:$Q$526) -> 234
F576: WET SEASON 2 | H576: 10/1/21 - 1/1/22 | J576: =COUNTIF($B$419:$B$511,"<>") -> 93 | M576: DRY SEASON 1 | O576: 8/11/20 - 9/30/20 | Q576: =COUNTIF($B$3:$B$53,"<>") -> 51 | S576: Total measurements | U576: =U575*U574 -> 16288 | V576: DENOMINATOR FOR EXCEEDANCE % | AA576: Total measurements | AC576: =AC575*AC574 -> 8800 | AE576: Total measurements | AG576: =AG574*AG575 -> 7488 | AI576: Total measurements | AK576: =AK575*AK574 -> 16288 | AL576: =AL575*AL574 -> 4072 | AM576: =AM575*AM574 -> 4581 | AN576: =AN575*AN574 -> 3054 | AO576: =AO575*AO574 -> 4581 | AQ576: Total measurements | AS576: =AS575*AS574 -> 8800 | AT576: =AT575*AT574 -> 2200 | AU576: =AU575*AU574 -> 2475 | AV576: =AV575*AV574 -> 1650 | AW576: =AW575*AW574 -> 2475 | AY576: Total measurements | BA576: =BA575*BA574 -> 7488 | BB576: =BB575*BB574 -> 1872 | BC576: =BC575*BC574 -> 2106 | BD576: =BD575*BD574 -> 1404 | BE576: =BE575*BE574 -> 2106
M577: DRY SEASON 2 | O577: 4/1/21 - 9/30/21 | Q577: =COUNTIF($B$236:$B$418,"<>") -> 183 | S577: Measurements >= 9,130 | U577: =SUM(B563:AG563) -> 4319 | V577: NUMERATOR FOR EXCEEDANCE % | AA577: Measurements >= 9,130 | AC577: =SUM(B568:AG568) -> 2170 | AE577: Measurements >= 9,130 | AG577: =SUM(B569:AG569) -> 2149 | AI577: Measurements >= 9,130 | AK577: =SUM(B563:AG563) -> 4319 | AL577: =SUM(B563:I563) -> 3526 | AM577: =SUM(J563:R563) -> 793 | AN577: =SUM(S563:X563) -> 0 | AO577: =SUM(Y563:AG563) -> 0 | AQ577: Measurements >= 9,130 | AS577: =SUM(B568:AG568) -> 2170 | AT577: =SUM(B568:I568) -> 1796 | AU577: =SUM(J568:R568) -> 374 | AV577: =SUM(S568:X568) -> 0 | AW577: =SUM(Y568:AG568) -> 0 | AY577: Measurements >= 9,130 | BA577: =SUM($B569:$AG569) -> 2149 | BB577: =SUM(B569:I569) -> 1730 | BC577: =SUM(J569:R569) -> 419 | BD577: =SUM(S569:X569) -> 0 | BE577: =SUM(Y569:AG569) -> 0
S578: % Total Run Exceedances | U578: =$U577/$U576 -> 0.26516454 | AA578: % WET Exceedances | AC578: =AC577/AC576 -> 0.24659091 | AE578: % DRY Exceedances | AG578: =AG577/AG576 -> 0.28699252 | AI578: % Total Run Exceedances | AK578: =AK577/AK576 -> 0.26516454 | AL578: =AL577/AL576 -> 0.86591356 | AM578: =AM577/AM576 -> 0.17310631 | AN578: =AN577/AN576 -> 0 | AO578: =AO577/AO576 -> 0 | AQ578: % WET Exceedances | AS578: =AS577/AS576 -> 0.24659091 | AT578: =AT577/AT576 -> 0.81636364 | AU578: =AU577/AU576 -> 0.15111111 | AV578: =AV577/AV576 -> 0 | AW578: =AW577/AW576 -> 0 | AY578: % DRY Exceedances | BA578: =BA577/BA576 -> 0.28699252 | BB578: =BB577/BB576 -> 0.9241453 | BC578: =BC577/BC576 -> 0.19895537 | BD578: =BD577/BD576 -> 0 | BE578: =BE577/BE576 -> 0
