Workbook

Sheet Habitat Restoration (Acres)
A1: Habitat Type | B1: Region_Nam | C1: Region_Code | D1: Regional Acres | F1: Use These for landscape restoration | H1: Suisun | I1: Central | J1: North | K1: South | L1: Upland
A2: Transitional | B2: South Delta | C2: South | D2: 67259.975 | F2: Full Restoration (In-Delta ECO + NGW) (100%) | G2: Transitional | H2: =SUMIFS($D$2:$D$14,$A$2:$A$14,$G2,$C$2:$C$14,H$1) -> 0 | I2: =SUMIFS($D$2:$D$14,$A$2:$A$14,$G2,$C$2:$C$14,I$1) -> 0 | J2: =SUMIFS($D$2:$D$14,$A$2:$A$14,$G2,$C$2:$C$14,J$1) -> 80428.56 | K2: =SUMIFS($D$2:$D$14,$A$2:$A$14,$G2,$C$2:$C$14,K$1) -> 67259.975
A3: Transitional | B3: North Delta | C3: North | D3: 80428.56 | G3: Soil | H3: =SUMIFS($D$2:$D$14,$A$2:$A$14,$G3,$C$2:$C$14,H$1) -> 0 | I3: =SUMIFS($D$2:$D$14,$A$2:$A$14,$G3,$C$2:$C$14,I$1) -> 34255.257 | J3: =SUMIFS($D$2:$D$14,$A$2:$A$14,$G3,$C$2:$C$14,J$1) -> 93152.202 | K3: =SUMIFS($D$2:$D$14,$A$2:$A$14,$G3,$C$2:$C$14,K$1) -> 79914.462
A4: Soil | B4: North Delta | C4: North | D4: 93152.202 | G4: Tidal | H4: =SUMIFS($D$2:$D$14,$A$2:$A$14,$G4,$C$2:$C$14,H$1) -> 41914.112 | I4: =SUMIFS($D$2:$D$14,$A$2:$A$14,$G4,$C$2:$C$14,I$1) -> 3324.5082 | J4: =SUMIFS($D$2:$D$14,$A$2:$A$14,$G4,$C$2:$C$14,J$1) -> 25938.422 | K4: =SUMIFS($D$2:$D$14,$A$2:$A$14,$G4,$C$2:$C$14,K$1) -> 0
A5: Soil | B5: South Delta | C5: South | D5: 79914.462 | G5: MW | H5: =SUMIFS($D$2:$D$14,$A$2:$A$14,$G5,$C$2:$C$14,H$1) -> 0 | I5: =SUMIFS($D$2:$D$14,$A$2:$A$14,$G5,$C$2:$C$14,I$1) -> 29367 | J5: =SUMIFS($D$2:$D$14,$A$2:$A$14,$G5,$C$2:$C$14,J$1) -> 84385 | K5: =SUMIFS($D$2:$D$14,$A$2:$A$14,$G5,$C$2:$C$14,K$1) -> 130507
A6: Soil | B6: Convergence Zone | C6: Central | D6: 34255.257 | F6: Upland Upper Bound (100%) | G6: Meadows | L6: =SUMIFS($D$2:$D$14,$A$2:$A$14,$G6,$C$2:$C$14,L$1) -> 347591
A7: Tidal | B7: North Delta | C7: North | D7: 25938.422 | G7: Floodplain | L7: =SUMIFS($D$2:$D$14,$A$2:$A$14,$G7,$C$2:$C$14,L$1) -> 303372
A8: Tidal | B8: Convergence Zone | C8: Central | D8: 3324.5082 | G8: Wetland | L8: 207004
A9: Tidal | B9: Suisun Marsh | C9: Suisun | D9: 41914.112 | F9: Upland Lower Bound (25%) | G9: Meadows | L9: 11586
A10: MW | B10: North Delta | C10: North | D10: 84385 | G10: Floodplain | L10: 6360
A11: MW | B11: Convergence Zone | C11: Central | D11: 29367 | G11: Wetland | L11: 48213
A12: MW | B12: South Delta | C12: South | D12: 130507 | F12: Total (In-Delta + Lower Upland) | G12: =SUM(H4,I3,I4,I5,J5,J4,J3,J2,K2,K3,K5,L9,L10,L11) -> 736605.5 | H12: =SUM(H2:H5:H9:H11) -> 41914.112 | I12: =SUM(I2:I5:I9:I11) -> 66946.765 | J12: =SUM(J2:J5:J9:J11) -> 283904.18 | K12: =SUM(K2:K5:K9:K11) -> 277681.44 | L12: =SUM(L2:L5:L9:L11) -> 924126
A13: Meadows | B13: Non-Delta | C13: Upland | D13: 347591 | F13: Total (In-Delta + Upper Bound) | G13: =SUM(H4,I3,I4,I5,J5,J4,J3,J2,K2,K3,K5,L6,L7,L8) -> 1528413.5 | H13: =SUM(H2:H5:H6:H8) -> 41914.112 | I13: =SUM(I2:I5:I6:I8) -> 66946.765 | J13: =SUM(J2:J5:J6:J8) -> 283904.18 | K13: =SUM(K2:K5:K6:K8) -> 277681.44 | L13: =SUM(L2:L5:L6:L8) -> 857967
A14: Floodplain | B14: Non-Delta | C14: Upland | D14: 303372 | F14: Total (In-Delta Only) | G14: =SUM(H2:K5) -> 670446.5 | H14: =SUM(H2:H5) -> 41914.112 | I14: =SUM(I2:I5) -> 66946.765 | J14: =SUM(J2:J5) -> 283904.18 | K14: =SUM(K2:K5) -> 277681.44 | L14: =SUM(L2:L5) -> 0
A21: 1. In-Delta Values derive from NGW and Eco Machine in-Delta Acres, and these sheets, used 100% Restoration for this slide 2. Upland (Upper Bound and Lower Bound) restoration values derive from Slide 56 BDSC Presentation Note: only Full Restoration analyzed with In-Delta restoration Objectives (This sheet), while upper and lower bounds are included for upland restoration (Reflected on Restoration ($) Combined sheet 100% and 25% sums Figures here are for Rec Criterion Manuscript and don't serve any other purpose, feel free to map at will for website.

Sheet Restoration ($) Combined
C2: $/acre/yr (all islands) | D2: 351.29 | E2: 283.15 | F2: 372.49 | G2: 218.04 | H2: 162.02 | I2: 152.17 | J2: 93.12 | K2: 34.07 | L2: 34.07 | M2: 10.6 | N2: =SUM(D2:M2) -> 1711.02
A3: 100% Restoration | B3: Region | C3: Island | D3: Flood control | E3: Recreational fishing | F3: Amenity/recreation | G3: Water filtering | H3: Biodiversity | I3: Habitat nursery | J3: Recreational hunting | K3: Water supply | L3: Materials | M3: Fuel wood | N3: Sum of all ten | O3: Island acres | P3: Restored (1=yes, 0=no) | Q3: Restored acres
B4: Suisun Marsh | C4: Suisun | D4: =$Q4*D$2 -> 14724008 | E4: =$Q4*E$2 -> 11867981 | F4: =$Q4*F$2 -> 15612588 | G4: =$Q4*G$2 -> 9138953 | H4: =$Q4*H$2 -> 6790924.4 | I4: =$Q4*I$2 -> 6378070.4 | J4: =$Q4*J$2 -> 3903042.1 | K4: =$Q4*K$2 -> 1428013.8 | ... M4: =$Q4*M$2 -> 444289.59 | N4: =SUM(D4:M4) -> 71715884 | O4: ='Habitat Restoration (Acres)'!$D$9 -> 41914.112 | P4: 1 | Q4: =O4*P4 -> 41914.112
B5: Central Delta | C5: Bethel Island | D5: =$Q5*D$2 -> 1131153.8 | E5: =$Q5*E$2 -> 911743 | F5: =$Q5*F$2 -> 1199417.8 | G5: =$Q5*G$2 -> 702088.8 | H5: =$Q5*H$2 -> 521704.4 | I5: =$Q5*I$2 -> 489987.4 | J5: =$Q5*J$2 -> 299846.4 | K5: =$Q5*K$2 -> 109705.4 | ... M5: =$Q5*M$2 -> 34132 | N5: =SUM(D5:M5) -> 5509484.4 | O5: =INDEX(References!$C$2:$C$38,MATCH(C5,References!$A$2:$A$38,0)) -> 3220 | P5: 1 | Q5: =O5*P5 -> 3220
C6: Jersey Island | D6: =$Q6*D$2 -> 1215112.1 | E6: =$Q6*E$2 -> 979415.85 | F6: =$Q6*F$2 -> 1288442.9 | G6: =$Q6*G$2 -> 754200.36 | H6: =$Q6*H$2 -> 560427.18 | I6: =$Q6*I$2 -> 526356.03 | J6: =$Q6*J$2 -> 322102.08 | K6: =$Q6*K$2 -> 117848.13 | ... M6: =$Q6*M$2 -> 36665.4 | N6: =SUM(D6:M6) -> 5918418.2 | O6: =INDEX(References!$C$2:$C$38,MATCH(C6,References!$A$2:$A$38,0)) -> 3459 | P6: 1 | Q6: =O6*P6 -> 3459
C7: Webb Tract | D7: =$Q7*D$2 -> 1909612.4 | E7: =$Q7*E$2 -> 1539203.4 | F7: =$Q7*F$2 -> 2024855.6 | G7: =$Q7*G$2 -> 1185265.4 | H7: =$Q7*H$2 -> 880740.72 | I7: =$Q7*I$2 -> 827196.12 | J7: =$Q7*J$2 -> 506200.32 | K7: =$Q7*K$2 -> 185204.52 | ... M7: =$Q7*M$2 -> 57621.6 | N7: =SUM(D7:M7) -> 9301104.7 | O7: =INDEX(References!$C$2:$C$38,MATCH(C7,References!$A$2:$A$38,0)) -> 5436 | P7: 1 | Q7: =O7*P7 -> 5436
C8: Bradford Island | D8: =$Q8*D$2 -> 750004.15 | E8: =$Q8*E$2 -> 604525.25 | F8: =$Q8*F$2 -> 795266.15 | G8: =$Q8*G$2 -> 465515.4 | H8: =$Q8*H$2 -> 345912.7 | I8: =$Q8*I$2 -> 324882.95 | J8: =$Q8*J$2 -> 198811.2 | K8: =$Q8*K$2 -> 72739.45 | ... M8: =$Q8*M$2 -> 22631 | N8: =SUM(D8:M8) -> 3653027.7 | O8: =INDEX(References!$C$2:$C$38,MATCH(C8,References!$A$2:$A$38,0)) -> 2135 | P8: 1 | Q8: =O8*P8 -> 2135
C9: Sherman Island | D9: =$Q9*D$2 -> 3575429.6 | E9: =$Q9*E$2 -> 2881900.7 | F9: =$Q9*F$2 -> 3791203.2 | G9: =$Q9*G$2 -> 2219211.1 | H9: =$Q9*H$2 -> 1649039.6 | I9: =$Q9*I$2 -> 1548786.3 | J9: =$Q9*J$2 -> 947775.36 | K9: =$Q9*K$2 -> 346764.46 | ... M9: =$Q9*M$2 -> 107886.8 | N9: =SUM(D9:M9) -> 17414762 | O9: =INDEX(References!$C$2:$C$38,MATCH(C9,References!$A$2:$A$38,0)) -> 10178 | P9: 1 | Q9: =O9*P9 -> 10178
C10: Franks Tract | D10: =$Q10*D$2 -> 484780.2 | E10: =$Q10*E$2 -> 390747 | F10: =$Q10*F$2 -> 514036.2 | G10: =$Q10*G$2 -> 300895.2 | H10: =$Q10*H$2 -> 223587.6 | I10: =$Q10*I$2 -> 209994.6 | J10: =$Q10*J$2 -> 128505.6 | K10: =$Q10*K$2 -> 47016.6 | ... M10: =$Q10*M$2 -> 14628 | N10: =SUM(D10:M10) -> 2361207.6 | O10: 1380 | P10: 1 | Q10: =O10*P10 -> 1380
C11: Twitchell Island | D11: =$Q11*D$2 -> 1250241.1 | E11: =$Q11*E$2 -> 1007730.8 | F11: =$Q11*F$2 -> 1325691.9 | G11: =$Q11*G$2 -> 776004.36 | H11: =$Q11*H$2 -> 576629.18 | I11: =$Q11*I$2 -> 541573.03 | J11: =$Q11*J$2 -> 331414.08 | K11: =$Q11*K$2 -> 121255.13 | ... M11: =$Q11*M$2 -> 37725.4 | N11: =SUM(D11:M11) -> 6089520.2 | O11: =INDEX(References!$C$2:$C$38,MATCH(C11,References!$A$2:$A$38,0)) -> 3559 | P11: 1 | Q11: =O11*P11 -> 3559
B12: North Delta | C12: Grand Island | D12: =$Q12*D$2 -> 5811390.5 | E12: =$Q12*E$2 -> 4684150.4 | F12: =$Q12*F$2 -> 6162102.1 | G12: =$Q12*G$2 -> 3607035.7 | H12: =$Q12*H$2 -> 2680296.9 | I12: =$Q12*I$2 -> 2517348.3 | J12: =$Q12*J$2 -> 1540484.2 | K12: =$Q12*K$2 -> 563620.01 | ... M12: =$Q12*M$2 -> 175355.8 | N12: =SUM(D12:M12) -> 28305404 | O12: =INDEX(References!$C$2:$C$38,MATCH(C12,References!$A$2:$A$38,0)) -> 16543 | P12: 1 | Q12: =O12*P12 -> 16543
C13: Ryer Island | D13: =$Q13*D$2 -> 4144519.4 | E13: =$Q13*E$2 -> 3340603.7 | F13: =$Q13*F$2 -> 4394637 | G13: =$Q13*G$2 -> 2572435.9 | H13: =$Q13*H$2 -> 1911512 | I13: =$Q13*I$2 -> 1795301.7 | J13: =$Q13*J$2 -> 1098629.8 | K13: =$Q13*K$2 -> 401957.86 | ... M13: =$Q13*M$2 -> 125058.8 | N13: =SUM(D13:M13) -> 20186614 | O13: =INDEX(References!$C$2:$C$38,MATCH(C13,References!$A$2:$A$38,0)) -> 11798 | P13: 1 | Q13: =O13*P13 -> 11798
C14: Tyler Island | D14: =$Q14*D$2 -> 3091000.7 | E14: =$Q14*E$2 -> 2491436.8 | F14: =$Q14*F$2 -> 3277539.5 | G14: =$Q14*G$2 -> 1918534 | H14: =$Q14*H$2 -> 1425614 | I14: =$Q14*I$2 -> 1338943.8 | J14: =$Q14*J$2 -> 819362.88 | K14: =$Q14*K$2 -> 299781.93 | ... M14: =$Q14*M$2 -> 93269.4 | N14: =SUM(D14:M14) -> 15055265 | O14: =INDEX(References!$C$2:$C$38,MATCH(C14,References!$A$2:$A$38,0)) -> 8799 | P14: 1 | Q14: =O14*P14 -> 8799
C15: Staten Island | D15: =$Q15*D$2 -> 3200603.2 | E15: =$Q15*E$2 -> 2579779.6 | F15: =$Q15*F$2 -> 3393756.4 | G15: =$Q15*G$2 -> 1986562.4 | H15: =$Q15*H$2 -> 1476164.2 | I15: =$Q15*I$2 -> 1386420.9 | J15: =$Q15*J$2 -> 848416.32 | K15: =$Q15*K$2 -> 310411.77 | ... M15: =$Q15*M$2 -> 96576.6 | N15: =SUM(D15:M15) -> 15589103 | O15: =INDEX(References!$C$2:$C$38,MATCH(C15,References!$A$2:$A$38,0)) -> 9111 | P15: 1 | Q15: =O15*P15 -> 9111
C16: Dead Horse Island | D16: =$Q16*D$2 -> 73068.32 | E16: =$Q16*E$2 -> 58895.2 | F16: =$Q16*F$2 -> 77477.92 | G16: =$Q16*G$2 -> 45352.32 | H16: =$Q16*H$2 -> 33700.16 | I16: =$Q16*I$2 -> 31651.36 | J16: =$Q16*J$2 -> 19368.96 | K16: =$Q16*K$2 -> 7086.56 | ... M16: =$Q16*M$2 -> 2204.8 | N16: =SUM(D16:M16) -> 355892.16 | O16: =INDEX(References!$C$2:$C$38,MATCH(C16,References!$A$2:$A$38,0)) -> 208 | P16: 1 | Q16: =O16*P16 -> 208
C17: Sutter Island | D17: =$Q17*D$2 -> 883143.06 | E17: =$Q17*E$2 -> 711839.1 | F17: =$Q17*F$2 -> 936439.86 | G17: =$Q17*G$2 -> 548152.56 | H17: =$Q17*H$2 -> 407318.28 | I17: =$Q17*I$2 -> 382555.38 | J17: =$Q17*J$2 -> 234103.68 | K17: =$Q17*K$2 -> 85651.98 | ... M17: =$Q17*M$2 -> 26648.4 | N17: =SUM(D17:M17) -> 4301504.3 | O17: =INDEX(References!$C$2:$C$38,MATCH(C17,References!$A$2:$A$38,0)) -> 2514 | P17: 1 | Q17: =O17*P17 -> 2514
C18: New Hope Tract | D18: =$Q18*D$2 -> 3235732.2 | E18: =$Q18*E$2 -> 2608094.6 | F18: =$Q18*F$2 -> 3431005.4 | G18: =$Q18*G$2 -> 2008366.4 | H18: =$Q18*H$2 -> 1492366.2 | I18: =$Q18*I$2 -> 1401637.9 | J18: =$Q18*J$2 -> 857728.32 | K18: =$Q18*K$2 -> 313818.77 | ... M18: =$Q18*M$2 -> 97636.6 | N18: =SUM(D18:M18) -> 15760205 | O18: =INDEX(References!$C$2:$C$38,MATCH(C18,References!$A$2:$A$38,0)) -> 9211 | P18: 1 | Q18: =O18*P18 -> 9211
C19: Canal Ranch Tract | D19: =$Q19*D$2 -> 1031387.4 | E19: =$Q19*E$2 -> 831328.4 | F19: =$Q19*F$2 -> 1093630.6 | G19: =$Q19*G$2 -> 640165.44 | H19: =$Q19*H$2 -> 475690.72 | I19: =$Q19*I$2 -> 446771.12 | J19: =$Q19*J$2 -> 273400.32 | K19: =$Q19*K$2 -> 100029.52 | ... M19: =$Q19*M$2 -> 31121.6 | N19: =SUM(D19:M19) -> 5023554.7 | O19: =INDEX(References!$C$2:$C$38,MATCH(C19,References!$A$2:$A$38,0)) -> 2936 | P19: 1 | Q19: =O19*P19 -> 2936
B20: North-Central | C20: Brannan Island | D20: =$Q20*D$2 -> 4534100 | E20: =$Q20*E$2 -> 3654617 | F20: =$Q20*F$2 -> 4807728.4 | G20: =$Q20*G$2 -> 2814242.3 | H20: =$Q20*H$2 -> 2091192.1 | I20: =$Q20*I$2 -> 1964058.2 | J20: =$Q20*J$2 -> 1201899.8 | K20: =$Q20*K$2 -> 439741.49 | ... M20: =$Q20*M$2 -> 136814.2 | N20: =SUM(D20:M20) -> 22084135 | O20: =INDEX(References!$C$2:$C$38,MATCH(C20,References!$A$2:$A$38,0)) -> 12907 | P20: 1 | Q20: =O20*P20 -> 12907
B21: North-South | C21: Terminous Tract | D21: =$Q21*D$2 -> 3638661.8 | E21: =$Q21*E$2 -> 2932867.7 | F21: =$Q21*F$2 -> 3858251.4 | G21: =$Q21*G$2 -> 2258458.3 | H21: =$Q21*H$2 -> 1678203.2 | I21: =$Q21*I$2 -> 1576176.9 | J21: =$Q21*J$2 -> 964536.96 | K21: =$Q21*K$2 -> 352897.06 | ... M21: =$Q21*M$2 -> 109794.8 | N21: =SUM(D21:M21) -> 17722745 | O21: =INDEX(References!$C$2:$C$38,MATCH(C21,References!$A$2:$A$38,0)) -> 10358 | P21: 1 | Q21: =O21*P21 -> 10358
B22: South Delta | C22: Bouldin Island | D22: =$Q22*D$2 -> 2085257.4 | E22: =$Q22*E$2 -> 1680778.4 | F22: =$Q22*F$2 -> 2211100.6 | G22: =$Q22*G$2 -> 1294285.4 | H22: =$Q22*H$2 -> 961750.72 | I22: =$Q22*I$2 -> 903281.12 | J22: =$Q22*J$2 -> 552760.32 | K22: =$Q22*K$2 -> 202239.52 | ... M22: =$Q22*M$2 -> 62921.6 | N22: =SUM(D22:M22) -> 10156615 | O22: =INDEX(References!$C$2:$C$38,MATCH(C22,References!$A$2:$A$38,0)) -> 5936 | P22: 1 | Q22: =O22*P22 -> 5936
C23: Venice Island | D23: =$Q23*D$2 -> 1086891.3 | E23: =$Q23*E$2 -> 876066.1 | F23: =$Q23*F$2 -> 1152484.1 | G23: =$Q23*G$2 -> 674615.76 | H23: =$Q23*H$2 -> 501289.88 | I23: =$Q23*I$2 -> 470813.98 | J23: =$Q23*J$2 -> 288113.28 | K23: =$Q23*K$2 -> 105412.58 | ... M23: =$Q23*M$2 -> 32796.4 | N23: =SUM(D23:M23) -> 5293895.9 | O23: =INDEX(References!$C$2:$C$38,MATCH(C23,References!$A$2:$A$38,0)) -> 3094 | P23: 1 | Q23: =O23*P23 -> 3094
C24: Medford Island | D24: =$Q24*D$2 -> 409252.85 | E24: =$Q24*E$2 -> 329869.75 | F24: =$Q24*F$2 -> 433950.85 | G24: =$Q24*G$2 -> 254016.6 | H24: =$Q24*H$2 -> 188753.3 | I24: =$Q24*I$2 -> 177278.05 | J24: =$Q24*J$2 -> 108484.8 | K24: =$Q24*K$2 -> 39691.55 | ... M24: =$Q24*M$2 -> 12349 | N24: =SUM(D24:M24) -> 1993338.3 | O24: =INDEX(References!$C$2:$C$38,MATCH(C24,References!$A$2:$A$38,0)) -> 1165 | P24: 1 | Q24: =O24*P24 -> 1165
C25: Empire Tract | D25: =$Q25*D$2 -> 1273426.2 | E25: =$Q25*E$2 -> 1026418.7 | F25: =$Q25*F$2 -> 1350276.2 | G25: =$Q25*G$2 -> 790395 | H25: =$Q25*H$2 -> 587322.5 | I25: =$Q25*I$2 -> 551616.25 | J25: =$Q25*J$2 -> 337560 | K25: =$Q25*K$2 -> 123503.75 | ... M25: =$Q25*M$2 -> 38425 | N25: =SUM(D25:M25) -> 6202447.5 | O25: =INDEX(References!$C$2:$C$38,MATCH(C25,References!$A$2:$A$38,0)) -> 3625 | P25: 1 | Q25: =O25*P25 -> 3625
C26: King Island | D26: =$Q26*D$2 -> 1129748.6 | E26: =$Q26*E$2 -> 910610.4 | F26: =$Q26*F$2 -> 1197927.8 | G26: =$Q26*G$2 -> 701216.64 | H26: =$Q26*H$2 -> 521056.32 | I26: =$Q26*I$2 -> 489378.72 | J26: =$Q26*J$2 -> 299473.92 | K26: =$Q26*K$2 -> 109569.12 | ... M26: =$Q26*M$2 -> 34089.6 | N26: =SUM(D26:M26) -> 5502640.3 | O26: =INDEX(References!$C$2:$C$38,MATCH(C26,References!$A$2:$A$38,0)) -> 3216 | P26: 1 | Q26: =O26*P26 -> 3216
C27: Rindge Tract | D27: =$Q27*D$2 -> 2368748.5 | E27: =$Q27*E$2 -> 1909280.4 | F27: =$Q27*F$2 -> 2511700.1 | G27: =$Q27*G$2 -> 1470243.7 | H27: =$Q27*H$2 -> 1092500.9 | I27: =$Q27*I$2 -> 1026082.3 | J27: =$Q27*J$2 -> 627908.16 | K27: =$Q27*K$2 -> 229734.01 | ... M27: =$Q27*M$2 -> 71475.8 | N27: =SUM(D27:M27) -> 11537408 | O27: =INDEX(References!$C$2:$C$38,MATCH(C27,References!$A$2:$A$38,0)) -> 6743 | P27: 1 | Q27: =O27*P27 -> 6743
C28: Wright-Elmwood Tract | D28: =$Q28*D$2 -> 739465.45 | E28: =$Q28*E$2 -> 596030.75 | F28: =$Q28*F$2 -> 784091.45 | G28: =$Q28*G$2 -> 458974.2 | H28: =$Q28*H$2 -> 341052.1 | I28: =$Q28*I$2 -> 320317.85 | J28: =$Q28*J$2 -> 196017.6 | K28: =$Q28*K$2 -> 71717.35 | ... M28: =$Q28*M$2 -> 22313 | N28: =SUM(D28:M28) -> 3601697.1 | O28: =INDEX(References!$C$2:$C$38,MATCH(C28,References!$A$2:$A$38,0)) -> 2105 | P28: 1 | Q28: =O28*P28 -> 2105
C29: McDonald Tract | D29: =$Q29*D$2 -> 2128817.4 | E29: =$Q29*E$2 -> 1715889 | F29: =$Q29*F$2 -> 2257289.4 | G29: =$Q29*G$2 -> 1321322.4 | H29: =$Q29*H$2 -> 981841.2 | I29: =$Q29*I$2 -> 922150.2 | J29: =$Q29*J$2 -> 564307.2 | K29: =$Q29*K$2 -> 206464.2 | ... M29: =$Q29*M$2 -> 64236 | N29: =SUM(D29:M29) -> 10368781 | O29: =INDEX(References!$C$2:$C$38,MATCH(C29,References!$A$2:$A$38,0)) -> 6060 | P29: 1 | Q29: =O29*P29 -> 6060
C30: Jones Tract | D30: =$Q30*D$2 -> 4260093.8 | E30: =$Q30*E$2 -> 3433760 | F30: =$Q30*F$2 -> 4517186.2 | G30: =$Q30*G$2 -> 2644171.1 | H30: =$Q30*H$2 -> 1964816.5 | I30: =$Q30*I$2 -> 1845365.6 | J30: =$Q30*J$2 -> 1129266.2 | K30: =$Q30*K$2 -> 413166.89 | ... M30: =$Q30*M$2 -> 128546.2 | N30: =SUM(D30:M30) -> 20749540 | O30: =INDEX(References!$C$2:$C$38,MATCH(C30,References!$A$2:$A$38,0)) -> 12127 | P30: 1 | Q30: =O30*P30 -> 12127
C31: Rough and Ready | D31: =$Q31*D$2 -> 492157.29 | E31: =$Q31*E$2 -> 396693.15 | F31: =$Q31*F$2 -> 521858.49 | G31: =$Q31*G$2 -> 305474.04 | H31: =$Q31*H$2 -> 226990.02 | I31: =$Q31*I$2 -> 213190.17 | J31: =$Q31*J$2 -> 130461.12 | K31: =$Q31*K$2 -> 47732.07 | ... M31: =$Q31*M$2 -> 14850.6 | N31: =SUM(D31:M31) -> 2397139 | O31: =INDEX(References!$C$2:$C$38,MATCH(C31,References!$A$2:$A$38,0)) -> 1401 | P31: 1 | Q31: =O31*P31 -> 1401
C32: Roberts Island | D32: =$Q32*D$2 -> 12528055 | E32: =$Q32*E$2 -> 10097978 | F32: =$Q32*F$2 -> 13284111 | G32: =$Q32*G$2 -> 7775960.5 | H32: =$Q32*H$2 -> 5778119.3 | I32: =$Q32*I$2 -> 5426838.7 | J32: =$Q32*J$2 -> 3320938.6 | K32: =$Q32*K$2 -> 1215038.4 | ... M32: =$Q32*M$2 -> 378027.8 | N32: =SUM(D32:M32) -> 61020106 | O32: =INDEX(References!$C$2:$C$38,MATCH(C32,References!$A$2:$A$38,0)) -> 35663 | P32: 1 | Q32: =O32*P32 -> 35663
C33: Union Island | D33: =$Q33*D$2 -> 8694427.5 | E33: =$Q33*E$2 -> 7007962.5 | F33: =$Q33*F$2 -> 9219127.5 | G33: =$Q33*G$2 -> 5396490 | H33: =$Q33*H$2 -> 4009995 | I33: =$Q33*I$2 -> 3766207.5 | J33: =$Q33*J$2 -> 2304720 | K33: =$Q33*K$2 -> 843232.5 | ... M33: =$Q33*M$2 -> 262350 | N33: =SUM(D33:M33) -> 42347745 | O33: =INDEX(References!$C$2:$C$38,MATCH(C33,References!$A$2:$A$38,0)) -> 24750 | P33: 1 | Q33: =O33*P33 -> 24750
C34: Victoria Island | D34: =$Q34*D$2 -> 2526829 | E34: =$Q34*E$2 -> 2036697.9 | F34: =$Q34*F$2 -> 2679320.6 | G34: =$Q34*G$2 -> 1568361.7 | H34: =$Q34*H$2 -> 1165409.9 | I34: =$Q34*I$2 -> 1094558.8 | J34: =$Q34*J$2 -> 669812.16 | K34: =$Q34*K$2 -> 245065.51 | ... M34: =$Q34*M$2 -> 76245.8 | N34: =SUM(D34:M34) -> 12307367 | O34: =INDEX(References!$C$2:$C$38,MATCH(C34,References!$A$2:$A$38,0)) -> 7193 | P34: 1 | Q34: =O34*P34 -> 7193
... C42: Mandeville Island | D42: =$Q42*D$2 -> 1832679.9 | E42: =$Q42*E$2 -> 1477193.5 | F42: =$Q42*F$2 -> 1943280.3 | G42: =$Q42*G$2 -> 1137514.7 | H42: =$Q42*H$2 -> 845258.34 | I42: =$Q42*I$2 -> 793870.89 | J42: =$Q42*J$2 -> 485807.04 | K42: =$Q42*K$2 -> 177743.19 | ... M42: =$Q42*M$2 -> 55300.2 | N42: =SUM(D42:M42) -> 8926391.3 | O42: =INDEX(References!$C$2:$C$38,MATCH(C42,References!$A$2:$A$38,0)) -> 5217 | P42: 1 | Q42: =O42*P42 -> 5217
B43: Upland | C43: Meadows | D43: =$Q43*D$2 -> 1.2210524e+08 | E43: =$Q43*E$2 -> 98420392 | F43: =$Q43*F$2 -> 1.2947417e+08 | G43: =$Q43*G$2 -> 75788742 | H43: =$Q43*H$2 -> 56316694 | I43: =$Q43*I$2 -> 52892922 | J43: =$Q43*J$2 -> 32367674 | K43: =$Q43*K$2 -> 11842425 | ... N43: =$Q43*N$2 -> 5.9473515e+08 | O43: 347591 | P43: Upland (Upper Bound) | Q43: 347591
C44: Floodplain | D44: =$Q44*D$2 -> 1.0657155e+08 | E44: =$Q44*E$2 -> 85899782 | F44: =$Q44*F$2 -> 1.1300304e+08 | G44: =$Q44*G$2 -> 66147231 | H44: =$Q44*H$2 -> 49152331 | I44: =$Q44*I$2 -> 46164117 | J44: =$Q44*J$2 -> 28250001 | K44: =$Q44*K$2 -> 10335884 | ... N44: =$Q44*N$2 -> 5.1907556e+08 | O44: 303372 | P44: Upland (Upper Bound) | Q44: 303372
C45: Wetland | D45: =$Q45*D$2 -> 72718435 | E45: =$Q45*E$2 -> 58613183 | F45: =$Q45*F$2 -> 77106920 | G45: =$Q45*G$2 -> 45135152 | H45: =$Q45*H$2 -> 33538788 | I45: =$Q45*I$2 -> 31499799 | J45: =$Q45*J$2 -> 19276212 | K45: =$Q45*K$2 -> 7052626.3 | ... N45: =$Q45*N$2 -> 3.5418798e+08 | O45: 207004 | P45: Upland (Upper Bound) | Q45: 207004
C46: Totals summed (ECO + NGW + NGW Upland) | D46: =SUM(D4:D45) -> 4.0401024e+08 | E46: =SUM(E4:E45) -> 3.2564405e+08 | F46: =SUM(F4:F45) -> 4.2839185e+08 | G46: =SUM(G4:G45) -> 2.507626e+08 | H46: =SUM(H4:H45) -> 1.8633533e+08 | I46: =SUM(I4:I45) -> 1.7500708e+08 | J46: =SUM(J4:J45) -> 1.0709509e+08 | K46: =SUM(K4:K45) -> 39183093 | ... O46: =SUM(O4:O45) -> 1150076.1 | Q46: =SUM(Q4:Q45) -> 1150076.1
C47: Totals ECO (Suisun + Franks) Excluding NGW | D47: =D4+D10 -> 15208789 | E47: =E4+E10 -> 12258728 | F47: =F4+F10 -> 16126624 | G47: =G4+G10 -> 9439848.2 | H47: =H4+H10 -> 7014512 | I47: =I4+I10 -> 6588065 | J47: =J4+J10 -> 4031547.7 | K47: =K4+K10 -> 1475030.4 | ... N47: =N4+N10 -> 74077092 | O47: =SUM(O4+O10) -> 43294.112 | Q47: 43294
C48: Totals (ECO + NGW) - NGW Upland | D48: =SUM(D4:D42) -> 1.0261501e+08 | E48: =SUM(E4:E42) -> 82710695 | F48: =SUM(F4:F42) -> 1.0880772e+08 | G48: =SUM(G4:G42) -> 63691471 | H48: =SUM(H4:H42) -> 47327518 | I48: =SUM(I4:I42) -> 44450244 | J48: =SUM(J4:J42) -> 27201201 | K48: =SUM(K4:K42) -> 9952157.4 | ... N48: =SUM(N4:N42) -> 4.9980453e+08 | O48: =SUM(O4:O44) -> 943072.11 | Q48: =SUM(Q4:Q42) -> 292109.11
A50: 50% Restoration | B50: Region | C50: Island | D50: Flood control | E50: Recreational fishing | F50: Amenity/recreation | G50: Water filtering | H50: Biodiversity | I50: Habitat nursery | J50: Recreational hunting | K50: Water supply | L50: Materials | M50: Fuel wood | N50: Sum of all ten | O50: Island acres | P50: Restored (1=yes, 0=no) | Q50: Restored acres
A51: No Upland Range in 50% Restoration | B51: Suisun Marsh | C51: Suisun | D51: =$Q51*D$2 -> 14724008 | E51: =$Q51*E$2 -> 11867981 | F51: =$Q51*F$2 -> 15612588 | G51: =$Q51*G$2 -> 9138953 | H51: =$Q51*H$2 -> 6790924.4 | I51: =$Q51*I$2 -> 6378070.4 | J51: =$Q51*J$2 -> 3903042.1 | K51: =$Q51*K$2 -> 1428013.8 | ... M51: =$Q51*M$2 -> 444289.59 | N51: =SUM(D51:M51) -> 71715884 | O51: ='Habitat Restoration (Acres)'!$D$9 -> 41914.112 | P51: 1 | Q51: =O51*P51 -> 41914.112
B52: Central Delta | C52: Bethel Island | D52: =$Q52*D$2 -> 1131153.8 | E52: =$Q52*E$2 -> 911743 | F52: =$Q52*F$2 -> 1199417.8 | G52: =$Q52*G$2 -> 702088.8 | H52: =$Q52*H$2 -> 521704.4 | I52: =$Q52*I$2 -> 489987.4 | J52: =$Q52*J$2 -> 299846.4 | K52: =$Q52*K$2 -> 109705.4 | ... M52: =$Q52*M$2 -> 34132 | N52: =SUM(D52:M52) -> 5509484.4 | O52: =INDEX(References!$C$2:$C$38,MATCH(C52,References!$A$2:$A$38,0)) -> 3220 | P52: 1 | Q52: =O52*P52 -> 3220
C53: Jersey Island | D53: =$Q53*D$2 -> 1215112.1 | E53: =$Q53*E$2 -> 979415.85 | F53: =$Q53*F$2 -> 1288442.9 | G53: =$Q53*G$2 -> 754200.36 | H53: =$Q53*H$2 -> 560427.18 | I53: =$Q53*I$2 -> 526356.03 | J53: =$Q53*J$2 -> 322102.08 | K53: =$Q53*K$2 -> 117848.13 | ... M53: =$Q53*M$2 -> 36665.4 | N53: =SUM(D53:M53) -> 5918418.2 | O53: =INDEX(References!$C$2:$C$38,MATCH(C53,References!$A$2:$A$38,0)) -> 3459 | P53: 1 | Q53: =O53*P53 -> 3459
C54: Webb Tract | D54: =$Q54*D$2 -> 1909612.4 | E54: =$Q54*E$2 -> 1539203.4 | F54: =$Q54*F$2 -> 2024855.6 | G54: =$Q54*G$2 -> 1185265.4 | H54: =$Q54*H$2 -> 880740.72 | I54: =$Q54*I$2 -> 827196.12 | J54: =$Q54*J$2 -> 506200.32 | K54: =$Q54*K$2 -> 185204.52 | ... M54: =$Q54*M$2 -> 57621.6 | N54: =SUM(D54:M54) -> 9301104.7 | O54: =INDEX(References!$C$2:$C$38,MATCH(C54,References!$A$2:$A$38,0)) -> 5436 | P54: 1 | Q54: =O54*P54 -> 5436
C55: Bradford Island | D55: =$Q55*D$2 -> 750004.15 | E55: =$Q55*E$2 -> 604525.25 | F55: =$Q55*F$2 -> 795266.15 | G55: =$Q55*G$2 -> 465515.4 | H55: =$Q55*H$2 -> 345912.7 | I55: =$Q55*I$2 -> 324882.95 | J55: =$Q55*J$2 -> 198811.2 | K55: =$Q55*K$2 -> 72739.45 | ... M55: =$Q55*M$2 -> 22631 | N55: =SUM(D55:M55) -> 3653027.7 | O55: =INDEX(References!$C$2:$C$38,MATCH(C55,References!$A$2:$A$38,0)) -> 2135 | P55: 1 | Q55: =O55*P55 -> 2135
C56: Sherman Island | D56: =$Q56*D$2 -> 3575429.6 | E56: =$Q56*E$2 -> 2881900.7 | F56: =$Q56*F$2 -> 3791203.2 | G56: =$Q56*G$2 -> 2219211.1 | H56: =$Q56*H$2 -> 1649039.6 | I56: =$Q56*I$2 -> 1548786.3 | J56: =$Q56*J$2 -> 947775.36 | K56: =$Q56*K$2 -> 346764.46 | ... M56: =$Q56*M$2 -> 107886.8 | N56: =SUM(D56:M56) -> 17414762 | O56: =INDEX(References!$C$2:$C$38,MATCH(C56,References!$A$2:$A$38,0)) -> 10178 | P56: 1 | Q56: =O56*P56 -> 10178
C57: Franks Tract | D57: =$Q57*D$2 -> 484780.2 | E57: =$Q57*E$2 -> 390747 | F57: =$Q57*F$2 -> 514036.2 | G57: =$Q57*G$2 -> 300895.2 | H57: =$Q57*H$2 -> 223587.6 | I57: =$Q57*I$2 -> 209994.6 | J57: =$Q57*J$2 -> 128505.6 | K57: =$Q57*K$2 -> 47016.6 | ... M57: =$Q57*M$2 -> 14628 | N57: =SUM(D57:M57) -> 2361207.6 | O57: 1380 | P57: 1 | Q57: =O57*P57 -> 1380
C58: Twitchell Island | D58: =$Q58*D$2 -> 1250241.1 | E58: =$Q58*E$2 -> 1007730.8 | F58: =$Q58*F$2 -> 1325691.9 | G58: =$Q58*G$2 -> 776004.36 | H58: =$Q58*H$2 -> 576629.18 | I58: =$Q58*I$2 -> 541573.03 | J58: =$Q58*J$2 -> 331414.08 | K58: =$Q58*K$2 -> 121255.13 | ... M58: =$Q58*M$2 -> 37725.4 | N58: =SUM(D58:M58) -> 6089520.2 | O58: =INDEX(References!$C$2:$C$38,MATCH(C58,References!$A$2:$A$38,0)) -> 3559 | P58: 1 | Q58: =O58*P58 -> 3559
B59: North Delta | C59: Grand Island | D59: =$Q59*D$2 -> 0 | E59: =$Q59*E$2 -> 0 | F59: =$Q59*F$2 -> 0 | G59: =$Q59*G$2 -> 0 | H59: =$Q59*H$2 -> 0 | I59: =$Q59*I$2 -> 0 | J59: =$Q59*J$2 -> 0 | K59: =$Q59*K$2 -> 0 | ... M59: =$Q59*M$2 -> 0 | N59: =SUM(D59:M59) -> 0 | O59: =INDEX(References!$C$2:$C$38,MATCH(C59,References!$A$2:$A$38,0)) -> 16543 | P59: 0 | Q59: =O59*P59 -> 0
C60: Ryer Island | D60: =$Q60*D$2 -> 0 | E60: =$Q60*E$2 -> 0 | F60: =$Q60*F$2 -> 0 | G60: =$Q60*G$2 -> 0 | H60: =$Q60*H$2 -> 0 | I60: =$Q60*I$2 -> 0 | J60: =$Q60*J$2 -> 0 | K60: =$Q60*K$2 -> 0 | ... M60: =$Q60*M$2 -> 0 | N60: =SUM(D60:M60) -> 0 | O60: =INDEX(References!$C$2:$C$38,MATCH(C60,References!$A$2:$A$38,0)) -> 11798 | P60: 0 | Q60: =O60*P60 -> 0
C61: Tyler Island | D61: =$Q61*D$2 -> 0 | E61: =$Q61*E$2 -> 0 | F61: =$Q61*F$2 -> 0 | G61: =$Q61*G$2 -> 0 | H61: =$Q61*H$2 -> 0 | I61: =$Q61*I$2 -> 0 | J61: =$Q61*J$2 -> 0 | K61: =$Q61*K$2 -> 0 | ... M61: =$Q61*M$2 -> 0 | N61: =SUM(D61:M61) -> 0 | O61: =INDEX(References!$C$2:$C$38,MATCH(C61,References!$A$2:$A$38,0)) -> 8799 | P61: 0 | Q61: =O61*P61 -> 0
C62: Staten Island | D62: =$Q62*D$2 -> 0 | E62: =$Q62*E$2 -> 0 | F62: =$Q62*F$2 -> 0 | G62: =$Q62*G$2 -> 0 | H62: =$Q62*H$2 -> 0 | I62: =$Q62*I$2 -> 0 | J62: =$Q62*J$2 -> 0 | K62: =$Q62*K$2 -> 0 | ... M62: =$Q62*M$2 -> 0 | N62: =SUM(D62:M62) -> 0 | O62: =INDEX(References!$C$2:$C$38,MATCH(C62,References!$A$2:$A$38,0)) -> 9111 | P62: 0 | Q62: =O62*P62 -> 0
C63: Dead Horse Island | D63: =$Q63*D$2 -> 0 | E63: =$Q63*E$2 -> 0 | F63: =$Q63*F$2 -> 0 | G63: =$Q63*G$2 -> 0 | H63: =$Q63*H$2 -> 0 | I63: =$Q63*I$2 -> 0 | J63: =$Q63*J$2 -> 0 | K63: =$Q63*K$2 -> 0 | ... M63: =$Q63*M$2 -> 0 | N63: =SUM(D63:M63) -> 0 | O63: =INDEX(References!$C$2:$C$38,MATCH(C63,References!$A$2:$A$38,0)) -> 208 | P63: 0 | Q63: =O63*P63 -> 0
C64: Sutter Island | D64: =$Q64*D$2 -> 0 | E64: =$Q64*E$2 -> 0 | F64: =$Q64*F$2 -> 0 | G64: =$Q64*G$2 -> 0 | H64: =$Q64*H$2 -> 0 | I64: =$Q64*I$2 -> 0 | J64: =$Q64*J$2 -> 0 | K64: =$Q64*K$2 -> 0 | ... M64: =$Q64*M$2 -> 0 | N64: =SUM(D64:M64) -> 0 | O64: =INDEX(References!$C$2:$C$38,MATCH(C64,References!$A$2:$A$38,0)) -> 2514 | P64: 0 | Q64: =O64*P64 -> 0
C65: New Hope Tract | D65: =$Q65*D$2 -> 0 | E65: =$Q65*E$2 -> 0 | F65: =$Q65*F$2 -> 0 | G65: =$Q65*G$2 -> 0 | H65: =$Q65*H$2 -> 0 | I65: =$Q65*I$2 -> 0 | J65: =$Q65*J$2 -> 0 | K65: =$Q65*K$2 -> 0 | ... M65: =$Q65*M$2 -> 0 | N65: =SUM(D65:M65) -> 0 | O65: =INDEX(References!$C$2:$C$38,MATCH(C65,References!$A$2:$A$38,0)) -> 9211 | P65: 0 | Q65: =O65*P65 -> 0
C66: Canal Ranch Tract | D66: =$Q66*D$2 -> 0 | E66: =$Q66*E$2 -> 0 | F66: =$Q66*F$2 -> 0 | G66: =$Q66*G$2 -> 0 | H66: =$Q66*H$2 -> 0 | I66: =$Q66*I$2 -> 0 | J66: =$Q66*J$2 -> 0 | K66: =$Q66*K$2 -> 0 | ... M66: =$Q66*M$2 -> 0 | N66: =SUM(D66:M66) -> 0 | O66: =INDEX(References!$C$2:$C$38,MATCH(C66,References!$A$2:$A$38,0)) -> 2936 | P66: 0 | Q66: =O66*P66 -> 0
B67: North-Central | C67: Brannan Island | D67: =$Q67*D$2 -> 4534100 | E67: =$Q67*E$2 -> 3654617 | F67: =$Q67*F$2 -> 4807728.4 | G67: =$Q67*G$2 -> 2814242.3 | H67: =$Q67*H$2 -> 2091192.1 | I67: =$Q67*I$2 -> 1964058.2 | J67: =$Q67*J$2 -> 1201899.8 | K67: =$Q67*K$2 -> 439741.49 | ... M67: =$Q67*M$2 -> 136814.2 | N67: =SUM(D67:M67) -> 22084135 | O67: =INDEX(References!$C$2:$C$38,MATCH(C67,References!$A$2:$A$38,0)) -> 12907 | P67: 1 | Q67: =O67*P67 -> 12907
B68: North-South | C68: Terminous Tract | D68: =$Q68*D$2 -> 0 | E68: =$Q68*E$2 -> 0 | F68: =$Q68*F$2 -> 0 | G68: =$Q68*G$2 -> 0 | H68: =$Q68*H$2 -> 0 | I68: =$Q68*I$2 -> 0 | J68: =$Q68*J$2 -> 0 | K68: =$Q68*K$2 -> 0 | ... M68: =$Q68*M$2 -> 0 | N68: =SUM(D68:M68) -> 0 | O68: =INDEX(References!$C$2:$C$38,MATCH(C68,References!$A$2:$A$38,0)) -> 10358 | P68: 0 | Q68: =O68*P68 -> 0
B69: South Delta | C69: Bouldin Island | D69: =$Q69*D$2 -> 0 | E69: =$Q69*E$2 -> 0 | F69: =$Q69*F$2 -> 0 | G69: =$Q69*G$2 -> 0 | H69: =$Q69*H$2 -> 0 | I69: =$Q69*I$2 -> 0 | J69: =$Q69*J$2 -> 0 | K69: =$Q69*K$2 -> 0 | ... M69: =$Q69*M$2 -> 0 | N69: =SUM(D69:M69) -> 0 | O69: =INDEX(References!$C$2:$C$38,MATCH(C69,References!$A$2:$A$38,0)) -> 5936 | P69: 0 | Q69: =O69*P69 -> 0
C70: Venice Island | D70: =$Q70*D$2 -> 1086891.3 | E70: =$Q70*E$2 -> 876066.1 | F70: =$Q70*F$2 -> 1152484.1 | G70: =$Q70*G$2 -> 674615.76 | H70: =$Q70*H$2 -> 501289.88 | I70: =$Q70*I$2 -> 470813.98 | J70: =$Q70*J$2 -> 288113.28 | K70: =$Q70*K$2 -> 105412.58 | ... M70: =$Q70*M$2 -> 32796.4 | N70: =SUM(D70:M70) -> 5293895.9 | O70: =INDEX(References!$C$2:$C$38,MATCH(C70,References!$A$2:$A$38,0)) -> 3094 | P70: 1 | Q70: =O70*P70 -> 3094
C71: Medford Island | D71: =$Q71*D$2 -> 0 | E71: =$Q71*E$2 -> 0 | F71: =$Q71*F$2 -> 0 | G71: =$Q71*G$2 -> 0 | H71: =$Q71*H$2 -> 0 | I71: =$Q71*I$2 -> 0 | J71: =$Q71*J$2 -> 0 | K71: =$Q71*K$2 -> 0 | ... M71: =$Q71*M$2 -> 0 | N71: =SUM(D71:M71) -> 0 | O71: =INDEX(References!$C$2:$C$38,MATCH(C71,References!$A$2:$A$38,0)) -> 1165 | P71: 0 | Q71: =O71*P71 -> 0
C72: Empire Tract | D72: =$Q72*D$2 -> 0 | E72: =$Q72*E$2 -> 0 | F72: =$Q72*F$2 -> 0 | G72: =$Q72*G$2 -> 0 | H72: =$Q72*H$2 -> 0 | I72: =$Q72*I$2 -> 0 | J72: =$Q72*J$2 -> 0 | K72: =$Q72*K$2 -> 0 | ... M72: =$Q72*M$2 -> 0 | N72: =SUM(D72:M72) -> 0 | O72: =INDEX(References!$C$2:$C$38,MATCH(C72,References!$A$2:$A$38,0)) -> 3625 | P72: 0 | Q72: =O72*P72 -> 0
C73: King Island | D73: =$Q73*D$2 -> 0 | E73: =$Q73*E$2 -> 0 | F73: =$Q73*F$2 -> 0 | G73: =$Q73*G$2 -> 0 | H73: =$Q73*H$2 -> 0 | I73: =$Q73*I$2 -> 0 | J73: =$Q73*J$2 -> 0 | K73: =$Q73*K$2 -> 0 | ... M73: =$Q73*M$2 -> 0 | N73: =SUM(D73:M73) -> 0 | O73: =INDEX(References!$C$2:$C$38,MATCH(C73,References!$A$2:$A$38,0)) -> 3216 | P73: 0 | Q73: =O73*P73 -> 0
C74: Rindge Tract | D74: =$Q74*D$2 -> 2368748.5 | E74: =$Q74*E$2 -> 1909280.4 | F74: =$Q74*F$2 -> 2511700.1 | G74: =$Q74*G$2 -> 1470243.7 | H74: =$Q74*H$2 -> 1092500.9 | I74: =$Q74*I$2 -> 1026082.3 | J74: =$Q74*J$2 -> 627908.16 | K74: =$Q74*K$2 -> 229734.01 | ... M74: =$Q74*M$2 -> 71475.8 | N74: =SUM(D74:M74) -> 11537408 | O74: =INDEX(References!$C$2:$C$38,MATCH(C74,References!$A$2:$A$38,0)) -> 6743 | P74: 1 | Q74: =O74*P74 -> 6743
C75: Wright-Elmwood Tract | D75: =$Q75*D$2 -> 739465.45 | E75: =$Q75*E$2 -> 596030.75 | F75: =$Q75*F$2 -> 784091.45 | G75: =$Q75*G$2 -> 458974.2 | H75: =$Q75*H$2 -> 341052.1 | I75: =$Q75*I$2 -> 320317.85 | J75: =$Q75*J$2 -> 196017.6 | K75: =$Q75*K$2 -> 71717.35 | ... M75: =$Q75*M$2 -> 22313 | N75: =SUM(D75:M75) -> 3601697.1 | O75: =INDEX(References!$C$2:$C$38,MATCH(C75,References!$A$2:$A$38,0)) -> 2105 | P75: 1 | Q75: =O75*P75 -> 2105
C76: McDonald Tract | D76: =$Q76*D$2 -> 2128817.4 | E76: =$Q76*E$2 -> 1715889 | F76: =$Q76*F$2 -> 2257289.4 | G76: =$Q76*G$2 -> 1321322.4 | H76: =$Q76*H$2 -> 981841.2 | I76: =$Q76*I$2 -> 922150.2 | J76: =$Q76*J$2 -> 564307.2 | K76: =$Q76*K$2 -> 206464.2 | ... M76: =$Q76*M$2 -> 64236 | N76: =SUM(D76:M76) -> 10368781 | O76: =INDEX(References!$C$2:$C$38,MATCH(C76,References!$A$2:$A$38,0)) -> 6060 | P76: 1 | Q76: =O76*P76 -> 6060
C77: Jones Tract | D77: =$Q77*D$2 -> 4260093.8 | E77: =$Q77*E$2 -> 3433760 | F77: =$Q77*F$2 -> 4517186.2 | G77: =$Q77*G$2 -> 2644171.1 | H77: =$Q77*H$2 -> 1964816.5 | I77: =$Q77*I$2 -> 1845365.6 | J77: =$Q77*J$2 -> 1129266.2 | K77: =$Q77*K$2 -> 413166.89 | ... M77: =$Q77*M$2 -> 128546.2 | N77: =SUM(D77:M77) -> 20749540 | O77: =INDEX(References!$C$2:$C$38,MATCH(C77,References!$A$2:$A$38,0)) -> 12127 | P77: 1 | Q77: =O77*P77 -> 12127
C78: Rough and Ready | D78: =$Q78*D$2 -> 492157.29 | E78: =$Q78*E$2 -> 396693.15 | F78: =$Q78*F$2 -> 521858.49 | G78: =$Q78*G$2 -> 305474.04 | H78: =$Q78*H$2 -> 226990.02 | I78: =$Q78*I$2 -> 213190.17 | J78: =$Q78*J$2 -> 130461.12 | K78: =$Q78*K$2 -> 47732.07 | ... M78: =$Q78*M$2 -> 14850.6 | N78: =SUM(D78:M78) -> 2397139 | O78: =INDEX(References!$C$2:$C$38,MATCH(C78,References!$A$2:$A$38,0)) -> 1401 | P78: 1 | Q78: =O78*P78 -> 1401
C79: Roberts Island | D79: =$Q79*D$2 -> 0 | E79: =$Q79*E$2 -> 0 | F79: =$Q79*F$2 -> 0 | G79: =$Q79*G$2 -> 0 | H79: =$Q79*H$2 -> 0 | I79: =$Q79*I$2 -> 0 | J79: =$Q79*J$2 -> 0 | K79: =$Q79*K$2 -> 0 | ... M79: =$Q79*M$2 -> 0 | N79: =SUM(D79:M79) -> 0 | O79: =INDEX(References!$C$2:$C$38,MATCH(C79,References!$A$2:$A$38,0)) -> 35663 | P79: 0 | Q79: =O79*P79 -> 0
C80: Union Island | D80: =$Q80*D$2 -> 0 | E80: =$Q80*E$2 -> 0 | F80: =$Q80*F$2 -> 0 | G80: =$Q80*G$2 -> 0 | H80: =$Q80*H$2 -> 0 | I80: =$Q80*I$2 -> 0 | J80: =$Q80*J$2 -> 0 | K80: =$Q80*K$2 -> 0 | ... M80: =$Q80*M$2 -> 0 | N80: =SUM(D80:M80) -> 0 | O80: =INDEX(References!$C$2:$C$38,MATCH(C80,References!$A$2:$A$38,0)) -> 24750 | P80: 0 | Q80: =O80*P80 -> 0
C81: Victoria Island | D81: =$Q81*D$2 -> 2526829 | E81: =$Q81*E$2 -> 2036697.9 | F81: =$Q81*F$2 -> 2679320.6 | G81: =$Q81*G$2 -> 1568361.7 | H81: =$Q81*H$2 -> 1165409.9 | I81: =$Q81*I$2 -> 1094558.8 | J81: =$Q81*J$2 -> 669812.16 | K81: =$Q81*K$2 -> 245065.51 | ... M81: =$Q81*M$2 -> 76245.8 | N81: =SUM(D81:M81) -> 12307367 | O81: =INDEX(References!$C$2:$C$38,MATCH(C81,References!$A$2:$A$38,0)) -> 7193 | P81: 1 | Q81: =O81*P81 -> 7193
... C89: Mandeville Island | D89: =$Q89*D$2 -> 1832679.9 | E89: =$Q89*E$2 -> 1477193.5 | F89: =$Q89*F$2 -> 1943280.3 | G89: =$Q89*G$2 -> 1137514.7 | H89: =$Q89*H$2 -> 845258.34 | I89: =$Q89*I$2 -> 793870.89 | J89: =$Q89*J$2 -> 485807.04 | K89: =$Q89*K$2 -> 177743.19 | ... M89: =$Q89*M$2 -> 55300.2 | N89: =SUM(D89:M89) -> 8926391.3 | O89: =INDEX(References!$C$2:$C$38,MATCH(C89,References!$A$2:$A$38,0)) -> 5217 | P89: 1 | Q89: =O89*P89 -> 5217
C90: Totals summed (ECO + NGW) In-Delta | D90: =SUM(D51:D89) -> 51385335 | E90: =SUM(E51:E89) -> 41418081 | F90: =SUM(F51:F89) -> 54486389 | G90: =SUM(G51:G89) -> 31894043 | H90: =SUM(H51:H89) -> 23699656 | I90: =SUM(I51:I89) -> 22258836 | J90: =SUM(J51:J89) -> 13621232 | K90: =SUM(K51:K89) -> 4983627.1 | ... O90: =SUM(O51:O89) -> 292109.11 | Q90: =SUM(Q51:Q89) -> 146276.11
C91: Totals ECO (Suisun + Franks) Excluding NGW | D91: =SUM(D51+D57) -> 15208789 | E91: =SUM(E51+E57) -> 12258728 | F91: =SUM(F51+F57) -> 16126624 | G91: =SUM(G51+G57) -> 9439848.2 | H91: =SUM(H51+H57) -> 7014512 | I91: =SUM(I51+I57) -> 6588065 | J91: =SUM(J51+J57) -> 4031547.7 | K91: =SUM(K51+K57) -> 1475030.4 | ... N91: =SUM(N51+N57) -> 74077092 | O91: =O51+O57 -> 43294.112 | Q91: =Q51+Q57 -> 43294.112
A93: 25% Restoration | B93: Region | C93: Island | D93: Flood control | E93: Recreational fishing | F93: Amenity/recreation | G93: Water filtering | H93: Biodiversity | I93: Habitat nursery | J93: Recreational hunting | K93: Water supply | L93: Materials | M93: Fuel wood | N93: Sum of all ten | O93: Island acres | P93: Restored (1=yes, 0=no) | Q93: Restored acres
B94: Suisun Marsh | C94: Suisun | D94: =$Q94*D$2 -> 14724008 | E94: =$Q94*E$2 -> 11867981 | F94: =$Q94*F$2 -> 15612588 | G94: =$Q94*G$2 -> 9138953 | H94: =$Q94*H$2 -> 6790924.4 | I94: =$Q94*I$2 -> 6378070.4 | J94: =$Q94*J$2 -> 3903042.1 | K94: =$Q94*K$2 -> 1428013.8 | ... M94: =$Q94*M$2 -> 444289.59 | N94: =SUM(D94:M94) -> 71715884 | O94: ='Habitat Restoration (Acres)'!$D$9 -> 41914.112 | P94: 1 | Q94: =O94*P94 -> 41914.112
B95: Central Delta | C95: Bethel Island | D95: =$Q95*D$2 -> 1131153.8 | E95: =$Q95*E$2 -> 911743 | F95: =$Q95*F$2 -> 1199417.8 | G95: =$Q95*G$2 -> 702088.8 | H95: =$Q95*H$2 -> 521704.4 | I95: =$Q95*I$2 -> 489987.4 | J95: =$Q95*J$2 -> 299846.4 | K95: =$Q95*K$2 -> 109705.4 | ... M95: =$Q95*M$2 -> 34132 | N95: =SUM(D95:M95) -> 5509484.4 | O95: =INDEX(References!$C$2:$C$38,MATCH(C95,References!$A$2:$A$38,0)) -> 3220 | P95: 1 | Q95: =O95*P95 -> 3220
C96: Jersey Island | D96: =$Q96*D$2 -> 1215112.1 | E96: =$Q96*E$2 -> 979415.85 | F96: =$Q96*F$2 -> 1288442.9 | G96: =$Q96*G$2 -> 754200.36 | H96: =$Q96*H$2 -> 560427.18 | I96: =$Q96*I$2 -> 526356.03 | J96: =$Q96*J$2 -> 322102.08 | K96: =$Q96*K$2 -> 117848.13 | ... M96: =$Q96*M$2 -> 36665.4 | N96: =SUM(D96:M96) -> 5918418.2 | O96: =INDEX(References!$C$2:$C$38,MATCH(C96,References!$A$2:$A$38,0)) -> 3459 | P96: 1 | Q96: =O96*P96 -> 3459
C97: Webb Tract | D97: =$Q97*D$2 -> 1909612.4 | E97: =$Q97*E$2 -> 1539203.4 | F97: =$Q97*F$2 -> 2024855.6 | G97: =$Q97*G$2 -> 1185265.4 | H97: =$Q97*H$2 -> 880740.72 | I97: =$Q97*I$2 -> 827196.12 | J97: =$Q97*J$2 -> 506200.32 | K97: =$Q97*K$2 -> 185204.52 | ... M97: =$Q97*M$2 -> 57621.6 | N97: =SUM(D97:M97) -> 9301104.7 | O97: =INDEX(References!$C$2:$C$38,MATCH(C97,References!$A$2:$A$38,0)) -> 5436 | P97: 1 | Q97: =O97*P97 -> 5436
C98: Bradford Island | D98: =$Q98*D$2 -> 750004.15 | E98: =$Q98*E$2 -> 604525.25 | F98: =$Q98*F$2 -> 795266.15 | G98: =$Q98*G$2 -> 465515.4 | H98: =$Q98*H$2 -> 345912.7 | I98: =$Q98*I$2 -> 324882.95 | J98: =$Q98*J$2 -> 198811.2 | K98: =$Q98*K$2 -> 72739.45 | ... M98: =$Q98*M$2 -> 22631 | N98: =SUM(D98:M98) -> 3653027.7 | O98: =INDEX(References!$C$2:$C$38,MATCH(C98,References!$A$2:$A$38,0)) -> 2135 | P98: 1 | Q98: =O98*P98 -> 2135
C99: Sherman Island | D99: =$Q99*D$2 -> 3575429.6 | E99: =$Q99*E$2 -> 2881900.7 | F99: =$Q99*F$2 -> 3791203.2 | G99: =$Q99*G$2 -> 2219211.1 | H99: =$Q99*H$2 -> 1649039.6 | I99: =$Q99*I$2 -> 1548786.3 | J99: =$Q99*J$2 -> 947775.36 | K99: =$Q99*K$2 -> 346764.46 | ... M99: =$Q99*M$2 -> 107886.8 | N99: =SUM(D99:M99) -> 17414762 | O99: =INDEX(References!$C$2:$C$38,MATCH(C99,References!$A$2:$A$38,0)) -> 10178 | P99: 1 | Q99: =O99*P99 -> 10178
C100: Franks Tract | D100: =$Q100*D$2 -> 484780.2 | E100: =$Q100*E$2 -> 390747 | F100: =$Q100*F$2 -> 514036.2 | G100: =$Q100*G$2 -> 300895.2 | H100: =$Q100*H$2 -> 223587.6 | I100: =$Q100*I$2 -> 209994.6 | J100: =$Q100*J$2 -> 128505.6 | K100: =$Q100*K$2 -> 47016.6 | ... M100: =$Q100*M$2 -> 14628 | N100: =SUM(D100:M100) -> 2361207.6 | O100: 1380 | P100: 1 | Q100: =O100*P100 -> 1380
C101: Twitchell Island | D101: =$Q101*D$2 -> 1250241.1 | E101: =$Q101*E$2 -> 1007730.8 | F101: =$Q101*F$2 -> 1325691.9 | G101: =$Q101*G$2 -> 776004.36 | H101: =$Q101*H$2 -> 576629.18 | I101: =$Q101*I$2 -> 541573.03 | J101: =$Q101*J$2 -> 331414.08 | K101: =$Q101*K$2 -> 121255.13 | ... M101: =$Q101*M$2 -> 37725.4 | N101: =SUM(D101:M101) -> 6089520.2 | O101: =INDEX(References!$C$2:$C$38,MATCH(C101,References!$A$2:$A$38,0)) -> 3559 | P101: 1 | Q101: =O101*P101 -> 3559
B102: North Delta | C102: Grand Island | D102: =$Q102*D$2 -> 0 | E102: =$Q102*E$2 -> 0 | F102: =$Q102*F$2 -> 0 | G102: =$Q102*G$2 -> 0 | H102: =$Q102*H$2 -> 0 | I102: =$Q102*I$2 -> 0 | J102: =$Q102*J$2 -> 0 | K102: =$Q102*K$2 -> 0 | ... M102: =$Q102*M$2 -> 0 | N102: =SUM(D102:M102) -> 0 | O102: =INDEX(References!$C$2:$C$38,MATCH(C102,References!$A$2:$A$38,0)) -> 16543 | P102: 0 | Q102: =O102*P102 -> 0
C103: Ryer Island | D103: =$Q103*D$2 -> 0 | E103: =$Q103*E$2 -> 0 | F103: =$Q103*F$2 -> 0 | G103: =$Q103*G$2 -> 0 | H103: =$Q103*H$2 -> 0 | I103: =$Q103*I$2 -> 0 | J103: =$Q103*J$2 -> 0 | K103: =$Q103*K$2 -> 0 | ... M103: =$Q103*M$2 -> 0 | N103: =SUM(D103:M103) -> 0 | O103: =INDEX(References!$C$2:$C$38,MATCH(C103,References!$A$2:$A$38,0)) -> 11798 | P103: 0 | Q103: =O103*P103 -> 0
C104: Tyler Island | D104: =$Q104*D$2 -> 0 | E104: =$Q104*E$2 -> 0 | F104: =$Q104*F$2 -> 0 | G104: =$Q104*G$2 -> 0 | H104: =$Q104*H$2 -> 0 | I104: =$Q104*I$2 -> 0 | J104: =$Q104*J$2 -> 0 | K104: =$Q104*K$2 -> 0 | ... M104: =$Q104*M$2 -> 0 | N104: =SUM(D104:M104) -> 0 | O104: =INDEX(References!$C$2:$C$38,MATCH(C104,References!$A$2:$A$38,0)) -> 8799 | P104: 0 | Q104: =O104*P104 -> 0
C105: Staten Island | D105: =$Q105*D$2 -> 0 | E105: =$Q105*E$2 -> 0 | F105: =$Q105*F$2 -> 0 | G105: =$Q105*G$2 -> 0 | H105: =$Q105*H$2 -> 0 | I105: =$Q105*I$2 -> 0 | J105: =$Q105*J$2 -> 0 | K105: =$Q105*K$2 -> 0 | ... M105: =$Q105*M$2 -> 0 | N105: =SUM(D105:M105) -> 0 | O105: =INDEX(References!$C$2:$C$38,MATCH(C105,References!$A$2:$A$38,0)) -> 9111 | P105: 0 | Q105: =O105*P105 -> 0
C106: Dead Horse Island | D106: =$Q106*D$2 -> 0 | E106: =$Q106*E$2 -> 0 | F106: =$Q106*F$2 -> 0 | G106: =$Q106*G$2 -> 0 | H106: =$Q106*H$2 -> 0 | I106: =$Q106*I$2 -> 0 | J106: =$Q106*J$2 -> 0 | K106: =$Q106*K$2 -> 0 | ... M106: =$Q106*M$2 -> 0 | N106: =SUM(D106:M106) -> 0 | O106: =INDEX(References!$C$2:$C$38,MATCH(C106,References!$A$2:$A$38,0)) -> 208 | P106: 0 | Q106: =O106*P106 -> 0
C107: Sutter Island | D107: =$Q107*D$2 -> 0 | E107: =$Q107*E$2 -> 0 | F107: =$Q107*F$2 -> 0 | G107: =$Q107*G$2 -> 0 | H107: =$Q107*H$2 -> 0 | I107: =$Q107*I$2 -> 0 | J107: =$Q107*J$2 -> 0 | K107: =$Q107*K$2 -> 0 | ... M107: =$Q107*M$2 -> 0 | N107: =SUM(D107:M107) -> 0 | O107: =INDEX(References!$C$2:$C$38,MATCH(C107,References!$A$2:$A$38,0)) -> 2514 | P107: 0 | Q107: =O107*P107 -> 0
C108: New Hope Tract | D108: =$Q108*D$2 -> 0 | E108: =$Q108*E$2 -> 0 | F108: =$Q108*F$2 -> 0 | G108: =$Q108*G$2 -> 0 | H108: =$Q108*H$2 -> 0 | I108: =$Q108*I$2 -> 0 | J108: =$Q108*J$2 -> 0 | K108: =$Q108*K$2 -> 0 | ... M108: =$Q108*M$2 -> 0 | N108: =SUM(D108:M108) -> 0 | O108: =INDEX(References!$C$2:$C$38,MATCH(C108,References!$A$2:$A$38,0)) -> 9211 | P108: 0 | Q108: =O108*P108 -> 0
C109: Canal Ranch Tract | D109: =$Q109*D$2 -> 0 | E109: =$Q109*E$2 -> 0 | F109: =$Q109*F$2 -> 0 | G109: =$Q109*G$2 -> 0 | H109: =$Q109*H$2 -> 0 | I109: =$Q109*I$2 -> 0 | J109: =$Q109*J$2 -> 0 | K109: =$Q109*K$2 -> 0 | ... M109: =$Q109*M$2 -> 0 | N109: =SUM(D109:M109) -> 0 | O109: =INDEX(References!$C$2:$C$38,MATCH(C109,References!$A$2:$A$38,0)) -> 2936 | P109: 0 | Q109: =O109*P109 -> 0
B110: North-Central | C110: Brannan Island | D110: =$Q110*D$2 -> 0 | E110: =$Q110*E$2 -> 0 | F110: =$Q110*F$2 -> 0 | G110: =$Q110*G$2 -> 0 | H110: =$Q110*H$2 -> 0 | I110: =$Q110*I$2 -> 0 | J110: =$Q110*J$2 -> 0 | K110: =$Q110*K$2 -> 0 | ... M110: =$Q110*M$2 -> 0 | N110: =SUM(D110:M110) -> 0 | O110: =INDEX(References!$C$2:$C$38,MATCH(C110,References!$A$2:$A$38,0)) -> 12907 | P110: 0 | Q110: =O110*P110 -> 0
B111: North-South | C111: Terminous Tract | D111: =$Q111*D$2 -> 0 | E111: =$Q111*E$2 -> 0 | F111: =$Q111*F$2 -> 0 | G111: =$Q111*G$2 -> 0 | H111: =$Q111*H$2 -> 0 | I111: =$Q111*I$2 -> 0 | J111: =$Q111*J$2 -> 0 | K111: =$Q111*K$2 -> 0 | ... M111: =$Q111*M$2 -> 0 | N111: =SUM(D111:M111) -> 0 | O111: =INDEX(References!$C$2:$C$38,MATCH(C111,References!$A$2:$A$38,0)) -> 10358 | P111: 0 | Q111: =O111*P111 -> 0
B112: South Delta | C112: Bouldin Island | D112: =$Q112*D$2 -> 0 | E112: =$Q112*E$2 -> 0 | F112: =$Q112*F$2 -> 0 | G112: =$Q112*G$2 -> 0 | H112: =$Q112*H$2 -> 0 | I112: =$Q112*I$2 -> 0 | J112: =$Q112*J$2 -> 0 | K112: =$Q112*K$2 -> 0 | ... M112: =$Q112*M$2 -> 0 | N112: =SUM(D112:M112) -> 0 | O112: =INDEX(References!$C$2:$C$38,MATCH(C112,References!$A$2:$A$38,0)) -> 5936 | P112: 0 | Q112: =O112*P112 -> 0
C113: Venice Island | D113: =$Q113*D$2 -> 0 | E113: =$Q113*E$2 -> 0 | F113: =$Q113*F$2 -> 0 | G113: =$Q113*G$2 -> 0 | H113: =$Q113*H$2 -> 0 | I113: =$Q113*I$2 -> 0 | J113: =$Q113*J$2 -> 0 | K113: =$Q113*K$2 -> 0 | ... M113: =$Q113*M$2 -> 0 | N113: =SUM(D113:M113) -> 0 | O113: =INDEX(References!$C$2:$C$38,MATCH(C113,References!$A$2:$A$38,0)) -> 3094 | P113: 0 | Q113: =O113*P113 -> 0
C114: Medford Island | D114: =$Q114*D$2 -> 0 | E114: =$Q114*E$2 -> 0 | F114: =$Q114*F$2 -> 0 | G114: =$Q114*G$2 -> 0 | H114: =$Q114*H$2 -> 0 | I114: =$Q114*I$2 -> 0 | J114: =$Q114*J$2 -> 0 | K114: =$Q114*K$2 -> 0 | ... M114: =$Q114*M$2 -> 0 | N114: =SUM(D114:M114) -> 0 | O114: =INDEX(References!$C$2:$C$38,MATCH(C114,References!$A$2:$A$38,0)) -> 1165 | P114: 0 | Q114: =O114*P114 -> 0
C115: Empire Tract | D115: =$Q115*D$2 -> 0 | E115: =$Q115*E$2 -> 0 | F115: =$Q115*F$2 -> 0 | G115: =$Q115*G$2 -> 0 | H115: =$Q115*H$2 -> 0 | I115: =$Q115*I$2 -> 0 | J115: =$Q115*J$2 -> 0 | K115: =$Q115*K$2 -> 0 | ... M115: =$Q115*M$2 -> 0 | N115: =SUM(D115:M115) -> 0 | O115: =INDEX(References!$C$2:$C$38,MATCH(C115,References!$A$2:$A$38,0)) -> 3625 | P115: 0 | Q115: =O115*P115 -> 0
C116: King Island | D116: =$Q116*D$2 -> 0 | E116: =$Q116*E$2 -> 0 | F116: =$Q116*F$2 -> 0 | G116: =$Q116*G$2 -> 0 | H116: =$Q116*H$2 -> 0 | I116: =$Q116*I$2 -> 0 | J116: =$Q116*J$2 -> 0 | K116: =$Q116*K$2 -> 0 | ... M116: =$Q116*M$2 -> 0 | N116: =SUM(D116:M116) -> 0 | O116: =INDEX(References!$C$2:$C$38,MATCH(C116,References!$A$2:$A$38,0)) -> 3216 | P116: 0 | Q116: =O116*P116 -> 0
C117: Rindge Tract | D117: =$Q117*D$2 -> 2368748.5 | E117: =$Q117*E$2 -> 1909280.4 | F117: =$Q117*F$2 -> 2511700.1 | G117: =$Q117*G$2 -> 1470243.7 | H117: =$Q117*H$2 -> 1092500.9 | I117: =$Q117*I$2 -> 1026082.3 | J117: =$Q117*J$2 -> 627908.16 | K117: =$Q117*K$2 -> 229734.01 | ... M117: =$Q117*M$2 -> 71475.8 | N117: =SUM(D117:M117) -> 11537408 | O117: =INDEX(References!$C$2:$C$38,MATCH(C117,References!$A$2:$A$38,0)) -> 6743 | P117: 1 | Q117: =O117*P117 -> 6743
...

Sheet 100% Restoration ($)
H1: Benefits US$/acre/yr (2025)
A2: Region | B2: Island | C2: ArcGIS object ID | D2: Acres | E2: Elevation (categorical) | F2: Landcover Type (R = Rice; MW = Managed Wetland) | G2: Wetland function | H2: Flood control | I2: Recreational fishing | J2: Amenity/recreation | K2: Water filtering | L2: Biodiversity | M2: Habitat nursery | N2: Recreational hunting | O2: Water supply | P2: Materials | Q2: Fuel wood | R2: Sum of all ten
A3: Suisun Marsh | B3: Suisun | D3: 41914 | F3: Tidal | H3: =IF($F3="Tidal", $D3*$F$52, 0) -> 14723969 | I3: =IF($F3="Tidal", $D3*$F$52, 0) -> 14723969 | J3: =IF($F3="Tidal", $D3*$F$52, 0) -> 14723969 | K3: =IF($F3="Tidal", $D3*$F$52, 0) -> 14723969 | L3: =IF($F3="Tidal", $D3*$F$52, 0) -> 14723969 | M3: =IF($F3="Tidal", $D3*$F$52, 0) -> 14723969 | N3: =IF($F3="Tidal", $D3*$F$52, 0) -> 14723969 | O3: =IF($F3="Tidal", $D3*$F$52, 0) -> 14723969 | ... R3: =IF($F3="Tidal", $D3*$F$52, 0) -> 14723969
A4: North Delta | B4: Grand Island | C4: 80 | D4: 16543 | E4: Mimimal | F4: MW | G4: Grand Island | H4: =IF($F4="MW", $D4*$F$52, 0) -> 5811390.5 | I4: =IF($F4="MW", $D4*$F$53, 0) -> 4684150.4 | J4: =IF($F4="MW", $D4*$F$54, 0) -> 6162102.1 | K4: =IF($F4="MW", $D4*$F$55, 0) -> 3607035.7 | L4: =IF($F4="MW", $D4*$F$56, 0) -> 2680296.9 | M4: =IF($F4="MW", $D4*$F$57, 0) -> 2517348.3 | N4: =IF($F4="MW", $D4*$F$58, 0) -> 1540484.2 | O4: =IF($F4="MW", $D4*$F$59, 0) -> 563620.01 | P4: =IF($F4="MW", $D4*$F$60, 0) -> 563620.01 | Q4: =IF($F4="MW", $D4*$F$61, 0) -> 175355.8 | R4: =IF($F4="MW", $D4*$F$62, 0) -> 28305404
A5: North Delta | B5: Ryer Island | C5: 76 | D5: 11798 | E5: Minimal | F5: MW | G5: Ryer Island | H5: =IF($F5="MW", $D5*$F$52, 0) -> 4144519.4 | I5: =IF($F5="MW", $D5*$F$53, 0) -> 3340603.7 | J5: =IF($F5="MW", $D5*$F$54, 0) -> 4394637 | K5: =IF($F5="MW", $D5*$F$55, 0) -> 2572435.9 | L5: =IF($F5="MW", $D5*$F$56, 0) -> 1911512 | M5: =IF($F5="MW", $D5*$F$57, 0) -> 1795301.7 | N5: =IF($F5="MW", $D5*$F$58, 0) -> 1098629.8 | O5: =IF($F5="MW", $D5*$F$59, 0) -> 401957.86 | P5: =IF($F5="MW", $D5*$F$60, 0) -> 401957.86 | Q5: =IF($F5="MW", $D5*$F$61, 0) -> 125058.8 | R5: =IF($F5="MW", $D5*$F$62, 0) -> 20186614
A6: North Delta | B6: Tyler Island | C6: 62 | D6: 8799 | E6: Minimal | F6: MW | G6: Tyler Island | H6: =IF($F6="MW", $D6*$F$52, 0) -> 3091000.7 | I6: =IF($F6="MW", $D6*$F$53, 0) -> 2491436.8 | J6: =IF($F6="MW", $D6*$F$54, 0) -> 3277539.5 | K6: =IF($F6="MW", $D6*$F$55, 0) -> 1918534 | L6: =IF($F6="MW", $D6*$F$56, 0) -> 1425614 | M6: =IF($F6="MW", $D6*$F$57, 0) -> 1338943.8 | N6: =IF($F6="MW", $D6*$F$58, 0) -> 819362.88 | O6: =IF($F6="MW", $D6*$F$59, 0) -> 299781.93 | P6: =IF($F6="MW", $D6*$F$60, 0) -> 299781.93 | Q6: =IF($F6="MW", $D6*$F$61, 0) -> 93269.4 | R6: =IF($F6="MW", $D6*$F$62, 0) -> 15055265
A7: North Delta | B7: Staten Island | C7: 61 | D7: 9111 | E7: Moderate | F7: MW | G7: Staten Island | H7: =IF($F7="MW", $D7*$F$52, 0) -> 3200603.2 | I7: =IF($F7="MW", $D7*$F$53, 0) -> 2579779.6 | J7: =IF($F7="MW", $D7*$F$54, 0) -> 3393756.4 | K7: =IF($F7="MW", $D7*$F$55, 0) -> 1986562.4 | L7: =IF($F7="MW", $D7*$F$56, 0) -> 1476164.2 | M7: =IF($F7="MW", $D7*$F$57, 0) -> 1386420.9 | N7: =IF($F7="MW", $D7*$F$58, 0) -> 848416.32 | O7: =IF($F7="MW", $D7*$F$59, 0) -> 310411.77 | P7: =IF($F7="MW", $D7*$F$60, 0) -> 310411.77 | Q7: =IF($F7="MW", $D7*$F$61, 0) -> 96576.6 | R7: =IF($F7="MW", $D7*$F$62, 0) -> 15589103
A8: North-Central | B8: Brannan Island | C8: 116 | D8: 12907 | E8: Severe | F8: MW | G8: Brannan Island | H8: =IF($F8="MW", $D8*$F$52, 0) -> 4534100 | I8: =IF($F8="MW", $D8*$F$53, 0) -> 3654617 | J8: =IF($F8="MW", $D8*$F$54, 0) -> 4807728.4 | K8: =IF($F8="MW", $D8*$F$55, 0) -> 2814242.3 | L8: =IF($F8="MW", $D8*$F$56, 0) -> 2091192.1 | M8: =IF($F8="MW", $D8*$F$57, 0) -> 1964058.2 | N8: =IF($F8="MW", $D8*$F$58, 0) -> 1201899.8 | O8: =IF($F8="MW", $D8*$F$59, 0) -> 439741.49 | P8: =IF($F8="MW", $D8*$F$60, 0) -> 439741.49 | Q8: =IF($F8="MW", $D8*$F$61, 0) -> 136814.2 | R8: =IF($F8="MW", $D8*$F$62, 0) -> 22084135
A9: South Delta | B9: Bouldin Island | C9: 57 | D9: 5936 | E9: Severe | F9: MW | G9: Bouldin Island | H9: =IF($F9="MW", $D9*$F$52, 0) -> 2085257.4 | I9: =IF($F9="MW", $D9*$F$53, 0) -> 1680778.4 | J9: =IF($F9="MW", $D9*$F$54, 0) -> 2211100.6 | K9: =IF($F9="MW", $D9*$F$55, 0) -> 1294285.4 | L9: =IF($F9="MW", $D9*$F$56, 0) -> 961750.72 | M9: =IF($F9="MW", $D9*$F$57, 0) -> 903281.12 | N9: =IF($F9="MW", $D9*$F$58, 0) -> 552760.32 | O9: =IF($F9="MW", $D9*$F$59, 0) -> 202239.52 | P9: =IF($F9="MW", $D9*$F$60, 0) -> 202239.52 | Q9: =IF($F9="MW", $D9*$F$61, 0) -> 62921.6 | R9: =IF($F9="MW", $D9*$F$62, 0) -> 10156615
A10: South Delta | B10: Venice Island | C10: 49 | D10: 3094 | E10: Severe | F10: MW | G10: Venice Island | H10: =IF($F10="MW", $D10*$F$52, 0) -> 1086891.3 | I10: =IF($F10="MW", $D10*$F$53, 0) -> 876066.1 | J10: =IF($F10="MW", $D10*$F$54, 0) -> 1152484.1 | K10: =IF($F10="MW", $D10*$F$55, 0) -> 674615.76 | L10: =IF($F10="MW", $D10*$F$56, 0) -> 501289.88 | M10: =IF($F10="MW", $D10*$F$57, 0) -> 470813.98 | N10: =IF($F10="MW", $D10*$F$58, 0) -> 288113.28 | O10: =IF($F10="MW", $D10*$F$59, 0) -> 105412.58 | P10: =IF($F10="MW", $D10*$F$60, 0) -> 105412.58 | Q10: =IF($F10="MW", $D10*$F$61, 0) -> 32796.4 | R10: =IF($F10="MW", $D10*$F$62, 0) -> 5293895.9
A11: South Delta | B11: Medford Island | C11: 41 | D11: 1165 | E11: Moderate | F11: MW | G11: Medford Island | H11: =IF($F11="MW", $D11*$F$52, 0) -> 409252.85 | I11: =IF($F11="MW", $D11*$F$53, 0) -> 329869.75 | J11: =IF($F11="MW", $D11*$F$54, 0) -> 433950.85 | K11: =IF($F11="MW", $D11*$F$55, 0) -> 254016.6 | L11: =IF($F11="MW", $D11*$F$56, 0) -> 188753.3 | M11: =IF($F11="MW", $D11*$F$57, 0) -> 177278.05 | N11: =IF($F11="MW", $D11*$F$58, 0) -> 108484.8 | O11: =IF($F11="MW", $D11*$F$59, 0) -> 39691.55 | P11: =IF($F11="MW", $D11*$F$60, 0) -> 39691.55 | Q11: =IF($F11="MW", $D11*$F$61, 0) -> 12349 | R11: =IF($F11="MW", $D11*$F$62, 0) -> 1993338.3
A12: South Delta | B12: Empire Tract | C12: 50 | D12: 3625 | E12: Moderate | F12: MW | G12: Empire Tract | H12: =IF($F12="MW", $D12*$F$52, 0) -> 1273426.2 | I12: =IF($F12="MW", $D12*$F$53, 0) -> 1026418.7 | J12: =IF($F12="MW", $D12*$F$54, 0) -> 1350276.2 | K12: =IF($F12="MW", $D12*$F$55, 0) -> 790395 | L12: =IF($F12="MW", $D12*$F$56, 0) -> 587322.5 | M12: =IF($F12="MW", $D12*$F$57, 0) -> 551616.25 | N12: =IF($F12="MW", $D12*$F$58, 0) -> 337560 | O12: =IF($F12="MW", $D12*$F$59, 0) -> 123503.75 | P12: =IF($F12="MW", $D12*$F$60, 0) -> 123503.75 | Q12: =IF($F12="MW", $D12*$F$61, 0) -> 38425 | R12: =IF($F12="MW", $D12*$F$62, 0) -> 6202447.5
A13: South Delta | B13: King Island | C13: 46 | D13: 3216 | E13: Minimal | F13: MW | G13: King Island | H13: =IF($F13="MW", $D13*$F$52, 0) -> 1129748.6 | I13: =IF($F13="MW", $D13*$F$53, 0) -> 910610.4 | J13: =IF($F13="MW", $D13*$F$54, 0) -> 1197927.8 | K13: =IF($F13="MW", $D13*$F$55, 0) -> 701216.64 | L13: =IF($F13="MW", $D13*$F$56, 0) -> 521056.32 | M13: =IF($F13="MW", $D13*$F$57, 0) -> 489378.72 | N13: =IF($F13="MW", $D13*$F$58, 0) -> 299473.92 | O13: =IF($F13="MW", $D13*$F$59, 0) -> 109569.12 | P13: =IF($F13="MW", $D13*$F$60, 0) -> 109569.12 | Q13: =IF($F13="MW", $D13*$F$61, 0) -> 34089.6 | R13: =IF($F13="MW", $D13*$F$62, 0) -> 5502640.3
A14: North-South | B14: Terminous Tract | C14: 58 | D14: 10358 | E14: Minimal | F14: MW | G14: Terminous Tract | H14: =IF($F14="MW", $D14*$F$52, 0) -> 3638661.8 | I14: =IF($F14="MW", $D14*$F$53, 0) -> 2932867.7 | J14: =IF($F14="MW", $D14*$F$54, 0) -> 3858251.4 | K14: =IF($F14="MW", $D14*$F$55, 0) -> 2258458.3 | L14: =IF($F14="MW", $D14*$F$56, 0) -> 1678203.2 | M14: =IF($F14="MW", $D14*$F$57, 0) -> 1576176.9 | N14: =IF($F14="MW", $D14*$F$58, 0) -> 964536.96 | O14: =IF($F14="MW", $D14*$F$59, 0) -> 352897.06 | P14: =IF($F14="MW", $D14*$F$60, 0) -> 352897.06 | Q14: =IF($F14="MW", $D14*$F$61, 0) -> 109794.8 | R14: =IF($F14="MW", $D14*$F$62, 0) -> 17722745
A15: South Delta | B15: Rindge Tract | C15: 40 | D15: 6743 | E15: Moderate | F15: MW | G15: Rindge Tract | H15: =IF($F15="MW", $D15*$F$52, 0) -> 2368748.5 | I15: =IF($F15="MW", $D15*$F$53, 0) -> 1909280.4 | J15: =IF($F15="MW", $D15*$F$54, 0) -> 2511700.1 | K15: =IF($F15="MW", $D15*$F$55, 0) -> 1470243.7 | L15: =IF($F15="MW", $D15*$F$56, 0) -> 1092500.9 | M15: =IF($F15="MW", $D15*$F$57, 0) -> 1026082.3 | N15: =IF($F15="MW", $D15*$F$58, 0) -> 627908.16 | O15: =IF($F15="MW", $D15*$F$59, 0) -> 229734.01 | P15: =IF($F15="MW", $D15*$F$60, 0) -> 229734.01 | Q15: =IF($F15="MW", $D15*$F$61, 0) -> 71475.8 | R15: =IF($F15="MW", $D15*$F$62, 0) -> 11537408
... A19: South Delta | B19: Rough and Ready | C19: 25 | D19: 1401 | E19: Minimal | F19: MW | G19: Rough and Ready | H19: =IF($F19="MW", $D19*$F$52, 0) -> 492157.29 | I19: =IF($F19="MW", $D19*$F$53, 0) -> 396693.15 | J19: =IF($F19="MW", $D19*$F$54, 0) -> 521858.49 | K19: =IF($F19="MW", $D19*$F$55, 0) -> 305474.04 | L19: =IF($F19="MW", $D19*$F$56, 0) -> 226990.02 | M19: =IF($F19="MW", $D19*$F$57, 0) -> 213190.17 | N19: =IF($F19="MW", $D19*$F$58, 0) -> 130461.12 | O19: =IF($F19="MW", $D19*$F$59, 0) -> 47732.07 | P19: =IF($F19="MW", $D19*$F$60, 0) -> 47732.07 | Q19: =IF($F19="MW", $D19*$F$61, 0) -> 14850.6 | R19: =IF($F19="MW", $D19*$F$62, 0) -> 2397139
A20: South Delta | B20: Roberts Island | C20: 31 + 22 + 12+23+ 8 | D20: 35663 | E20: Minimal | F20: MW | G20: Roberts Island | H20: =IF($F20="MW", $D20*$F$52, 0) -> 12528055 | I20: =IF($F20="MW", $D20*$F$53, 0) -> 10097978 | J20: =IF($F20="MW", $D20*$F$54, 0) -> 13284111 | K20: =IF($F20="MW", $D20*$F$55, 0) -> 7775960.5 | L20: =IF($F20="MW", $D20*$F$56, 0) -> 5778119.3 | M20: =IF($F20="MW", $D20*$F$57, 0) -> 5426838.7 | N20: =IF($F20="MW", $D20*$F$58, 0) -> 3320938.6 | O20: =IF($F20="MW", $D20*$F$59, 0) -> 1215038.4 | P20: =IF($F20="MW", $D20*$F$60, 0) -> 1215038.4 | Q20: =IF($F20="MW", $D20*$F$61, 0) -> 378027.8 | R20: =IF($F20="MW", $D20*$F$62, 0) -> 61020106
A21: South Delta | B21: Union Island | C21: 9 | D21: 24750 | E21: Minimal | F21: MW | G21: Union Island | H21: =IF($F21="MW", $D21*$F$52, 0) -> 8694427.5 | I21: =IF($F21="MW", $D21*$F$53, 0) -> 7007962.5 | J21: =IF($F21="MW", $D21*$F$54, 0) -> 9219127.5 | K21: =IF($F21="MW", $D21*$F$55, 0) -> 5396490 | L21: =IF($F21="MW", $D21*$F$56, 0) -> 4009995 | M21: =IF($F21="MW", $D21*$F$57, 0) -> 3766207.5 | N21: =IF($F21="MW", $D21*$F$58, 0) -> 2304720 | O21: =IF($F21="MW", $D21*$F$59, 0) -> 843232.5 | P21: =IF($F21="MW", $D21*$F$60, 0) -> 843232.5 | Q21: =IF($F21="MW", $D21*$F$61, 0) -> 262350 | R21: =IF($F21="MW", $D21*$F$62, 0) -> 42347745
A22: South Delta | B22: Victoria Island | C22: 10 | D22: 7193 | E22: Minimal | F22: MW | G22: Victoria Island | H22: =IF($F22="MW", $D22*$F$52, 0) -> 2526829 | I22: =IF($F22="MW", $D22*$F$53, 0) -> 2036697.9 | J22: =IF($F22="MW", $D22*$F$54, 0) -> 2679320.6 | K22: =IF($F22="MW", $D22*$F$55, 0) -> 1568361.7 | L22: =IF($F22="MW", $D22*$F$56, 0) -> 1165409.9 | M22: =IF($F22="MW", $D22*$F$57, 0) -> 1094558.8 | N22: =IF($F22="MW", $D22*$F$58, 0) -> 669812.16 | O22: =IF($F22="MW", $D22*$F$59, 0) -> 245065.51 | P22: =IF($F22="MW", $D22*$F$60, 0) -> 245065.51 | Q22: =IF($F22="MW", $D22*$F$61, 0) -> 76245.8 | R22: =IF($F22="MW", $D22*$F$62, 0) -> 12307367
A23: South Delta | B23: Woodward Island | C23: 18 | D23: 1809 | E23: Minimal | F23: MW | G23: Woodward Island | H23: =IF($F23="MW", $D23*$F$52, 0) -> 635483.61 | I23: =IF($F23="MW", $D23*$F$53, 0) -> 512218.35 | J23: =IF($F23="MW", $D23*$F$54, 0) -> 673834.41 | K23: =IF($F23="MW", $D23*$F$55, 0) -> 394434.36 | L23: =IF($F23="MW", $D23*$F$56, 0) -> 293094.18 | M23: =IF($F23="MW", $D23*$F$57, 0) -> 275275.53 | N23: =IF($F23="MW", $D23*$F$58, 0) -> 168454.08 | O23: =IF($F23="MW", $D23*$F$59, 0) -> 61632.63 | P23: =IF($F23="MW", $D23*$F$60, 0) -> 61632.63 | Q23: =IF($F23="MW", $D23*$F$61, 0) -> 19175.4 | R23: =IF($F23="MW", $D23*$F$62, 0) -> 3095235.2
A24: South Delta | B24: Coney Island | C24: 6 | D24: 965 | E24: Minimal | F24: MW | G24: Coney Island | H24: =IF($F24="MW", $D24*$F$52, 0) -> 338994.85 | I24: =IF($F24="MW", $D24*$F$53, 0) -> 273239.75 | J24: =IF($F24="MW", $D24*$F$54, 0) -> 359452.85 | K24: =IF($F24="MW", $D24*$F$55, 0) -> 210408.6 | L24: =IF($F24="MW", $D24*$F$56, 0) -> 156349.3 | M24: =IF($F24="MW", $D24*$F$57, 0) -> 146844.05 | N24: =IF($F24="MW", $D24*$F$58, 0) -> 89860.8 | O24: =IF($F24="MW", $D24*$F$59, 0) -> 32877.55 | P24: =IF($F24="MW", $D24*$F$60, 0) -> 32877.55 | Q24: =IF($F24="MW", $D24*$F$61, 0) -> 10229 | R24: =IF($F24="MW", $D24*$F$62, 0) -> 1651134.3
A25: South Delta | B25: Orowood Tract | C25: 20 | D25: 2383 | E25: Minimal | F25: MW | G25: Orowood Tract | H25: =IF($F25="MW", $D25*$F$52, 0) -> 837124.07 | I25: =IF($F25="MW", $D25*$F$53, 0) -> 674746.45 | J25: =IF($F25="MW", $D25*$F$54, 0) -> 887643.67 | K25: =IF($F25="MW", $D25*$F$55, 0) -> 519589.32 | L25: =IF($F25="MW", $D25*$F$56, 0) -> 386093.66 | M25: =IF($F25="MW", $D25*$F$57, 0) -> 362621.11 | N25: =IF($F25="MW", $D25*$F$58, 0) -> 221904.96 | O25: =IF($F25="MW", $D25*$F$59, 0) -> 81188.81 | P25: =IF($F25="MW", $D25*$F$60, 0) -> 81188.81 | Q25: =IF($F25="MW", $D25*$F$61, 0) -> 25259.8 | R25: =IF($F25="MW", $D25*$F$62, 0) -> 4077360.7
A26: South Delta | B26: Palm Tract | C26: 27 | D26: 2470 | E26: Minimal | F26: MW | G26: Palm Tract | H26: =IF($F26="MW", $D26*$F$52, 0) -> 867686.3 | I26: =IF($F26="MW", $D26*$F$53, 0) -> 699380.5 | J26: =IF($F26="MW", $D26*$F$54, 0) -> 920050.3 | K26: =IF($F26="MW", $D26*$F$55, 0) -> 538558.8 | L26: =IF($F26="MW", $D26*$F$56, 0) -> 400189.4 | M26: =IF($F26="MW", $D26*$F$57, 0) -> 375859.9 | N26: =IF($F26="MW", $D26*$F$58, 0) -> 230006.4 | O26: =IF($F26="MW", $D26*$F$59, 0) -> 84152.9 | P26: =IF($F26="MW", $D26*$F$60, 0) -> 84152.9 | Q26: =IF($F26="MW", $D26*$F$61, 0) -> 26182 | R26: =IF($F26="MW", $D26*$F$62, 0) -> 4226219.4
A27: South Delta | B27: Bacon Island | C27: 32 | D27: 5533 | E27: Severe | F27: MW | G27: Bacon Island | H27: =IF($F27="MW", $D27*$F$52, 0) -> 1943687.6 | I27: =IF($F27="MW", $D27*$F$53, 0) -> 1566668.9 | J27: =IF($F27="MW", $D27*$F$54, 0) -> 2060987.2 | K27: =IF($F27="MW", $D27*$F$55, 0) -> 1206415.3 | L27: =IF($F27="MW", $D27*$F$56, 0) -> 896456.66 | M27: =IF($F27="MW", $D27*$F$57, 0) -> 841956.61 | N27: =IF($F27="MW", $D27*$F$58, 0) -> 515232.96 | O27: =IF($F27="MW", $D27*$F$59, 0) -> 188509.31 | P27: =IF($F27="MW", $D27*$F$60, 0) -> 188509.31 | Q27: =IF($F27="MW", $D27*$F$61, 0) -> 58649.8 | R27: =IF($F27="MW", $D27*$F$62, 0) -> 9467073.7
A28: South Delta | B28: Holland Tract | C28: 35 | D28: 4214 | E28: Minimal | F28: MW | G28: Holland Tract | H28: =IF($F28="MW", $D28*$F$52, 0) -> 1480336.1 | I28: =IF($F28="MW", $D28*$F$53, 0) -> 1193194.1 | J28: =IF($F28="MW", $D28*$F$54, 0) -> 1569672.9 | K28: =IF($F28="MW", $D28*$F$55, 0) -> 918820.56 | L28: =IF($F28="MW", $D28*$F$56, 0) -> 682752.28 | M28: =IF($F28="MW", $D28*$F$57, 0) -> 641244.38 | N28: =IF($F28="MW", $D28*$F$58, 0) -> 392407.68 | O28: =IF($F28="MW", $D28*$F$59, 0) -> 143570.98 | P28: =IF($F28="MW", $D28*$F$60, 0) -> 143570.98 | Q28: =IF($F28="MW", $D28*$F$61, 0) -> 44668.4 | R28: =IF($F28="MW", $D28*$F$62, 0) -> 7210238.3
A29: South Delta | B29: Quinby Island | C29: 36 | D29: 774 | E29: Moderate | F29: MW | G29: Quinby Island | H29: =IF($F29="MW", $D29*$F$52, 0) -> 271898.46 | I29: =IF($F29="MW", $D29*$F$53, 0) -> 219158.1 | J29: =IF($F29="MW", $D29*$F$54, 0) -> 288307.26 | K29: =IF($F29="MW", $D29*$F$55, 0) -> 168762.96 | L29: =IF($F29="MW", $D29*$F$56, 0) -> 125403.48 | M29: =IF($F29="MW", $D29*$F$57, 0) -> 117779.58 | N29: =IF($F29="MW", $D29*$F$58, 0) -> 72074.88 | O29: =IF($F29="MW", $D29*$F$59, 0) -> 26370.18 | P29: =IF($F29="MW", $D29*$F$60, 0) -> 26370.18 | Q29: =IF($F29="MW", $D29*$F$61, 0) -> 8204.4 | R29: =IF($F29="MW", $D29*$F$62, 0) -> 1324329.5
A30: South Delta | B30: Mandeville Island | C30: 44 | D30: 5217 | E30: Severe | F30: MW | G30: Mandeville Island | H30: =IF($F30="MW", $D30*$F$52, 0) -> 1832679.9 | I30: =IF($F30="MW", $D30*$F$53, 0) -> 1477193.5 | J30: =IF($F30="MW", $D30*$F$54, 0) -> 1943280.3 | K30: =IF($F30="MW", $D30*$F$55, 0) -> 1137514.7 | L30: =IF($F30="MW", $D30*$F$56, 0) -> 845258.34 | M30: =IF($F30="MW", $D30*$F$57, 0) -> 793870.89 | N30: =IF($F30="MW", $D30*$F$58, 0) -> 485807.04 | O30: =IF($F30="MW", $D30*$F$59, 0) -> 177743.19 | P30: =IF($F30="MW", $D30*$F$60, 0) -> 177743.19 | Q30: =IF($F30="MW", $D30*$F$61, 0) -> 55300.2 | R30: =IF($F30="MW", $D30*$F$62, 0) -> 8926391.3
A31: Central Delta | B31: Franks Tract | D31: 1380 | E31: Flooded | F31: MW | G31: Franks Tract | H31: =IF($F31="MW", $D31*$F$52, 0) -> 484780.2 | I31: =IF($F31="MW", $D31*$F$53, 0) -> 390747 | J31: =IF($F31="MW", $D31*$F$54, 0) -> 514036.2 | K31: =IF($F31="MW", $D31*$F$55, 0) -> 300895.2 | L31: =IF($F31="MW", $D31*$F$56, 0) -> 223587.6 | M31: =IF($F31="MW", $D31*$F$57, 0) -> 209994.6 | N31: =IF($F31="MW", $D31*$F$58, 0) -> 128505.6 | O31: =IF($F31="MW", $D31*$F$59, 0) -> 47016.6 | P31: =IF($F31="MW", $D31*$F$60, 0) -> 47016.6 | Q31: =IF($F31="MW", $D31*$F$61, 0) -> 14628 | R31: =IF($F31="MW", $D31*$F$62, 0) -> 2361207.6
A32: Central Delta | B32: Bethel Island | C32: 39 | D32: 3220 | E32: Minimal | F32: MW | G32: Bethel Island | H32: =IF($F32="MW", $D32*$F$52, 0) -> 1131153.8 | I32: =IF($F32="MW", $D32*$F$53, 0) -> 911743 | J32: =IF($F32="MW", $D32*$F$54, 0) -> 1199417.8 | K32: =IF($F32="MW", $D32*$F$55, 0) -> 702088.8 | L32: =IF($F32="MW", $D32*$F$56, 0) -> 521704.4 | M32: =IF($F32="MW", $D32*$F$57, 0) -> 489987.4 | N32: =IF($F32="MW", $D32*$F$58, 0) -> 299846.4 | O32: =IF($F32="MW", $D32*$F$59, 0) -> 109705.4 | P32: =IF($F32="MW", $D32*$F$60, 0) -> 109705.4 | Q32: =IF($F32="MW", $D32*$F$61, 0) -> 34132 | R32: =IF($F32="MW", $D32*$F$62, 0) -> 5509484.4
A33: Central Delta | B33: Jersey Island | C33: 43 | D33: 3459 | E33: Moderate | F33: MW | G33: Jersey Island | H33: =IF($F33="MW", $D33*$F$52, 0) -> 1215112.1 | I33: =IF($F33="MW", $D33*$F$53, 0) -> 979415.85 | J33: =IF($F33="MW", $D33*$F$54, 0) -> 1288442.9 | K33: =IF($F33="MW", $D33*$F$55, 0) -> 754200.36 | L33: =IF($F33="MW", $D33*$F$56, 0) -> 560427.18 | M33: =IF($F33="MW", $D33*$F$57, 0) -> 526356.03 | N33: =IF($F33="MW", $D33*$F$58, 0) -> 322102.08 | O33: =IF($F33="MW", $D33*$F$59, 0) -> 117848.13 | P33: =IF($F33="MW", $D33*$F$60, 0) -> 117848.13 | Q33: =IF($F33="MW", $D33*$F$61, 0) -> 36665.4 | R33: =IF($F33="MW", $D33*$F$62, 0) -> 5918418.2
A34: Central Delta | B34: Webb Tract | C34: 53 | D34: 5436 | E34: Severe | F34: MW | G34: Webb Tract | H34: =IF($F34="MW", $D34*$F$52, 0) -> 1909612.4 | I34: =IF($F34="MW", $D34*$F$53, 0) -> 1539203.4 | J34: =IF($F34="MW", $D34*$F$54, 0) -> 2024855.6 | K34: =IF($F34="MW", $D34*$F$55, 0) -> 1185265.4 | L34: =IF($F34="MW", $D34*$F$56, 0) -> 880740.72 | M34: =IF($F34="MW", $D34*$F$57, 0) -> 827196.12 | N34: =IF($F34="MW", $D34*$F$58, 0) -> 506200.32 | O34: =IF($F34="MW", $D34*$F$59, 0) -> 185204.52 | P34: =IF($F34="MW", $D34*$F$60, 0) -> 185204.52 | Q34: =IF($F34="MW", $D34*$F$61, 0) -> 57621.6 | R34: =IF($F34="MW", $D34*$F$62, 0) -> 9301104.7
A35: Central Delta | B35: Bradford Island | C35: 52 | D35: 2135 | E35: Severe | F35: MW | G35: Bradford Island | H35: =IF($F35="MW", $D35*$F$52, 0) -> 750004.15 | I35: =IF($F35="MW", $D35*$F$53, 0) -> 604525.25 | J35: =IF($F35="MW", $D35*$F$54, 0) -> 795266.15 | K35: =IF($F35="MW", $D35*$F$55, 0) -> 465515.4 | L35: =IF($F35="MW", $D35*$F$56, 0) -> 345912.7 | M35: =IF($F35="MW", $D35*$F$57, 0) -> 324882.95 | N35: =IF($F35="MW", $D35*$F$58, 0) -> 198811.2 | O35: =IF($F35="MW", $D35*$F$59, 0) -> 72739.45 | P35: =IF($F35="MW", $D35*$F$60, 0) -> 72739.45 | Q35: =IF($F35="MW", $D35*$F$61, 0) -> 22631 | R35: =IF($F35="MW", $D35*$F$62, 0) -> 3653027.7
A36: Central Delta | B36: Sherman Island | C36: 54 | D36: 10178 | E36: Severe | F36: MW | G36: Sherman Island | H36: =IF($F36="MW", $D36*$F$52, 0) -> 3575429.6 | I36: =IF($F36="MW", $D36*$F$53, 0) -> 2881900.7 | J36: =IF($F36="MW", $D36*$F$54, 0) -> 3791203.2 | K36: =IF($F36="MW", $D36*$F$55, 0) -> 2219211.1 | L36: =IF($F36="MW", $D36*$F$56, 0) -> 1649039.6 | M36: =IF($F36="MW", $D36*$F$57, 0) -> 1548786.3 | N36: =IF($F36="MW", $D36*$F$58, 0) -> 947775.36 | O36: =IF($F36="MW", $D36*$F$59, 0) -> 346764.46 | P36: =IF($F36="MW", $D36*$F$60, 0) -> 346764.46 | Q36: =IF($F36="MW", $D36*$F$61, 0) -> 107886.8 | R36: =IF($F36="MW", $D36*$F$62, 0) -> 17414762
A37: Central Delta | B37: Twitchell Island | C37: 55 | D37: 3559 | E37: Severe | F37: MW | G37: Twitchell Island | H37: =IF($F37="MW", $D37*$F$52, 0) -> 1250241.1 | I37: =IF($F37="MW", $D37*$F$53, 0) -> 1007730.8 | J37: =IF($F37="MW", $D37*$F$54, 0) -> 1325691.9 | K37: =IF($F37="MW", $D37*$F$55, 0) -> 776004.36 | L37: =IF($F37="MW", $D37*$F$56, 0) -> 576629.18 | M37: =IF($F37="MW", $D37*$F$57, 0) -> 541573.03 | N37: =IF($F37="MW", $D37*$F$58, 0) -> 331414.08 | O37: =IF($F37="MW", $D37*$F$59, 0) -> 121255.13 | P37: =IF($F37="MW", $D37*$F$60, 0) -> 121255.13 | Q37: =IF($F37="MW", $D37*$F$61, 0) -> 37725.4 | R37: =IF($F37="MW", $D37*$F$62, 0) -> 6089520.2
A38: North Delta | B38: Dead Horse Island | C38: 63 | D38: 208 | E38: Minimal | F38: MW | G38: Dead Horse Island | H38: =IF($F38="MW", $D38*$F$52, 0) -> 73068.32 | I38: =IF($F38="MW", $D38*$F$53, 0) -> 58895.2 | J38: =IF($F38="MW", $D38*$F$54, 0) -> 77477.92 | K38: =IF($F38="MW", $D38*$F$55, 0) -> 45352.32 | L38: =IF($F38="MW", $D38*$F$56, 0) -> 33700.16 | M38: =IF($F38="MW", $D38*$F$57, 0) -> 31651.36 | N38: =IF($F38="MW", $D38*$F$58, 0) -> 19368.96 | O38: =IF($F38="MW", $D38*$F$59, 0) -> 7086.56 | P38: =IF($F38="MW", $D38*$F$60, 0) -> 7086.56 | Q38: =IF($F38="MW", $D38*$F$61, 0) -> 2204.8 | R38: =IF($F38="MW", $D38*$F$62, 0) -> 355892.16
A39: North Delta | B39: Sutter Island | C39: 87 | D39: 2514 | E39: Minimal | F39: MW | G39: Sutter Island | H39: =IF($F39="MW", $D39*$F$52, 0) -> 883143.06 | I39: =IF($F39="MW", $D39*$F$53, 0) -> 711839.1 | J39: =IF($F39="MW", $D39*$F$54, 0) -> 936439.86 | K39: =IF($F39="MW", $D39*$F$55, 0) -> 548152.56 | L39: =IF($F39="MW", $D39*$F$56, 0) -> 407318.28 | M39: =IF($F39="MW", $D39*$F$57, 0) -> 382555.38 | N39: =IF($F39="MW", $D39*$F$58, 0) -> 234103.68 | O39: =IF($F39="MW", $D39*$F$59, 0) -> 85651.98 | P39: =IF($F39="MW", $D39*$F$60, 0) -> 85651.98 | Q39: =IF($F39="MW", $D39*$F$61, 0) -> 26648.4 | R39: =IF($F39="MW", $D39*$F$62, 0) -> 4301504.3
A40: North Delta | B40: New Hope Tract | C40: 89 | D40: 9211 | E40: Minimal | F40: MW | G40: New Hope Tract | H40: =IF($F40="MW", $D40*$F$52, 0) -> 3235732.2 | I40: =IF($F40="MW", $D40*$F$53, 0) -> 2608094.6 | J40: =IF($F40="MW", $D40*$F$54, 0) -> 3431005.4 | K40: =IF($F40="MW", $D40*$F$55, 0) -> 2008366.4 | L40: =IF($F40="MW", $D40*$F$56, 0) -> 1492366.2 | M40: =IF($F40="MW", $D40*$F$57, 0) -> 1401637.9 | N40: =IF($F40="MW", $D40*$F$58, 0) -> 857728.32 | O40: =IF($F40="MW", $D40*$F$59, 0) -> 313818.77 | P40: =IF($F40="MW", $D40*$F$60, 0) -> 313818.77 | Q40: =IF($F40="MW", $D40*$F$61, 0) -> 97636.6 | R40: =IF($F40="MW", $D40*$F$62, 0) -> 15760205
A41: North Delta | B41: Canal Ranch Tract | C41: 60 | D41: 2936 | E41: Minimal | F41: MW | G41: Canal Ranch Tract | H41: =IF($F41="MW", $D41*$F$52, 0) -> 1031387.4 | I41: =IF($F41="MW", $D41*$F$53, 0) -> 831328.4 | J41: =IF($F41="MW", $D41*$F$54, 0) -> 1093630.6 | K41: =IF($F41="MW", $D41*$F$55, 0) -> 640165.44 | L41: =IF($F41="MW", $D41*$F$56, 0) -> 475690.72 | M41: =IF($F41="MW", $D41*$F$57, 0) -> 446771.12 | N41: =IF($F41="MW", $D41*$F$58, 0) -> 273400.32 | O41: =IF($F41="MW", $D41*$F$59, 0) -> 100029.52 | P41: =IF($F41="MW", $D41*$F$60, 0) -> 100029.52 | Q41: =IF($F41="MW", $D41*$F$61, 0) -> 31121.6 | R41: =IF($F41="MW", $D41*$F$62, 0) -> 5023554.7
A42: Upland | B42: Upper Bound | D42: 347591 | F42: Meadows | H42: =IF($F42="Meadows", $D42*$F$52, 0) -> 1.2210524e+08 | I42: =IF($F42="Meadows", $D42*$F$52, 0) -> 1.2210524e+08 | J42: =IF($F42="Meadows", $D42*$F$52, 0) -> 1.2210524e+08 | K42: =IF($F42="Meadows", $D42*$F$52, 0) -> 1.2210524e+08 | L42: =IF($F42="Meadows", $D42*$F$52, 0) -> 1.2210524e+08 | M42: =IF($F42="Meadows", $D42*$F$52, 0) -> 1.2210524e+08 | N42: =IF($F42="Meadows", $D42*$F$52, 0) -> 1.2210524e+08 | O42: =IF($F42="Meadows", $D42*$F$52, 0) -> 1.2210524e+08 | ... R42: =IF($F42="Meadows", $D42*$F$52, 0) -> 1.2210524e+08
A43: Upland | B43: Upper Bound | D43: 303372 | F43: Floodplain | G43: 0 | H43: =IF($F43="Floodplain", $D43*$F$52, 0) -> 1.0657155e+08 | I43: =IF($F43="Floodplain", $D43*$F$52, 0) -> 1.0657155e+08 | J43: =IF($F43="Floodplain", $D43*$F$52, 0) -> 1.0657155e+08 | K43: =IF($F43="Floodplain", $D43*$F$52, 0) -> 1.0657155e+08 | L43: =IF($F43="Floodplain", $D43*$F$52, 0) -> 1.0657155e+08 | M43: =IF($F43="Floodplain", $D43*$F$52, 0) -> 1.0657155e+08 | N43: =IF($F43="Floodplain", $D43*$F$52, 0) -> 1.0657155e+08 | O43: =IF($F43="Floodplain", $D43*$F$52, 0) -> 1.0657155e+08 | ... R43: =IF($F43="Floodplain", $D43*$F$52, 0) -> 1.0657155e+08
A44: Upland | B44: Upper Bound | D44: 207004 | F44: Wetland | H44: =IF($F44="Wetland", $D44*$F$52, 0) -> 72718435 | I44: =IF($F44="Wetland", $D44*$F$52, 0) -> 72718435 | J44: =IF($F44="Wetland", $D44*$F$52, 0) -> 72718435 | K44: =IF($F44="Wetland", $D44*$F$52, 0) -> 72718435 | L44: =IF($F44="Wetland", $D44*$F$52, 0) -> 72718435 | M44: =IF($F44="Wetland", $D44*$F$52, 0) -> 72718435 | N44: =IF($F44="Wetland", $D44*$F$52, 0) -> 72718435 | O44: =IF($F44="Wetland", $D44*$F$52, 0) -> 72718435 | ... R44: =IF($F44="Wetland", $D44*$F$52, 0) -> 72718435
D45: =SUM(D4:D41) -> 250195 | G45: Totals per Benefit | H45: =SUM(H4:H41) -> 87891002 | I45: =SUM(I4:I41) -> 70842714 | J45: =SUM(J4:J41) -> 93195136 | K45: =SUM(K4:K41) -> 54552518 | L45: =SUM(L4:L41) -> 40536594 | M45: =SUM(M4:M41) -> 38072173 | N45: =SUM(N4:N41) -> 23298158 | O45: =SUM(O4:O41) -> 8524143.6 | ... R45: =SUM(R4:R41) -> 4.2808865e+08
C46: North | D46: =SUM(D4:D8,D14,D38:D41) -> 84385 | F46: Rice Acreage
C47: Central | D47: =SUM(D31:D37) -> 29367 | F47: Rice Proportion
A48: Key: | C48: South | D48: =SUM(D10:D13,D15:D30) -> 130507
A49: grey = restoration/managed wetlands
A50: tan - Wet soil agriculture (rice)
D51: Wetland function | E51: US$/acre/yr (2000) | F51: US$/acre/yr (2025)
D52: Flood control | E52: 187.77 | F52: 351.29
D53: Recreational fishing | E53: 151.35 | F53: 283.15
D54: Amenity/recreation | E54: 199.11 | F54: 372.49
D55: Water filtering | E55: 116.55 | F55: 218.04
D56: Biodiversity | E56: 86.6 | F56: 162.02
D57: Habitat nursery | E57: 81.34 | F57: 152.17
D58: Recreational hunting | E58: 49.78 | F58: 93.12
D59: Water supply | E59: 18.21 | F59: 34.07
D60: Materials | E60: 18.21 | F60: 34.07
D61: Fuel wood | E61: 5.67 | F61: 10.6
D62: Sum of all ten | E62: 914.59 | F62: 1711.02

Sheet 50% Restoration ($)
H1: Benefits US$/acre/yr (2025)
A2: Region | B2: Island | C2: ArcGIS object ID | D2: Acres | E2: Elevation (categorical) | F2: 50/50 (R = Rice; MW = Managed Wetland) | G2: Wetland function | H2: Flood control | I2: Recreational fishing | J2: Amenity/recreation | K2: Water filtering | L2: Biodiversity | M2: Habitat nursery | N2: Recreational hunting | O2: Water supply | P2: Materials | Q2: Fuel wood | R2: Sum of all ten
A3: Suisun Marsh | B3: Suisun | D3: 41914 | F3: Tidal | H3: =IF($F3="Tidal", $D3*$F$49, 0) -> 14723969 | I3: =IF($F3="Tidal", $D3*$F$49, 0) -> 14723969 | J3: =IF($F3="Tidal", $D3*$F$49, 0) -> 14723969 | K3: =IF($F3="Tidal", $D3*$F$49, 0) -> 14723969 | L3: =IF($F3="Tidal", $D3*$F$49, 0) -> 14723969 | M3: =IF($F3="Tidal", $D3*$F$49, 0) -> 14723969 | N3: =IF($F3="Tidal", $D3*$F$49, 0) -> 14723969 | O3: =IF($F3="Tidal", $D3*$F$49, 0) -> 14723969 | ... R3: =IF($F3="Tidal", $D3*$F$49, 0) -> 14723969
A4: North Delta | B4: Grand Island | C4: 80 | D4: 16543 | E4: Mimimal | F4: R | G4: Grand Island | H4: =IF($F4="MW", $D4*$F$49, 0) -> 0 | I4: =IF($F4="MW", $D4*$F$50, 0) -> 0 | J4: =IF($F4="MW", $D4*$F$51, 0) -> 0 | K4: =IF($F4="MW", $D4*$F$52, 0) -> 0 | L4: =IF($F4="MW", $D4*$F$53, 0) -> 0 | M4: =IF($F4="MW", $D4*$F$54, 0) -> 0 | N4: =IF($F4="MW", $D4*$F$55, 0) -> 0 | O4: =IF($F4="MW", $D4*$F$56, 0) -> 0 | P4: =IF($F4="MW", $D4*$F$57, 0) -> 0 | Q4: =IF($F4="MW", $D4*$F$58, 0) -> 0 | R4: =IF($F4="MW", $D4*$F$59, 0) -> 0
A5: North Delta | B5: Ryer Island | C5: 76 | D5: 11798 | E5: Minimal | F5: R | G5: Ryer Island | H5: =IF($F5="MW", $D5*$F$49, 0) -> 0 | I5: =IF($F5="MW", $D5*$F$50, 0) -> 0 | J5: =IF($F5="MW", $D5*$F$51, 0) -> 0 | K5: =IF($F5="MW", $D5*$F$52, 0) -> 0 | L5: =IF($F5="MW", $D5*$F$53, 0) -> 0 | M5: =IF($F5="MW", $D5*$F$54, 0) -> 0 | N5: =IF($F5="MW", $D5*$F$55, 0) -> 0 | O5: =IF($F5="MW", $D5*$F$56, 0) -> 0 | P5: =IF($F5="MW", $D5*$F$57, 0) -> 0 | Q5: =IF($F5="MW", $D5*$F$58, 0) -> 0 | R5: =IF($F5="MW", $D5*$F$59, 0) -> 0
A6: North Delta | B6: Tyler Island | C6: 62 | D6: 8799 | E6: Minimal | F6: R | G6: Tyler Island | H6: =IF($F6="MW", $D6*$F$49, 0) -> 0 | I6: =IF($F6="MW", $D6*$F$50, 0) -> 0 | J6: =IF($F6="MW", $D6*$F$51, 0) -> 0 | K6: =IF($F6="MW", $D6*$F$52, 0) -> 0 | L6: =IF($F6="MW", $D6*$F$53, 0) -> 0 | M6: =IF($F6="MW", $D6*$F$54, 0) -> 0 | N6: =IF($F6="MW", $D6*$F$55, 0) -> 0 | O6: =IF($F6="MW", $D6*$F$56, 0) -> 0 | P6: =IF($F6="MW", $D6*$F$57, 0) -> 0 | Q6: =IF($F6="MW", $D6*$F$58, 0) -> 0 | R6: =IF($F6="MW", $D6*$F$59, 0) -> 0
A7: North Delta | B7: Staten Island | C7: 61 | D7: 9111 | E7: Moderate | F7: R | G7: Staten Island | H7: =IF($F7="MW", $D7*$F$49, 0) -> 0 | I7: =IF($F7="MW", $D7*$F$50, 0) -> 0 | J7: =IF($F7="MW", $D7*$F$51, 0) -> 0 | K7: =IF($F7="MW", $D7*$F$52, 0) -> 0 | L7: =IF($F7="MW", $D7*$F$53, 0) -> 0 | M7: =IF($F7="MW", $D7*$F$54, 0) -> 0 | N7: =IF($F7="MW", $D7*$F$55, 0) -> 0 | O7: =IF($F7="MW", $D7*$F$56, 0) -> 0 | P7: =IF($F7="MW", $D7*$F$57, 0) -> 0 | Q7: =IF($F7="MW", $D7*$F$58, 0) -> 0 | R7: =IF($F7="MW", $D7*$F$59, 0) -> 0
A8: North-Central | B8: Brannan Island | C8: 116 | D8: 12907 | E8: Severe | F8: MW | G8: Brannan Island | H8: =IF($F8="MW", $D8*$F$49, 0) -> 4534100 | I8: =IF($F8="MW", $D8*$F$50, 0) -> 3654617 | J8: =IF($F8="MW", $D8*$F$51, 0) -> 4807728.4 | K8: =IF($F8="MW", $D8*$F$52, 0) -> 2814242.3 | L8: =IF($F8="MW", $D8*$F$53, 0) -> 2091192.1 | M8: =IF($F8="MW", $D8*$F$54, 0) -> 1964058.2 | N8: =IF($F8="MW", $D8*$F$55, 0) -> 1201899.8 | O8: =IF($F8="MW", $D8*$F$56, 0) -> 439741.49 | P8: =IF($F8="MW", $D8*$F$57, 0) -> 439741.49 | Q8: =IF($F8="MW", $D8*$F$58, 0) -> 136814.2 | R8: =IF($F8="MW", $D8*$F$59, 0) -> 22084135
A9: South Delta | B9: Bouldin Island | C9: 57 | D9: 5936 | E9: Severe | F9: R | G9: Bouldin Island | H9: =IF($F9="MW", $D9*$F$49, 0) -> 0 | I9: =IF($F9="MW", $D9*$F$50, 0) -> 0 | J9: =IF($F9="MW", $D9*$F$51, 0) -> 0 | K9: =IF($F9="MW", $D9*$F$52, 0) -> 0 | L9: =IF($F9="MW", $D9*$F$53, 0) -> 0 | M9: =IF($F9="MW", $D9*$F$54, 0) -> 0 | N9: =IF($F9="MW", $D9*$F$55, 0) -> 0 | O9: =IF($F9="MW", $D9*$F$56, 0) -> 0 | P9: =IF($F9="MW", $D9*$F$57, 0) -> 0 | Q9: =IF($F9="MW", $D9*$F$58, 0) -> 0 | R9: =IF($F9="MW", $D9*$F$59, 0) -> 0
A10: South Delta | B10: Venice Island | C10: 49 | D10: 3094 | E10: Severe | F10: MW | G10: Venice Island | H10: =IF($F10="MW", $D10*$F$49, 0) -> 1086891.3 | I10: =IF($F10="MW", $D10*$F$50, 0) -> 876066.1 | J10: =IF($F10="MW", $D10*$F$51, 0) -> 1152484.1 | K10: =IF($F10="MW", $D10*$F$52, 0) -> 674615.76 | L10: =IF($F10="MW", $D10*$F$53, 0) -> 501289.88 | M10: =IF($F10="MW", $D10*$F$54, 0) -> 470813.98 | N10: =IF($F10="MW", $D10*$F$55, 0) -> 288113.28 | O10: =IF($F10="MW", $D10*$F$56, 0) -> 105412.58 | P10: =IF($F10="MW", $D10*$F$57, 0) -> 105412.58 | Q10: =IF($F10="MW", $D10*$F$58, 0) -> 32796.4 | R10: =IF($F10="MW", $D10*$F$59, 0) -> 5293895.9
A11: South Delta | B11: Medford Island | C11: 41 | D11: 1165 | E11: Moderate | F11: R | G11: Medford Island | H11: =IF($F11="MW", $D11*$F$49, 0) -> 0 | I11: =IF($F11="MW", $D11*$F$50, 0) -> 0 | J11: =IF($F11="MW", $D11*$F$51, 0) -> 0 | K11: =IF($F11="MW", $D11*$F$52, 0) -> 0 | L11: =IF($F11="MW", $D11*$F$53, 0) -> 0 | M11: =IF($F11="MW", $D11*$F$54, 0) -> 0 | N11: =IF($F11="MW", $D11*$F$55, 0) -> 0 | O11: =IF($F11="MW", $D11*$F$56, 0) -> 0 | P11: =IF($F11="MW", $D11*$F$57, 0) -> 0 | Q11: =IF($F11="MW", $D11*$F$58, 0) -> 0 | R11: =IF($F11="MW", $D11*$F$59, 0) -> 0
A12: South Delta | B12: Empire Tract | C12: 50 | D12: 3625 | E12: Moderate | F12: R | G12: Empire Tract | H12: =IF($F12="MW", $D12*$F$49, 0) -> 0 | I12: =IF($F12="MW", $D12*$F$50, 0) -> 0 | J12: =IF($F12="MW", $D12*$F$51, 0) -> 0 | K12: =IF($F12="MW", $D12*$F$52, 0) -> 0 | L12: =IF($F12="MW", $D12*$F$53, 0) -> 0 | M12: =IF($F12="MW", $D12*$F$54, 0) -> 0 | N12: =IF($F12="MW", $D12*$F$55, 0) -> 0 | O12: =IF($F12="MW", $D12*$F$56, 0) -> 0 | P12: =IF($F12="MW", $D12*$F$57, 0) -> 0 | Q12: =IF($F12="MW", $D12*$F$58, 0) -> 0 | R12: =IF($F12="MW", $D12*$F$59, 0) -> 0
A13: South Delta | B13: King Island | C13: 46 | D13: 3216 | E13: Minimal | F13: R | G13: King Island | H13: =IF($F13="MW", $D13*$F$49, 0) -> 0 | I13: =IF($F13="MW", $D13*$F$50, 0) -> 0 | J13: =IF($F13="MW", $D13*$F$51, 0) -> 0 | K13: =IF($F13="MW", $D13*$F$52, 0) -> 0 | L13: =IF($F13="MW", $D13*$F$53, 0) -> 0 | M13: =IF($F13="MW", $D13*$F$54, 0) -> 0 | N13: =IF($F13="MW", $D13*$F$55, 0) -> 0 | O13: =IF($F13="MW", $D13*$F$56, 0) -> 0 | P13: =IF($F13="MW", $D13*$F$57, 0) -> 0 | Q13: =IF($F13="MW", $D13*$F$58, 0) -> 0 | R13: =IF($F13="MW", $D13*$F$59, 0) -> 0
A14: North-South | B14: Terminous Tract | C14: 58 | D14: 10358 | E14: Minimal | F14: R | G14: Terminous Tract | H14: =IF($F14="MW", $D14*$F$49, 0) -> 0 | I14: =IF($F14="MW", $D14*$F$50, 0) -> 0 | J14: =IF($F14="MW", $D14*$F$51, 0) -> 0 | K14: =IF($F14="MW", $D14*$F$52, 0) -> 0 | L14: =IF($F14="MW", $D14*$F$53, 0) -> 0 | M14: =IF($F14="MW", $D14*$F$54, 0) -> 0 | N14: =IF($F14="MW", $D14*$F$55, 0) -> 0 | O14: =IF($F14="MW", $D14*$F$56, 0) -> 0 | P14: =IF($F14="MW", $D14*$F$57, 0) -> 0 | Q14: =IF($F14="MW", $D14*$F$58, 0) -> 0 | R14: =IF($F14="MW", $D14*$F$59, 0) -> 0
A15: South Delta | B15: Rindge Tract | C15: 40 | D15: 6743 | E15: Moderate | F15: MW | G15: Rindge Tract | H15: =IF($F15="MW", $D15*$F$49, 0) -> 2368748.5 | I15: =IF($F15="MW", $D15*$F$50, 0) -> 1909280.4 | J15: =IF($F15="MW", $D15*$F$51, 0) -> 2511700.1 | K15: =IF($F15="MW", $D15*$F$52, 0) -> 1470243.7 | L15: =IF($F15="MW", $D15*$F$53, 0) -> 1092500.9 | M15: =IF($F15="MW", $D15*$F$54, 0) -> 1026082.3 | N15: =IF($F15="MW", $D15*$F$55, 0) -> 627908.16 | O15: =IF($F15="MW", $D15*$F$56, 0) -> 229734.01 | P15: =IF($F15="MW", $D15*$F$57, 0) -> 229734.01 | Q15: =IF($F15="MW", $D15*$F$58, 0) -> 71475.8 | R15: =IF($F15="MW", $D15*$F$59, 0) -> 11537408
... A19: South Delta | B19: Rough and Ready | C19: 25 | D19: 1401 | E19: Minimal | F19: MW | G19: Rough and Ready | H19: =IF($F19="MW", $D19*$F$49, 0) -> 492157.29 | I19: =IF($F19="MW", $D19*$F$50, 0) -> 396693.15 | J19: =IF($F19="MW", $D19*$F$51, 0) -> 521858.49 | K19: =IF($F19="MW", $D19*$F$52, 0) -> 305474.04 | L19: =IF($F19="MW", $D19*$F$53, 0) -> 226990.02 | M19: =IF($F19="MW", $D19*$F$54, 0) -> 213190.17 | N19: =IF($F19="MW", $D19*$F$55, 0) -> 130461.12 | O19: =IF($F19="MW", $D19*$F$56, 0) -> 47732.07 | P19: =IF($F19="MW", $D19*$F$57, 0) -> 47732.07 | Q19: =IF($F19="MW", $D19*$F$58, 0) -> 14850.6 | R19: =IF($F19="MW", $D19*$F$59, 0) -> 2397139
A20: South Delta | B20: Roberts Island | C20: 31 + 22 + 12+23+ 8 | D20: 35663 | E20: Minimal | F20: R | G20: Roberts Island | H20: =IF($F20="MW", $D20*$F$49, 0) -> 0 | I20: =IF($F20="MW", $D20*$F$50, 0) -> 0 | J20: =IF($F20="MW", $D20*$F$51, 0) -> 0 | K20: =IF($F20="MW", $D20*$F$52, 0) -> 0 | L20: =IF($F20="MW", $D20*$F$53, 0) -> 0 | M20: =IF($F20="MW", $D20*$F$54, 0) -> 0 | N20: =IF($F20="MW", $D20*$F$55, 0) -> 0 | O20: =IF($F20="MW", $D20*$F$56, 0) -> 0 | P20: =IF($F20="MW", $D20*$F$57, 0) -> 0 | Q20: =IF($F20="MW", $D20*$F$58, 0) -> 0 | R20: =IF($F20="MW", $D20*$F$59, 0) -> 0
A21: South Delta | B21: Union Island | C21: 9 | D21: 24750 | E21: Minimal | F21: R | G21: Union Island | H21: =IF($F21="MW", $D21*$F$49, 0) -> 0 | I21: =IF($F21="MW", $D21*$F$50, 0) -> 0 | J21: =IF($F21="MW", $D21*$F$51, 0) -> 0 | K21: =IF($F21="MW", $D21*$F$52, 0) -> 0 | L21: =IF($F21="MW", $D21*$F$53, 0) -> 0 | M21: =IF($F21="MW", $D21*$F$54, 0) -> 0 | N21: =IF($F21="MW", $D21*$F$55, 0) -> 0 | O21: =IF($F21="MW", $D21*$F$56, 0) -> 0 | P21: =IF($F21="MW", $D21*$F$57, 0) -> 0 | Q21: =IF($F21="MW", $D21*$F$58, 0) -> 0 | R21: =IF($F21="MW", $D21*$F$59, 0) -> 0
A22: South Delta | B22: Victoria Island | C22: 10 | D22: 7193 | E22: Minimal | F22: MW | G22: Victoria Island | H22: =IF($F22="MW", $D22*$F$49, 0) -> 2526829 | I22: =IF($F22="MW", $D22*$F$50, 0) -> 2036697.9 | J22: =IF($F22="MW", $D22*$F$51, 0) -> 2679320.6 | K22: =IF($F22="MW", $D22*$F$52, 0) -> 1568361.7 | L22: =IF($F22="MW", $D22*$F$53, 0) -> 1165409.9 | M22: =IF($F22="MW", $D22*$F$54, 0) -> 1094558.8 | N22: =IF($F22="MW", $D22*$F$55, 0) -> 669812.16 | O22: =IF($F22="MW", $D22*$F$56, 0) -> 245065.51 | P22: =IF($F22="MW", $D22*$F$57, 0) -> 245065.51 | Q22: =IF($F22="MW", $D22*$F$58, 0) -> 76245.8 | R22: =IF($F22="MW", $D22*$F$59, 0) -> 12307367
A23: South Delta | B23: Woodward Island | C23: 18 | D23: 1809 | E23: Minimal | F23: MW | G23: Woodward Island | H23: =IF($F23="MW", $D23*$F$49, 0) -> 635483.61 | I23: =IF($F23="MW", $D23*$F$50, 0) -> 512218.35 | J23: =IF($F23="MW", $D23*$F$51, 0) -> 673834.41 | K23: =IF($F23="MW", $D23*$F$52, 0) -> 394434.36 | L23: =IF($F23="MW", $D23*$F$53, 0) -> 293094.18 | M23: =IF($F23="MW", $D23*$F$54, 0) -> 275275.53 | N23: =IF($F23="MW", $D23*$F$55, 0) -> 168454.08 | O23: =IF($F23="MW", $D23*$F$56, 0) -> 61632.63 | P23: =IF($F23="MW", $D23*$F$57, 0) -> 61632.63 | Q23: =IF($F23="MW", $D23*$F$58, 0) -> 19175.4 | R23: =IF($F23="MW", $D23*$F$59, 0) -> 3095235.2
A24: South Delta | B24: Coney Island | C24: 6 | D24: 965 | E24: Minimal | F24: MW | G24: Coney Island | H24: =IF($F24="MW", $D24*$F$49, 0) -> 338994.85 | I24: =IF($F24="MW", $D24*$F$50, 0) -> 273239.75 | J24: =IF($F24="MW", $D24*$F$51, 0) -> 359452.85 | K24: =IF($F24="MW", $D24*$F$52, 0) -> 210408.6 | L24: =IF($F24="MW", $D24*$F$53, 0) -> 156349.3 | M24: =IF($F24="MW", $D24*$F$54, 0) -> 146844.05 | N24: =IF($F24="MW", $D24*$F$55, 0) -> 89860.8 | O24: =IF($F24="MW", $D24*$F$56, 0) -> 32877.55 | P24: =IF($F24="MW", $D24*$F$57, 0) -> 32877.55 | Q24: =IF($F24="MW", $D24*$F$58, 0) -> 10229 | R24: =IF($F24="MW", $D24*$F$59, 0) -> 1651134.3
A25: South Delta | B25: Orowood Tract | C25: 20 | D25: 2383 | E25: Minimal | F25: MW | G25: Orowood Tract | H25: =IF($F25="MW", $D25*$F$49, 0) -> 837124.07 | I25: =IF($F25="MW", $D25*$F$50, 0) -> 674746.45 | J25: =IF($F25="MW", $D25*$F$51, 0) -> 887643.67 | K25: =IF($F25="MW", $D25*$F$52, 0) -> 519589.32 | L25: =IF($F25="MW", $D25*$F$53, 0) -> 386093.66 | M25: =IF($F25="MW", $D25*$F$54, 0) -> 362621.11 | N25: =IF($F25="MW", $D25*$F$55, 0) -> 221904.96 | O25: =IF($F25="MW", $D25*$F$56, 0) -> 81188.81 | P25: =IF($F25="MW", $D25*$F$57, 0) -> 81188.81 | Q25: =IF($F25="MW", $D25*$F$58, 0) -> 25259.8 | R25: =IF($F25="MW", $D25*$F$59, 0) -> 4077360.7
A26: South Delta | B26: Palm Tract | C26: 27 | D26: 2470 | E26: Minimal | F26: MW | G26: Palm Tract | H26: =IF($F26="MW", $D26*$F$49, 0) -> 867686.3 | I26: =IF($F26="MW", $D26*$F$50, 0) -> 699380.5 | J26: =IF($F26="MW", $D26*$F$51, 0) -> 920050.3 | K26: =IF($F26="MW", $D26*$F$52, 0) -> 538558.8 | L26: =IF($F26="MW", $D26*$F$53, 0) -> 400189.4 | M26: =IF($F26="MW", $D26*$F$54, 0) -> 375859.9 | N26: =IF($F26="MW", $D26*$F$55, 0) -> 230006.4 | O26: =IF($F26="MW", $D26*$F$56, 0) -> 84152.9 | P26: =IF($F26="MW", $D26*$F$57, 0) -> 84152.9 | Q26: =IF($F26="MW", $D26*$F$58, 0) -> 26182 | R26: =IF($F26="MW", $D26*$F$59, 0) -> 4226219.4
A27: South Delta | B27: Bacon Island | C27: 32 | D27: 5533 | E27: Severe | F27: MW | G27: Bacon Island | H27: =IF($F27="MW", $D27*$F$49, 0) -> 1943687.6 | I27: =IF($F27="MW", $D27*$F$50, 0) -> 1566668.9 | J27: =IF($F27="MW", $D27*$F$51, 0) -> 2060987.2 | K27: =IF($F27="MW", $D27*$F$52, 0) -> 1206415.3 | L27: =IF($F27="MW", $D27*$F$53, 0) -> 896456.66 | M27: =IF($F27="MW", $D27*$F$54, 0) -> 841956.61 | N27: =IF($F27="MW", $D27*$F$55, 0) -> 515232.96 | O27: =IF($F27="MW", $D27*$F$56, 0) -> 188509.31 | P27: =IF($F27="MW", $D27*$F$57, 0) -> 188509.31 | Q27: =IF($F27="MW", $D27*$F$58, 0) -> 58649.8 | R27: =IF($F27="MW", $D27*$F$59, 0) -> 9467073.7
A28: South Delta | B28: Holland Tract | C28: 35 | D28: 4214 | E28: Minimal | F28: MW | G28: Holland Tract | H28: =IF($F28="MW", $D28*$F$49, 0) -> 1480336.1 | I28: =IF($F28="MW", $D28*$F$50, 0) -> 1193194.1 | J28: =IF($F28="MW", $D28*$F$51, 0) -> 1569672.9 | K28: =IF($F28="MW", $D28*$F$52, 0) -> 918820.56 | L28: =IF($F28="MW", $D28*$F$53, 0) -> 682752.28 | M28: =IF($F28="MW", $D28*$F$54, 0) -> 641244.38 | N28: =IF($F28="MW", $D28*$F$55, 0) -> 392407.68 | O28: =IF($F28="MW", $D28*$F$56, 0) -> 143570.98 | P28: =IF($F28="MW", $D28*$F$57, 0) -> 143570.98 | Q28: =IF($F28="MW", $D28*$F$58, 0) -> 44668.4 | R28: =IF($F28="MW", $D28*$F$59, 0) -> 7210238.3
A29: South Delta | B29: Quinby Island | C29: 36 | D29: 774 | E29: Moderate | F29: MW | G29: Quinby Island | H29: =IF($F29="MW", $D29*$F$49, 0) -> 271898.46 | I29: =IF($F29="MW", $D29*$F$50, 0) -> 219158.1 | J29: =IF($F29="MW", $D29*$F$51, 0) -> 288307.26 | K29: =IF($F29="MW", $D29*$F$52, 0) -> 168762.96 | L29: =IF($F29="MW", $D29*$F$53, 0) -> 125403.48 | M29: =IF($F29="MW", $D29*$F$54, 0) -> 117779.58 | N29: =IF($F29="MW", $D29*$F$55, 0) -> 72074.88 | O29: =IF($F29="MW", $D29*$F$56, 0) -> 26370.18 | P29: =IF($F29="MW", $D29*$F$57, 0) -> 26370.18 | Q29: =IF($F29="MW", $D29*$F$58, 0) -> 8204.4 | R29: =IF($F29="MW", $D29*$F$59, 0) -> 1324329.5
A30: South Delta | B30: Mandeville Island | C30: 44 | D30: 5217 | E30: Severe | F30: MW | G30: Mandeville Island | H30: =IF($F30="MW", $D30*$F$49, 0) -> 1832679.9 | I30: =IF($F30="MW", $D30*$F$50, 0) -> 1477193.5 | J30: =IF($F30="MW", $D30*$F$51, 0) -> 1943280.3 | K30: =IF($F30="MW", $D30*$F$52, 0) -> 1137514.7 | L30: =IF($F30="MW", $D30*$F$53, 0) -> 845258.34 | M30: =IF($F30="MW", $D30*$F$54, 0) -> 793870.89 | N30: =IF($F30="MW", $D30*$F$55, 0) -> 485807.04 | O30: =IF($F30="MW", $D30*$F$56, 0) -> 177743.19 | P30: =IF($F30="MW", $D30*$F$57, 0) -> 177743.19 | Q30: =IF($F30="MW", $D30*$F$58, 0) -> 55300.2 | R30: =IF($F30="MW", $D30*$F$59, 0) -> 8926391.3
A31: Central Delta | B31: Franks Tract | D31: 1380 | E31: Flooded | F31: MW | G31: Franks Tract | H31: =IF($F31="MW", $D31*$F$49, 0) -> 484780.2 | I31: =IF($F31="MW", $D31*$F$50, 0) -> 390747 | J31: =IF($F31="MW", $D31*$F$51, 0) -> 514036.2 | K31: =IF($F31="MW", $D31*$F$52, 0) -> 300895.2 | L31: =IF($F31="MW", $D31*$F$53, 0) -> 223587.6 | M31: =IF($F31="MW", $D31*$F$54, 0) -> 209994.6 | N31: =IF($F31="MW", $D31*$F$55, 0) -> 128505.6 | O31: =IF($F31="MW", $D31*$F$56, 0) -> 47016.6 | P31: =IF($F31="MW", $D31*$F$57, 0) -> 47016.6 | Q31: =IF($F31="MW", $D31*$F$58, 0) -> 14628 | R31: =IF($F31="MW", $D31*$F$59, 0) -> 2361207.6
A32: Central Delta | B32: Bethel Island | C32: 39 | D32: 3220 | E32: Minimal | F32: MW | G32: Bethel Island | H32: =IF($F32="MW", $D32*$F$49, 0) -> 1131153.8 | I32: =IF($F32="MW", $D32*$F$50, 0) -> 911743 | J32: =IF($F32="MW", $D32*$F$51, 0) -> 1199417.8 | K32: =IF($F32="MW", $D32*$F$52, 0) -> 702088.8 | L32: =IF($F32="MW", $D32*$F$53, 0) -> 521704.4 | M32: =IF($F32="MW", $D32*$F$54, 0) -> 489987.4 | N32: =IF($F32="MW", $D32*$F$55, 0) -> 299846.4 | O32: =IF($F32="MW", $D32*$F$56, 0) -> 109705.4 | P32: =IF($F32="MW", $D32*$F$57, 0) -> 109705.4 | Q32: =IF($F32="MW", $D32*$F$58, 0) -> 34132 | R32: =IF($F32="MW", $D32*$F$59, 0) -> 5509484.4
A33: Central Delta | B33: Jersey Island | C33: 43 | D33: 3459 | E33: Moderate | F33: MW | G33: Jersey Island | H33: =IF($F33="MW", $D33*$F$49, 0) -> 1215112.1 | I33: =IF($F33="MW", $D33*$F$50, 0) -> 979415.85 | J33: =IF($F33="MW", $D33*$F$51, 0) -> 1288442.9 | K33: =IF($F33="MW", $D33*$F$52, 0) -> 754200.36 | L33: =IF($F33="MW", $D33*$F$53, 0) -> 560427.18 | M33: =IF($F33="MW", $D33*$F$54, 0) -> 526356.03 | N33: =IF($F33="MW", $D33*$F$55, 0) -> 322102.08 | O33: =IF($F33="MW", $D33*$F$56, 0) -> 117848.13 | P33: =IF($F33="MW", $D33*$F$57, 0) -> 117848.13 | Q33: =IF($F33="MW", $D33*$F$58, 0) -> 36665.4 | R33: =IF($F33="MW", $D33*$F$59, 0) -> 5918418.2
A34: Central Delta | B34: Webb Tract | C34: 53 | D34: 5436 | E34: Severe | F34: MW | G34: Webb Tract | H34: =IF($F34="MW", $D34*$F$49, 0) -> 1909612.4 | I34: =IF($F34="MW", $D34*$F$50, 0) -> 1539203.4 | J34: =IF($F34="MW", $D34*$F$51, 0) -> 2024855.6 | K34: =IF($F34="MW", $D34*$F$52, 0) -> 1185265.4 | L34: =IF($F34="MW", $D34*$F$53, 0) -> 880740.72 | M34: =IF($F34="MW", $D34*$F$54, 0) -> 827196.12 | N34: =IF($F34="MW", $D34*$F$55, 0) -> 506200.32 | O34: =IF($F34="MW", $D34*$F$56, 0) -> 185204.52 | P34: =IF($F34="MW", $D34*$F$57, 0) -> 185204.52 | Q34: =IF($F34="MW", $D34*$F$58, 0) -> 57621.6 | R34: =IF($F34="MW", $D34*$F$59, 0) -> 9301104.7
A35: Central Delta | B35: Bradford Island | C35: 52 | D35: 2135 | E35: Severe | F35: MW | G35: Bradford Island | H35: =IF($F35="MW", $D35*$F$49, 0) -> 750004.15 | I35: =IF($F35="MW", $D35*$F$50, 0) -> 604525.25 | J35: =IF($F35="MW", $D35*$F$51, 0) -> 795266.15 | K35: =IF($F35="MW", $D35*$F$52, 0) -> 465515.4 | L35: =IF($F35="MW", $D35*$F$53, 0) -> 345912.7 | M35: =IF($F35="MW", $D35*$F$54, 0) -> 324882.95 | N35: =IF($F35="MW", $D35*$F$55, 0) -> 198811.2 | O35: =IF($F35="MW", $D35*$F$56, 0) -> 72739.45 | P35: =IF($F35="MW", $D35*$F$57, 0) -> 72739.45 | Q35: =IF($F35="MW", $D35*$F$58, 0) -> 22631 | R35: =IF($F35="MW", $D35*$F$59, 0) -> 3653027.7
A36: Central Delta | B36: Sherman Island | C36: 54 | D36: 10178 | E36: Severe | F36: MW | G36: Sherman Island | H36: =IF($F36="MW", $D36*$F$49, 0) -> 3575429.6 | I36: =IF($F36="MW", $D36*$F$50, 0) -> 2881900.7 | J36: =IF($F36="MW", $D36*$F$51, 0) -> 3791203.2 | K36: =IF($F36="MW", $D36*$F$52, 0) -> 2219211.1 | L36: =IF($F36="MW", $D36*$F$53, 0) -> 1649039.6 | M36: =IF($F36="MW", $D36*$F$54, 0) -> 1548786.3 | N36: =IF($F36="MW", $D36*$F$55, 0) -> 947775.36 | O36: =IF($F36="MW", $D36*$F$56, 0) -> 346764.46 | P36: =IF($F36="MW", $D36*$F$57, 0) -> 346764.46 | Q36: =IF($F36="MW", $D36*$F$58, 0) -> 107886.8 | R36: =IF($F36="MW", $D36*$F$59, 0) -> 17414762
A37: Central Delta | B37: Twitchell Island | C37: 55 | D37: 3559 | E37: Severe | F37: MW | G37: Twitchell Island | H37: =IF($F37="MW", $D37*$F$49, 0) -> 1250241.1 | I37: =IF($F37="MW", $D37*$F$50, 0) -> 1007730.8 | J37: =IF($F37="MW", $D37*$F$51, 0) -> 1325691.9 | K37: =IF($F37="MW", $D37*$F$52, 0) -> 776004.36 | L37: =IF($F37="MW", $D37*$F$53, 0) -> 576629.18 | M37: =IF($F37="MW", $D37*$F$54, 0) -> 541573.03 | N37: =IF($F37="MW", $D37*$F$55, 0) -> 331414.08 | O37: =IF($F37="MW", $D37*$F$56, 0) -> 121255.13 | P37: =IF($F37="MW", $D37*$F$57, 0) -> 121255.13 | Q37: =IF($F37="MW", $D37*$F$58, 0) -> 37725.4 | R37: =IF($F37="MW", $D37*$F$59, 0) -> 6089520.2
A38: North Delta | B38: Dead Horse Island | C38: 63 | D38: 208 | E38: Minimal | F38: R | G38: Dead Horse Island | H38: =IF($F38="MW", $D38*$F$49, 0) -> 0 | I38: =IF($F38="MW", $D38*$F$50, 0) -> 0 | J38: =IF($F38="MW", $D38*$F$51, 0) -> 0 | K38: =IF($F38="MW", $D38*$F$52, 0) -> 0 | L38: =IF($F38="MW", $D38*$F$53, 0) -> 0 | M38: =IF($F38="MW", $D38*$F$54, 0) -> 0 | N38: =IF($F38="MW", $D38*$F$55, 0) -> 0 | O38: =IF($F38="MW", $D38*$F$56, 0) -> 0 | P38: =IF($F38="MW", $D38*$F$57, 0) -> 0 | Q38: =IF($F38="MW", $D38*$F$58, 0) -> 0 | R38: =IF($F38="MW", $D38*$F$59, 0) -> 0
A39: North Delta | B39: Sutter Island | C39: 87 | D39: 2514 | E39: Minimal | F39: R | G39: Sutter Island | H39: =IF($F39="MW", $D39*$F$49, 0) -> 0 | I39: =IF($F39="MW", $D39*$F$50, 0) -> 0 | J39: =IF($F39="MW", $D39*$F$51, 0) -> 0 | K39: =IF($F39="MW", $D39*$F$52, 0) -> 0 | L39: =IF($F39="MW", $D39*$F$53, 0) -> 0 | M39: =IF($F39="MW", $D39*$F$54, 0) -> 0 | N39: =IF($F39="MW", $D39*$F$55, 0) -> 0 | O39: =IF($F39="MW", $D39*$F$56, 0) -> 0 | P39: =IF($F39="MW", $D39*$F$57, 0) -> 0 | Q39: =IF($F39="MW", $D39*$F$58, 0) -> 0 | R39: =IF($F39="MW", $D39*$F$59, 0) -> 0
A40: North Delta | B40: New Hope Tract | C40: 89 | D40: 9211 | E40: Minimal | F40: R | G40: New Hope Tract | H40: =IF($F40="MW", $D40*$F$49, 0) -> 0 | I40: =IF($F40="MW", $D40*$F$50, 0) -> 0 | J40: =IF($F40="MW", $D40*$F$51, 0) -> 0 | K40: =IF($F40="MW", $D40*$F$52, 0) -> 0 | L40: =IF($F40="MW", $D40*$F$53, 0) -> 0 | M40: =IF($F40="MW", $D40*$F$54, 0) -> 0 | N40: =IF($F40="MW", $D40*$F$55, 0) -> 0 | O40: =IF($F40="MW", $D40*$F$56, 0) -> 0 | P40: =IF($F40="MW", $D40*$F$57, 0) -> 0 | Q40: =IF($F40="MW", $D40*$F$58, 0) -> 0 | R40: =IF($F40="MW", $D40*$F$59, 0) -> 0
A41: North Delta | B41: Canal Ranch Tract | C41: 60 | D41: 2936 | E41: Minimal | F41: R | G41: Canal Ranch Tract | H41: =IF($F41="MW", $D41*$F$49, 0) -> 0 | I41: =IF($F41="MW", $D41*$F$50, 0) -> 0 | J41: =IF($F41="MW", $D41*$F$51, 0) -> 0 | K41: =IF($F41="MW", $D41*$F$52, 0) -> 0 | L41: =IF($F41="MW", $D41*$F$53, 0) -> 0 | M41: =IF($F41="MW", $D41*$F$54, 0) -> 0 | N41: =IF($F41="MW", $D41*$F$55, 0) -> 0 | O41: =IF($F41="MW", $D41*$F$56, 0) -> 0 | P41: =IF($F41="MW", $D41*$F$57, 0) -> 0 | Q41: =IF($F41="MW", $D41*$F$58, 0) -> 0 | R41: =IF($F41="MW", $D41*$F$59, 0) -> 0
B42: Total Acreage | D42: =SUM(D8,D10,D15:D19,D22:D37) -> 104362 | G42: Totals per Benefit | H42: =SUM(H4:H41) -> 36661327 | I42: =SUM(I4:I41) -> 29550100 | J42: =SUM(J4:J41) -> 38873801 | K42: =SUM(K4:K41) -> 22755090 | L42: =SUM(L4:L41) -> 16908731 | M42: =SUM(M4:M41) -> 15880766 | N42: =SUM(N4:N41) -> 9718189.4 | O42: =SUM(O4:O41) -> 3555613.3 | ... R42: =SUM(R4:R41) -> 1.7856547e+08
E44: Total Rice Acreage | F44: 128001
E45: Proportion of Rice Acres | F45: 0.514
C46: Key:
C47: grey = restoration/managed wetlands
C48: tan - Wet soil agriculture (rice) | D48: Wetland function | E48: US$/acre/yr (2000) | F48: US$/acre/yr (2025)
D49: Flood control | E49: 187.77 | F49: 351.29
D50: Recreational fishing | E50: 151.35 | F50: 283.15
D51: Amenity/recreation | E51: 199.11 | F51: 372.49
D52: Water filtering | E52: 116.55 | F52: 218.04
D53: Biodiversity | E53: 86.6 | F53: 162.02
D54: Habitat nursery | E54: 81.34 | F54: 152.17
D55: Recreational hunting | E55: 49.78 | F55: 93.12
D56: Water supply | E56: 18.21 | F56: 34.07
D57: Materials | E57: 18.21 | F57: 34.07
D58: Fuel wood | E58: 5.67 | F58: 10.6
D59: Sum of all ten | E59: 914.59 | F59: 1711.02

Sheet 25% Restoration ($)
H1: Benefits US$/acre/yr (2025)
A2: Region | B2: Island | C2: ArcGIS object ID | D2: Acres | E2: Elevation (categorical) | F2: Landcover Type (R = Rice; MW = managed wetland) | G2: Wetland function | H2: Flood control | I2: Recreational fishing | J2: Amenity/recreation | K2: Water filtering | L2: Biodiversity | M2: Habitat nursery | N2: Recreational hunting | O2: Water supply | P2: Materials | Q2: Fuel wood | R2: Sum of all ten
A3: Suisun Marsh | B3: Suisun | D3: 41914 | F3: Tidal | H3: =IF($F3="Tidal", $D3*$F$52, 0) -> 14723969 | I3: =IF($F3="Tidal", $D3*$F$52, 0) -> 14723969 | J3: =IF($F3="Tidal", $D3*$F$52, 0) -> 14723969 | K3: =IF($F3="Tidal", $D3*$F$52, 0) -> 14723969 | L3: =IF($F3="Tidal", $D3*$F$52, 0) -> 14723969 | M3: =IF($F3="Tidal", $D3*$F$52, 0) -> 14723969 | N3: =IF($F3="Tidal", $D3*$F$52, 0) -> 14723969 | O3: =IF($F3="Tidal", $D3*$F$52, 0) -> 14723969 | ... R3: =IF($F3="Tidal", $D3*$F$52, 0) -> 14723969
A4: North Delta | B4: Grand Island | C4: 80 | D4: 16543 | E4: Mimimal | F4: R | G4: Grand Island | H4: =IF($F4="MW", $D4*$F$52, 0) -> 0 | I4: =IF($F4="MW", $D4*$F$53, 0) -> 0 | J4: =IF($F4="MW", $D4*$F$54, 0) -> 0 | K4: =IF($F4="MW", $D4*$F$55, 0) -> 0 | L4: =IF($F4="MW", $D4*$F$56, 0) -> 0 | M4: =IF($F4="MW", $D4*$F$57, 0) -> 0 | N4: =IF($F4="MW", $D4*$F$58, 0) -> 0 | O4: =IF($F4="MW", $D4*$F$59, 0) -> 0 | P4: =IF($F4="MW", $D4*$F$60, 0) -> 0 | Q4: =IF($F4="MW", $D4*$F$61, 0) -> 0 | R4: =IF($F4="MW", $D4*$F$62, 0) -> 0
A5: North Delta | B5: Ryer Island | C5: 76 | D5: 11798 | E5: Minimal | F5: R | G5: Ryer Island | H5: =IF($F5="MW", $D5*$F$52, 0) -> 0 | I5: =IF($F5="MW", $D5*$F$53, 0) -> 0 | J5: =IF($F5="MW", $D5*$F$54, 0) -> 0 | K5: =IF($F5="MW", $D5*$F$55, 0) -> 0 | L5: =IF($F5="MW", $D5*$F$56, 0) -> 0 | M5: =IF($F5="MW", $D5*$F$57, 0) -> 0 | N5: =IF($F5="MW", $D5*$F$58, 0) -> 0 | O5: =IF($F5="MW", $D5*$F$59, 0) -> 0 | P5: =IF($F5="MW", $D5*$F$60, 0) -> 0 | Q5: =IF($F5="MW", $D5*$F$61, 0) -> 0 | R5: =IF($F5="MW", $D5*$F$62, 0) -> 0
A6: North Delta | B6: Tyler Island | C6: 62 | D6: 8799 | E6: Minimal | F6: R | G6: Tyler Island | H6: =IF($F6="MW", $D6*$F$52, 0) -> 0 | I6: =IF($F6="MW", $D6*$F$53, 0) -> 0 | J6: =IF($F6="MW", $D6*$F$54, 0) -> 0 | K6: =IF($F6="MW", $D6*$F$55, 0) -> 0 | L6: =IF($F6="MW", $D6*$F$56, 0) -> 0 | M6: =IF($F6="MW", $D6*$F$57, 0) -> 0 | N6: =IF($F6="MW", $D6*$F$58, 0) -> 0 | O6: =IF($F6="MW", $D6*$F$59, 0) -> 0 | P6: =IF($F6="MW", $D6*$F$60, 0) -> 0 | Q6: =IF($F6="MW", $D6*$F$61, 0) -> 0 | R6: =IF($F6="MW", $D6*$F$62, 0) -> 0
A7: North Delta | B7: Staten Island | C7: 61 | D7: 9111 | E7: Moderate | F7: R | G7: Staten Island | H7: =IF($F7="MW", $D7*$F$52, 0) -> 0 | I7: =IF($F7="MW", $D7*$F$53, 0) -> 0 | J7: =IF($F7="MW", $D7*$F$54, 0) -> 0 | K7: =IF($F7="MW", $D7*$F$55, 0) -> 0 | L7: =IF($F7="MW", $D7*$F$56, 0) -> 0 | M7: =IF($F7="MW", $D7*$F$57, 0) -> 0 | N7: =IF($F7="MW", $D7*$F$58, 0) -> 0 | O7: =IF($F7="MW", $D7*$F$59, 0) -> 0 | P7: =IF($F7="MW", $D7*$F$60, 0) -> 0 | Q7: =IF($F7="MW", $D7*$F$61, 0) -> 0 | R7: =IF($F7="MW", $D7*$F$62, 0) -> 0
A8: North-Central | B8: Brannan Island | C8: 116 | D8: 12907 | E8: Severe | F8: R | G8: Brannan Island | H8: =IF($F8="MW", $D8*$F$52, 0) -> 0 | I8: =IF($F8="MW", $D8*$F$53, 0) -> 0 | J8: =IF($F8="MW", $D8*$F$54, 0) -> 0 | K8: =IF($F8="MW", $D8*$F$55, 0) -> 0 | L8: =IF($F8="MW", $D8*$F$56, 0) -> 0 | M8: =IF($F8="MW", $D8*$F$57, 0) -> 0 | N8: =IF($F8="MW", $D8*$F$58, 0) -> 0 | O8: =IF($F8="MW", $D8*$F$59, 0) -> 0 | P8: =IF($F8="MW", $D8*$F$60, 0) -> 0 | Q8: =IF($F8="MW", $D8*$F$61, 0) -> 0 | R8: =IF($F8="MW", $D8*$F$62, 0) -> 0
A9: South Delta | B9: Bouldin Island | C9: 57 | D9: 5936 | E9: Severe | F9: R | G9: Bouldin Island | H9: =IF($F9="MW", $D9*$F$52, 0) -> 0 | I9: =IF($F9="MW", $D9*$F$53, 0) -> 0 | J9: =IF($F9="MW", $D9*$F$54, 0) -> 0 | K9: =IF($F9="MW", $D9*$F$55, 0) -> 0 | L9: =IF($F9="MW", $D9*$F$56, 0) -> 0 | M9: =IF($F9="MW", $D9*$F$57, 0) -> 0 | N9: =IF($F9="MW", $D9*$F$58, 0) -> 0 | O9: =IF($F9="MW", $D9*$F$59, 0) -> 0 | P9: =IF($F9="MW", $D9*$F$60, 0) -> 0 | Q9: =IF($F9="MW", $D9*$F$61, 0) -> 0 | R9: =IF($F9="MW", $D9*$F$62, 0) -> 0
A10: South Delta | B10: Venice Island | C10: 49 | D10: 3094 | E10: Severe | F10: R | G10: Venice Island | H10: =IF($F10="MW", $D10*$F$52, 0) -> 0 | I10: =IF($F10="MW", $D10*$F$53, 0) -> 0 | J10: =IF($F10="MW", $D10*$F$54, 0) -> 0 | K10: =IF($F10="MW", $D10*$F$55, 0) -> 0 | L10: =IF($F10="MW", $D10*$F$56, 0) -> 0 | M10: =IF($F10="MW", $D10*$F$57, 0) -> 0 | N10: =IF($F10="MW", $D10*$F$58, 0) -> 0 | O10: =IF($F10="MW", $D10*$F$59, 0) -> 0 | P10: =IF($F10="MW", $D10*$F$60, 0) -> 0 | Q10: =IF($F10="MW", $D10*$F$61, 0) -> 0 | R10: =IF($F10="MW", $D10*$F$62, 0) -> 0
A11: South Delta | B11: Medford Island | C11: 41 | D11: 1165 | E11: Moderate | F11: R | G11: Medford Island | H11: =IF($F11="MW", $D11*$F$52, 0) -> 0 | I11: =IF($F11="MW", $D11*$F$53, 0) -> 0 | J11: =IF($F11="MW", $D11*$F$54, 0) -> 0 | K11: =IF($F11="MW", $D11*$F$55, 0) -> 0 | L11: =IF($F11="MW", $D11*$F$56, 0) -> 0 | M11: =IF($F11="MW", $D11*$F$57, 0) -> 0 | N11: =IF($F11="MW", $D11*$F$58, 0) -> 0 | O11: =IF($F11="MW", $D11*$F$59, 0) -> 0 | P11: =IF($F11="MW", $D11*$F$60, 0) -> 0 | Q11: =IF($F11="MW", $D11*$F$61, 0) -> 0 | R11: =IF($F11="MW", $D11*$F$62, 0) -> 0
A12: South Delta | B12: Empire Tract | C12: 50 | D12: 3625 | E12: Moderate | F12: R | G12: Empire Tract | H12: =IF($F12="MW", $D12*$F$52, 0) -> 0 | I12: =IF($F12="MW", $D12*$F$53, 0) -> 0 | J12: =IF($F12="MW", $D12*$F$54, 0) -> 0 | K12: =IF($F12="MW", $D12*$F$55, 0) -> 0 | L12: =IF($F12="MW", $D12*$F$56, 0) -> 0 | M12: =IF($F12="MW", $D12*$F$57, 0) -> 0 | N12: =IF($F12="MW", $D12*$F$58, 0) -> 0 | O12: =IF($F12="MW", $D12*$F$59, 0) -> 0 | P12: =IF($F12="MW", $D12*$F$60, 0) -> 0 | Q12: =IF($F12="MW", $D12*$F$61, 0) -> 0 | R12: =IF($F12="MW", $D12*$F$62, 0) -> 0
A13: South Delta | B13: King Island | C13: 46 | D13: 3216 | E13: Minimal | F13: R | G13: King Island | H13: =IF($F13="MW", $D13*$F$52, 0) -> 0 | I13: =IF($F13="MW", $D13*$F$53, 0) -> 0 | J13: =IF($F13="MW", $D13*$F$54, 0) -> 0 | K13: =IF($F13="MW", $D13*$F$55, 0) -> 0 | L13: =IF($F13="MW", $D13*$F$56, 0) -> 0 | M13: =IF($F13="MW", $D13*$F$57, 0) -> 0 | N13: =IF($F13="MW", $D13*$F$58, 0) -> 0 | O13: =IF($F13="MW", $D13*$F$59, 0) -> 0 | P13: =IF($F13="MW", $D13*$F$60, 0) -> 0 | Q13: =IF($F13="MW", $D13*$F$61, 0) -> 0 | R13: =IF($F13="MW", $D13*$F$62, 0) -> 0
A14: North-South | B14: Terminous Tract | C14: 58 | D14: 10358 | E14: Minimal | F14: R | G14: Terminous Tract | H14: =IF($F14="MW", $D14*$F$52, 0) -> 0 | I14: =IF($F14="MW", $D14*$F$53, 0) -> 0 | J14: =IF($F14="MW", $D14*$F$54, 0) -> 0 | K14: =IF($F14="MW", $D14*$F$55, 0) -> 0 | L14: =IF($F14="MW", $D14*$F$56, 0) -> 0 | M14: =IF($F14="MW", $D14*$F$57, 0) -> 0 | N14: =IF($F14="MW", $D14*$F$58, 0) -> 0 | O14: =IF($F14="MW", $D14*$F$59, 0) -> 0 | P14: =IF($F14="MW", $D14*$F$60, 0) -> 0 | Q14: =IF($F14="MW", $D14*$F$61, 0) -> 0 | R14: =IF($F14="MW", $D14*$F$62, 0) -> 0
A15: South Delta | B15: Rindge Tract | C15: 40 | D15: 6743 | E15: Moderate | F15: MW | G15: Rindge Tract | H15: =IF($F15="MW", $D15*$F$52, 0) -> 2368748.5 | I15: =IF($F15="MW", $D15*$F$53, 0) -> 1909280.4 | J15: =IF($F15="MW", $D15*$F$54, 0) -> 2511700.1 | K15: =IF($F15="MW", $D15*$F$55, 0) -> 1470243.7 | L15: =IF($F15="MW", $D15*$F$56, 0) -> 1092500.9 | M15: =IF($F15="MW", $D15*$F$57, 0) -> 1026082.3 | N15: =IF($F15="MW", $D15*$F$58, 0) -> 627908.16 | O15: =IF($F15="MW", $D15*$F$59, 0) -> 229734.01 | P15: =IF($F15="MW", $D15*$F$60, 0) -> 229734.01 | Q15: =IF($F15="MW", $D15*$F$61, 0) -> 71475.8 | R15: =IF($F15="MW", $D15*$F$62, 0) -> 11537408
... A17: South Delta | B17: Jones Tract | C17: 26 | D17: 12127 | E17: Minimal | F17: R | G17: Jones Tract | H17: =IF($F17="MW", $D17*$F$52, 0) -> 0 | I17: =IF($F17="MW", $D17*$F$53, 0) -> 0 | J17: =IF($F17="MW", $D17*$F$54, 0) -> 0 | K17: =IF($F17="MW", $D17*$F$55, 0) -> 0 | L17: =IF($F17="MW", $D17*$F$56, 0) -> 0 | M17: =IF($F17="MW", $D17*$F$57, 0) -> 0 | N17: =IF($F17="MW", $D17*$F$58, 0) -> 0 | O17: =IF($F17="MW", $D17*$F$59, 0) -> 0 | P17: =IF($F17="MW", $D17*$F$60, 0) -> 0 | Q17: =IF($F17="MW", $D17*$F$61, 0) -> 0 | R17: =IF($F17="MW", $D17*$F$62, 0) -> 0
A18: South Delta | B18: Roberts Island | C18: 31 + 22 + 12+23+ 8 | D18: 35663 | E18: Minimal | F18: R | G18: Roberts Island | H18: =IF($F18="MW", $D18*$F$52, 0) -> 0 | I18: =IF($F18="MW", $D18*$F$53, 0) -> 0 | J18: =IF($F18="MW", $D18*$F$54, 0) -> 0 | K18: =IF($F18="MW", $D18*$F$55, 0) -> 0 | L18: =IF($F18="MW", $D18*$F$56, 0) -> 0 | M18: =IF($F18="MW", $D18*$F$57, 0) -> 0 | N18: =IF($F18="MW", $D18*$F$58, 0) -> 0 | O18: =IF($F18="MW", $D18*$F$59, 0) -> 0 | P18: =IF($F18="MW", $D18*$F$60, 0) -> 0 | Q18: =IF($F18="MW", $D18*$F$61, 0) -> 0 | R18: =IF($F18="MW", $D18*$F$62, 0) -> 0
A19: South Delta | B19: Union Island | C19: 9 | D19: 24750 | E19: Minimal | F19: R | G19: Union Island | H19: =IF($F19="MW", $D19*$F$52, 0) -> 0 | I19: =IF($F19="MW", $D19*$F$53, 0) -> 0 | J19: =IF($F19="MW", $D19*$F$54, 0) -> 0 | K19: =IF($F19="MW", $D19*$F$55, 0) -> 0 | L19: =IF($F19="MW", $D19*$F$56, 0) -> 0 | M19: =IF($F19="MW", $D19*$F$57, 0) -> 0 | N19: =IF($F19="MW", $D19*$F$58, 0) -> 0 | O19: =IF($F19="MW", $D19*$F$59, 0) -> 0 | P19: =IF($F19="MW", $D19*$F$60, 0) -> 0 | Q19: =IF($F19="MW", $D19*$F$61, 0) -> 0 | R19: =IF($F19="MW", $D19*$F$62, 0) -> 0
A20: South Delta | B20: Victoria Island | C20: 10 | D20: 7193 | E20: Minimal | F20: R | G20: Victoria Island | H20: =IF($F20="MW", $D20*$F$52, 0) -> 0 | I20: =IF($F20="MW", $D20*$F$53, 0) -> 0 | J20: =IF($F20="MW", $D20*$F$54, 0) -> 0 | K20: =IF($F20="MW", $D20*$F$55, 0) -> 0 | L20: =IF($F20="MW", $D20*$F$56, 0) -> 0 | M20: =IF($F20="MW", $D20*$F$57, 0) -> 0 | N20: =IF($F20="MW", $D20*$F$58, 0) -> 0 | O20: =IF($F20="MW", $D20*$F$59, 0) -> 0 | P20: =IF($F20="MW", $D20*$F$60, 0) -> 0 | Q20: =IF($F20="MW", $D20*$F$61, 0) -> 0 | R20: =IF($F20="MW", $D20*$F$62, 0) -> 0
A21: South Delta | B21: Woodward Island | C21: 18 | D21: 1809 | E21: Minimal | F21: R | G21: Woodward Island | H21: =IF($F21="MW", $D21*$F$52, 0) -> 0 | I21: =IF($F21="MW", $D21*$F$53, 0) -> 0 | J21: =IF($F21="MW", $D21*$F$54, 0) -> 0 | K21: =IF($F21="MW", $D21*$F$55, 0) -> 0 | L21: =IF($F21="MW", $D21*$F$56, 0) -> 0 | M21: =IF($F21="MW", $D21*$F$57, 0) -> 0 | N21: =IF($F21="MW", $D21*$F$58, 0) -> 0 | O21: =IF($F21="MW", $D21*$F$59, 0) -> 0 | P21: =IF($F21="MW", $D21*$F$60, 0) -> 0 | Q21: =IF($F21="MW", $D21*$F$61, 0) -> 0 | R21: =IF($F21="MW", $D21*$F$62, 0) -> 0
A22: South Delta | B22: Coney Island | C22: 6 | D22: 965 | E22: Minimal | F22: MW | G22: Coney Island | H22: =IF($F22="MW", $D22*$F$52, 0) -> 338994.85 | I22: =IF($F22="MW", $D22*$F$53, 0) -> 273239.75 | J22: =IF($F22="MW", $D22*$F$54, 0) -> 359452.85 | K22: =IF($F22="MW", $D22*$F$55, 0) -> 210408.6 | L22: =IF($F22="MW", $D22*$F$56, 0) -> 156349.3 | M22: =IF($F22="MW", $D22*$F$57, 0) -> 146844.05 | N22: =IF($F22="MW", $D22*$F$58, 0) -> 89860.8 | O22: =IF($F22="MW", $D22*$F$59, 0) -> 32877.55 | P22: =IF($F22="MW", $D22*$F$60, 0) -> 32877.55 | Q22: =IF($F22="MW", $D22*$F$61, 0) -> 10229 | R22: =IF($F22="MW", $D22*$F$62, 0) -> 1651134.3
A23: South Delta | B23: Orowood Tract | C23: 20 | D23: 2383 | E23: Minimal | F23: MW | G23: Orowood Tract | H23: =IF($F23="MW", $D23*$F$52, 0) -> 837124.07 | I23: =IF($F23="MW", $D23*$F$53, 0) -> 674746.45 | J23: =IF($F23="MW", $D23*$F$54, 0) -> 887643.67 | K23: =IF($F23="MW", $D23*$F$55, 0) -> 519589.32 | L23: =IF($F23="MW", $D23*$F$56, 0) -> 386093.66 | M23: =IF($F23="MW", $D23*$F$57, 0) -> 362621.11 | N23: =IF($F23="MW", $D23*$F$58, 0) -> 221904.96 | O23: =IF($F23="MW", $D23*$F$59, 0) -> 81188.81 | P23: =IF($F23="MW", $D23*$F$60, 0) -> 81188.81 | Q23: =IF($F23="MW", $D23*$F$61, 0) -> 25259.8 | R23: =IF($F23="MW", $D23*$F$62, 0) -> 4077360.7
A24: South Delta | B24: Palm Tract | C24: 27 | D24: 2470 | E24: Minimal | F24: MW | G24: Palm Tract | H24: =IF($F24="MW", $D24*$F$52, 0) -> 867686.3 | I24: =IF($F24="MW", $D24*$F$53, 0) -> 699380.5 | J24: =IF($F24="MW", $D24*$F$54, 0) -> 920050.3 | K24: =IF($F24="MW", $D24*$F$55, 0) -> 538558.8 | L24: =IF($F24="MW", $D24*$F$56, 0) -> 400189.4 | M24: =IF($F24="MW", $D24*$F$57, 0) -> 375859.9 | N24: =IF($F24="MW", $D24*$F$58, 0) -> 230006.4 | O24: =IF($F24="MW", $D24*$F$59, 0) -> 84152.9 | P24: =IF($F24="MW", $D24*$F$60, 0) -> 84152.9 | Q24: =IF($F24="MW", $D24*$F$61, 0) -> 26182 | R24: =IF($F24="MW", $D24*$F$62, 0) -> 4226219.4
A25: South Delta | B25: Bacon Island | C25: 32 | D25: 5533 | E25: Severe | F25: MW | G25: Bacon Island | H25: =IF($F25="MW", $D25*$F$52, 0) -> 1943687.6 | I25: =IF($F25="MW", $D25*$F$53, 0) -> 1566668.9 | J25: =IF($F25="MW", $D25*$F$54, 0) -> 2060987.2 | K25: =IF($F25="MW", $D25*$F$55, 0) -> 1206415.3 | L25: =IF($F25="MW", $D25*$F$56, 0) -> 896456.66 | M25: =IF($F25="MW", $D25*$F$57, 0) -> 841956.61 | N25: =IF($F25="MW", $D25*$F$58, 0) -> 515232.96 | O25: =IF($F25="MW", $D25*$F$59, 0) -> 188509.31 | P25: =IF($F25="MW", $D25*$F$60, 0) -> 188509.31 | Q25: =IF($F25="MW", $D25*$F$61, 0) -> 58649.8 | R25: =IF($F25="MW", $D25*$F$62, 0) -> 9467073.7
A26: South Delta | B26: Holland Tract | C26: 35 | D26: 4214 | E26: Minimal | F26: MW | G26: Holland Tract | H26: =IF($F26="MW", $D26*$F$52, 0) -> 1480336.1 | I26: =IF($F26="MW", $D26*$F$53, 0) -> 1193194.1 | J26: =IF($F26="MW", $D26*$F$54, 0) -> 1569672.9 | K26: =IF($F26="MW", $D26*$F$55, 0) -> 918820.56 | L26: =IF($F26="MW", $D26*$F$56, 0) -> 682752.28 | M26: =IF($F26="MW", $D26*$F$57, 0) -> 641244.38 | N26: =IF($F26="MW", $D26*$F$58, 0) -> 392407.68 | O26: =IF($F26="MW", $D26*$F$59, 0) -> 143570.98 | P26: =IF($F26="MW", $D26*$F$60, 0) -> 143570.98 | Q26: =IF($F26="MW", $D26*$F$61, 0) -> 44668.4 | R26: =IF($F26="MW", $D26*$F$62, 0) -> 7210238.3
A27: South Delta | B27: Quinby Island | C27: 36 | D27: 774 | E27: Moderate | F27: MW | G27: Quinby Island | H27: =IF($F27="MW", $D27*$F$52, 0) -> 271898.46 | I27: =IF($F27="MW", $D27*$F$53, 0) -> 219158.1 | J27: =IF($F27="MW", $D27*$F$54, 0) -> 288307.26 | K27: =IF($F27="MW", $D27*$F$55, 0) -> 168762.96 | L27: =IF($F27="MW", $D27*$F$56, 0) -> 125403.48 | M27: =IF($F27="MW", $D27*$F$57, 0) -> 117779.58 | N27: =IF($F27="MW", $D27*$F$58, 0) -> 72074.88 | O27: =IF($F27="MW", $D27*$F$59, 0) -> 26370.18 | P27: =IF($F27="MW", $D27*$F$60, 0) -> 26370.18 | Q27: =IF($F27="MW", $D27*$F$61, 0) -> 8204.4 | R27: =IF($F27="MW", $D27*$F$62, 0) -> 1324329.5
A28: South Delta | B28: Mandeville Island | C28: 44 | D28: 5217 | E28: Severe | F28: MW | G28: Mandeville Island | H28: =IF($F28="MW", $D28*$F$52, 0) -> 1832679.9 | I28: =IF($F28="MW", $D28*$F$53, 0) -> 1477193.5 | J28: =IF($F28="MW", $D28*$F$54, 0) -> 1943280.3 | K28: =IF($F28="MW", $D28*$F$55, 0) -> 1137514.7 | L28: =IF($F28="MW", $D28*$F$56, 0) -> 845258.34 | M28: =IF($F28="MW", $D28*$F$57, 0) -> 793870.89 | N28: =IF($F28="MW", $D28*$F$58, 0) -> 485807.04 | O28: =IF($F28="MW", $D28*$F$59, 0) -> 177743.19 | P28: =IF($F28="MW", $D28*$F$60, 0) -> 177743.19 | Q28: =IF($F28="MW", $D28*$F$61, 0) -> 55300.2 | R28: =IF($F28="MW", $D28*$F$62, 0) -> 8926391.3
A29: Central Delta | B29: Franks Tract | D29: 1380 | E29: Flooded | F29: MW | G29: Franks Tract | H29: 484780.2 | I29: 390747 | J29: 514036.2 | K29: 300895.2 | L29: 223587.6 | M29: 209994.6 | N29: 128505.6 | O29: 47016.6 | P29: 47016.6 | Q29: 14628 | R29: 2361207.6
A30: Central Delta | B30: Bethel Island | C30: 39 | D30: 3220 | E30: Minimal | F30: MW | G30: Bethel Island | H30: =IF($F30="MW", $D30*$F$52, 0) -> 1131153.8 | I30: =IF($F30="MW", $D30*$F$53, 0) -> 911743 | J30: =IF($F30="MW", $D30*$F$54, 0) -> 1199417.8 | K30: =IF($F30="MW", $D30*$F$55, 0) -> 702088.8 | L30: =IF($F30="MW", $D30*$F$56, 0) -> 521704.4 | M30: =IF($F30="MW", $D30*$F$57, 0) -> 489987.4 | N30: =IF($F30="MW", $D30*$F$58, 0) -> 299846.4 | O30: =IF($F30="MW", $D30*$F$59, 0) -> 109705.4 | P30: =IF($F30="MW", $D30*$F$60, 0) -> 109705.4 | Q30: =IF($F30="MW", $D30*$F$61, 0) -> 34132 | R30: =IF($F30="MW", $D30*$F$62, 0) -> 5509484.4
A31: Central Delta | B31: Jersey Island | C31: 43 | D31: 3459 | E31: Moderate | F31: MW | G31: Jersey Island | H31: =IF($F31="MW", $D31*$F$52, 0) -> 1215112.1 | I31: =IF($F31="MW", $D31*$F$53, 0) -> 979415.85 | J31: =IF($F31="MW", $D31*$F$54, 0) -> 1288442.9 | K31: =IF($F31="MW", $D31*$F$55, 0) -> 754200.36 | L31: =IF($F31="MW", $D31*$F$56, 0) -> 560427.18 | M31: =IF($F31="MW", $D31*$F$57, 0) -> 526356.03 | N31: =IF($F31="MW", $D31*$F$58, 0) -> 322102.08 | O31: =IF($F31="MW", $D31*$F$59, 0) -> 117848.13 | P31: =IF($F31="MW", $D31*$F$60, 0) -> 117848.13 | Q31: =IF($F31="MW", $D31*$F$61, 0) -> 36665.4 | R31: =IF($F31="MW", $D31*$F$62, 0) -> 5918418.2
A32: Central Delta | B32: Webb Tract | C32: 53 | D32: 5436 | E32: Severe | F32: MW | G32: Webb Tract | H32: =IF($F32="MW", $D32*$F$52, 0) -> 1909612.4 | I32: =IF($F32="MW", $D32*$F$53, 0) -> 1539203.4 | J32: =IF($F32="MW", $D32*$F$54, 0) -> 2024855.6 | K32: =IF($F32="MW", $D32*$F$55, 0) -> 1185265.4 | L32: =IF($F32="MW", $D32*$F$56, 0) -> 880740.72 | M32: =IF($F32="MW", $D32*$F$57, 0) -> 827196.12 | N32: =IF($F32="MW", $D32*$F$58, 0) -> 506200.32 | O32: =IF($F32="MW", $D32*$F$59, 0) -> 185204.52 | P32: =IF($F32="MW", $D32*$F$60, 0) -> 185204.52 | Q32: =IF($F32="MW", $D32*$F$61, 0) -> 57621.6 | R32: =IF($F32="MW", $D32*$F$62, 0) -> 9301104.7
A33: Central Delta | B33: Bradford Island | C33: 52 | D33: 2135 | E33: Severe | F33: MW | G33: Bradford Island | H33: =IF($F33="MW", $D33*$F$52, 0) -> 750004.15 | I33: =IF($F33="MW", $D33*$F$53, 0) -> 604525.25 | J33: =IF($F33="MW", $D33*$F$54, 0) -> 795266.15 | K33: =IF($F33="MW", $D33*$F$55, 0) -> 465515.4 | L33: =IF($F33="MW", $D33*$F$56, 0) -> 345912.7 | M33: =IF($F33="MW", $D33*$F$57, 0) -> 324882.95 | N33: =IF($F33="MW", $D33*$F$58, 0) -> 198811.2 | O33: =IF($F33="MW", $D33*$F$59, 0) -> 72739.45 | P33: =IF($F33="MW", $D33*$F$60, 0) -> 72739.45 | Q33: =IF($F33="MW", $D33*$F$61, 0) -> 22631 | R33: =IF($F33="MW", $D33*$F$62, 0) -> 3653027.7
A34: Central Delta | B34: Sherman Island | C34: 54 | D34: 10178 | E34: Severe | F34: MW | G34: Sherman Island | H34: =IF($F34="MW", $D34*$F$52, 0) -> 3575429.6 | I34: =IF($F34="MW", $D34*$F$53, 0) -> 2881900.7 | J34: =IF($F34="MW", $D34*$F$54, 0) -> 3791203.2 | K34: =IF($F34="MW", $D34*$F$55, 0) -> 2219211.1 | L34: =IF($F34="MW", $D34*$F$56, 0) -> 1649039.6 | M34: =IF($F34="MW", $D34*$F$57, 0) -> 1548786.3 | N34: =IF($F34="MW", $D34*$F$58, 0) -> 947775.36 | O34: =IF($F34="MW", $D34*$F$59, 0) -> 346764.46 | P34: =IF($F34="MW", $D34*$F$60, 0) -> 346764.46 | Q34: =IF($F34="MW", $D34*$F$61, 0) -> 107886.8 | R34: =IF($F34="MW", $D34*$F$62, 0) -> 17414762
A35: Central Delta | B35: Twitchell Island | C35: 55 | D35: 3559 | E35: Severe | F35: MW | G35: Twitchell Island | H35: =IF($F35="MW", $D35*$F$52, 0) -> 1250241.1 | I35: =IF($F35="MW", $D35*$F$53, 0) -> 1007730.8 | J35: =IF($F35="MW", $D35*$F$54, 0) -> 1325691.9 | K35: =IF($F35="MW", $D35*$F$55, 0) -> 776004.36 | L35: =IF($F35="MW", $D35*$F$56, 0) -> 576629.18 | M35: =IF($F35="MW", $D35*$F$57, 0) -> 541573.03 | N35: =IF($F35="MW", $D35*$F$58, 0) -> 331414.08 | O35: =IF($F35="MW", $D35*$F$59, 0) -> 121255.13 | P35: =IF($F35="MW", $D35*$F$60, 0) -> 121255.13 | Q35: =IF($F35="MW", $D35*$F$61, 0) -> 37725.4 | R35: =IF($F35="MW", $D35*$F$62, 0) -> 6089520.2
A36: North Delta | B36: Dead Horse Island | C36: 63 | D36: 208 | E36: Minimal | F36: R | G36: Dead Horse Island | H36: =IF($F36="MW", $D36*$F$52, 0) -> 0 | I36: =IF($F36="MW", $D36*$F$53, 0) -> 0 | J36: =IF($F36="MW", $D36*$F$54, 0) -> 0 | K36: =IF($F36="MW", $D36*$F$55, 0) -> 0 | L36: =IF($F36="MW", $D36*$F$56, 0) -> 0 | M36: =IF($F36="MW", $D36*$F$57, 0) -> 0 | N36: =IF($F36="MW", $D36*$F$58, 0) -> 0 | O36: =IF($F36="MW", $D36*$F$59, 0) -> 0 | P36: =IF($F36="MW", $D36*$F$60, 0) -> 0 | Q36: =IF($F36="MW", $D36*$F$61, 0) -> 0 | R36: =IF($F36="MW", $D36*$F$62, 0) -> 0
A37: North Delta | B37: Sutter Island | C37: 87 | D37: 2514 | E37: Minimal | F37: R | G37: Sutter Island | H37: =IF($F37="MW", $D37*$F$52, 0) -> 0 | I37: =IF($F37="MW", $D37*$F$53, 0) -> 0 | J37: =IF($F37="MW", $D37*$F$54, 0) -> 0 | K37: =IF($F37="MW", $D37*$F$55, 0) -> 0 | L37: =IF($F37="MW", $D37*$F$56, 0) -> 0 | M37: =IF($F37="MW", $D37*$F$57, 0) -> 0 | N37: =IF($F37="MW", $D37*$F$58, 0) -> 0 | O37: =IF($F37="MW", $D37*$F$59, 0) -> 0 | P37: =IF($F37="MW", $D37*$F$60, 0) -> 0 | Q37: =IF($F37="MW", $D37*$F$61, 0) -> 0 | R37: =IF($F37="MW", $D37*$F$62, 0) -> 0
A38: North Delta | B38: New Hope Tract | C38: 89 | D38: 9211 | E38: Minimal | F38: R | G38: New Hope Tract | H38: =IF($F38="MW", $D38*$F$52, 0) -> 0 | I38: =IF($F38="MW", $D38*$F$53, 0) -> 0 | J38: =IF($F38="MW", $D38*$F$54, 0) -> 0 | K38: =IF($F38="MW", $D38*$F$55, 0) -> 0 | L38: =IF($F38="MW", $D38*$F$56, 0) -> 0 | M38: =IF($F38="MW", $D38*$F$57, 0) -> 0 | N38: =IF($F38="MW", $D38*$F$58, 0) -> 0 | O38: =IF($F38="MW", $D38*$F$59, 0) -> 0 | P38: =IF($F38="MW", $D38*$F$60, 0) -> 0 | Q38: =IF($F38="MW", $D38*$F$61, 0) -> 0 | R38: =IF($F38="MW", $D38*$F$62, 0) -> 0
A39: North Delta | B39: Canal Ranch Tract | C39: 60 | D39: 2936 | E39: Minimal | F39: R | G39: Canal Ranch Tract | H39: =IF($F39="MW", $D39*$F$52, 0) -> 0 | I39: =IF($F39="MW", $D39*$F$53, 0) -> 0 | J39: =IF($F39="MW", $D39*$F$54, 0) -> 0 | K39: =IF($F39="MW", $D39*$F$55, 0) -> 0 | L39: =IF($F39="MW", $D39*$F$56, 0) -> 0 | M39: =IF($F39="MW", $D39*$F$57, 0) -> 0 | N39: =IF($F39="MW", $D39*$F$58, 0) -> 0 | O39: =IF($F39="MW", $D39*$F$59, 0) -> 0 | P39: =IF($F39="MW", $D39*$F$60, 0) -> 0 | Q39: =IF($F39="MW", $D39*$F$61, 0) -> 0 | R39: =IF($F39="MW", $D39*$F$62, 0) -> 0
A40: Upland | B40: Lower Bound | D40: 11586 | F40: Meadows | H40: =IF($F40="Meadows", $D40*$F$52, 0) -> 4070045.9 | I40: =IF($F40="Meadows", $D40*$F$52, 0) -> 4070045.9 | J40: =IF($F40="Meadows", $D40*$F$52, 0) -> 4070045.9 | K40: =IF($F40="Meadows", $D40*$F$52, 0) -> 4070045.9 | L40: =IF($F40="Meadows", $D40*$F$52, 0) -> 4070045.9 | M40: =IF($F40="Meadows", $D40*$F$52, 0) -> 4070045.9 | N40: =IF($F40="Meadows", $D40*$F$52, 0) -> 4070045.9 | O40: =IF($F40="Meadows", $D40*$F$52, 0) -> 4070045.9 | ... R40: =IF($F40="Meadows", $D40*$F$52, 0) -> 4070045.9
A41: Upland | B41: Lower Bound | D41: 6360 | F41: Floodplain | H41: =IF($F41="Floodplain", $D41*$F$52, 0) -> 2234204.4 | I41: =IF($F41="Floodplain", $D41*$F$52, 0) -> 2234204.4 | J41: =IF($F41="Floodplain", $D41*$F$52, 0) -> 2234204.4 | K41: =IF($F41="Floodplain", $D41*$F$52, 0) -> 2234204.4 | L41: =IF($F41="Floodplain", $D41*$F$52, 0) -> 2234204.4 | M41: =IF($F41="Floodplain", $D41*$F$52, 0) -> 2234204.4 | N41: =IF($F41="Floodplain", $D41*$F$52, 0) -> 2234204.4 | O41: =IF($F41="Floodplain", $D41*$F$52, 0) -> 2234204.4 | ... R41: =IF($F41="Floodplain", $D41*$F$52, 0) -> 2234204.4
A42: Upland | B42: Lower Bound | D42: 48213 | F42: Wetland | H42: =IF($F42="Wetland", $D42*$F$52, 0) -> 16936745 | I42: =IF($F42="Wetland", $D42*$F$52, 0) -> 16936745 | J42: =IF($F42="Wetland", $D42*$F$52, 0) -> 16936745 | K42: =IF($F42="Wetland", $D42*$F$52, 0) -> 16936745 | L42: =IF($F42="Wetland", $D42*$F$52, 0) -> 16936745 | M42: =IF($F42="Wetland", $D42*$F$52, 0) -> 16936745 | N42: =IF($F42="Wetland", $D42*$F$52, 0) -> 16936745 | O42: =IF($F42="Wetland", $D42*$F$52, 0) -> 16936745 | ... R42: =IF($F42="Wetland", $D42*$F$52, 0) -> 16936745
B43: Total Acreage | D43: =SUM(D15,D22:D35) -> 57666 | G43: Totals per Benefit | H43: =SUM(H4:H39) -> 20257489 | I43: =SUM(I4:I39) -> 16328128 | J43: =SUM(J4:J39) -> 21480008 | K43: =SUM(K4:K39) -> 12573495 | L43: =SUM(L4:L39) -> 9343045.3 | M43: =SUM(M4:M39) -> 8775035.2 | N43: =SUM(N4:N39) -> 5369857.9 | O43: =SUM(O4:O39) -> 1964680.6 | ... R43: =SUM(R4:R39) -> 98667679
E45: Total Rice Area: | F45: 187558
E46: Total Rice Proportion: | F46: 0.753
C48: Key:
C49: grey = restoration/managed wetlands
C50: tan - Wet soil agriculture (rice)
D51: Wetland function | E51: US$/acre/yr (2000) | F51: US$/acre/yr (2025)
D52: Flood control | E52: 187.77 | F52: 351.29
D53: Recreational fishing | E53: 151.35 | F53: 283.15
D54: Amenity/recreation | E54: 199.11 | F54: 372.49
D55: Water filtering | E55: 116.55 | F55: 218.04
D56: Biodiversity | E56: 86.6 | F56: 162.02
D57: Habitat nursery | E57: 81.34 | F57: 152.17
D58: Recreational hunting | E58: 49.78 | F58: 93.12
D59: Water supply | E59: 18.21 | F59: 34.07
D60: Materials | E60: 18.21 | F60: 34.07
D61: Fuel wood | E61: 5.67 | F61: 10.6
D62: Sum of all ten | E62: 914.59 | F62: 1711.02

Sheet References
A1: Island | B1: ArcGIS object ID | C1: Acres | D1: Elevation (categorical) | E1: 50/50 | F1: 25/75
A2: Grand Island | B2: 80 | C2: 16543 | D2: Mimimal | E2: R | F2: R | L2: Price adjustment Formula: (original formula based on Median values) $-Value2025 = Value2000 x (CPI2025/CPI2000) Hectares to Acres Formula: US Acre = (1-Hectare) / (2.47105-Acres)
A3: Ryer Island | B3: 76 | C3: 11798 | D3: Minimal | E3: R | F3: R
A4: Tyler Island | B4: 62 | C4: 8799 | D4: Minimal | E4: R | F4: R
A5: Staten Island | B5: 61 | C5: 9111 | D5: Moderate | E5: R | F5: R
A6: Brannan Island | B6: 116 | C6: 12907 | D6: Severe | F6: R
A7: Bouldin Island | B7: 57 | C7: 5936 | D7: Severe | E7: R | F7: R
A8: Venice Island | B8: 49 | C8: 3094 | D8: Severe | F8: R
A9: Medford Island | B9: 41 | C9: 1165 | D9: Moderate | E9: R | F9: R
A10: Empire Tract | B10: 50 | C10: 3625 | D10: Moderate | E10: R | F10: R
A11: King Island | B11: 46 | C11: 3216 | D11: Minimal | E11: R | F11: R
A12: Terminous Tract | B12: 58 | C12: 10358 | D12: Minimal | E12: R | F12: R | L12: Sources: 1. 2025 CPI Index: https://www.bls.gov/regions/mid-atlantic/data/ConsumerPriceIndexHistorical_US_Table.htm 2. 2000 Wetland Functions: Brander, L., & Schuyt, K. (2004). The economic values of the world's wetlands. 3. Restoration Scenarios: Williams, Lynette (2026). Ecology Team: Wetland Restoration.
A13: Rindge Tract | B13: 40 | C13: 6743 | D13: Moderate
A14: Wright-Elmwood Tract | B14: 33 | C14: 2105 | D14: Minimal | G14: Not assigned to anything
A15: McDonald Tract | B15: 34 | C15: 6060 | D15: Severe | F15: R
A16: Jones Tract | B16: 26 | C16: 12127 | D16: Minimal | F16: R
A17: Rough and Ready | B17: 25 | C17: 1401 | D17: Minimal | G17: No polygon for this one because it's URBAN
A18: Roberts Island | B18: 31 + 22 + 12+23+ 8 | C18: 35663 | D18: Minimal | E18: R | F18: R
A19: Union Island | B19: 9 | C19: 24750 | D19: Minimal | E19: R | F19: R
A20: Victoria Island | B20: 10 | C20: 7193 | D20: Minimal | F20: R
A21: Woodward Island | B21: 18 | C21: 1809 | D21: Minimal | F21: R | M21: Wetland economic function | N21: US$/acre/yr (2000) | O21: US$/acre/yr (2025)
A22: Coney Island | B22: 6 | C22: 965 | D22: Minimal | M22: Flood control | N22: 187.77 | O22: 351.29
A23: Orowood Tract | B23: 20 | C23: 2383 | D23: Minimal | M23: Recreational fishing | N23: 151.35 | O23: 283.15
A24: Palm Tract | B24: 27 | C24: 2470 | D24: Minimal | M24: Amenity/recreation | N24: 199.11 | O24: 372.49
A25: Bacon Island | B25: 32 | C25: 5533 | D25: Severe | M25: Water filtering | N25: 116.55 | O25: 218.04
A26: Holland Tract | B26: 35 | C26: 4214 | D26: Minimal | M26: Biodiversity | N26: 86.6 | O26: 162.02
A27: Quinby Island | B27: 36 | C27: 774 | D27: Moderate | M27: Habitat nursery | N27: 81.34 | O27: 152.17
A28: Mandeville Island | B28: 44 | C28: 5217 | D28: Severe | M28: Recreational hunting | N28: 49.78 | O28: 93.12
A29: Bethel Island | B29: 39 | C29: 3220 | D29: Minimal | M29: Water supply | N29: 18.21 | O29: 34.07
A30: Jersey Island | B30: 43 | C30: 3459 | D30: Moderate | M30: Materials | N30: 18.21 | O30: 34.07
A31: Webb Tract | B31: 53 | C31: 5436 | D31: Severe | M31: Fuel wood | N31: 5.67 | O31: 10.6
A32: Bradford Island | B32: 52 | C32: 2135 | D32: Severe | M32: Sum of all ten | N32: 914.59 | O32: 1711.02
A33: Sherman Island | B33: 54 | C33: 10178 | D33: Severe
A34: Twitchell Island | B34: 55 | C34: 3559 | D34: Severe
A35: Dead Horse Island | B35: 63 | C35: 208 | D35: Minimal | E35: R | F35: R
A36: Sutter Island | B36: 87 | C36: 2514 | D36: Minimal | E36: R | F36: R
A37: New Hope Tract | B37: 89 | C37: 9211 | D37: Minimal | E37: R | F37: R | H37: Note - only ~20% is subsided
A38: Canal Ranch Tract | B38: 60 | C38: 2936 | D38: Minimal | E38: R | F38: R
C39: =SUM(C2:C38) -> 248815
A40: brack tract?
A41: East of Canal Ranch Tract
E42: =SUM(C2:C5, C7, C9:C12, C19, C35, C36:C38) -> 110170
E43: =C18/2 -> 17831.5
D44: Sum of Wet Soil Ag (not including points that have no corresponding name in spreadsheet) | E44: =SUM(E42:E43) -> 128001.5 | F44: 187558
D45: proportion of total Delta land area | E45: =E44/C39 -> 0.51444447 | F45: 0.753
